facility_id,residential_label_id,residential_label_name,home_care_label_id,home_care_label_name,restorative_care_label_id,restorative_care_label_name
0007ee6d-2593-44f4-8354-51d2ad9cc023,0,Does Not Provide This Service,0,Does Not Provide This Service,0,Does Not Provide This Service
001061f1-e0fe-4780-9643-6a3859cb5b65,0,Does Not Provide This Service,0,Does Not Provide This Service,0,Does Not Provide This Service
001085ed-daf6-48a5-9029-ac890675c5c1,1,Likely Available,1,Likely Available,0,Does Not Provide This Service
001efff7-26d9-46e6-8a51-a8de7efe201e,2,Potentially Available,0,Does Not Provide This Service,0,Does Not Provide This Service
0022f30c-0cc0-4ccd-a59d-4ef20a1409f7,2,Potentially Available,0,Does Not Provide This Service,0,Does Not Provide This Service
0028a0b8-eb45-4364-87cb-959f6347c41f,0,Does Not Provide This Service,0,Does Not Provide This Service,0,Does Not Provide This Service
00351956-40c3-4b61-9855-9917e3f21967,2,Potentially Available,0,Does Not Provide This Service,0,Does Not Provide This Service
0038e720-09b6-4cef-84cc-3b6f8a634de7,2,Potentially Available,0,Does Not Provide This Service,0,Does Not Provide This Service
00412780-fa68-4015-953f-566e2336d1de,2,Potentially Available,0,Does Not Provide This Service,0,Does Not Provide This Service
00463b83-c852-4e50-9b04-db566711d2ce,2,Potentially Available,0,Does Not Provide This Service,0,Does Not Provide This Service
00492bb7-9142-49f7-a7c6-6504f1e17002,2,Potentially Available,0,Does Not Provide This Service,0,Does Not Provide This Service
0050ba0c-b9b4-4c84-a66e-976012c04012,0,Does Not Provide This Service,0,Does Not Provide This Service,0,Does Not Provide This Service
0063068c-0bc9-484a-bea9-dfe2e63cce63,2,Potentially Available,0,Does Not Provide This Service,0,Does Not Provide This Service
0085f391-b605-45ea-8f33-53ce2f390230,2,Potentially Available,0,Does Not Provide This Service,0,Does Not Provide This Service
00993bee-1c97-4414-a106-5b1b9df196ca,0,Does Not Provide This Service,0,Does Not Provide This Service,0,Does Not Provide This Service
00b7d29d-acc1-43de-a313-37f8d0a55c5b,0,Does Not Provide This Service,0,Does Not Provide This Service,0,Does Not Provide This Service
00c0aa4a-8a53-4bc6-b330-9cce834f7709,0,Does Not Provide This Service,0,Does Not Provide This Service,0,Does Not Provide This Service
00c4611d-8693-4e7f-a7f7-cb8d071ad97a,2,Potentially Available,0,Does Not Provide This Service,0,Does Not Provide This Service
00e0a8b1-1443-42cc-a8d1-b3b9a6e64c19,2,Potentially Available,0,Does Not Provide This Service,0,Does Not Provide This Service
00e8c259-059a-42df-bdae-bc5ec182e9d8,0,Does Not Provide This Service,0,Does Not Provide This Service,0,Does Not Provide This Service
00eaf4e6-64ae-4aba-a0cd-8fc868cb4663,2,Potentially Available,0,Does Not Provide This Service,0,Does Not Provide This Service
00ec440e-2238-4d1f-8f62-7aac929b5aee,1,Likely Available,0,Does Not Provide This Service,0,Does Not Provide This Service
00ee34db-1e22-4e18-b502-56ffd0521631,2,Potentially Available,0,Does Not Provide This Service,0,Does Not Provide This Service
00efd3e2-5a15-462d-b2e2-fa4404c6895d,0,Does Not Provide This Service,0,Does Not Provide This Service,0,Does Not Provide This Service
00f322eb-2cf5-459c-b799-f5ac3f7caa96,2,Potentially Available,0,Does Not Provide This Service,0,Does Not Provide This Service
0106697c-f77f-4027-9b7a-7af3735d09a4,2,Potentially Available,0,Does Not Provide This Service,0,Does Not Provide This Service
011f2a82-57e3-485e-815d-a80dc14006fc,2,Potentially Available,0,Does Not Provide This Service,0,Does Not Provide This Service
01224980-cadf-4671-af67-77e4f16d73cd,0,Does Not Provide This Service,0,Does Not Provide This Service,0,Does Not Provide This Service
0124c524-72e6-4f27-aab6-11c759bdde3e,2,Potentially Available,0,Does Not Provide This Service,0,Does Not Provide This Service
01404c1f-44be-4bdf-8c8f-58001e17f663,0,Does Not Provide This Service,0,Does Not Provide This Service,3,Constrained by Size
016a08c8-ca9e-4b7b-87ef-7ba3a817bda5,0,Does Not Provide This Service,0,Does Not Provide This Service,0,Does Not Provide This Service
0174096e-71bd-4a62-8a30-6453c8878af9,0,Does Not Provide This Service,0,Does Not Provide This Service,0,Does Not Provide This Service
018f2133-7704-42af-aa6b-b55dd2c9ea8f,0,Does Not Provide This Service,0,Does Not Provide This Service,0,Does Not Provide This Service
01949f76-9b7d-471f-b411-d7af012bf929,2,Potentially Available,0,Does Not Provide This Service,0,Does Not Provide This Service
01b1ebe4-ff6a-45cd-81a1-67bec98fd277,0,Does Not Provide This Service,0,Does Not Provide This Service,0,Does Not Provide This Service
01b2368b-5fd7-4366-a5b3-fa07ee0295ac,2,Potentially Available,0,Does Not Provide This Service,0,Does Not Provide This Service
01bce66f-abed-4b5e-a373-ac253a97a4e8,2,Potentially Available,0,Does Not Provide This Service,0,Does Not Provide This Service
01dea380-5d7e-4b1e-acdd-548ecf26afbc,0,Does Not Provide This Service,0,Does Not Provide This Service,0,Does Not Provide This Service
01e78238-7cf7-4718-ac4b-5e5ce246574f,0,Does Not Provide This Service,0,Does Not Provide This Service,0,Does Not Provide This Service
01e9305b-f99b-442c-a208-4493aec385e7,0,Does Not Provide This Service,0,Does Not Provide This Service,0,Does Not Provide This Service
02118e5d-fc8d-4c7d-bfa9-ab7be81b5a67,2,Potentially Available,0,Does Not Provide This Service,0,Does Not Provide This Service
022ec5ef-1cca-46d9-b07e-528c016de1b9,0,Does Not Provide This Service,0,Does Not Provide This Service,0,Does Not Provide This Service
0233808d-9f88-4878-8705-ea73a809e36c,2,Potentially Available,0,Does Not Provide This Service,0,Does Not Provide This Service
0243a6d1-7a1f-4510-a0f6-7fbc34887340,2,Potentially Available,0,Does Not Provide This Service,0,Does Not Provide This Service
0272dab0-4df5-4a36-b74d-96d7b1fed25f,2,Potentially Available,0,Does Not Provide This Service,0,Does Not Provide This Service
027d9db0-ff8a-4960-9959-455f7343fced,2,Potentially Available,0,Does Not Provide This Service,0,Does Not Provide This Service
028ef97f-7de1-48d9-8d11-9f8381f64ca8,0,Does Not Provide This Service,0,Does Not Provide This Service,0,Does Not Provide This Service
0294b774-268c-47d1-b321-ac7e8f53867e,0,Does Not Provide This Service,0,Does Not Provide This Service,2,Potentially Available
02a88649-532a-4325-b08c-cf1d2c6fd6bd,2,Potentially Available,0,Does Not Provide This Service,0,Does Not Provide This Service
02bdede4-d160-4498-848e-b3d58544280d,0,Does Not Provide This Service,0,Does Not Provide This Service,1,Likely Available
02c5ba6c-4d2f-424c-bca3-874c5daaccf1,0,Does Not Provide This Service,0,Does Not Provide This Service,3,Constrained by Size
02c67ec0-280f-4f82-999e-a1ad880d63d1,2,Potentially Available,0,Does Not Provide This Service,0,Does Not Provide This Service
02e13429-de0d-4eff-b20b-cafa53e9f3ca,2,Potentially Available,0,Does Not Provide This Service,0,Does Not Provide This Service
02e36d88-c5cf-410e-ae71-77a51a644433,2,Potentially Available,0,Does Not Provide This Service,0,Does Not Provide This Service
02ee5089-22c9-4f4f-96a0-ff95feff5932,2,Potentially Available,0,Does Not Provide This Service,0,Does Not Provide This Service
02f22ecf-e4f4-447d-8271-746a1946e2e6,2,Potentially Available,0,Does Not Provide This Service,0,Does Not Provide This Service
02f8e222-b771-4ad1-b658-b2240b2df611,0,Does Not Provide This Service,0,Does Not Provide This Service,0,Does Not Provide This Service
0321ce5f-fc70-4fa3-bc1c-ad9722e906cb,0,Does Not Provide This Service,0,Does Not Provide This Service,0,Does Not Provide This Service
03272a7a-0c62-40ac-a2fd-3ae50f87f0a7,0,Does Not Provide This Service,0,Does Not Provide This Service,0,Does Not Provide This Service
03502bb8-7269-4494-99d3-c45048383692,2,Potentially Available,0,Does Not Provide This Service,0,Does Not Provide This Service
035bdee8-cc3a-4f13-834d-c1a987287efb,0,Does Not Provide This Service,0,Does Not Provide This Service,0,Does Not Provide This Service
038cd013-fb11-400c-8cf2-e9c57a7f6cd0,2,Potentially Available,0,Does Not Provide This Service,0,Does Not Provide This Service
03905819-eea0-4f56-8208-3c9c43b7800b,0,Does Not Provide This Service,0,Does Not Provide This Service,0,Does Not Provide This Service
03947070-d556-4df9-bd0a-2088fe7de18e,2,Potentially Available,0,Does Not Provide This Service,0,Does Not Provide This Service
0398d392-508d-4674-ad6a-6d814415175c,0,Does Not Provide This Service,0,Does Not Provide This Service,0,Does Not Provide This Service
039bdd27-e7fc-4bd9-a239-f83ce7347b79,0,Does Not Provide This Service,0,Does Not Provide This Service,0,Does Not Provide This Service
03ada277-8ab5-48b8-8b39-05a8063b2def,0,Does Not Provide This Service,0,Does Not Provide This Service,0,Does Not Provide This Service
03b67c8e-8cd9-4a21-b8dd-cb3466c5dcb2,0,Does Not Provide This Service,0,Does Not Provide This Service,0,Does Not Provide This Service
03c0beeb-3585-4aad-9f49-9d33faaf9595,2,Potentially Available,0,Does Not Provide This Service,0,Does Not Provide This Service
03ca73e2-1c56-4352-a78d-2496464f1a5f,2,Potentially Available,0,Does Not Provide This Service,0,Does Not Provide This Service
03d76671-91a3-4b0b-94e6-f3509931f4a1,0,Does Not Provide This Service,0,Does Not Provide This Service,0,Does Not Provide This Service
03db6f30-5e84-4ec8-b80f-861b5ccee4ad,0,Does Not Provide This Service,0,Does Not Provide This Service,3,Constrained by Size
03de4853-4be5-4347-9179-3f1e8bb56565,0,Does Not Provide This Service,0,Does Not Provide This Service,0,Does Not Provide This Service
03df153b-f37e-4cf1-96a8-dbb0c757d706,0,Does Not Provide This Service,0,Does Not Provide This Service,0,Does Not Provide This Service
03e7f44a-dd40-4015-b6a0-47906785a097,2,Potentially Available,0,Does Not Provide This Service,0,Does Not Provide This Service
03ecdbf1-0277-45c9-b522-ecd03f87ad11,0,Does Not Provide This Service,0,Does Not Provide This Service,0,Does Not Provide This Service
03f02f71-bc8b-46f5-80cd-3c633892fa7f,2,Potentially Available,0,Does Not Provide This Service,0,Does Not Provide This Service
03f84b3c-6aaa-4aea-8a5c-1100565cda9b,2,Potentially Available,0,Does Not Provide This Service,0,Does Not Provide This Service
040d8cd2-2de8-4c89-99d2-bb7f268c52a1,0,Does Not Provide This Service,0,Does Not Provide This Service,0,Does Not Provide This Service
043b217b-d0de-44c8-af75-136eea975c74,2,Potentially Available,0,Does Not Provide This Service,0,Does Not Provide This Service
04407915-0e6c-48a6-b146-dd216e1deaf0,0,Does Not Provide This Service,0,Does Not Provide This Service,0,Does Not Provide This Service
046847c1-24cb-4f15-8cc4-b752bbebddb6,2,Potentially Available,0,Does Not Provide This Service,0,Does Not Provide This Service
0479d907-7f55-4fc6-b73b-561e8f0d12b5,2,Potentially Available,0,Does Not Provide This Service,0,Does Not Provide This Service
0483b6f8-705d-4a22-97b0-fc61100512ad,0,Does Not Provide This Service,0,Does Not Provide This Service,0,Does Not Provide This Service
049b9786-a64e-48ac-b84f-508e5e13c363,0,Does Not Provide This Service,0,Does Not Provide This Service,0,Does Not Provide This Service
04b76f6c-b570-4b43-9901-72259723ed0a,1,Likely Available,1,Likely Available,0,Does Not Provide This Service
04c39e16-3bc3-4de0-b6d6-41bccfb35108,0,Does Not Provide This Service,0,Does Not Provide This Service,0,Does Not Provide This Service
04d2da77-38df-4e31-b350-3f3752cfef26,2,Potentially Available,0,Does Not Provide This Service,0,Does Not Provide This Service
04d4f0ce-7e1d-4c62-bae4-1ccf015ce5b5,0,Does Not Provide This Service,0,Does Not Provide This Service,0,Does Not Provide This Service
04e83d37-9501-4336-9705-588985201ec0,2,Potentially Available,0,Does Not Provide This Service,0,Does Not Provide This Service
04eb08f7-04f8-4e3d-90e9-7a549fba21b8,2,Potentially Available,0,Does Not Provide This Service,0,Does Not Provide This Service
04ebb83d-63c1-42e4-87cb-13c45c938566,0,Does Not Provide This Service,0,Does Not Provide This Service,0,Does Not Provide This Service
04f25c26-6502-426f-aaf5-80e1130ed87a,2,Potentially Available,0,Does Not Provide This Service,0,Does Not Provide This Service
04f4e1b6-d011-46b6-9737-320f201ae28b,0,Does Not Provide This Service,0,Does Not Provide This Service,0,Does Not Provide This Service
04fabc9a-41b1-4405-9b69-344c1ca1e192,2,Potentially Available,0,Does Not Provide This Service,0,Does Not Provide This Service
05161791-972d-4437-9aa4-b848b96ea4a3,2,Potentially Available,0,Does Not Provide This Service,0,Does Not Provide This Service
051996b2-91f5-425d-a0b2-de5ecd147a1b,0,Does Not Provide This Service,0,Does Not Provide This Service,0,Does Not Provide This Service
051b7a91-9c4a-40f8-9494-17fc4977edbf,1,Likely Available,1,Likely Available,0,Does Not Provide This Service
05203a46-9359-4b68-a790-25c52af453f8,2,Potentially Available,0,Does Not Provide This Service,0,Does Not Provide This Service
054ac458-0efa-4f96-880e-0c38c06e0af0,0,Does Not Provide This Service,0,Does Not Provide This Service,0,Does Not Provide This Service
054bd5ec-51fd-423e-b7b9-4ca68fb54efd,0,Does Not Provide This Service,0,Does Not Provide This Service,0,Does Not Provide This Service
054efcc1-7a20-48ec-8fb4-91f32dbb1ecf,0,Does Not Provide This Service,0,Does Not Provide This Service,0,Does Not Provide This Service
0554edf8-4073-4eb3-9f20-303aaaab32c0,2,Potentially Available,0,Does Not Provide This Service,0,Does Not Provide This Service
0559cfdd-0046-4c0c-ae02-4987b9e631e2,0,Does Not Provide This Service,0,Does Not Provide This Service,0,Does Not Provide This Service
05794935-080d-4b6c-bf34-c29dc2498461,2,Potentially Available,0,Does Not Provide This Service,0,Does Not Provide This Service
05968345-5489-45d3-b5c0-dadb3c8d41d8,0,Does Not Provide This Service,0,Does Not Provide This Service,0,Does Not Provide This Service
05b5e7be-5d0d-4b63-a76e-b06e9743a159,0,Does Not Provide This Service,0,Does Not Provide This Service,0,Does Not Provide This Service
05ca5c4c-70f9-4c3b-b3ce-5acddbe389cf,0,Does Not Provide This Service,0,Does Not Provide This Service,0,Does Not Provide This Service
05d10eff-e45a-4114-92cc-71e609141606,0,Does Not Provide This Service,0,Does Not Provide This Service,0,Does Not Provide This Service
05d60ec8-9c0a-4458-ba52-056c9cdf148a,0,Does Not Provide This Service,0,Does Not Provide This Service,0,Does Not Provide This Service
05e32580-ec07-4c4f-ab5d-5cae67cd68fc,0,Does Not Provide This Service,0,Does Not Provide This Service,0,Does Not Provide This Service
05e973e3-bdfe-4f94-aaff-de36b7ed3ac6,0,Does Not Provide This Service,0,Does Not Provide This Service,0,Does Not Provide This Service
05f6339e-8865-4642-a04e-9d981596216b,0,Does Not Provide This Service,0,Does Not Provide This Service,0,Does Not Provide This Service
05f8d74e-4630-4b89-8bbc-8d8c8135b72d,2,Potentially Available,0,Does Not Provide This Service,0,Does Not Provide This Service
0634b91b-9ea5-46f6-804e-d2c46c137094,2,Potentially Available,0,Does Not Provide This Service,0,Does Not Provide This Service
0637a8cb-91c2-4ce1-bb3e-073c64ec2f87,0,Does Not Provide This Service,0,Does Not Provide This Service,0,Does Not Provide This Service
0638dc1d-787f-4940-8564-f66ca0c1b2f3,0,Does Not Provide This Service,0,Does Not Provide This Service,0,Does Not Provide This Service
063971a1-98d0-4a16-9c35-91b116e3c707,0,Does Not Provide This Service,0,Does Not Provide This Service,0,Does Not Provide This Service
064932c2-c634-4cdb-80d7-f82ad9ae622f,2,Potentially Available,0,Does Not Provide This Service,0,Does Not Provide This Service
065f1185-6bd8-434b-be9d-e3c4bacee889,2,Potentially Available,0,Does Not Provide This Service,0,Does Not Provide This Service
06662cfb-357e-441f-aa69-e3f779b4ed8f,0,Does Not Provide This Service,0,Does Not Provide This Service,0,Does Not Provide This Service
066adaef-f557-4f3c-b3f6-3d93922f2703,0,Does Not Provide This Service,0,Does Not Provide This Service,0,Does Not Provide This Service
0684b7ee-9b87-46fb-b293-c1b50df529e5,2,Potentially Available,0,Does Not Provide This Service,0,Does Not Provide This Service
06850055-f68d-4263-bbc1-1a80a311765c,2,Potentially Available,0,Does Not Provide This Service,0,Does Not Provide This Service
0685ef8b-24ad-4145-8c84-ab8fce8582c3,2,Potentially Available,0,Does Not Provide This Service,0,Does Not Provide This Service
06879f70-919f-4077-9043-34f96cbda68e,0,Does Not Provide This Service,0,Does Not Provide This Service,0,Does Not Provide This Service
068f833b-a47b-417d-b4e8-692806c58da6,0,Does Not Provide This Service,0,Does Not Provide This Service,0,Does Not Provide This Service
0697f926-012e-4a6a-b5c7-5baa5377f683,0,Does Not Provide This Service,0,Does Not Provide This Service,0,Does Not Provide This Service
06a37972-215c-4069-ab0b-e166333e83ca,2,Potentially Available,0,Does Not Provide This Service,0,Does Not Provide This Service
06a3aa63-f27d-444e-a838-d3f3e87e9545,2,Potentially Available,0,Does Not Provide This Service,0,Does Not Provide This Service
06caac53-9637-436f-9c18-8787416280f0,2,Potentially Available,0,Does Not Provide This Service,0,Does Not Provide This Service
06e1a1f5-0a21-4897-b022-b57970f3ca7b,0,Does Not Provide This Service,0,Does Not Provide This Service,0,Does Not Provide This Service
06eaf9b4-2a20-446b-b93e-134f124dc309,0,Does Not Provide This Service,0,Does Not Provide This Service,0,Does Not Provide This Service
07048a77-c998-448f-83d2-19a4eef1f45b,0,Does Not Provide This Service,0,Does Not Provide This Service,5,Highly Constrained
070d632c-a7fe-4c8e-a6fd-a90752d47f5b,0,Does Not Provide This Service,0,Does Not Provide This Service,0,Does Not Provide This Service
070dc27d-bd29-4bfb-9884-6e89b755cf66,2,Potentially Available,0,Does Not Provide This Service,0,Does Not Provide This Service
07173e6d-e250-483e-bda8-6ec422ae9682,0,Does Not Provide This Service,0,Does Not Provide This Service,0,Does Not Provide This Service
0720e91e-6679-4a9e-bd77-61708f094a87,0,Does Not Provide This Service,0,Does Not Provide This Service,0,Does Not Provide This Service
0721e2a9-f199-4bf4-8225-51e2dcfce25f,0,Does Not Provide This Service,0,Does Not Provide This Service,0,Does Not Provide This Service
07430678-0855-493a-bc3c-0fce9a129008,0,Does Not Provide This Service,0,Does Not Provide This Service,0,Does Not Provide This Service
0751fc9f-31c6-4f30-806f-2d8cc9b25160,0,Does Not Provide This Service,0,Does Not Provide This Service,0,Does Not Provide This Service
075b3850-bc19-402e-9e17-31988e4dc7d9,0,Does Not Provide This Service,0,Does Not Provide This Service,0,Does Not Provide This Service
0768f8cd-98f9-4063-be98-f41db646207f,2,Potentially Available,0,Does Not Provide This Service,0,Does Not Provide This Service
07751ebd-7939-4326-a190-9a34226221f5,0,Does Not Provide This Service,0,Does Not Provide This Service,0,Does Not Provide This Service
077d2739-824c-48e3-a74a-5affc6465cd9,0,Does Not Provide This Service,0,Does Not Provide This Service,0,Does Not Provide This Service
07896338-b6db-4926-8707-e46d93d91f40,2,Potentially Available,0,Does Not Provide This Service,0,Does Not Provide This Service
078e5f63-a7ab-4161-8d01-4cdbad3a63f9,2,Potentially Available,0,Does Not Provide This Service,0,Does Not Provide This Service
0799d62a-c7b0-43ee-8694-6b74369ab6d7,0,Does Not Provide This Service,0,Does Not Provide This Service,0,Does Not Provide This Service
079d0820-949a-405d-a087-88a6c3cf5c10,0,Does Not Provide This Service,0,Does Not Provide This Service,0,Does Not Provide This Service
07a726fc-6e09-4998-ad18-8c767932c9d7,0,Does Not Provide This Service,0,Does Not Provide This Service,0,Does Not Provide This Service
07a9495f-8ba5-4c99-a3f4-03dbb7b9593e,2,Potentially Available,0,Does Not Provide This Service,0,Does Not Provide This Service
07b82d9c-a590-4424-b29b-b51e55b24129,2,Potentially Available,0,Does Not Provide This Service,0,Does Not Provide This Service
07cc0d07-c70c-480e-bda4-4aa224cf7b6a,2,Potentially Available,0,Does Not Provide This Service,0,Does Not Provide This Service
07d5a73f-6ab6-41f9-b6ff-640c6b7a518e,0,Does Not Provide This Service,0,Does Not Provide This Service,0,Does Not Provide This Service
07dbe0a5-97bd-4dbf-9a04-a598503acf8a,2,Potentially Available,0,Does Not Provide This Service,0,Does Not Provide This Service
07f944af-4943-4fa8-a2b1-d485f82105b5,2,Potentially Available,0,Does Not Provide This Service,0,Does Not Provide This Service
080ee033-88a2-41ae-ad9b-886a9430f401,0,Does Not Provide This Service,0,Does Not Provide This Service,0,Does Not Provide This Service
08260e80-72a6-459c-b17f-7290e9f266a1,2,Potentially Available,0,Does Not Provide This Service,0,Does Not Provide This Service
08475ec5-a007-4191-8adf-2d3dd254ac8a,0,Does Not Provide This Service,0,Does Not Provide This Service,0,Does Not Provide This Service
085b9ab3-185f-4aea-b79e-4c673c61f6e0,2,Potentially Available,0,Does Not Provide This Service,0,Does Not Provide This Service
08667338-42ea-4221-a58c-675ee97b2437,2,Potentially Available,0,Does Not Provide This Service,0,Does Not Provide This Service
08694788-5fb6-4736-b83d-c10b3e9b172a,2,Potentially Available,1,Likely Available,0,Does Not Provide This Service
0881cdca-18a1-47c2-b8e4-915e3295ddb9,0,Does Not Provide This Service,0,Does Not Provide This Service,0,Does Not Provide This Service
088c1ea9-650d-405e-9358-dfdf6d5a4fe8,2,Potentially Available,0,Does Not Provide This Service,0,Does Not Provide This Service
08907df1-9c6c-4e1b-afaa-d126d57d6b5c,0,Does Not Provide This Service,0,Does Not Provide This Service,0,Does Not Provide This Service
0897659a-2237-4731-9a11-59fb4995b7de,2,Potentially Available,0,Does Not Provide This Service,0,Does Not Provide This Service
089c9e7e-c317-4314-9e0d-4b8ce40761eb,2,Potentially Available,0,Does Not Provide This Service,0,Does Not Provide This Service
08a26ac5-ced4-421e-9eff-0b3e4a882ed8,0,Does Not Provide This Service,0,Does Not Provide This Service,0,Does Not Provide This Service
08a38a75-90e1-4a98-81a7-539c445ca67d,2,Potentially Available,0,Does Not Provide This Service,0,Does Not Provide This Service
08aeef24-072a-4759-bea1-80d8af06e75b,2,Potentially Available,0,Does Not Provide This Service,0,Does Not Provide This Service
08da7602-a922-40c5-970d-c492c899606b,2,Potentially Available,0,Does Not Provide This Service,0,Does Not Provide This Service
08df650a-0e6e-4358-b271-bd7497039232,2,Potentially Available,0,Does Not Provide This Service,0,Does Not Provide This Service
08f4179c-d410-4f06-9c07-77fe67899611,0,Does Not Provide This Service,0,Does Not Provide This Service,0,Does Not Provide This Service
08f6e3b1-bce6-4f17-90ff-5454943827f0,0,Does Not Provide This Service,0,Does Not Provide This Service,0,Does Not Provide This Service
08fb294d-ca66-4959-81fb-2f0edd50f832,0,Does Not Provide This Service,0,Does Not Provide This Service,0,Does Not Provide This Service
0906ad66-210f-4cfb-aaf4-2dd601387204,0,Does Not Provide This Service,0,Does Not Provide This Service,0,Does Not Provide This Service
0909f8fb-4db0-44fe-89ca-02e983389e25,0,Does Not Provide This Service,0,Does Not Provide This Service,0,Does Not Provide This Service
0910c74b-b829-475c-95e5-af11e88fab78,0,Does Not Provide This Service,0,Does Not Provide This Service,0,Does Not Provide This Service
092289c7-4597-44a6-afdf-305a29896344,0,Does Not Provide This Service,0,Does Not Provide This Service,0,Does Not Provide This Service
09260381-c36a-4842-8b61-158f0cbca65e,2,Potentially Available,0,Does Not Provide This Service,0,Does Not Provide This Service
092c8038-2dfb-494b-bdd4-9725dd3eda38,2,Potentially Available,0,Does Not Provide This Service,0,Does Not Provide This Service
094640dc-1b5e-44dc-9eab-85687791f1f4,2,Potentially Available,0,Does Not Provide This Service,0,Does Not Provide This Service
0946ffc0-86d3-4777-a674-2be6457a31d2,2,Potentially Available,0,Does Not Provide This Service,0,Does Not Provide This Service
0948284a-2ee7-438c-a15a-7e5b504f2aaf,2,Potentially Available,0,Does Not Provide This Service,0,Does Not Provide This Service
0966c164-f176-4be7-981c-5c4fe6209b8e,2,Potentially Available,0,Does Not Provide This Service,0,Does Not Provide This Service
098055e0-ecda-4845-a15a-c50c5ccb0e94,0,Does Not Provide This Service,0,Does Not Provide This Service,0,Does Not Provide This Service
098ad941-c286-49a7-b71b-686b90a0afb9,0,Does Not Provide This Service,0,Does Not Provide This Service,0,Does Not Provide This Service
0991becb-9fbb-4e3e-a99f-ffc2f4dbfe52,0,Does Not Provide This Service,0,Does Not Provide This Service,0,Does Not Provide This Service
099a2de5-09df-4c99-8d14-a0334892f30a,0,Does Not Provide This Service,0,Does Not Provide This Service,0,Does Not Provide This Service
099c3aad-eb90-4cee-a139-d935c6e7524c,2,Potentially Available,0,Does Not Provide This Service,0,Does Not Provide This Service
09ae760e-89cc-436a-9734-2b855baccfb7,0,Does Not Provide This Service,0,Does Not Provide This Service,4,Constrained by Market
09c3450e-5c2e-4a5e-b7ee-116ae3c71172,2,Potentially Available,0,Does Not Provide This Service,0,Does Not Provide This Service
09c5f822-47a7-4006-a23e-bf2adc49b8ea,0,Does Not Provide This Service,0,Does Not Provide This Service,0,Does Not Provide This Service
09ca1c0f-25be-48b0-9789-07d398038634,0,Does Not Provide This Service,0,Does Not Provide This Service,0,Does Not Provide This Service
09d069a7-91c6-4ff5-9535-5359a64ae2fd,0,Does Not Provide This Service,0,Does Not Provide This Service,0,Does Not Provide This Service
09d0c41e-c821-4e36-80ce-4a6ea7e569a4,2,Potentially Available,0,Does Not Provide This Service,0,Does Not Provide This Service
09d82866-d2cb-418f-b6b9-0745ee4f392f,2,Potentially Available,0,Does Not Provide This Service,0,Does Not Provide This Service
09d892ef-a8fd-413b-8484-ecb403b01e67,2,Potentially Available,0,Does Not Provide This Service,0,Does Not Provide This Service
09e11aae-5e4f-478e-b8c9-4add9c4a2c63,2,Potentially Available,0,Does Not Provide This Service,0,Does Not Provide This Service
09e87b0c-f4ec-4ba1-a7de-7e6f5cd66ece,0,Does Not Provide This Service,0,Does Not Provide This Service,0,Does Not Provide This Service
09e8854f-3a58-46d6-a284-5314bc8c79f6,0,Does Not Provide This Service,0,Does Not Provide This Service,0,Does Not Provide This Service
09eff5ff-28ba-4936-a1a6-b8853e45aaae,2,Potentially Available,0,Does Not Provide This Service,0,Does Not Provide This Service
0a2e6452-9bf3-41c5-ab58-c1ef0f6cd444,2,Potentially Available,0,Does Not Provide This Service,0,Does Not Provide This Service
0a307cfc-2a92-4dd8-882a-7a85464acd73,0,Does Not Provide This Service,0,Does Not Provide This Service,0,Does Not Provide This Service
0a30ff97-ca6d-4e8a-878e-ab2e98e6d8e3,2,Potentially Available,0,Does Not Provide This Service,0,Does Not Provide This Service
0a5e919b-fb64-4d45-b6a1-0110740934dc,0,Does Not Provide This Service,0,Does Not Provide This Service,0,Does Not Provide This Service
0a67a536-b1c1-43bc-b7eb-6272108e35d1,0,Does Not Provide This Service,0,Does Not Provide This Service,0,Does Not Provide This Service
0a6ae054-c746-431c-8ab2-7f9e1d021556,2,Potentially Available,0,Does Not Provide This Service,0,Does Not Provide This Service
0a7763bc-bc7e-4706-9eab-fb842d0c97d4,0,Does Not Provide This Service,0,Does Not Provide This Service,0,Does Not Provide This Service
0a8768af-646b-40db-829a-5873cea13386,0,Does Not Provide This Service,0,Does Not Provide This Service,0,Does Not Provide This Service
0a8f47cf-2cb3-4876-91a2-44b176a77294,0,Does Not Provide This Service,0,Does Not Provide This Service,0,Does Not Provide This Service
0a918135-b3d5-4ab6-9669-bd8946c0423c,2,Potentially Available,0,Does Not Provide This Service,0,Does Not Provide This Service
0a9ac093-71bc-4d90-8e89-375dbf40c627,0,Does Not Provide This Service,0,Does Not Provide This Service,0,Does Not Provide This Service
0ab07a8a-e7b4-4c30-bc06-691ba5a87a4f,2,Potentially Available,0,Does Not Provide This Service,0,Does Not Provide This Service
0abdbd26-b0f4-4b52-a492-a39c42af7ac2,0,Does Not Provide This Service,0,Does Not Provide This Service,0,Does Not Provide This Service
0ac23eb1-e7f7-46e6-a605-70649f32744f,0,Does Not Provide This Service,0,Does Not Provide This Service,0,Does Not Provide This Service
0acad282-a9a1-4cf1-aa04-55d53d9da7ce,2,Potentially Available,0,Does Not Provide This Service,0,Does Not Provide This Service
0acc47fd-0b14-44d3-b414-199735285296,2,Potentially Available,0,Does Not Provide This Service,0,Does Not Provide This Service
0aec67f2-38be-41e9-9b18-a1654ba6ce78,2,Potentially Available,0,Does Not Provide This Service,0,Does Not Provide This Service
0af8d926-d2f4-47db-8a1a-3d0857becd18,2,Potentially Available,0,Does Not Provide This Service,0,Does Not Provide This Service
0b02514f-ca8b-49b5-83bc-e409347ff295,0,Does Not Provide This Service,0,Does Not Provide This Service,0,Does Not Provide This Service
0b0f3674-88e7-420d-aeaa-827dddc0aeb5,0,Does Not Provide This Service,0,Does Not Provide This Service,0,Does Not Provide This Service
0b1ef0bd-4a01-49d1-a2a6-b46b73162baf,0,Does Not Provide This Service,0,Does Not Provide This Service,0,Does Not Provide This Service
0b20335a-3165-49e4-b456-f84407f67d9b,2,Potentially Available,0,Does Not Provide This Service,0,Does Not Provide This Service
0b3c71b4-16a6-448f-884b-935d4b6cb960,0,Does Not Provide This Service,0,Does Not Provide This Service,0,Does Not Provide This Service
0b3e46ad-74d6-4f80-9ec7-efdf1636ac0e,2,Potentially Available,0,Does Not Provide This Service,0,Does Not Provide This Service
0b55e314-80e4-4594-9f01-2eb49aefd944,2,Potentially Available,0,Does Not Provide This Service,0,Does Not Provide This Service
0b5e4151-1c6e-4696-9821-6d5b3e3f40f0,0,Does Not Provide This Service,0,Does Not Provide This Service,0,Does Not Provide This Service
0b6e47fb-b873-44a6-91a0-f68105c921e0,0,Does Not Provide This Service,0,Does Not Provide This Service,0,Does Not Provide This Service
0b733557-baa4-41e6-926b-d5cf1929b994,0,Does Not Provide This Service,0,Does Not Provide This Service,0,Does Not Provide This Service
0b7f0a9a-1bd5-48e4-a2bf-26867b4eb5d7,0,Does Not Provide This Service,0,Does Not Provide This Service,0,Does Not Provide This Service
0b952fe5-93dd-474d-8f61-5ce5d3b047dd,2,Potentially Available,0,Does Not Provide This Service,0,Does Not Provide This Service
0bbc4b8a-a887-48ce-bd1f-78e6c84dd883,2,Potentially Available,0,Does Not Provide This Service,0,Does Not Provide This Service
0bc453c1-222f-4a15-b6f4-34ed45dce4a4,0,Does Not Provide This Service,0,Does Not Provide This Service,0,Does Not Provide This Service
0be6e46f-1da9-4a62-b62e-0fe4180f826e,2,Potentially Available,0,Does Not Provide This Service,0,Does Not Provide This Service
0bea08fa-b5be-4df0-9ecb-706b1749a39d,2,Potentially Available,0,Does Not Provide This Service,0,Does Not Provide This Service
0bf8ac0e-a72f-4a79-8303-39c05aef587e,2,Potentially Available,0,Does Not Provide This Service,0,Does Not Provide This Service
0c1703ee-a5d8-4139-b624-d09e23886d0b,0,Does Not Provide This Service,0,Does Not Provide This Service,0,Does Not Provide This Service
0c327d6e-93dc-423f-b956-2e16e146a539,2,Potentially Available,0,Does Not Provide This Service,0,Does Not Provide This Service
0c480233-12aa-485d-bab3-ea3fb080b45c,2,Potentially Available,0,Does Not Provide This Service,0,Does Not Provide This Service
0c4a581c-6351-4cc4-9f3f-d2cda2d42596,0,Does Not Provide This Service,0,Does Not Provide This Service,1,Likely Available
0c4a5e47-f4b2-4a53-a631-a36a4c3a4d31,2,Potentially Available,0,Does Not Provide This Service,0,Does Not Provide This Service
0c4a98c1-e0bb-4615-bd4b-4232da0d8316,2,Potentially Available,0,Does Not Provide This Service,0,Does Not Provide This Service
0c714ff2-41ab-4fc2-b916-93c7e1cd0f55,2,Potentially Available,0,Does Not Provide This Service,0,Does Not Provide This Service
0c72061d-f693-4db8-b7e1-0dc8eb8c0807,0,Does Not Provide This Service,0,Does Not Provide This Service,0,Does Not Provide This Service
0c7fe7b6-19d5-4af7-a240-4338cdf48ca1,0,Does Not Provide This Service,0,Does Not Provide This Service,0,Does Not Provide This Service
0c82ce0f-ca2f-41bb-8a59-244fcf3c15e7,0,Does Not Provide This Service,0,Does Not Provide This Service,0,Does Not Provide This Service
0c92a7d2-8af8-4389-954c-a13a97a6551c,2,Potentially Available,0,Does Not Provide This Service,0,Does Not Provide This Service
0c9a37ed-c99b-4602-b6ed-20463ed089fe,2,Potentially Available,0,Does Not Provide This Service,0,Does Not Provide This Service
0cae7c92-0493-4bfb-95fa-a9c3dba66da6,2,Potentially Available,0,Does Not Provide This Service,0,Does Not Provide This Service
0cb5b0a8-5b1a-4b54-86ac-9185278b7eb6,0,Does Not Provide This Service,0,Does Not Provide This Service,0,Does Not Provide This Service
0cdd3728-2380-4060-8850-07a655798a43,0,Does Not Provide This Service,0,Does Not Provide This Service,0,Does Not Provide This Service
0ce21628-4473-43cc-a75f-496327ccf7b8,0,Does Not Provide This Service,0,Does Not Provide This Service,0,Does Not Provide This Service
0cef43b1-0b10-412a-aee2-d807ddf7c52b,0,Does Not Provide This Service,0,Does Not Provide This Service,0,Does Not Provide This Service
0d110589-6cb9-47e1-bc3f-66657f8bc965,0,Does Not Provide This Service,0,Does Not Provide This Service,0,Does Not Provide This Service
0d14d3f3-4c31-4555-a24e-3b6f72a3e326,2,Potentially Available,0,Does Not Provide This Service,0,Does Not Provide This Service
0d1679f1-32d0-480e-b55f-15b1d4caa915,2,Potentially Available,0,Does Not Provide This Service,0,Does Not Provide This Service
0d17c65a-b06d-4df8-bc9b-235371b4881d,2,Potentially Available,0,Does Not Provide This Service,0,Does Not Provide This Service
0d477632-0f7f-4721-8ff6-218e1b0777d0,0,Does Not Provide This Service,0,Does Not Provide This Service,0,Does Not Provide This Service
0d4e6b7b-b882-457b-b074-4f7d9d3e5bc2,0,Does Not Provide This Service,0,Does Not Provide This Service,0,Does Not Provide This Service
0d5142e2-ca76-4f1d-b8ec-1ea807a7f579,0,Does Not Provide This Service,4,Constrained by Market,0,Does Not Provide This Service
0d5e6d12-a218-4760-9590-c43ecbe347a3,0,Does Not Provide This Service,0,Does Not Provide This Service,0,Does Not Provide This Service
0d62d3d6-6f75-4667-a84f-630f4c0ad538,2,Potentially Available,0,Does Not Provide This Service,0,Does Not Provide This Service
0d77980a-e87d-46c8-9662-166444245219,0,Does Not Provide This Service,0,Does Not Provide This Service,0,Does Not Provide This Service
0d7c4cf5-2688-4501-bfb1-578aeb4332a6,2,Potentially Available,0,Does Not Provide This Service,0,Does Not Provide This Service
0d7c8124-7e33-4624-a8c2-dccc6c87b487,2,Potentially Available,0,Does Not Provide This Service,0,Does Not Provide This Service
0db47169-232f-4837-82f0-256424cb3bf3,2,Potentially Available,3,Constrained by Size,0,Does Not Provide This Service
0dbc14ff-13bc-43bc-a5af-9fe8d0dd77ac,2,Potentially Available,0,Does Not Provide This Service,0,Does Not Provide This Service
0dcf477b-a7a3-423d-b2ec-81d427f88cf9,0,Does Not Provide This Service,0,Does Not Provide This Service,0,Does Not Provide This Service
0ded9c08-7ce8-4752-bd96-a94b0eccedf9,0,Does Not Provide This Service,0,Does Not Provide This Service,0,Does Not Provide This Service
0df5efb3-fcf0-45d9-a12b-29c0982e629d,0,Does Not Provide This Service,0,Does Not Provide This Service,0,Does Not Provide This Service
0df63141-27d1-4591-b408-c5ca3ca74a11,2,Potentially Available,0,Does Not Provide This Service,0,Does Not Provide This Service
0dfc390f-b951-45b3-8e5d-e5f7bc95c3c6,2,Potentially Available,0,Does Not Provide This Service,0,Does Not Provide This Service
0dfee873-2465-4179-bfe2-6873ccb92dc2,2,Potentially Available,0,Does Not Provide This Service,0,Does Not Provide This Service
0e1315ac-0096-442b-9e90-713c75894adc,0,Does Not Provide This Service,0,Does Not Provide This Service,0,Does Not Provide This Service
0e15a1a3-32d5-444f-ba6b-e22dc869e38b,0,Does Not Provide This Service,0,Does Not Provide This Service,0,Does Not Provide This Service
0e195b4e-5807-400a-b828-0b83e6e5415a,0,Does Not Provide This Service,0,Does Not Provide This Service,0,Does Not Provide This Service
0e2cfeb5-0913-47e7-b168-86129b34a785,0,Does Not Provide This Service,0,Does Not Provide This Service,0,Does Not Provide This Service
0e3a9caa-9b7d-4f6e-8858-405037dc4c1f,0,Does Not Provide This Service,0,Does Not Provide This Service,0,Does Not Provide This Service
0e5f59c2-4cde-44a6-bcb3-6215ac0241a2,2,Potentially Available,0,Does Not Provide This Service,0,Does Not Provide This Service
0e5f9e65-fe6f-4fbe-a143-d07fc292d2c1,0,Does Not Provide This Service,0,Does Not Provide This Service,0,Does Not Provide This Service
0e679190-5d04-491c-995c-36b95d6e5e68,2,Potentially Available,0,Does Not Provide This Service,0,Does Not Provide This Service
0e6b746e-ffb3-452a-9b9a-1fc0cba6c36f,2,Potentially Available,0,Does Not Provide This Service,0,Does Not Provide This Service
0e89e8ae-9ab6-4bca-bbf0-eda8f364a861,2,Potentially Available,0,Does Not Provide This Service,0,Does Not Provide This Service
0e8b0216-75b4-42a4-9380-6f2347e61633,0,Does Not Provide This Service,0,Does Not Provide This Service,0,Does Not Provide This Service
0e8e2068-9306-4739-b0da-92a160dbae31,2,Potentially Available,0,Does Not Provide This Service,0,Does Not Provide This Service
0e9750c6-fba1-4dc4-89e9-ce5ad799ab7a,0,Does Not Provide This Service,0,Does Not Provide This Service,0,Does Not Provide This Service
0e987fe6-2ec3-41c0-bd70-c0d43ac48cda,0,Does Not Provide This Service,0,Does Not Provide This Service,0,Does Not Provide This Service
0ea35caf-1e50-4c84-b482-70412b9752e8,0,Does Not Provide This Service,0,Does Not Provide This Service,0,Does Not Provide This Service
0eb00f7b-5f08-4398-a577-a05869224800,0,Does Not Provide This Service,0,Does Not Provide This Service,0,Does Not Provide This Service
0eba323d-ae0a-4c41-8709-e4afa78f4c7d,2,Potentially Available,0,Does Not Provide This Service,0,Does Not Provide This Service
0ec83733-d100-4e40-8c82-40877ff70da9,0,Does Not Provide This Service,0,Does Not Provide This Service,0,Does Not Provide This Service
0ee19ccf-4b6d-44a9-a5cc-56cd84a60844,2,Potentially Available,0,Does Not Provide This Service,0,Does Not Provide This Service
0ef0020f-c84c-41f8-ac35-cfcd3ee102e4,0,Does Not Provide This Service,0,Does Not Provide This Service,0,Does Not Provide This Service
0f21d175-8a7f-4b12-b13f-c60f24f7fee5,0,Does Not Provide This Service,0,Does Not Provide This Service,0,Does Not Provide This Service
0f37eac5-de59-42a6-95ad-1d0c4e646fa3,0,Does Not Provide This Service,0,Does Not Provide This Service,0,Does Not Provide This Service
0f45a8a5-9f06-4423-a9d8-d9a62631cd2d,2,Potentially Available,0,Does Not Provide This Service,0,Does Not Provide This Service
0f69318d-b88f-4e20-88c2-32d7021a3248,0,Does Not Provide This Service,0,Does Not Provide This Service,4,Constrained by Market
0f6d5f5a-2543-44c1-bcc4-5eedb483cf38,0,Does Not Provide This Service,0,Does Not Provide This Service,0,Does Not Provide This Service
0f73badb-ff0f-433f-baa7-3e5fda7b0d56,0,Does Not Provide This Service,0,Does Not Provide This Service,1,Likely Available
0f7774ce-19c6-4f99-8ad8-6829466766df,0,Does Not Provide This Service,0,Does Not Provide This Service,0,Does Not Provide This Service
0f7cf801-0369-4731-a82f-38389cbb2304,0,Does Not Provide This Service,0,Does Not Provide This Service,0,Does Not Provide This Service
0f7d2d07-0b55-45c5-9839-f41c70e5f54d,0,Does Not Provide This Service,0,Does Not Provide This Service,0,Does Not Provide This Service
0f7e02bc-e46e-4a7f-9f93-6ac9a9ddeaf9,2,Potentially Available,0,Does Not Provide This Service,0,Does Not Provide This Service
0f825b22-d0d7-4d6e-a42a-7b0e610b903d,2,Potentially Available,0,Does Not Provide This Service,0,Does Not Provide This Service
0f90e91a-7ccf-475c-8a5a-472d6ab78287,2,Potentially Available,0,Does Not Provide This Service,0,Does Not Provide This Service
0f9bb7ac-c613-4da7-9413-a092e5033613,2,Potentially Available,0,Does Not Provide This Service,0,Does Not Provide This Service
0fa0ac44-b950-4e80-bbd0-8390389c6bc5,2,Potentially Available,0,Does Not Provide This Service,0,Does Not Provide This Service
0fa679cf-c064-4923-8d9e-edc3ce265863,2,Potentially Available,0,Does Not Provide This Service,0,Does Not Provide This Service
0fa97d7b-c7b4-4815-a5e6-6c96708ac64c,0,Does Not Provide This Service,0,Does Not Provide This Service,0,Does Not Provide This Service
0faac811-8260-4bcc-9ae1-04f7ed41545d,2,Potentially Available,0,Does Not Provide This Service,0,Does Not Provide This Service
0fb6dd84-3379-44fc-9b50-3d0f11636c03,0,Does Not Provide This Service,0,Does Not Provide This Service,0,Does Not Provide This Service
0fc50430-8dbf-4453-9a5f-9da70cfd2b25,0,Does Not Provide This Service,0,Does Not Provide This Service,0,Does Not Provide This Service
0fd9d1d2-be93-4666-a67c-a76c9a34ae26,0,Does Not Provide This Service,0,Does Not Provide This Service,3,Constrained by Size
0fda4f14-ad56-4455-9b38-9cba3be214fa,2,Potentially Available,0,Does Not Provide This Service,0,Does Not Provide This Service
0fe46bdc-710e-4c91-b8aa-031ece107301,0,Does Not Provide This Service,0,Does Not Provide This Service,0,Does Not Provide This Service
0fe660de-fb90-441d-b72d-e0426c780def,2,Potentially Available,0,Does Not Provide This Service,0,Does Not Provide This Service
0ff2fc94-468b-4ff6-911a-374eb716aef8,2,Potentially Available,0,Does Not Provide This Service,0,Does Not Provide This Service
0ffb2f6b-26a0-4b0f-9560-2de0a46c054f,0,Does Not Provide This Service,0,Does Not Provide This Service,0,Does Not Provide This Service
1016c9de-7ed7-477f-a886-3382b7a254f3,2,Potentially Available,0,Does Not Provide This Service,0,Does Not Provide This Service
102c366f-53aa-43e2-8e2b-f1c9a0b1fb60,2,Potentially Available,0,Does Not Provide This Service,0,Does Not Provide This Service
1045b7d0-b855-447c-97a3-f935d0120fd0,0,Does Not Provide This Service,0,Does Not Provide This Service,0,Does Not Provide This Service
104d5951-ee46-421e-9377-52cf4ed361c4,0,Does Not Provide This Service,0,Does Not Provide This Service,0,Does Not Provide This Service
1052f5bf-ed8f-426e-b78d-4641ac3a50f1,0,Does Not Provide This Service,0,Does Not Provide This Service,0,Does Not Provide This Service
1055beea-cd67-450e-a8da-555762020db5,2,Potentially Available,0,Does Not Provide This Service,0,Does Not Provide This Service
10584264-0b12-4a9e-8dd7-6fda9eb9ee7c,0,Does Not Provide This Service,0,Does Not Provide This Service,3,Constrained by Size
105b2ccb-4081-4796-a6ee-0d3f74c057f5,2,Potentially Available,0,Does Not Provide This Service,0,Does Not Provide This Service
1061d0c3-c8c7-4302-abba-139d79de04d8,2,Potentially Available,0,Does Not Provide This Service,0,Does Not Provide This Service
106f66da-8354-4b6a-90ff-1bf67a5a1dde,2,Potentially Available,0,Does Not Provide This Service,0,Does Not Provide This Service
107a85d2-da0b-4f28-a4d2-652633f05870,2,Potentially Available,0,Does Not Provide This Service,0,Does Not Provide This Service
108026c6-ef3d-42cc-bc85-c0d70a158c1c,0,Does Not Provide This Service,0,Does Not Provide This Service,0,Does Not Provide This Service
10a42ee8-5376-42f0-bbb8-d6bf16fc3d4f,0,Does Not Provide This Service,0,Does Not Provide This Service,1,Likely Available
10ae2e45-2d83-4f88-b85d-23486c78bf62,2,Potentially Available,0,Does Not Provide This Service,0,Does Not Provide This Service
10ae6987-45bd-4218-be5e-64c7a1839e75,0,Does Not Provide This Service,0,Does Not Provide This Service,0,Does Not Provide This Service
10afd5ff-7c48-47b4-b052-cc7fccfe9980,2,Potentially Available,0,Does Not Provide This Service,0,Does Not Provide This Service
10b361a0-387e-4017-be45-4bd2f3ae8e76,0,Does Not Provide This Service,0,Does Not Provide This Service,0,Does Not Provide This Service
10c961e5-8349-4e76-8beb-d5304d458ea6,2,Potentially Available,0,Does Not Provide This Service,0,Does Not Provide This Service
10ef8ebc-e13e-4e84-bac1-40edb1dc022a,2,Potentially Available,0,Does Not Provide This Service,0,Does Not Provide This Service
10efdfaa-4006-44fa-8b92-9940b0b116de,0,Does Not Provide This Service,0,Does Not Provide This Service,0,Does Not Provide This Service
10fce102-f5c4-47f1-b721-82fe40c3cccd,2,Potentially Available,0,Does Not Provide This Service,0,Does Not Provide This Service
11141274-0a14-4692-9005-823f6e353df7,2,Potentially Available,0,Does Not Provide This Service,0,Does Not Provide This Service
1114d94b-ed74-4019-8c22-2b674d3e2d07,2,Potentially Available,0,Does Not Provide This Service,0,Does Not Provide This Service
11243f0d-44e8-4139-9a1d-e78ec55eb7ea,0,Does Not Provide This Service,0,Does Not Provide This Service,0,Does Not Provide This Service
11379aa9-0b19-4fac-a572-14c0b5cad243,2,Potentially Available,0,Does Not Provide This Service,0,Does Not Provide This Service
113a42fb-561d-4c56-8bfb-5d3b1042fa9e,2,Potentially Available,0,Does Not Provide This Service,0,Does Not Provide This Service
113c3a0e-0c8a-42b5-9976-3ff0cb3e78d5,0,Does Not Provide This Service,0,Does Not Provide This Service,0,Does Not Provide This Service
113ffb30-91ea-442d-8830-efa89a9b1c7f,2,Potentially Available,0,Does Not Provide This Service,0,Does Not Provide This Service
114030f1-e3f0-4d5f-a4ff-c4df645d7063,2,Potentially Available,0,Does Not Provide This Service,0,Does Not Provide This Service
1157e4d2-3ba8-4c89-94e2-d17f538b6ea0,0,Does Not Provide This Service,0,Does Not Provide This Service,0,Does Not Provide This Service
11797ed7-379e-49f3-aa14-f0fb139a7b79,2,Potentially Available,0,Does Not Provide This Service,0,Does Not Provide This Service
118a2934-7db5-4d10-87b9-3132ec204bc9,2,Potentially Available,0,Does Not Provide This Service,0,Does Not Provide This Service
11a02880-16af-410b-9633-ec21c86c6273,2,Potentially Available,0,Does Not Provide This Service,0,Does Not Provide This Service
11a565e4-2a8b-4538-9e8e-ec9b9d7b0569,2,Potentially Available,0,Does Not Provide This Service,0,Does Not Provide This Service
11af3703-cec8-4902-8774-e90f53efe4fc,2,Potentially Available,4,Constrained by Market,0,Does Not Provide This Service
11b46eed-3963-429e-943a-eb1ca7b6c38a,0,Does Not Provide This Service,0,Does Not Provide This Service,0,Does Not Provide This Service
11c0163c-10be-4479-84c8-4dfa98f5127d,2,Potentially Available,0,Does Not Provide This Service,0,Does Not Provide This Service
11dba035-971a-4a2a-91f5-7d649fdd2d9f,2,Potentially Available,0,Does Not Provide This Service,0,Does Not Provide This Service
11fa3c62-7707-407f-96e0-2e0075cf280a,0,Does Not Provide This Service,0,Does Not Provide This Service,0,Does Not Provide This Service
120b1ded-4258-4836-98db-f20fd54f51b7,0,Does Not Provide This Service,0,Does Not Provide This Service,0,Does Not Provide This Service
121a7f7f-bc43-4e4a-9ba7-dd42eeffe183,0,Does Not Provide This Service,0,Does Not Provide This Service,0,Does Not Provide This Service
122d3c9a-275b-40f9-b085-3dfd3d636d4a,0,Does Not Provide This Service,0,Does Not Provide This Service,0,Does Not Provide This Service
12443171-e2a8-4334-8274-d175d3e4c8f4,0,Does Not Provide This Service,0,Does Not Provide This Service,4,Constrained by Market
1247115a-f53f-4b1b-a539-7d34e7fba6a1,0,Does Not Provide This Service,0,Does Not Provide This Service,5,Highly Constrained
12496c26-61da-4f68-9824-12d0e31ff88e,2,Potentially Available,0,Does Not Provide This Service,0,Does Not Provide This Service
125af005-938c-4b26-b812-a83689401d2c,2,Potentially Available,0,Does Not Provide This Service,0,Does Not Provide This Service
12659306-1adb-4f8c-a9fb-bf2835d7ca75,2,Potentially Available,0,Does Not Provide This Service,0,Does Not Provide This Service
12686db9-6d2e-40a1-b9a6-b1db810f26eb,2,Potentially Available,0,Does Not Provide This Service,0,Does Not Provide This Service
1282d590-1545-4118-903e-8a306fdffdb1,0,Does Not Provide This Service,0,Does Not Provide This Service,0,Does Not Provide This Service
1299cfdb-ca64-4c42-b6a1-0d3002d4954f,2,Potentially Available,0,Does Not Provide This Service,0,Does Not Provide This Service
129ae258-052f-430e-8f9f-c16f5d0f29a4,2,Potentially Available,0,Does Not Provide This Service,0,Does Not Provide This Service
12bce58b-7983-4d76-bd6f-d56821622258,2,Potentially Available,0,Does Not Provide This Service,0,Does Not Provide This Service
12be477a-4dc4-42e0-9220-f9d89bc2807f,0,Does Not Provide This Service,0,Does Not Provide This Service,0,Does Not Provide This Service
12c7972d-6df5-4480-a4d8-e808c306ad5e,0,Does Not Provide This Service,0,Does Not Provide This Service,0,Does Not Provide This Service
12daa95f-b3c0-4a3c-a62f-36499292a7a9,0,Does Not Provide This Service,0,Does Not Provide This Service,0,Does Not Provide This Service
12e12a85-6a73-43da-b711-f93b4386fc87,0,Does Not Provide This Service,0,Does Not Provide This Service,0,Does Not Provide This Service
12e3ca17-772b-4291-b828-89ded71c6fb3,2,Potentially Available,0,Does Not Provide This Service,0,Does Not Provide This Service
12e6eab2-1afc-4f5f-a96a-0b49810fb616,2,Potentially Available,0,Does Not Provide This Service,0,Does Not Provide This Service
12f3c874-c4d1-4218-84a1-88cd5d28269d,2,Potentially Available,3,Constrained by Size,0,Does Not Provide This Service
132ce497-fe7f-4686-a66c-48b1f157a188,2,Potentially Available,0,Does Not Provide This Service,0,Does Not Provide This Service
134446ef-4f1f-4712-8b79-d5c9907a3776,2,Potentially Available,4,Constrained by Market,0,Does Not Provide This Service
13474e0f-ad75-4fbf-8796-420ea2673720,2,Potentially Available,0,Does Not Provide This Service,0,Does Not Provide This Service
13639ba7-929a-4691-8fb9-d09446f3ca46,0,Does Not Provide This Service,0,Does Not Provide This Service,0,Does Not Provide This Service
1367229a-5ac7-471f-aa6a-0868d5c80b36,2,Potentially Available,0,Does Not Provide This Service,0,Does Not Provide This Service
1370f5ba-5c4d-4b0b-bf07-e41885828edc,2,Potentially Available,0,Does Not Provide This Service,0,Does Not Provide This Service
13843fa5-02bc-4f20-ab3d-0d6e8e37e083,0,Does Not Provide This Service,0,Does Not Provide This Service,0,Does Not Provide This Service
13978d9a-662c-4f81-b39c-26144438e502,0,Does Not Provide This Service,0,Does Not Provide This Service,0,Does Not Provide This Service
139c3ec6-65fb-460d-8d46-ada44354ac6d,2,Potentially Available,0,Does Not Provide This Service,0,Does Not Provide This Service
13a07fd0-ae5a-43c7-858b-8209b38281d0,0,Does Not Provide This Service,0,Does Not Provide This Service,0,Does Not Provide This Service
13a3d7d0-3e09-48c0-bcc6-6e3d6f97724d,0,Does Not Provide This Service,0,Does Not Provide This Service,0,Does Not Provide This Service
13a80dcc-91f1-47f3-a2c7-ab10031445e1,0,Does Not Provide This Service,0,Does Not Provide This Service,0,Does Not Provide This Service
13a92e19-b834-4eda-a933-caf78ace772b,0,Does Not Provide This Service,0,Does Not Provide This Service,0,Does Not Provide This Service
13ca4859-465a-4f55-904c-bdb25e464331,2,Potentially Available,0,Does Not Provide This Service,0,Does Not Provide This Service
13d0807d-2e90-4fdc-aeac-f71f59abc623,2,Potentially Available,0,Does Not Provide This Service,0,Does Not Provide This Service
13da988a-5ae9-498e-9668-d47a4a23a94d,0,Does Not Provide This Service,0,Does Not Provide This Service,0,Does Not Provide This Service
13de14c9-004d-46d0-ba5d-fdef98b564d1,2,Potentially Available,5,Highly Constrained,0,Does Not Provide This Service
13e86bad-3be6-4ff9-905c-269b496dd07e,0,Does Not Provide This Service,0,Does Not Provide This Service,0,Does Not Provide This Service
140e17ce-6fe4-447d-a972-a7280d46b346,2,Potentially Available,0,Does Not Provide This Service,0,Does Not Provide This Service
14131af3-d529-45bd-9586-dada17c3683d,2,Potentially Available,0,Does Not Provide This Service,0,Does Not Provide This Service
14155929-2d1f-4aa6-a372-7fd035baf3df,2,Potentially Available,0,Does Not Provide This Service,0,Does Not Provide This Service
1419bce7-ff7f-49be-bf79-983a17db6de3,0,Does Not Provide This Service,0,Does Not Provide This Service,0,Does Not Provide This Service
14271d35-f0fc-49f6-9709-a5a2949f0abc,2,Potentially Available,0,Does Not Provide This Service,0,Does Not Provide This Service
14419cf2-7791-4412-bb3a-bb2b7199be79,2,Potentially Available,0,Does Not Provide This Service,0,Does Not Provide This Service
1445c2b3-20a7-4754-9044-ea7be466f38e,0,Does Not Provide This Service,0,Does Not Provide This Service,0,Does Not Provide This Service
144a1be7-da1e-4b81-9fe8-324d1466edc8,0,Does Not Provide This Service,0,Does Not Provide This Service,0,Does Not Provide This Service
144cb70f-f9ad-4736-80f8-700e43b5f069,2,Potentially Available,0,Does Not Provide This Service,0,Does Not Provide This Service
1450d126-3cda-4163-ae65-54f00d51ffb8,2,Potentially Available,0,Does Not Provide This Service,0,Does Not Provide This Service
1462ffbc-f0d7-4c12-b1af-f286e6d82c53,0,Does Not Provide This Service,0,Does Not Provide This Service,0,Does Not Provide This Service
146b5d3f-ff7a-4adc-b5e7-0e2610ee5f9f,0,Does Not Provide This Service,0,Does Not Provide This Service,0,Does Not Provide This Service
14791aa1-418e-42bb-b223-0e5563356456,0,Does Not Provide This Service,0,Does Not Provide This Service,0,Does Not Provide This Service
147d35f8-7feb-4530-b53b-9803183b1717,0,Does Not Provide This Service,0,Does Not Provide This Service,0,Does Not Provide This Service
148c4373-d553-4cc1-b2dd-db687e99016d,2,Potentially Available,0,Does Not Provide This Service,0,Does Not Provide This Service
1497a8d2-e0eb-4c01-821f-52198e68ca2f,2,Potentially Available,0,Does Not Provide This Service,0,Does Not Provide This Service
14a852a2-002c-4828-a310-f6e756a74425,2,Potentially Available,0,Does Not Provide This Service,0,Does Not Provide This Service
14b0673a-e530-4218-a3cc-feb5cefde5d0,2,Potentially Available,0,Does Not Provide This Service,0,Does Not Provide This Service
14b27cc7-75a5-4897-aab1-ae22709f7ddc,2,Potentially Available,0,Does Not Provide This Service,0,Does Not Provide This Service
14b2c26e-9d3f-46bb-8a46-268938ec886f,2,Potentially Available,0,Does Not Provide This Service,0,Does Not Provide This Service
14cc1afd-240e-4b58-a546-3d2bb1f70820,0,Does Not Provide This Service,0,Does Not Provide This Service,0,Does Not Provide This Service
14ebe800-45f8-477c-aac8-53c55a43f78f,2,Potentially Available,0,Does Not Provide This Service,0,Does Not Provide This Service
14f431a8-89dc-43ea-b19c-6a4df24a8217,0,Does Not Provide This Service,0,Does Not Provide This Service,0,Does Not Provide This Service
150001c3-0741-4214-8886-6006b503ea79,2,Potentially Available,0,Does Not Provide This Service,0,Does Not Provide This Service
15007a95-a323-436f-8eff-bee568671152,0,Does Not Provide This Service,0,Does Not Provide This Service,0,Does Not Provide This Service
150bc563-d51d-46e3-9384-07ed8add17f2,0,Does Not Provide This Service,0,Does Not Provide This Service,0,Does Not Provide This Service
15265e42-f582-4eea-b68e-9aabe4c4fa71,0,Does Not Provide This Service,0,Does Not Provide This Service,0,Does Not Provide This Service
15469d74-76b0-4e60-9101-228b6fdfca42,2,Potentially Available,0,Does Not Provide This Service,0,Does Not Provide This Service
154a24f7-00b1-4ea9-ae47-66266b97a431,0,Does Not Provide This Service,0,Does Not Provide This Service,0,Does Not Provide This Service
154bd61a-5f8f-4ad2-94af-0fbd96d5718c,2,Potentially Available,0,Does Not Provide This Service,0,Does Not Provide This Service
155c6a53-49a5-472d-9694-138741587031,2,Potentially Available,0,Does Not Provide This Service,0,Does Not Provide This Service
157f5419-7577-4513-af09-30847e660356,2,Potentially Available,0,Does Not Provide This Service,0,Does Not Provide This Service
1584df75-3210-4cf2-9907-5b1c4a2eeb50,2,Potentially Available,0,Does Not Provide This Service,0,Does Not Provide This Service
15857974-1941-4fef-a2a3-e008f55f0f6a,0,Does Not Provide This Service,0,Does Not Provide This Service,0,Does Not Provide This Service
15927400-adb5-4de7-b30c-035ea528e041,2,Potentially Available,0,Does Not Provide This Service,0,Does Not Provide This Service
159decf9-174e-4677-a3dd-e20db330f2aa,2,Potentially Available,0,Does Not Provide This Service,0,Does Not Provide This Service
15a1b96e-e364-4b4a-943d-475f65aadf60,0,Does Not Provide This Service,0,Does Not Provide This Service,0,Does Not Provide This Service
15b11ff0-97ff-4645-96c1-284482967596,0,Does Not Provide This Service,0,Does Not Provide This Service,0,Does Not Provide This Service
15c16c61-7f3e-48f7-bcbd-a281b1f9d736,2,Potentially Available,0,Does Not Provide This Service,0,Does Not Provide This Service
15d7b6f0-0cf4-4d64-a015-824808cca45a,2,Potentially Available,0,Does Not Provide This Service,0,Does Not Provide This Service
15ea5bc4-891b-454f-b92a-f1c57fc7903e,0,Does Not Provide This Service,0,Does Not Provide This Service,0,Does Not Provide This Service
15eac556-ffbb-44d9-98d4-a93f7a3bf49b,2,Potentially Available,0,Does Not Provide This Service,0,Does Not Provide This Service
15efedaa-74e9-4c25-8ae7-561846c42b7c,0,Does Not Provide This Service,0,Does Not Provide This Service,0,Does Not Provide This Service
15f3e1c4-3093-43ff-82e2-53040a49833f,2,Potentially Available,0,Does Not Provide This Service,0,Does Not Provide This Service
16000761-4d58-44e9-9eb2-16443f8b1888,0,Does Not Provide This Service,0,Does Not Provide This Service,0,Does Not Provide This Service
160cb100-544b-4cd3-bbf0-96adbdbf8dc4,2,Potentially Available,0,Does Not Provide This Service,0,Does Not Provide This Service
1612cc0e-8c2b-4103-ab47-701cac962db1,2,Potentially Available,0,Does Not Provide This Service,0,Does Not Provide This Service
161d3ddd-bdf3-4a81-82bf-9efaad51e599,2,Potentially Available,0,Does Not Provide This Service,0,Does Not Provide This Service
162ddd90-d356-4d55-bf85-5d5650a7bbe7,2,Potentially Available,0,Does Not Provide This Service,0,Does Not Provide This Service
1647434a-7db7-4c26-ac39-77e7a8ba164e,0,Does Not Provide This Service,0,Does Not Provide This Service,0,Does Not Provide This Service
16547445-fadf-4039-bcd8-4f8e818c17a1,0,Does Not Provide This Service,0,Does Not Provide This Service,0,Does Not Provide This Service
166487ad-9d6d-44ae-996f-3d6cf59b27b4,2,Potentially Available,0,Does Not Provide This Service,0,Does Not Provide This Service
16813a02-6bbc-48d2-b103-83dadac96b45,0,Does Not Provide This Service,0,Does Not Provide This Service,0,Does Not Provide This Service
168b1a38-4e2c-4651-a280-7211441a8ec3,0,Does Not Provide This Service,0,Does Not Provide This Service,0,Does Not Provide This Service
168fe2f9-0c40-4ef2-9653-673ce3954b04,2,Potentially Available,0,Does Not Provide This Service,0,Does Not Provide This Service
16953489-81b7-4d2e-b157-94e05500ac50,0,Does Not Provide This Service,0,Does Not Provide This Service,0,Does Not Provide This Service
169ef5ac-17e9-4b5b-9de3-ec692fcde87d,0,Does Not Provide This Service,0,Does Not Provide This Service,0,Does Not Provide This Service
16ab008f-1a90-4ae6-8385-f90f87838cee,0,Does Not Provide This Service,0,Does Not Provide This Service,0,Does Not Provide This Service
16ad5d18-3df7-42d5-80cc-c8fe4dec10ed,2,Potentially Available,0,Does Not Provide This Service,0,Does Not Provide This Service
16b447a5-0fde-4f6c-9b27-fb615c8b309f,2,Potentially Available,0,Does Not Provide This Service,0,Does Not Provide This Service
16ddc26e-c278-4bd9-9262-97072c8e92a9,0,Does Not Provide This Service,0,Does Not Provide This Service,0,Does Not Provide This Service
16fe733d-2816-4dff-9d33-64d9843f48c9,0,Does Not Provide This Service,0,Does Not Provide This Service,0,Does Not Provide This Service
170d2c24-7afa-4da4-a90b-aed3ebf5fd98,0,Does Not Provide This Service,0,Does Not Provide This Service,0,Does Not Provide This Service
17100c19-ce2e-4bed-bb47-a516edde4339,0,Does Not Provide This Service,0,Does Not Provide This Service,0,Does Not Provide This Service
1711d3c7-371c-43df-9b74-f2d848cb27ba,0,Does Not Provide This Service,0,Does Not Provide This Service,0,Does Not Provide This Service
171ac23c-a51b-4e6e-a9b2-09ae3001ab23,0,Does Not Provide This Service,0,Does Not Provide This Service,0,Does Not Provide This Service
172ed847-7424-4603-9ef3-8d7f93843163,2,Potentially Available,0,Does Not Provide This Service,0,Does Not Provide This Service
174ba1ca-f160-4033-b106-2ae95bc6c9fb,0,Does Not Provide This Service,0,Does Not Provide This Service,0,Does Not Provide This Service
1785d8ad-a853-41c4-b238-7301446cc5b0,2,Potentially Available,0,Does Not Provide This Service,0,Does Not Provide This Service
1789433f-baa0-4640-962f-cf8b8d3a744d,2,Potentially Available,0,Does Not Provide This Service,0,Does Not Provide This Service
179b6c34-b3d0-4866-bca2-e9469f4d0080,2,Potentially Available,0,Does Not Provide This Service,0,Does Not Provide This Service
179e4036-0f6e-4b4b-ba93-da1607f506a4,0,Does Not Provide This Service,0,Does Not Provide This Service,0,Does Not Provide This Service
179e62e3-0866-4bf4-bf83-493a94827998,0,Does Not Provide This Service,0,Does Not Provide This Service,3,Constrained by Size
17a51db2-074c-4ac7-84be-00ae63928bd2,2,Potentially Available,0,Does Not Provide This Service,0,Does Not Provide This Service
17a7bcc2-43b7-4e5d-ae61-ca60651e47e8,2,Potentially Available,0,Does Not Provide This Service,0,Does Not Provide This Service
17b38f89-8955-4991-aaa8-b7bdb8cde74d,0,Does Not Provide This Service,0,Does Not Provide This Service,0,Does Not Provide This Service
17b4b614-4fc3-4636-86f7-02899cd48fd0,2,Potentially Available,0,Does Not Provide This Service,0,Does Not Provide This Service
17cf5ffa-c150-408c-86d9-097bbbddc8cd,0,Does Not Provide This Service,0,Does Not Provide This Service,0,Does Not Provide This Service
17d0e319-8dc5-48ad-9caa-1234f15c734e,0,Does Not Provide This Service,0,Does Not Provide This Service,0,Does Not Provide This Service
17d6578e-8595-43a0-b2a9-7189ecae3942,2,Potentially Available,0,Does Not Provide This Service,0,Does Not Provide This Service
17e55018-8253-48cf-97fa-8658d8a720b7,0,Does Not Provide This Service,0,Does Not Provide This Service,0,Does Not Provide This Service
17e906be-3f9d-4bb2-8014-130c6f2def61,0,Does Not Provide This Service,5,Highly Constrained,0,Does Not Provide This Service
17f0bf4c-ff9f-4138-99d2-6add5c548214,2,Potentially Available,0,Does Not Provide This Service,0,Does Not Provide This Service
17f79c1d-200d-40a8-ba4a-0aec5a772e0c,2,Potentially Available,0,Does Not Provide This Service,0,Does Not Provide This Service
1800e7ba-a6bb-487d-b78b-67cb2ab1bd2e,2,Potentially Available,0,Does Not Provide This Service,0,Does Not Provide This Service
180d14a5-7ef0-43a6-9883-13496056ddd6,0,Does Not Provide This Service,0,Does Not Provide This Service,0,Does Not Provide This Service
181b9baa-621d-4110-8ae0-3b170f545b57,2,Potentially Available,0,Does Not Provide This Service,0,Does Not Provide This Service
18236095-f9df-49b7-a30f-aa0912375b53,0,Does Not Provide This Service,0,Does Not Provide This Service,0,Does Not Provide This Service
18429162-3a1b-4e1c-abfa-0baabcfa1c8c,2,Potentially Available,0,Does Not Provide This Service,0,Does Not Provide This Service
185d04ec-9704-45d2-bea8-73aafddb6bbf,0,Does Not Provide This Service,0,Does Not Provide This Service,0,Does Not Provide This Service
185edd20-8bf5-45b1-a66b-fca5f51cbda2,0,Does Not Provide This Service,0,Does Not Provide This Service,0,Does Not Provide This Service
1861969d-40d6-4192-aa84-ab1e4b0998f9,2,Potentially Available,0,Does Not Provide This Service,0,Does Not Provide This Service
186c2c54-d19f-4ce8-89c6-6c16a01e7614,0,Does Not Provide This Service,0,Does Not Provide This Service,0,Does Not Provide This Service
1871f057-1517-4a09-be21-27a5d43a7303,0,Does Not Provide This Service,0,Does Not Provide This Service,0,Does Not Provide This Service
1879805b-e87a-46ce-aefb-a76d302a49af,2,Potentially Available,0,Does Not Provide This Service,0,Does Not Provide This Service
187be6f5-43fb-4910-bbb8-866c9a1efedb,0,Does Not Provide This Service,0,Does Not Provide This Service,0,Does Not Provide This Service
187bfc62-ed9d-4f5f-b38c-516585abfbd5,0,Does Not Provide This Service,0,Does Not Provide This Service,0,Does Not Provide This Service
18861381-0d44-4a6e-a674-9910cbd03934,2,Potentially Available,0,Does Not Provide This Service,0,Does Not Provide This Service
18979c54-77df-4db0-9895-c3ecf7820e04,2,Potentially Available,0,Does Not Provide This Service,0,Does Not Provide This Service
18a1b752-132c-4963-852c-707c47494d7c,0,Does Not Provide This Service,0,Does Not Provide This Service,0,Does Not Provide This Service
18a2b0f6-0802-42fe-ab80-ed67b7cbac74,2,Potentially Available,0,Does Not Provide This Service,0,Does Not Provide This Service
18a53a80-0728-46f0-b581-863943fc93f4,0,Does Not Provide This Service,0,Does Not Provide This Service,0,Does Not Provide This Service
18a96351-287f-447f-ac60-5029d667f227,2,Potentially Available,0,Does Not Provide This Service,0,Does Not Provide This Service
18aafaf8-3710-4aa1-937f-6d52c6fdcf8a,0,Does Not Provide This Service,0,Does Not Provide This Service,0,Does Not Provide This Service
18ba2ee8-fae0-486e-855f-cfc6661c7457,2,Potentially Available,0,Does Not Provide This Service,0,Does Not Provide This Service
18c03718-6f5d-4d0f-903f-d223b69dbbe1,0,Does Not Provide This Service,0,Does Not Provide This Service,0,Does Not Provide This Service
18ca5f53-30e3-487f-982a-b42cff69a67e,0,Does Not Provide This Service,0,Does Not Provide This Service,0,Does Not Provide This Service
18ce3079-b72b-49ae-bbe9-a2277cba9706,0,Does Not Provide This Service,0,Does Not Provide This Service,0,Does Not Provide This Service
18d158cc-c62a-4b99-9ccb-bb14acdc10f1,0,Does Not Provide This Service,0,Does Not Provide This Service,0,Does Not Provide This Service
18d6ad1a-f62f-4ab7-8c04-4e4302dd7597,2,Potentially Available,0,Does Not Provide This Service,0,Does Not Provide This Service
18d936eb-17b3-414f-82f5-b7e57253e31b,2,Potentially Available,0,Does Not Provide This Service,0,Does Not Provide This Service
18db4bf7-d830-4053-a3b3-50855533c198,0,Does Not Provide This Service,0,Does Not Provide This Service,0,Does Not Provide This Service
18e02061-1c3f-45f8-a7e9-6c3a87611fe5,2,Potentially Available,0,Does Not Provide This Service,0,Does Not Provide This Service
18e242bc-f091-458b-aaa4-4b024e1c37c8,2,Potentially Available,0,Does Not Provide This Service,0,Does Not Provide This Service
18ed7926-bfc3-4f6b-a044-330adf0d695f,0,Does Not Provide This Service,0,Does Not Provide This Service,0,Does Not Provide This Service
18efe5e7-ca1c-4cc7-8e08-63a9f61bf392,2,Potentially Available,0,Does Not Provide This Service,0,Does Not Provide This Service
190920b9-2ccb-415d-95b3-c2979e157147,1,Likely Available,1,Likely Available,0,Does Not Provide This Service
190b4c7e-a9f0-410e-9454-037f1b03e1e9,2,Potentially Available,0,Does Not Provide This Service,0,Does Not Provide This Service
190cff1e-d92b-40d5-800c-6d8191322bb3,0,Does Not Provide This Service,0,Does Not Provide This Service,0,Does Not Provide This Service
191d7e1a-6153-46f1-89d4-a2a589d4c7ec,0,Does Not Provide This Service,0,Does Not Provide This Service,0,Does Not Provide This Service
1928706e-7eae-4075-b76d-bba61f5cd278,0,Does Not Provide This Service,0,Does Not Provide This Service,0,Does Not Provide This Service
192d96d5-c0e2-4fd5-9cf0-9ad2d686c61d,2,Potentially Available,0,Does Not Provide This Service,0,Does Not Provide This Service
193214ae-b31b-4927-aad3-a7ba7b7c3455,2,Potentially Available,0,Does Not Provide This Service,0,Does Not Provide This Service
1937ec3b-5fa6-45e1-a605-5e0ea4c4760b,2,Potentially Available,0,Does Not Provide This Service,0,Does Not Provide This Service
193f0f30-233e-470d-a49c-aab7fac7ca9c,0,Does Not Provide This Service,0,Does Not Provide This Service,0,Does Not Provide This Service
19512fda-fa47-418c-ad84-a86dbd7384d4,0,Does Not Provide This Service,0,Does Not Provide This Service,1,Likely Available
196264a1-d957-4cbf-a2e4-a01d54182a3c,2,Potentially Available,0,Does Not Provide This Service,0,Does Not Provide This Service
196fac0f-c13d-4389-b33a-f848600c8fa6,2,Potentially Available,0,Does Not Provide This Service,0,Does Not Provide This Service
1983adbc-c53e-44a7-914d-d46888a6748f,2,Potentially Available,0,Does Not Provide This Service,0,Does Not Provide This Service
199977bc-f923-44d4-957a-9978d718e859,2,Potentially Available,0,Does Not Provide This Service,0,Does Not Provide This Service
199ce9ad-e32b-498f-8d47-a24c7eb59079,2,Potentially Available,0,Does Not Provide This Service,0,Does Not Provide This Service
19aad36e-bbd1-468d-a99f-450e801fcdd4,0,Does Not Provide This Service,0,Does Not Provide This Service,0,Does Not Provide This Service
19c88b2c-bcc8-4e3c-aefc-b55cffb58f5d,0,Does Not Provide This Service,0,Does Not Provide This Service,0,Does Not Provide This Service
19c9b475-3f80-4dc5-8152-19d706e3b535,2,Potentially Available,0,Does Not Provide This Service,0,Does Not Provide This Service
19cbccfb-3c15-4d34-8321-92e75ced5d7f,0,Does Not Provide This Service,0,Does Not Provide This Service,0,Does Not Provide This Service
19ced3c6-3ce9-480b-a9ad-1323ee0ecb73,0,Does Not Provide This Service,0,Does Not Provide This Service,0,Does Not Provide This Service
19d5c67f-0014-43d9-8ab2-a35269a5b608,0,Does Not Provide This Service,0,Does Not Provide This Service,0,Does Not Provide This Service
19dc4a8d-fa56-4882-b1ad-29638a07d024,2,Potentially Available,0,Does Not Provide This Service,0,Does Not Provide This Service
19e24de6-d8af-49d4-9863-fbe94233774b,0,Does Not Provide This Service,0,Does Not Provide This Service,0,Does Not Provide This Service
19e94e83-366d-4050-9d28-34ce0a016339,2,Potentially Available,0,Does Not Provide This Service,0,Does Not Provide This Service
19ee15ed-8aa5-4fc8-b255-4ec068056975,0,Does Not Provide This Service,0,Does Not Provide This Service,0,Does Not Provide This Service
19f47732-b170-4db7-9fc3-a8d16a5ba896,0,Does Not Provide This Service,0,Does Not Provide This Service,0,Does Not Provide This Service
19f67cf9-f93f-4bbe-a3e8-944ad34692fd,0,Does Not Provide This Service,0,Does Not Provide This Service,0,Does Not Provide This Service
19f84583-ccfe-47cd-81d0-99c365ad669b,0,Does Not Provide This Service,0,Does Not Provide This Service,1,Likely Available
1a018a33-60a8-4c3e-836b-579d6552924c,0,Does Not Provide This Service,0,Does Not Provide This Service,0,Does Not Provide This Service
1a073584-f40e-4e4e-9ac3-2960c40a237c,0,Does Not Provide This Service,0,Does Not Provide This Service,0,Does Not Provide This Service
1a08fc30-39f5-445a-9ae3-9887f35ea114,2,Potentially Available,0,Does Not Provide This Service,0,Does Not Provide This Service
1a1d61f1-e654-40ec-b02f-32c2e69253d9,2,Potentially Available,0,Does Not Provide This Service,0,Does Not Provide This Service
1a21e261-b0f5-486c-8525-084dc2cc0a06,2,Potentially Available,0,Does Not Provide This Service,0,Does Not Provide This Service
1a28018b-d277-42d1-88b9-7b0955267780,0,Does Not Provide This Service,0,Does Not Provide This Service,0,Does Not Provide This Service
1a2eabd5-be7b-42ce-b125-8c5f833973cd,0,Does Not Provide This Service,0,Does Not Provide This Service,0,Does Not Provide This Service
1a3b2a6d-0d72-4d89-b045-ebbd92a5c6af,0,Does Not Provide This Service,0,Does Not Provide This Service,0,Does Not Provide This Service
1a43c609-495f-4fd5-854f-1ffb6701a02a,0,Does Not Provide This Service,1,Likely Available,0,Does Not Provide This Service
1a48e6f0-30a7-4f40-a9b8-2b726e426e91,2,Potentially Available,0,Does Not Provide This Service,0,Does Not Provide This Service
1a4c980c-07a4-4978-b841-3f858a5c2812,0,Does Not Provide This Service,0,Does Not Provide This Service,0,Does Not Provide This Service
1a50c0cd-05e3-48d4-97f2-2b887b9858d5,0,Does Not Provide This Service,0,Does Not Provide This Service,0,Does Not Provide This Service
1a6cc45c-f0b8-4a2f-a544-bd54b8eee55f,0,Does Not Provide This Service,0,Does Not Provide This Service,0,Does Not Provide This Service
1a7a237f-73c7-46e9-ba15-d68028c9386f,0,Does Not Provide This Service,0,Does Not Provide This Service,0,Does Not Provide This Service
1a7c7100-0c7b-49c7-8b6d-4ce98276809e,2,Potentially Available,0,Does Not Provide This Service,0,Does Not Provide This Service
1a8550e6-d8a7-4b40-a459-be93e52d9d60,2,Potentially Available,0,Does Not Provide This Service,0,Does Not Provide This Service
1a882a6f-45ef-49d9-b5e4-39e0d089efed,2,Potentially Available,0,Does Not Provide This Service,0,Does Not Provide This Service
1a92a5ad-e942-425b-841e-fb7fdbba3beb,0,Does Not Provide This Service,0,Does Not Provide This Service,0,Does Not Provide This Service
1a9b112a-d764-4c0a-aca8-aaab5dfc0ffb,2,Potentially Available,0,Does Not Provide This Service,0,Does Not Provide This Service
1a9f5e9b-4ee5-4673-abb5-2166199645a3,2,Potentially Available,0,Does Not Provide This Service,0,Does Not Provide This Service
1abcc18f-e9bb-4ac7-9911-a2a27a53e399,2,Potentially Available,0,Does Not Provide This Service,0,Does Not Provide This Service
1acacace-7d08-4cb0-bfa9-7770e575b024,2,Potentially Available,0,Does Not Provide This Service,0,Does Not Provide This Service
1ae5e98b-5a82-41d5-9920-8cdcba7f8895,2,Potentially Available,0,Does Not Provide This Service,0,Does Not Provide This Service
1b08276d-0945-498a-8738-be7a09e9b343,2,Potentially Available,0,Does Not Provide This Service,0,Does Not Provide This Service
1b1b23ef-4eb5-4b2c-a678-793805a3d996,1,Likely Available,1,Likely Available,0,Does Not Provide This Service
1b1e82d5-f212-47b2-9c15-006928b2a63b,2,Potentially Available,0,Does Not Provide This Service,0,Does Not Provide This Service
1b21e59a-d39d-45c7-b3cb-2c9d1923b684,0,Does Not Provide This Service,0,Does Not Provide This Service,0,Does Not Provide This Service
1b2345aa-0ebb-489c-b1ba-9e12c55cbd77,2,Potentially Available,0,Does Not Provide This Service,0,Does Not Provide This Service
1b3c0a3f-6029-4bce-a523-23f69c2010ca,2,Potentially Available,0,Does Not Provide This Service,0,Does Not Provide This Service
1b3db1bf-b154-422e-9d4d-b3d86ff3f90e,0,Does Not Provide This Service,0,Does Not Provide This Service,0,Does Not Provide This Service
1b4774a1-fa08-4aac-9093-597668e92d0e,0,Does Not Provide This Service,0,Does Not Provide This Service,0,Does Not Provide This Service
1b644c15-2725-400b-868a-13cefa65afde,0,Does Not Provide This Service,0,Does Not Provide This Service,0,Does Not Provide This Service
1b718055-39cd-4b4a-872e-f6772a75f7de,0,Does Not Provide This Service,0,Does Not Provide This Service,0,Does Not Provide This Service
1b811e23-c2fe-47c8-b885-f6cba8a89df5,0,Does Not Provide This Service,0,Does Not Provide This Service,0,Does Not Provide This Service
1b830755-ae35-4f30-a71b-5094e7877b84,2,Potentially Available,0,Does Not Provide This Service,0,Does Not Provide This Service
1b8487a3-7530-44f7-9b0b-7cba105ef138,0,Does Not Provide This Service,0,Does Not Provide This Service,0,Does Not Provide This Service
1bb1932c-78e0-4eec-a377-d1cd8171d883,0,Does Not Provide This Service,0,Does Not Provide This Service,0,Does Not Provide This Service
1bb4330f-ac52-413a-9b20-ab04271fa53f,0,Does Not Provide This Service,0,Does Not Provide This Service,0,Does Not Provide This Service
1bc25ec8-b897-4891-a7a7-5ef82055dba6,0,Does Not Provide This Service,0,Does Not Provide This Service,0,Does Not Provide This Service
1bcf565f-a4f9-4dca-865e-45ac2a82fd87,2,Potentially Available,0,Does Not Provide This Service,0,Does Not Provide This Service
1bcfce92-e76e-475a-a827-80867ba4a185,0,Does Not Provide This Service,0,Does Not Provide This Service,0,Does Not Provide This Service
1bdc7528-ab30-49f5-b994-7d9d927e6e0e,2,Potentially Available,0,Does Not Provide This Service,0,Does Not Provide This Service
1beb5fda-19f2-483b-99db-d4ea6a6bcc6d,2,Potentially Available,0,Does Not Provide This Service,0,Does Not Provide This Service
1bec0e6d-6131-4746-ba50-2ca8ead8c5dc,0,Does Not Provide This Service,0,Does Not Provide This Service,1,Likely Available
1beda149-110a-4a23-b653-15693d6f788b,2,Potentially Available,0,Does Not Provide This Service,0,Does Not Provide This Service
1bf54212-a7fe-4712-b1da-a336492d368d,0,Does Not Provide This Service,0,Does Not Provide This Service,0,Does Not Provide This Service
1bfd1da9-adf4-4ebe-b7cd-cdc75a79df83,2,Potentially Available,0,Does Not Provide This Service,0,Does Not Provide This Service
1c1dd2d7-8aac-4194-b39f-0f26be2f7669,2,Potentially Available,0,Does Not Provide This Service,0,Does Not Provide This Service
1c29fc03-1d56-4838-89dc-2c516be53bdf,0,Does Not Provide This Service,0,Does Not Provide This Service,0,Does Not Provide This Service
1c2cdae2-bdc2-484f-a86f-6dc4422760ce,0,Does Not Provide This Service,0,Does Not Provide This Service,0,Does Not Provide This Service
1c3aa113-5197-44f1-9267-8fd491a1ca37,2,Potentially Available,0,Does Not Provide This Service,0,Does Not Provide This Service
1c519fbd-c2e2-49e5-afb0-a25d56a57ea4,2,Potentially Available,0,Does Not Provide This Service,0,Does Not Provide This Service
1c73fb59-3392-4271-a79f-761394970cae,0,Does Not Provide This Service,0,Does Not Provide This Service,0,Does Not Provide This Service
1c7459cd-9727-4840-91a1-48a2c170bbda,2,Potentially Available,0,Does Not Provide This Service,0,Does Not Provide This Service
1c752f0c-4609-4d3a-a641-19cb71cb8872,2,Potentially Available,0,Does Not Provide This Service,0,Does Not Provide This Service
1c812dc8-cb7e-4c84-b58d-e496624a6dba,0,Does Not Provide This Service,0,Does Not Provide This Service,0,Does Not Provide This Service
1c914049-87b3-4660-b5c0-6d2e1505136f,2,Potentially Available,0,Does Not Provide This Service,0,Does Not Provide This Service
1c9c4fbe-a07d-438a-8e7e-b82f8d358dee,0,Does Not Provide This Service,0,Does Not Provide This Service,0,Does Not Provide This Service
1c9efc5b-1340-42d1-8adc-0e87e09aca3b,0,Does Not Provide This Service,0,Does Not Provide This Service,0,Does Not Provide This Service
1ca16f6e-c769-413e-b1f7-a3d824a87681,2,Potentially Available,0,Does Not Provide This Service,0,Does Not Provide This Service
1ca37293-f8b2-4fd9-8e26-3fa0b0fc1215,0,Does Not Provide This Service,0,Does Not Provide This Service,0,Does Not Provide This Service
1cc5e039-42d4-4db9-a6f2-406663b36703,2,Potentially Available,0,Does Not Provide This Service,0,Does Not Provide This Service
1cd192ed-a500-4b1c-9a9f-1a2bb0206e1e,2,Potentially Available,0,Does Not Provide This Service,0,Does Not Provide This Service
1cead770-dd2a-4903-860e-2ab28d65102c,0,Does Not Provide This Service,0,Does Not Provide This Service,0,Does Not Provide This Service
1cf93e72-a3b9-4b1e-b194-b355f35e239a,0,Does Not Provide This Service,0,Does Not Provide This Service,0,Does Not Provide This Service
1d0dd3f6-16a8-4330-95c2-8813d2aa608d,2,Potentially Available,0,Does Not Provide This Service,0,Does Not Provide This Service
1d37f139-ebe8-4fb1-a1e3-8a09d17a356a,2,Potentially Available,0,Does Not Provide This Service,0,Does Not Provide This Service
1d3869dd-92ad-43be-968d-c2151d7d28c7,0,Does Not Provide This Service,0,Does Not Provide This Service,0,Does Not Provide This Service
1d4daa69-06e1-4e7d-9530-b39c02109213,0,Does Not Provide This Service,0,Does Not Provide This Service,0,Does Not Provide This Service
1d4ffed1-45b5-4671-8473-f7f4e76ca0e7,0,Does Not Provide This Service,0,Does Not Provide This Service,0,Does Not Provide This Service
1d505e58-55c6-49eb-92b7-10d19607db0b,1,Likely Available,1,Likely Available,0,Does Not Provide This Service
1d526f70-3ea7-4c04-b069-969e59bfa387,0,Does Not Provide This Service,0,Does Not Provide This Service,0,Does Not Provide This Service
1d64e08f-5b3c-44f4-99dc-edca74941d91,2,Potentially Available,0,Does Not Provide This Service,0,Does Not Provide This Service
1d6a29c6-55c8-460f-8d30-35fcc71da1af,2,Potentially Available,0,Does Not Provide This Service,0,Does Not Provide This Service
1d791d5a-5cc4-4ead-b021-aecdc898674d,2,Potentially Available,0,Does Not Provide This Service,0,Does Not Provide This Service
1d7d966e-c24d-4cfb-a6d2-7dbbfcb6e839,0,Does Not Provide This Service,0,Does Not Provide This Service,0,Does Not Provide This Service
1d7ea91b-bbf6-4c37-9a7e-10775d82e175,2,Potentially Available,0,Does Not Provide This Service,0,Does Not Provide This Service
1d83f06b-8aad-49dd-ac16-c78ef0229c33,0,Does Not Provide This Service,0,Does Not Provide This Service,0,Does Not Provide This Service
1d844fae-c316-44a4-8cc3-59392d87b143,2,Potentially Available,0,Does Not Provide This Service,0,Does Not Provide This Service
1d865842-63ff-4a20-9847-59bf5b9ea75f,2,Potentially Available,0,Does Not Provide This Service,0,Does Not Provide This Service
1d8733a3-e323-45a9-9519-75dc7f737357,2,Potentially Available,0,Does Not Provide This Service,0,Does Not Provide This Service
1de19243-65e0-45cb-b926-9bc471b672cd,0,Does Not Provide This Service,0,Does Not Provide This Service,0,Does Not Provide This Service
1df1727a-c2e2-47c9-a968-cbbb83e734b8,0,Does Not Provide This Service,0,Does Not Provide This Service,0,Does Not Provide This Service
1e12127a-d420-4353-8a34-ab07d48d43fe,0,Does Not Provide This Service,0,Does Not Provide This Service,4,Constrained by Market
1e150cfd-83b4-47b6-a7e5-da85018664b9,0,Does Not Provide This Service,0,Does Not Provide This Service,0,Does Not Provide This Service
1e2025ac-efc6-498b-9a2d-0b52ba47b3f8,2,Potentially Available,0,Does Not Provide This Service,0,Does Not Provide This Service
1e411e2f-83c7-412b-b8d0-b9bd13a90687,0,Does Not Provide This Service,0,Does Not Provide This Service,0,Does Not Provide This Service
1e4e01a9-0a29-4816-a22e-0c573b98170b,2,Potentially Available,0,Does Not Provide This Service,0,Does Not Provide This Service
1e4f8dcf-d148-4206-921b-3afa3c8aaeaf,2,Potentially Available,0,Does Not Provide This Service,0,Does Not Provide This Service
1e50da57-a582-4962-8ed3-1f618e8b9d65,2,Potentially Available,0,Does Not Provide This Service,0,Does Not Provide This Service
1e5545a6-8272-4c5f-8bc4-0702698266b8,2,Potentially Available,0,Does Not Provide This Service,0,Does Not Provide This Service
1e6ffceb-2f5c-4e40-bb8b-132216e1bd35,2,Potentially Available,0,Does Not Provide This Service,0,Does Not Provide This Service
1e79c021-853c-4998-80a5-d68065242f04,2,Potentially Available,0,Does Not Provide This Service,0,Does Not Provide This Service
1e86f371-8e41-413f-96a0-4e3a6a6617c3,2,Potentially Available,0,Does Not Provide This Service,0,Does Not Provide This Service
1ea31e00-6812-4fb5-8b35-71371bc0b5ef,2,Potentially Available,0,Does Not Provide This Service,0,Does Not Provide This Service
1ebf00c3-c106-4c81-8463-2043ca031c83,2,Potentially Available,0,Does Not Provide This Service,0,Does Not Provide This Service
1ec4a532-3bc1-4308-bf1b-7260d37af82b,2,Potentially Available,0,Does Not Provide This Service,0,Does Not Provide This Service
1ec5a41c-9afd-44fa-9eaa-a26530b8a232,2,Potentially Available,0,Does Not Provide This Service,0,Does Not Provide This Service
1eda6533-14f3-42c6-a46d-836f01f1f6e3,2,Potentially Available,0,Does Not Provide This Service,0,Does Not Provide This Service
1ef83c1e-6773-4c6e-b84c-76d96da6bb94,2,Potentially Available,0,Does Not Provide This Service,0,Does Not Provide This Service
1f1b831e-7d8c-419a-9dee-43dde6c25ea3,2,Potentially Available,0,Does Not Provide This Service,0,Does Not Provide This Service
1f1ef5a8-d62b-4bfb-aed3-8441d88347ac,0,Does Not Provide This Service,0,Does Not Provide This Service,0,Does Not Provide This Service
1f2fce16-3001-47bf-9009-c2b78426a485,0,Does Not Provide This Service,0,Does Not Provide This Service,0,Does Not Provide This Service
1f34fc0e-d69a-4165-bfb2-36285cd4f68d,0,Does Not Provide This Service,0,Does Not Provide This Service,0,Does Not Provide This Service
1f447ef9-dee4-4610-ae8d-1af73e27dac3,0,Does Not Provide This Service,0,Does Not Provide This Service,0,Does Not Provide This Service
1f5ff337-f3e7-45ea-9112-b2f54c38144f,0,Does Not Provide This Service,0,Does Not Provide This Service,0,Does Not Provide This Service
1f7df015-601d-480b-8e4f-0a799b699764,0,Does Not Provide This Service,0,Does Not Provide This Service,0,Does Not Provide This Service
1f9ddf53-55b8-40c1-a683-d86a2501d46c,0,Does Not Provide This Service,0,Does Not Provide This Service,0,Does Not Provide This Service
1fa2d19e-d763-4171-8342-4bbc6318dc1b,2,Potentially Available,0,Does Not Provide This Service,0,Does Not Provide This Service
1fa59b30-64ca-4900-b667-f43cb3bd823e,2,Potentially Available,0,Does Not Provide This Service,0,Does Not Provide This Service
1fb30514-9b61-4579-a298-4738201d6d94,1,Likely Available,1,Likely Available,0,Does Not Provide This Service
1fb53448-d413-4094-a558-7bc75e704137,0,Does Not Provide This Service,0,Does Not Provide This Service,0,Does Not Provide This Service
1fdbce5b-1105-49b8-875d-44190a4cc00e,0,Does Not Provide This Service,0,Does Not Provide This Service,0,Does Not Provide This Service
1fe8a524-50c6-4dcc-a783-d71dfb507c0a,2,Potentially Available,0,Does Not Provide This Service,0,Does Not Provide This Service
1ff0b084-48ae-470a-b191-f96da908bce2,0,Does Not Provide This Service,0,Does Not Provide This Service,0,Does Not Provide This Service
1ff1cd15-2470-4542-a7ec-0df489634005,2,Potentially Available,0,Does Not Provide This Service,0,Does Not Provide This Service
1ff475f5-0f4b-468b-8f58-0d439bbae76b,2,Potentially Available,0,Does Not Provide This Service,0,Does Not Provide This Service
1ffaf53b-77f2-4d22-a42e-37e796622f74,0,Does Not Provide This Service,0,Does Not Provide This Service,0,Does Not Provide This Service
1ffe8056-a007-4803-83a7-5ef0f6e1cbfd,2,Potentially Available,0,Does Not Provide This Service,0,Does Not Provide This Service
2004df0c-b57f-4b3c-98ca-cea113bc7fb0,2,Potentially Available,1,Likely Available,0,Does Not Provide This Service
20101d39-7e9b-495e-8f51-e647edb1d393,0,Does Not Provide This Service,0,Does Not Provide This Service,0,Does Not Provide This Service
20184932-c195-421c-8a04-ab0effd2d797,0,Does Not Provide This Service,0,Does Not Provide This Service,0,Does Not Provide This Service
201e59a9-948c-406e-b100-bd7e3abc4354,2,Potentially Available,0,Does Not Provide This Service,0,Does Not Provide This Service
2045e5c6-2c7c-4b42-ad6a-4debd80acf09,2,Potentially Available,0,Does Not Provide This Service,0,Does Not Provide This Service
20498722-95a9-4d55-9431-342a55b20917,0,Does Not Provide This Service,0,Does Not Provide This Service,0,Does Not Provide This Service
204fb5c8-082a-48a9-ba99-b022379ea1d8,0,Does Not Provide This Service,0,Does Not Provide This Service,0,Does Not Provide This Service
205e4cbd-c5b2-42bb-a716-38626de8ddae,2,Potentially Available,0,Does Not Provide This Service,0,Does Not Provide This Service
206be34c-9faf-428f-be45-eefb54611803,2,Potentially Available,0,Does Not Provide This Service,0,Does Not Provide This Service
20706df8-2f40-4acb-9a90-80759579b240,0,Does Not Provide This Service,0,Does Not Provide This Service,0,Does Not Provide This Service
207123d2-e103-43d9-885e-13b4bd333449,0,Does Not Provide This Service,0,Does Not Provide This Service,0,Does Not Provide This Service
2076e49c-4153-4f23-9b14-617b72340705,0,Does Not Provide This Service,0,Does Not Provide This Service,1,Likely Available
207ef607-924f-42a6-b00d-2d3beacf7316,2,Potentially Available,0,Does Not Provide This Service,0,Does Not Provide This Service
2088a221-8d77-405c-bdad-cbc7c71226db,2,Potentially Available,1,Likely Available,0,Does Not Provide This Service
2091a40d-cb16-4a31-9fdf-24cceaa27ede,0,Does Not Provide This Service,0,Does Not Provide This Service,0,Does Not Provide This Service
20b8579d-aece-474c-83b5-1147bcf8b388,0,Does Not Provide This Service,0,Does Not Provide This Service,0,Does Not Provide This Service
20d1c1d6-78db-4a64-b14c-da21c53c31ee,2,Potentially Available,0,Does Not Provide This Service,0,Does Not Provide This Service
20d37b8c-8543-417a-b8c1-634cec02d5e5,0,Does Not Provide This Service,0,Does Not Provide This Service,0,Does Not Provide This Service
20dfc518-61ec-4280-a67e-044e19328696,1,Likely Available,1,Likely Available,0,Does Not Provide This Service
20e224d6-699d-4cb3-9478-8cbdb7632890,2,Potentially Available,0,Does Not Provide This Service,0,Does Not Provide This Service
20f010fb-7353-4945-98be-4261c9d8d33b,0,Does Not Provide This Service,0,Does Not Provide This Service,1,Likely Available
20f36c53-c0b0-475c-b27a-763ac83142f6,2,Potentially Available,0,Does Not Provide This Service,0,Does Not Provide This Service
21087a1b-078a-44f2-af46-1b52722dce1f,0,Does Not Provide This Service,0,Does Not Provide This Service,0,Does Not Provide This Service
21206e7a-fc2b-4151-b7c1-c0b894e638f0,0,Does Not Provide This Service,0,Does Not Provide This Service,0,Does Not Provide This Service
2126adb2-ea9b-4c70-9d97-c4b9e5aaca32,2,Potentially Available,0,Does Not Provide This Service,0,Does Not Provide This Service
2147bccc-20b2-4ef7-9ed2-fde1734ebe6f,2,Potentially Available,0,Does Not Provide This Service,0,Does Not Provide This Service
214aa305-99ee-4f71-aef2-b9df422e1d5d,0,Does Not Provide This Service,0,Does Not Provide This Service,0,Does Not Provide This Service
2158cdbf-e8cc-4a0a-b198-9c5b32906232,0,Does Not Provide This Service,0,Does Not Provide This Service,0,Does Not Provide This Service
21606b7a-5b4b-4d72-aa88-d44582e38f3d,0,Does Not Provide This Service,0,Does Not Provide This Service,0,Does Not Provide This Service
216b60d0-8034-4a8f-a1b2-874c94f338a3,2,Potentially Available,0,Does Not Provide This Service,0,Does Not Provide This Service
216cddba-5e96-471e-beab-58c455e41f79,2,Potentially Available,0,Does Not Provide This Service,0,Does Not Provide This Service
21851741-7289-4396-a247-f380fe566c9a,0,Does Not Provide This Service,0,Does Not Provide This Service,4,Constrained by Market
2187ae50-3d0a-4edc-9a14-f8254f845764,0,Does Not Provide This Service,0,Does Not Provide This Service,3,Constrained by Size
218914ae-08bf-48d7-801a-63240ba732ab,2,Potentially Available,0,Does Not Provide This Service,0,Does Not Provide This Service
21932b4a-aad7-4188-ae92-815283a3b2f9,2,Potentially Available,0,Does Not Provide This Service,0,Does Not Provide This Service
219f5c16-c756-49b7-9828-98d9a40e0623,2,Potentially Available,0,Does Not Provide This Service,0,Does Not Provide This Service
21c080b0-3a4d-4342-9ac0-a9bc479e05fa,0,Does Not Provide This Service,0,Does Not Provide This Service,0,Does Not Provide This Service
21c6c007-72ab-44bc-ba18-c8a57ae5a13d,2,Potentially Available,0,Does Not Provide This Service,0,Does Not Provide This Service
21e8be6c-afe5-4d0f-ae41-8b5fdbe75f0a,1,Likely Available,1,Likely Available,0,Does Not Provide This Service
21f00330-a357-4dd2-96a0-4e2cb80b3fc0,0,Does Not Provide This Service,0,Does Not Provide This Service,0,Does Not Provide This Service
21f9df50-706e-492c-b83e-104424de2c4a,2,Potentially Available,0,Does Not Provide This Service,0,Does Not Provide This Service
2212ac51-debd-4295-8f88-b07041955df4,0,Does Not Provide This Service,0,Does Not Provide This Service,0,Does Not Provide This Service
2218a144-a25f-4a1e-85bc-fc3e0d48fc1c,2,Potentially Available,0,Does Not Provide This Service,0,Does Not Provide This Service
222b3978-3b51-4cde-9b55-c8b08a9d910e,0,Does Not Provide This Service,0,Does Not Provide This Service,0,Does Not Provide This Service
222c9872-5801-4d25-b400-6c28c051c51e,0,Does Not Provide This Service,0,Does Not Provide This Service,0,Does Not Provide This Service
222d0ca3-b6d4-4657-86e8-40a838bfe330,0,Does Not Provide This Service,0,Does Not Provide This Service,0,Does Not Provide This Service
223fa8f4-3dc0-4d9c-8efa-594dbebf0ea5,2,Potentially Available,0,Does Not Provide This Service,0,Does Not Provide This Service
2246eb5a-2ab7-45c9-a1d8-c936ae82501c,0,Does Not Provide This Service,0,Does Not Provide This Service,0,Does Not Provide This Service
224edeab-4ac3-4537-8c81-68f04d25a3ae,2,Potentially Available,0,Does Not Provide This Service,0,Does Not Provide This Service
225a1598-365c-493e-8135-79398e6b31a7,0,Does Not Provide This Service,0,Does Not Provide This Service,0,Does Not Provide This Service
2260366c-14dc-48f8-9e67-c22dccbefe5c,0,Does Not Provide This Service,0,Does Not Provide This Service,0,Does Not Provide This Service
2262808c-aaaa-44dc-9724-11fe192e0294,2,Potentially Available,0,Does Not Provide This Service,0,Does Not Provide This Service
2263bc55-d1fe-43ba-91db-e1a6fbda9e4e,0,Does Not Provide This Service,0,Does Not Provide This Service,5,Highly Constrained
226f9e8b-3873-48de-a2fb-3f683d377cca,0,Does Not Provide This Service,0,Does Not Provide This Service,0,Does Not Provide This Service
2271469a-b419-4697-a139-6b94507f5711,0,Does Not Provide This Service,0,Does Not Provide This Service,0,Does Not Provide This Service
227db7fd-c0a4-40dc-be73-0e0e22bb44ad,0,Does Not Provide This Service,0,Does Not Provide This Service,0,Does Not Provide This Service
22885fc5-4e8c-449e-912e-b41acb9bddda,2,Potentially Available,0,Does Not Provide This Service,0,Does Not Provide This Service
2288af3e-f874-4090-a962-1e02eaec4134,2,Potentially Available,0,Does Not Provide This Service,0,Does Not Provide This Service
22aead7a-78fc-49bc-981c-0afe48abdff0,2,Potentially Available,0,Does Not Provide This Service,0,Does Not Provide This Service
22af0067-a1fe-42c5-98d9-c82a3a297a20,0,Does Not Provide This Service,0,Does Not Provide This Service,0,Does Not Provide This Service
22ded663-9233-45ba-acad-fb9cf95fc9b7,2,Potentially Available,0,Does Not Provide This Service,0,Does Not Provide This Service
23094560-1ce0-4861-92c0-15d2e0e2bac8,0,Does Not Provide This Service,0,Does Not Provide This Service,0,Does Not Provide This Service
230cc4d3-7350-4292-bfa4-b6b0c2901529,2,Potentially Available,0,Does Not Provide This Service,0,Does Not Provide This Service
230fda82-927a-47b0-a1b9-5fd353fbcb2d,2,Potentially Available,0,Does Not Provide This Service,0,Does Not Provide This Service
23179041-b334-488c-bf35-b6cf61d134f7,0,Does Not Provide This Service,0,Does Not Provide This Service,0,Does Not Provide This Service
23338571-f842-4947-b292-a05f956fc85b,0,Does Not Provide This Service,0,Does Not Provide This Service,0,Does Not Provide This Service
233b8758-36da-4854-a06e-b90e0f689ddb,0,Does Not Provide This Service,0,Does Not Provide This Service,0,Does Not Provide This Service
23509241-da32-4970-bbcd-84eebd776427,0,Does Not Provide This Service,0,Does Not Provide This Service,0,Does Not Provide This Service
23584bef-0f80-4957-98d6-125b6abe3548,0,Does Not Provide This Service,0,Does Not Provide This Service,0,Does Not Provide This Service
236a1aab-b5f8-4874-b629-eb6278d7336a,0,Does Not Provide This Service,0,Does Not Provide This Service,0,Does Not Provide This Service
236d15b5-59d5-44b3-ab09-017e7240f2b0,0,Does Not Provide This Service,0,Does Not Provide This Service,0,Does Not Provide This Service
237f6e9d-6eba-4ef4-a4f5-f8467b6cf63d,0,Does Not Provide This Service,0,Does Not Provide This Service,0,Does Not Provide This Service
239a22c5-b057-4abe-b19f-b7b2d52b7f28,2,Potentially Available,0,Does Not Provide This Service,0,Does Not Provide This Service
23a66594-55a2-453c-bab8-b07eaf8b4c1f,0,Does Not Provide This Service,0,Does Not Provide This Service,0,Does Not Provide This Service
23a8e00a-8002-453c-80b3-4bb7216c74f0,0,Does Not Provide This Service,0,Does Not Provide This Service,0,Does Not Provide This Service
23b0b1c2-0994-45ef-bc23-9ddce5db977b,2,Potentially Available,0,Does Not Provide This Service,0,Does Not Provide This Service
23b86421-e55e-4f99-95c1-1e9a009a602a,2,Potentially Available,0,Does Not Provide This Service,0,Does Not Provide This Service
23cf946a-bb9f-4dd0-8270-e59f523b88a2,0,Does Not Provide This Service,0,Does Not Provide This Service,4,Constrained by Market
23d1e2d6-eb9d-415e-ac3d-77fdb6a9cec0,0,Does Not Provide This Service,0,Does Not Provide This Service,0,Does Not Provide This Service
23dc399e-3103-4b55-9615-804396c79c90,0,Does Not Provide This Service,0,Does Not Provide This Service,0,Does Not Provide This Service
23e35996-8253-4b60-8e5d-0328a2793055,0,Does Not Provide This Service,0,Does Not Provide This Service,0,Does Not Provide This Service
23e6685f-7ec0-4651-af24-a18c166afa65,0,Does Not Provide This Service,0,Does Not Provide This Service,0,Does Not Provide This Service
23ec5e75-b142-4fc6-bbc2-bdeb9d552a47,0,Does Not Provide This Service,0,Does Not Provide This Service,0,Does Not Provide This Service
23fff513-a566-4994-8a6d-2004c6d01376,2,Potentially Available,0,Does Not Provide This Service,0,Does Not Provide This Service
2401f2df-2fd9-4564-8eef-9a87a98ba195,2,Potentially Available,0,Does Not Provide This Service,0,Does Not Provide This Service
2420cdba-2675-4590-84b0-9b92a97908c7,2,Potentially Available,0,Does Not Provide This Service,0,Does Not Provide This Service
242886f7-ad22-486e-98da-49220c0c5035,0,Does Not Provide This Service,0,Does Not Provide This Service,0,Does Not Provide This Service
243ace45-72cd-49bd-b08f-5219dffd816d,0,Does Not Provide This Service,0,Does Not Provide This Service,0,Does Not Provide This Service
2444b52f-141e-4ea1-bb9b-d13974eb7e15,0,Does Not Provide This Service,0,Does Not Provide This Service,0,Does Not Provide This Service
24623aa5-662d-4f84-8997-759697822264,2,Potentially Available,0,Does Not Provide This Service,0,Does Not Provide This Service
2463b8f0-2fe3-4bb7-9939-3be1d66c4f6f,2,Potentially Available,0,Does Not Provide This Service,0,Does Not Provide This Service
2479ff30-984f-49de-92a9-4d3d842611fe,2,Potentially Available,0,Does Not Provide This Service,0,Does Not Provide This Service
2480b9e2-425c-4b59-ba8f-c2cc24fc11f7,0,Does Not Provide This Service,0,Does Not Provide This Service,0,Does Not Provide This Service
24890b7b-624c-4948-8751-ac2ac854dec2,0,Does Not Provide This Service,0,Does Not Provide This Service,0,Does Not Provide This Service
2497921e-a375-44c5-8f33-b152695e03ca,2,Potentially Available,0,Does Not Provide This Service,0,Does Not Provide This Service
249b3f65-8f38-4ece-a218-9111e423e0e9,2,Potentially Available,0,Does Not Provide This Service,0,Does Not Provide This Service
24bbb73b-317f-4eb9-ad8d-43b26635aa38,0,Does Not Provide This Service,0,Does Not Provide This Service,0,Does Not Provide This Service
24c5691d-db43-4e74-bea5-6134ad1c030c,0,Does Not Provide This Service,0,Does Not Provide This Service,0,Does Not Provide This Service
24e30a64-5237-4638-b3a9-a5cb53807e43,0,Does Not Provide This Service,0,Does Not Provide This Service,0,Does Not Provide This Service
24ef25b3-a038-4dc7-9dca-e793b4dde04b,2,Potentially Available,0,Does Not Provide This Service,0,Does Not Provide This Service
24f7144f-d330-4872-aebe-72cd28443cf5,0,Does Not Provide This Service,0,Does Not Provide This Service,0,Does Not Provide This Service
2509f5b9-37e2-4079-a403-32ffe073390e,0,Does Not Provide This Service,0,Does Not Provide This Service,0,Does Not Provide This Service
2516e2e2-2a61-44f8-82b6-c801fba290a9,2,Potentially Available,0,Does Not Provide This Service,0,Does Not Provide This Service
25207cb8-3995-4884-87ba-40022d7dd438,2,Potentially Available,0,Does Not Provide This Service,0,Does Not Provide This Service
252899e8-d82a-45ad-9753-1caa26ab76c7,0,Does Not Provide This Service,0,Does Not Provide This Service,0,Does Not Provide This Service
252d08a1-7011-46a4-bd55-7e45ee27e1ce,2,Potentially Available,0,Does Not Provide This Service,0,Does Not Provide This Service
253e8517-b3b5-494d-bdce-9d36c91af642,2,Potentially Available,0,Does Not Provide This Service,0,Does Not Provide This Service
253f4e22-1962-48c3-a95e-dcc615231aea,0,Does Not Provide This Service,0,Does Not Provide This Service,0,Does Not Provide This Service
255b2d19-fc57-427d-99ed-1bdc91118625,0,Does Not Provide This Service,0,Does Not Provide This Service,0,Does Not Provide This Service
2561a297-9b5b-40d8-ad14-7f81294402d5,0,Does Not Provide This Service,0,Does Not Provide This Service,0,Does Not Provide This Service
2564f904-2d7c-4379-ae04-371a0459f09f,0,Does Not Provide This Service,0,Does Not Provide This Service,0,Does Not Provide This Service
256ed635-6015-49e9-aeab-7fded769a7d4,2,Potentially Available,0,Does Not Provide This Service,0,Does Not Provide This Service
2573eb71-66b6-4f3b-afc8-a364209d818a,2,Potentially Available,0,Does Not Provide This Service,0,Does Not Provide This Service
2574d071-3956-4e84-b2ce-0637709ee5f3,1,Likely Available,1,Likely Available,0,Does Not Provide This Service
25a42adf-9150-4214-ac98-35d1d09f4aba,0,Does Not Provide This Service,0,Does Not Provide This Service,0,Does Not Provide This Service
25aa9fcc-1453-45f5-95f1-ff82a18fc675,2,Potentially Available,0,Does Not Provide This Service,0,Does Not Provide This Service
25af3d16-ce45-40c8-ac0b-52aba025c43e,0,Does Not Provide This Service,0,Does Not Provide This Service,0,Does Not Provide This Service
25ce60b9-9c09-4291-b88f-ce8cf0b539ac,2,Potentially Available,0,Does Not Provide This Service,0,Does Not Provide This Service
25e415dd-3e72-4e6b-9515-8ca08de9aa13,0,Does Not Provide This Service,0,Does Not Provide This Service,0,Does Not Provide This Service
25e6d894-4c8f-45ce-b66a-cb7811554804,1,Likely Available,1,Likely Available,0,Does Not Provide This Service
26050179-5086-44bc-a447-fdc55acdf105,2,Potentially Available,0,Does Not Provide This Service,0,Does Not Provide This Service
260d0092-1e6e-4fc7-9d6e-d65f6351227a,2,Potentially Available,0,Does Not Provide This Service,0,Does Not Provide This Service
260e9401-0eda-4229-8ef0-18f92466afc9,0,Does Not Provide This Service,0,Does Not Provide This Service,0,Does Not Provide This Service
261ddce2-6068-4a9b-8ca4-47bba6030d0a,2,Potentially Available,0,Does Not Provide This Service,0,Does Not Provide This Service
262eed9d-462d-463d-b177-d280477070f2,2,Potentially Available,0,Does Not Provide This Service,0,Does Not Provide This Service
263d63c7-dea5-4a0b-a15d-38bee32e0f39,2,Potentially Available,0,Does Not Provide This Service,0,Does Not Provide This Service
263ef370-890b-4bcf-b092-5ea9e6f37fcc,2,Potentially Available,0,Does Not Provide This Service,0,Does Not Provide This Service
26478ca9-23aa-4fd5-9ed8-af6397b4ad69,2,Potentially Available,0,Does Not Provide This Service,0,Does Not Provide This Service
264891d9-0cba-406d-8c80-8570c49decf9,0,Does Not Provide This Service,0,Does Not Provide This Service,0,Does Not Provide This Service
26739a1d-d02b-4b8a-8e48-cab3149d8025,0,Does Not Provide This Service,0,Does Not Provide This Service,0,Does Not Provide This Service
26742d7d-cf90-443b-af97-4212e54aeffa,2,Potentially Available,0,Does Not Provide This Service,0,Does Not Provide This Service
268f13bd-9652-4b4c-970b-1c9f7cc82abe,2,Potentially Available,0,Does Not Provide This Service,0,Does Not Provide This Service
26c19c9d-9899-4625-aa52-87aca452947e,2,Potentially Available,0,Does Not Provide This Service,0,Does Not Provide This Service
26c39301-23f3-4fed-8b40-b8f5445bf5a3,2,Potentially Available,0,Does Not Provide This Service,0,Does Not Provide This Service
26cdc507-b0e5-4555-b73e-5dc5e987d72f,0,Does Not Provide This Service,0,Does Not Provide This Service,0,Does Not Provide This Service
26d67ab6-53ee-4ffe-a541-bb58927eda1f,2,Potentially Available,0,Does Not Provide This Service,0,Does Not Provide This Service
26d9b940-8c6e-4fa2-b294-ccbefee24752,0,Does Not Provide This Service,0,Does Not Provide This Service,0,Does Not Provide This Service
26ef046e-8fa6-4043-b01c-fade021d4ca6,2,Potentially Available,0,Does Not Provide This Service,0,Does Not Provide This Service
26f0f024-57da-4185-bad9-272ddbbff123,2,Potentially Available,0,Does Not Provide This Service,0,Does Not Provide This Service
26f69e87-fe18-47df-ba5a-f08f4cc32285,2,Potentially Available,0,Does Not Provide This Service,0,Does Not Provide This Service
2702414b-e3f8-473e-a268-dbb33c2529ae,0,Does Not Provide This Service,0,Does Not Provide This Service,0,Does Not Provide This Service
270c3e4c-4a98-4e35-802d-636e23764711,2,Potentially Available,0,Does Not Provide This Service,0,Does Not Provide This Service
27112cd3-df2c-437a-94ce-65588346047d,2,Potentially Available,0,Does Not Provide This Service,0,Does Not Provide This Service
27189e8c-ecd8-4844-8c7c-1ba8c741ae3f,0,Does Not Provide This Service,0,Does Not Provide This Service,3,Constrained by Size
271abf0f-c909-464f-93a7-7ee146aa4316,2,Potentially Available,0,Does Not Provide This Service,0,Does Not Provide This Service
273d25b8-a272-4d03-b274-a528d08c1040,0,Does Not Provide This Service,0,Does Not Provide This Service,0,Does Not Provide This Service
27459927-ec34-417e-ba20-0cfe565a5674,0,Does Not Provide This Service,0,Does Not Provide This Service,0,Does Not Provide This Service
27459d5d-95f1-4c0c-b69c-9d3a49c7b575,0,Does Not Provide This Service,0,Does Not Provide This Service,0,Does Not Provide This Service
27468bdf-0968-4d08-af54-ec4f47502858,0,Does Not Provide This Service,0,Does Not Provide This Service,0,Does Not Provide This Service
2747aaa4-b5b0-4458-b667-6b1d6a78d026,2,Potentially Available,0,Does Not Provide This Service,0,Does Not Provide This Service
2751ade3-2b40-4949-9501-af015db1c79d,2,Potentially Available,0,Does Not Provide This Service,0,Does Not Provide This Service
2760b693-1a72-45a8-8cde-9c1ccba0921e,0,Does Not Provide This Service,0,Does Not Provide This Service,0,Does Not Provide This Service
276104ec-c308-4d55-a23d-cba6386da7e5,2,Potentially Available,0,Does Not Provide This Service,0,Does Not Provide This Service
276df92c-9bd2-4ae4-831b-35b001b5e264,0,Does Not Provide This Service,0,Does Not Provide This Service,0,Does Not Provide This Service
27766f0e-07d4-489c-8034-bc334147acd0,2,Potentially Available,0,Does Not Provide This Service,0,Does Not Provide This Service
278c0ccc-8c22-4554-9427-fa0cb6372e26,2,Potentially Available,0,Does Not Provide This Service,0,Does Not Provide This Service
27936b53-440e-4dc4-ba34-32a6690f164d,2,Potentially Available,0,Does Not Provide This Service,0,Does Not Provide This Service
2796255b-8eca-4ed6-a7bb-7b11ef3506d7,0,Does Not Provide This Service,0,Does Not Provide This Service,0,Does Not Provide This Service
279b0bf8-7e96-4093-a895-8e14743e23ad,0,Does Not Provide This Service,0,Does Not Provide This Service,0,Does Not Provide This Service
27a0cfa7-8019-482e-9ba2-0133984ab2e8,0,Does Not Provide This Service,0,Does Not Provide This Service,0,Does Not Provide This Service
27a20827-1b24-4665-abd6-743967c9d645,2,Potentially Available,0,Does Not Provide This Service,0,Does Not Provide This Service
27b53c31-75c1-4f9a-b9ea-e614ac7f9c0d,2,Potentially Available,0,Does Not Provide This Service,0,Does Not Provide This Service
27b56c7e-b8b5-460a-8233-b1224b2e00af,0,Does Not Provide This Service,0,Does Not Provide This Service,0,Does Not Provide This Service
27cbf2ed-111b-454d-80d0-d9ecbe103544,2,Potentially Available,0,Does Not Provide This Service,0,Does Not Provide This Service
27cdf6a7-aba2-4373-8e73-dc73f3641928,0,Does Not Provide This Service,0,Does Not Provide This Service,0,Does Not Provide This Service
27eb6240-db9f-4057-96d0-a62e91327c2b,2,Potentially Available,0,Does Not Provide This Service,0,Does Not Provide This Service
27f9dea4-cad6-4877-9731-7dbb0996d1e7,0,Does Not Provide This Service,0,Does Not Provide This Service,0,Does Not Provide This Service
281b1321-f63b-4268-9d19-5c36e80e1c67,0,Does Not Provide This Service,0,Does Not Provide This Service,0,Does Not Provide This Service
282fe7ab-c852-4ca3-9fd2-51a56a273e68,2,Potentially Available,0,Does Not Provide This Service,0,Does Not Provide This Service
28551ef4-56d3-40be-9a90-af3dede30c8c,2,Potentially Available,0,Does Not Provide This Service,0,Does Not Provide This Service
285801f3-0efb-4d66-99c7-6cf7d4c27a45,2,Potentially Available,0,Does Not Provide This Service,0,Does Not Provide This Service
285999e7-3ce1-4bbe-bca5-bbbcc79f4bd5,0,Does Not Provide This Service,0,Does Not Provide This Service,0,Does Not Provide This Service
285ed0bf-cc68-4a1f-b12a-3261021f94f8,0,Does Not Provide This Service,0,Does Not Provide This Service,0,Does Not Provide This Service
2860a55a-efe8-4a51-af64-3f78e89a98f8,2,Potentially Available,0,Does Not Provide This Service,0,Does Not Provide This Service
2864f2bc-176f-4802-8759-6dc644eafdbb,2,Potentially Available,0,Does Not Provide This Service,0,Does Not Provide This Service
28714de3-f945-4718-9780-ae1be378d22b,0,Does Not Provide This Service,0,Does Not Provide This Service,0,Does Not Provide This Service
2875d0f8-677f-4d10-b802-6a99d0b9e7ba,2,Potentially Available,0,Does Not Provide This Service,0,Does Not Provide This Service
2881b590-f05f-49da-b94d-3f79d86ea077,2,Potentially Available,0,Does Not Provide This Service,0,Does Not Provide This Service
28829780-7e73-4abc-8067-af9692581c3d,2,Potentially Available,0,Does Not Provide This Service,0,Does Not Provide This Service
2882a0f9-1697-44c2-ab3b-813fa1f4e426,0,Does Not Provide This Service,0,Does Not Provide This Service,0,Does Not Provide This Service
2885eaba-efdb-4e31-b0de-d87a9881e83b,0,Does Not Provide This Service,0,Does Not Provide This Service,0,Does Not Provide This Service
2899d4d1-7202-40be-9897-f9abb6359441,0,Does Not Provide This Service,0,Does Not Provide This Service,0,Does Not Provide This Service
289e80e5-5d23-4fa6-9458-a8b6d67cb734,2,Potentially Available,0,Does Not Provide This Service,0,Does Not Provide This Service
28b70832-6248-4510-b54b-77ac629e9671,2,Potentially Available,0,Does Not Provide This Service,0,Does Not Provide This Service
28bc33e5-bcc8-46f6-99ac-f2fbdda4af01,0,Does Not Provide This Service,0,Does Not Provide This Service,0,Does Not Provide This Service
28f3eb24-a5c7-410d-856f-a5b50248bdfc,2,Potentially Available,0,Does Not Provide This Service,0,Does Not Provide This Service
28f78205-5a8e-48bb-a641-c67ecd8f3a72,2,Potentially Available,0,Does Not Provide This Service,0,Does Not Provide This Service
2930e154-f260-477e-a6b7-6ab222404911,2,Potentially Available,0,Does Not Provide This Service,0,Does Not Provide This Service
29310847-9e73-4a80-a58d-3ffc43bca16b,2,Potentially Available,0,Does Not Provide This Service,0,Does Not Provide This Service
293b8184-316d-40d7-84f7-395fbc13658c,0,Does Not Provide This Service,0,Does Not Provide This Service,0,Does Not Provide This Service
293b8c56-9fb3-45cd-8253-452e1b523590,2,Potentially Available,0,Does Not Provide This Service,0,Does Not Provide This Service
293f656e-81b9-4032-8ac2-e49ea2b32fb2,0,Does Not Provide This Service,0,Does Not Provide This Service,0,Does Not Provide This Service
295acef8-e9cf-495b-8145-81841bc5a7da,0,Does Not Provide This Service,0,Does Not Provide This Service,0,Does Not Provide This Service
295c9f9c-cbe9-4f19-9ea4-fe5c715d7326,2,Potentially Available,0,Does Not Provide This Service,0,Does Not Provide This Service
297ee8a8-af1d-4d15-8c9e-8637496afe59,0,Does Not Provide This Service,4,Constrained by Market,0,Does Not Provide This Service
2981be3a-24bd-4126-9c4f-7e17648e3c99,0,Does Not Provide This Service,0,Does Not Provide This Service,0,Does Not Provide This Service
2981cc13-7031-44fb-83b2-bcc241b1d04a,0,Does Not Provide This Service,0,Does Not Provide This Service,0,Does Not Provide This Service
298b306f-51bd-4d66-8f7d-56cce30f0d8c,0,Does Not Provide This Service,0,Does Not Provide This Service,0,Does Not Provide This Service
298cb929-f85f-40c7-9fa2-80eb5d5f4a1f,2,Potentially Available,0,Does Not Provide This Service,0,Does Not Provide This Service
29a2deda-a391-41fe-b268-2f32200adb27,0,Does Not Provide This Service,0,Does Not Provide This Service,0,Does Not Provide This Service
29a33e82-d6f6-45e7-9c2b-b4e9c7df1198,0,Does Not Provide This Service,0,Does Not Provide This Service,0,Does Not Provide This Service
29a744b8-efb9-4eb5-8a57-faafa6ee5c6c,2,Potentially Available,0,Does Not Provide This Service,0,Does Not Provide This Service
29b9d79e-3f82-4e2c-814d-813457ff4bf1,0,Does Not Provide This Service,0,Does Not Provide This Service,0,Does Not Provide This Service
29bb6977-a906-47bf-93b6-230dab0bad7d,2,Potentially Available,0,Does Not Provide This Service,0,Does Not Provide This Service
29d34bee-59ca-45d5-b641-26098eb4d937,0,Does Not Provide This Service,0,Does Not Provide This Service,0,Does Not Provide This Service
29d85168-2d8b-4b64-923e-7614c3df90a5,2,Potentially Available,0,Does Not Provide This Service,0,Does Not Provide This Service
29e38c77-89a1-44e7-ba13-a91b502f8a43,0,Does Not Provide This Service,0,Does Not Provide This Service,0,Does Not Provide This Service
29ffea8b-ba62-435f-89de-cacbf22cb448,0,Does Not Provide This Service,0,Does Not Provide This Service,0,Does Not Provide This Service
2a04170b-f298-4a22-a0e8-983400a82d1b,0,Does Not Provide This Service,0,Does Not Provide This Service,0,Does Not Provide This Service
2a0a9b8d-351a-4b15-97da-e306a2aa586d,0,Does Not Provide This Service,0,Does Not Provide This Service,0,Does Not Provide This Service
2a2530d3-a65e-46ee-acdf-8cdf6cb4574b,0,Does Not Provide This Service,0,Does Not Provide This Service,0,Does Not Provide This Service
2a2b6f05-c3b4-4bc6-8066-35f9afff179f,2,Potentially Available,0,Does Not Provide This Service,0,Does Not Provide This Service
2a355a23-5425-4445-8f73-65873bf4bb40,0,Does Not Provide This Service,0,Does Not Provide This Service,0,Does Not Provide This Service
2a364879-1f7e-4082-ac7b-307a6b999b36,2,Potentially Available,0,Does Not Provide This Service,0,Does Not Provide This Service
2a38ebcf-982c-45a1-aa20-83f8112d31b0,0,Does Not Provide This Service,0,Does Not Provide This Service,0,Does Not Provide This Service
2a3f584e-85d6-460a-be79-a6cce70536c2,0,Does Not Provide This Service,0,Does Not Provide This Service,0,Does Not Provide This Service
2a4a5894-0951-4415-8090-2a1681f1b5f4,2,Potentially Available,0,Does Not Provide This Service,0,Does Not Provide This Service
2a51410c-f1a7-458e-9ab8-33e66b2549ec,2,Potentially Available,0,Does Not Provide This Service,0,Does Not Provide This Service
2a5fe2bc-8990-4cc5-b0de-711b210d0a33,0,Does Not Provide This Service,0,Does Not Provide This Service,0,Does Not Provide This Service
2a681910-53c7-4fe1-83f9-322a3c0b1f42,2,Potentially Available,5,Highly Constrained,0,Does Not Provide This Service
2a765824-107c-4078-896c-b5a4d454ce78,2,Potentially Available,0,Does Not Provide This Service,0,Does Not Provide This Service
2a7cb80e-d65c-4f76-ae9c-9866c8601c35,1,Likely Available,1,Likely Available,0,Does Not Provide This Service
2a80aa18-f824-423b-9108-344e086cc1ee,2,Potentially Available,0,Does Not Provide This Service,0,Does Not Provide This Service
2a8c5742-d18e-4fd0-aa03-529cdf42e399,0,Does Not Provide This Service,0,Does Not Provide This Service,0,Does Not Provide This Service
2a97a59c-a91d-4384-99bb-28a48283f7e3,0,Does Not Provide This Service,0,Does Not Provide This Service,0,Does Not Provide This Service
2abd50a4-b006-496b-9abb-7934ab58ba7a,0,Does Not Provide This Service,0,Does Not Provide This Service,0,Does Not Provide This Service
2acf14f7-6640-4b82-a2dd-515b522d2635,2,Potentially Available,0,Does Not Provide This Service,0,Does Not Provide This Service
2ad1d43e-95f5-4918-84b3-915c18c37051,2,Potentially Available,0,Does Not Provide This Service,0,Does Not Provide This Service
2ad47473-09dc-4f1d-adf6-faea978367a8,2,Potentially Available,0,Does Not Provide This Service,0,Does Not Provide This Service
2ad9b104-ed57-4783-a506-27ee93ea156a,0,Does Not Provide This Service,0,Does Not Provide This Service,0,Does Not Provide This Service
2adaafcf-bbc9-4f91-8a8f-59e95a91450d,0,Does Not Provide This Service,0,Does Not Provide This Service,0,Does Not Provide This Service
2ade277b-5b68-4421-bef8-6fd9574d572c,2,Potentially Available,0,Does Not Provide This Service,0,Does Not Provide This Service
2b0036a4-b286-4d92-9de1-51b31157b91f,2,Potentially Available,0,Does Not Provide This Service,0,Does Not Provide This Service
2b09fee3-02ab-412f-aaac-610f14e015b4,2,Potentially Available,0,Does Not Provide This Service,0,Does Not Provide This Service
2b1042fb-5c4b-4ff2-8b8f-316ed031dfdb,0,Does Not Provide This Service,0,Does Not Provide This Service,0,Does Not Provide This Service
2b1130ce-7b6d-4e2a-8eb1-f19b75fcb8ad,2,Potentially Available,0,Does Not Provide This Service,0,Does Not Provide This Service
2b14b060-a711-4eff-8a9f-b09600742a83,2,Potentially Available,0,Does Not Provide This Service,0,Does Not Provide This Service
2b22beef-061d-4e56-90da-fe30b1837a6e,0,Does Not Provide This Service,0,Does Not Provide This Service,0,Does Not Provide This Service
2b36bfc7-4925-4656-9db1-39ca7be89c08,2,Potentially Available,0,Does Not Provide This Service,0,Does Not Provide This Service
2b3edbe0-682b-45ae-b07a-fe9b845c7c0c,2,Potentially Available,0,Does Not Provide This Service,0,Does Not Provide This Service
2b43deb1-c7ed-4097-b094-81d7a7fbddf3,2,Potentially Available,0,Does Not Provide This Service,0,Does Not Provide This Service
2b48d91d-e4e7-4d3e-b6ea-964dc4ab9ae4,1,Likely Available,0,Does Not Provide This Service,0,Does Not Provide This Service
2b5e6e05-2a9e-4813-8fe1-0419fdef403e,0,Does Not Provide This Service,0,Does Not Provide This Service,0,Does Not Provide This Service
2b62c93a-b040-4297-855c-1ada0a85879e,2,Potentially Available,0,Does Not Provide This Service,0,Does Not Provide This Service
2b6848b5-7210-44ce-ab8c-c72de32fc797,2,Potentially Available,0,Does Not Provide This Service,0,Does Not Provide This Service
2b6e1719-e79c-4b8c-81eb-6bae1925748c,2,Potentially Available,0,Does Not Provide This Service,0,Does Not Provide This Service
2b898fe3-892c-422e-a764-d1b0067d52d4,0,Does Not Provide This Service,0,Does Not Provide This Service,0,Does Not Provide This Service
2b8ae905-fb31-4546-9f9d-e3b6d48a4db3,0,Does Not Provide This Service,0,Does Not Provide This Service,0,Does Not Provide This Service
2b95ca1b-80cb-4ed1-86ca-b9b0dd18ad88,0,Does Not Provide This Service,0,Does Not Provide This Service,0,Does Not Provide This Service
2b971361-e4a7-4f5d-a543-eec3f5e258eb,2,Potentially Available,0,Does Not Provide This Service,0,Does Not Provide This Service
2b9f2ba8-f9ed-46ad-ace5-0020c29fa2f0,0,Does Not Provide This Service,0,Does Not Provide This Service,0,Does Not Provide This Service
2bafe8c1-9187-4af5-80fa-028fb3768649,2,Potentially Available,0,Does Not Provide This Service,0,Does Not Provide This Service
2bb06d8b-731f-4d9a-9135-dc6676f4610b,0,Does Not Provide This Service,0,Does Not Provide This Service,0,Does Not Provide This Service
2bb65750-b6df-465f-a62e-a8bdbc43d2dd,0,Does Not Provide This Service,0,Does Not Provide This Service,0,Does Not Provide This Service
2bd20106-8e6e-4423-932b-844ed3f20bf6,2,Potentially Available,0,Does Not Provide This Service,0,Does Not Provide This Service
2bdc372d-a6a0-4e90-82ca-7da7639bdab7,2,Potentially Available,0,Does Not Provide This Service,0,Does Not Provide This Service
2be5e714-aaed-405a-a101-65fa9a49a29a,0,Does Not Provide This Service,0,Does Not Provide This Service,0,Does Not Provide This Service
2beabff6-3b2d-4001-b83e-ba3df8f1aa00,2,Potentially Available,0,Does Not Provide This Service,0,Does Not Provide This Service
2bf0720d-9122-4572-a753-91bf33a2a463,2,Potentially Available,0,Does Not Provide This Service,0,Does Not Provide This Service
2c176cde-5d46-4382-a5c2-be6049922b16,0,Does Not Provide This Service,0,Does Not Provide This Service,0,Does Not Provide This Service
2c273762-e440-4035-8f8a-dff7ab683504,2,Potentially Available,0,Does Not Provide This Service,0,Does Not Provide This Service
2c36e40c-7427-4c08-bbac-8e5f51e2d104,2,Potentially Available,0,Does Not Provide This Service,0,Does Not Provide This Service
2c4e4c8c-41a2-44fa-a287-7d1cb261f901,2,Potentially Available,0,Does Not Provide This Service,0,Does Not Provide This Service
2c5cdf03-9ea9-41c6-add7-e8033c9504e2,2,Potentially Available,0,Does Not Provide This Service,0,Does Not Provide This Service
2c5fb591-1cc2-4603-808c-cc5c257202a5,2,Potentially Available,0,Does Not Provide This Service,0,Does Not Provide This Service
2c60ede8-93a1-48b0-8d3a-034145e3dd5c,2,Potentially Available,0,Does Not Provide This Service,0,Does Not Provide This Service
2c61585d-cbfd-4cd6-bf68-81d17e2e816f,0,Does Not Provide This Service,0,Does Not Provide This Service,0,Does Not Provide This Service
2c633d96-a945-46cd-a1bf-4187ab06170f,0,Does Not Provide This Service,0,Does Not Provide This Service,0,Does Not Provide This Service
2c75884b-37b6-41b1-957d-d98993c8249d,2,Potentially Available,0,Does Not Provide This Service,0,Does Not Provide This Service
2c7a0a2f-52d8-4041-8bbc-abd9b1573341,0,Does Not Provide This Service,0,Does Not Provide This Service,0,Does Not Provide This Service
2c9a4f5b-ca00-420c-a9d5-19d6546bf535,0,Does Not Provide This Service,0,Does Not Provide This Service,0,Does Not Provide This Service
2c9d4eaf-d608-418e-b6e4-b31180b19010,2,Potentially Available,0,Does Not Provide This Service,0,Does Not Provide This Service
2ca1e6d5-1b2b-4bcd-9a10-fc75166608fb,2,Potentially Available,0,Does Not Provide This Service,0,Does Not Provide This Service
2cc857ec-ec50-40a3-90ef-ae0881f408d0,2,Potentially Available,0,Does Not Provide This Service,0,Does Not Provide This Service
2ccfba3d-c8a6-43a5-a4dd-43ea4a8cf0ad,0,Does Not Provide This Service,0,Does Not Provide This Service,0,Does Not Provide This Service
2cd2511d-fc7b-4727-83d5-9a66c7c8c78f,0,Does Not Provide This Service,0,Does Not Provide This Service,0,Does Not Provide This Service
2ce61f40-596f-4c45-bd8d-7fc32ec87611,2,Potentially Available,0,Does Not Provide This Service,0,Does Not Provide This Service
2ce8032c-acf0-458e-816b-4a0d8db44d42,2,Potentially Available,0,Does Not Provide This Service,0,Does Not Provide This Service
2cf93f23-f4ae-4521-96c6-6692143a899f,2,Potentially Available,0,Does Not Provide This Service,0,Does Not Provide This Service
2d0b1ef1-5cb2-44fb-858f-45fef0b82e13,1,Likely Available,1,Likely Available,0,Does Not Provide This Service
2d1a3e5b-34c9-40c0-894a-d1451e5baeb7,0,Does Not Provide This Service,0,Does Not Provide This Service,0,Does Not Provide This Service
2d2acbe6-6a0b-4ea3-a7f4-3045ce7015fc,0,Does Not Provide This Service,0,Does Not Provide This Service,0,Does Not Provide This Service
2d320539-aab4-41d2-b19c-fde14346b548,0,Does Not Provide This Service,0,Does Not Provide This Service,0,Does Not Provide This Service
2d3e1490-f97c-440e-ae5f-41e2948d5e1b,0,Does Not Provide This Service,0,Does Not Provide This Service,0,Does Not Provide This Service
2d59cde2-d39f-4cdb-aafe-f06e99a8b340,2,Potentially Available,0,Does Not Provide This Service,0,Does Not Provide This Service
2d5a1e7b-3512-4d66-aeab-c9f8e37f6330,0,Does Not Provide This Service,0,Does Not Provide This Service,0,Does Not Provide This Service
2d5af361-1635-43f1-9272-dc1e56d72529,0,Does Not Provide This Service,0,Does Not Provide This Service,0,Does Not Provide This Service
2d5b140d-8465-43ef-8b7d-e00e6cc69e3a,2,Potentially Available,0,Does Not Provide This Service,0,Does Not Provide This Service
2d5b9690-d375-42e8-8e8f-86257b7973ef,2,Potentially Available,0,Does Not Provide This Service,0,Does Not Provide This Service
2d5d0a6a-4571-4d0b-b2c4-3ba3172bda15,0,Does Not Provide This Service,0,Does Not Provide This Service,0,Does Not Provide This Service
2d600325-d774-45ed-bb20-0cf1284bfb3c,2,Potentially Available,0,Does Not Provide This Service,0,Does Not Provide This Service
2d615688-125b-4773-88ed-6a25e8e010ac,0,Does Not Provide This Service,0,Does Not Provide This Service,0,Does Not Provide This Service
2d6ffcd5-fe7e-459e-a326-5953ca70c5e5,2,Potentially Available,0,Does Not Provide This Service,0,Does Not Provide This Service
2d7951dd-8c87-4dc1-bd42-37d110f6a798,0,Does Not Provide This Service,0,Does Not Provide This Service,0,Does Not Provide This Service
2d90a37a-56c6-4c79-bc32-0e45667baf67,0,Does Not Provide This Service,0,Does Not Provide This Service,2,Potentially Available
2d92aed0-7f9e-4d79-b983-4eaf7e8d8df2,0,Does Not Provide This Service,0,Does Not Provide This Service,0,Does Not Provide This Service
2da08329-dc97-4cd6-b8f9-2c09e7950cf4,2,Potentially Available,0,Does Not Provide This Service,0,Does Not Provide This Service
2dbbef43-be7b-4b89-a817-020bef956d55,2,Potentially Available,0,Does Not Provide This Service,0,Does Not Provide This Service
2dd6e301-e1bb-4ecf-b8fa-e3b831007dd5,0,Does Not Provide This Service,0,Does Not Provide This Service,0,Does Not Provide This Service
2de068f0-8a61-4186-b121-b9690feab6b9,2,Potentially Available,0,Does Not Provide This Service,0,Does Not Provide This Service
2deea491-25f3-40fe-94bc-9faa7d5b2ea6,2,Potentially Available,0,Does Not Provide This Service,0,Does Not Provide This Service
2df985b5-2323-4024-aee0-d248a2dc0c1c,2,Potentially Available,0,Does Not Provide This Service,0,Does Not Provide This Service
2dff4f6d-66e5-443a-abdc-06ec2dcf7a76,0,Does Not Provide This Service,0,Does Not Provide This Service,0,Does Not Provide This Service
2e0c0393-1f60-41a5-9f5a-131cfd2765f8,0,Does Not Provide This Service,0,Does Not Provide This Service,0,Does Not Provide This Service
2e13935a-f879-4b23-8a15-cf82b0605a08,0,Does Not Provide This Service,0,Does Not Provide This Service,0,Does Not Provide This Service
2e15198c-b6e5-4a6d-a7b3-e99cbb089926,0,Does Not Provide This Service,0,Does Not Provide This Service,0,Does Not Provide This Service
2e1b2cfd-7f32-447e-b61b-8e2bc5e302b2,0,Does Not Provide This Service,0,Does Not Provide This Service,3,Constrained by Size
2e1c0b74-0e08-40b7-8795-36ed512a1ef0,0,Does Not Provide This Service,0,Does Not Provide This Service,0,Does Not Provide This Service
2e366d5d-0cf7-436e-95e9-76318cadf60e,2,Potentially Available,0,Does Not Provide This Service,0,Does Not Provide This Service
2e424338-8d85-406c-acf6-035f88f85d99,0,Does Not Provide This Service,0,Does Not Provide This Service,0,Does Not Provide This Service
2e43ebbc-febd-4c75-bac1-12e8e4379e80,2,Potentially Available,0,Does Not Provide This Service,0,Does Not Provide This Service
2e47ce67-650f-4781-af6b-d35f24715bf0,2,Potentially Available,0,Does Not Provide This Service,0,Does Not Provide This Service
2e4af2c3-6dce-4fc5-8da6-e08d9e57f6c3,2,Potentially Available,0,Does Not Provide This Service,0,Does Not Provide This Service
2e84b5b8-d062-4e9e-9e78-81028897e5f8,2,Potentially Available,0,Does Not Provide This Service,0,Does Not Provide This Service
2e93303c-3a25-4583-a2ad-34c13bbdeecb,2,Potentially Available,0,Does Not Provide This Service,0,Does Not Provide This Service
2e9548cd-f31d-42c9-8361-d8acbae8ee9f,2,Potentially Available,0,Does Not Provide This Service,0,Does Not Provide This Service
2ea50c74-7089-4acf-ae66-b8d5a2863ca8,0,Does Not Provide This Service,0,Does Not Provide This Service,0,Does Not Provide This Service
2eac0ea0-c33e-4982-a201-45421c443f4b,0,Does Not Provide This Service,0,Does Not Provide This Service,0,Does Not Provide This Service
2ec32930-c502-4099-87f1-1b4cd0df4521,2,Potentially Available,0,Does Not Provide This Service,0,Does Not Provide This Service
2ed21fc6-f8fd-430f-a5f1-32311e6c6dbb,0,Does Not Provide This Service,0,Does Not Provide This Service,0,Does Not Provide This Service
2ee46d56-57aa-45bc-b26b-d1f9b6aa41e5,0,Does Not Provide This Service,0,Does Not Provide This Service,0,Does Not Provide This Service
2efdc05a-8c80-4e1d-b377-f0520d1b1455,0,Does Not Provide This Service,0,Does Not Provide This Service,0,Does Not Provide This Service
2f4171d4-2c68-4812-b4a1-e54777489724,0,Does Not Provide This Service,0,Does Not Provide This Service,0,Does Not Provide This Service
2f65c106-8c79-4c32-913e-d97ae17532ba,2,Potentially Available,1,Likely Available,0,Does Not Provide This Service
2f6662e4-0c66-4d85-8af9-b3832f16a512,2,Potentially Available,0,Does Not Provide This Service,0,Does Not Provide This Service
2f8a7285-8708-4d12-81e1-57a30bebf354,2,Potentially Available,0,Does Not Provide This Service,0,Does Not Provide This Service
2f940d12-52d8-4211-8d48-945fba230239,2,Potentially Available,0,Does Not Provide This Service,0,Does Not Provide This Service
2fa2e61d-c9c2-4763-964a-1a6109197b09,0,Does Not Provide This Service,0,Does Not Provide This Service,0,Does Not Provide This Service
2fbfdc02-080b-4d9c-9133-0f4d45664f80,0,Does Not Provide This Service,0,Does Not Provide This Service,0,Does Not Provide This Service
2fd079ca-7f12-41c8-b877-d5c3cbb2354b,2,Potentially Available,0,Does Not Provide This Service,0,Does Not Provide This Service
2feef231-c48a-410e-90c8-f0cba9dc12c1,2,Potentially Available,0,Does Not Provide This Service,0,Does Not Provide This Service
3008ca47-ff55-41be-a633-53ad3a9c734b,2,Potentially Available,0,Does Not Provide This Service,0,Does Not Provide This Service
300d38a5-bb0f-4ebf-8ef6-4d8ee5af95cf,1,Likely Available,1,Likely Available,0,Does Not Provide This Service
3017488d-2740-4d1f-97b0-fbeec6844368,2,Potentially Available,0,Does Not Provide This Service,0,Does Not Provide This Service
3024bd0d-52a1-4266-bbd6-a0f60160cad0,2,Potentially Available,0,Does Not Provide This Service,0,Does Not Provide This Service
30287e69-e618-46c9-9018-a3783deb2a8a,0,Does Not Provide This Service,0,Does Not Provide This Service,0,Does Not Provide This Service
302b501c-fc62-4ef8-b896-e79379ee7ea1,0,Does Not Provide This Service,0,Does Not Provide This Service,0,Does Not Provide This Service
304f3f4e-8e64-4ff4-81cf-d7bf2280d39e,0,Does Not Provide This Service,0,Does Not Provide This Service,0,Does Not Provide This Service
3077852c-d064-47ed-9322-f3fb947debfd,2,Potentially Available,0,Does Not Provide This Service,0,Does Not Provide This Service
307c93ff-bb10-4e25-8523-1526a892cb6d,0,Does Not Provide This Service,0,Does Not Provide This Service,0,Does Not Provide This Service
307f8ce6-fec0-4247-b2c7-4e6f100a9ef6,2,Potentially Available,0,Does Not Provide This Service,0,Does Not Provide This Service
308b7f82-4177-49dd-b07e-51bbaae1eb8d,0,Does Not Provide This Service,0,Does Not Provide This Service,0,Does Not Provide This Service
309260af-71a4-4b5a-91fd-7b8acf85ac53,2,Potentially Available,0,Does Not Provide This Service,0,Does Not Provide This Service
30a3a67f-4ed9-45b3-83e3-c1ba8a551df2,2,Potentially Available,0,Does Not Provide This Service,0,Does Not Provide This Service
30a3cc43-96e2-4e33-b7d4-a733b614249a,0,Does Not Provide This Service,4,Constrained by Market,0,Does Not Provide This Service
30aef67e-1f5d-459d-8831-b2d54b1db67d,2,Potentially Available,0,Does Not Provide This Service,0,Does Not Provide This Service
30c82992-ed41-4394-be3e-49d823e57460,0,Does Not Provide This Service,0,Does Not Provide This Service,0,Does Not Provide This Service
30d329c6-40c8-45e0-a77b-c544fe06324e,2,Potentially Available,0,Does Not Provide This Service,0,Does Not Provide This Service
30d6c399-9758-4d6b-8b49-5592a6708131,0,Does Not Provide This Service,0,Does Not Provide This Service,0,Does Not Provide This Service
30d9a4b9-5ae0-44fa-91ea-aba6db5c4b36,0,Does Not Provide This Service,0,Does Not Provide This Service,0,Does Not Provide This Service
30e0baa6-1819-4cd4-be94-53b113cd71a1,0,Does Not Provide This Service,0,Does Not Provide This Service,0,Does Not Provide This Service
30ebe24b-9c9a-47d0-9649-76d17803a2df,2,Potentially Available,0,Does Not Provide This Service,0,Does Not Provide This Service
310a49f2-630d-49a4-a7cd-6106438e4b61,0,Does Not Provide This Service,0,Does Not Provide This Service,0,Does Not Provide This Service
311012ce-648c-423f-a297-e03ee3da9d65,0,Does Not Provide This Service,0,Does Not Provide This Service,0,Does Not Provide This Service
3117c8e2-5d24-48d7-9301-11939488b487,0,Does Not Provide This Service,0,Does Not Provide This Service,0,Does Not Provide This Service
311bfbee-51ef-4d66-ac50-8089e38fb445,0,Does Not Provide This Service,0,Does Not Provide This Service,0,Does Not Provide This Service
311cd73a-ac6b-4b8e-950a-224b31e579e4,0,Does Not Provide This Service,0,Does Not Provide This Service,0,Does Not Provide This Service
311f5fc5-30de-4d8f-a3f3-3e73b79a7d85,2,Potentially Available,0,Does Not Provide This Service,0,Does Not Provide This Service
314dc01e-d696-4e24-ab3e-da1a5d1443cf,0,Does Not Provide This Service,0,Does Not Provide This Service,0,Does Not Provide This Service
318551f1-5876-4655-94f7-42baf2e2a37b,2,Potentially Available,0,Does Not Provide This Service,0,Does Not Provide This Service
318b609b-a58c-4152-9e4d-71d9d9d8c672,0,Does Not Provide This Service,0,Does Not Provide This Service,0,Does Not Provide This Service
318ce972-2647-42ff-b39b-d4bb861675ce,2,Potentially Available,0,Does Not Provide This Service,0,Does Not Provide This Service
31916c35-deb4-488a-abea-e4c0a12777ef,2,Potentially Available,0,Does Not Provide This Service,0,Does Not Provide This Service
31a6ef1a-62e3-4492-9f56-a4302c13fc46,2,Potentially Available,0,Does Not Provide This Service,0,Does Not Provide This Service
31ed1250-deaf-4faa-93af-33d278ba2333,2,Potentially Available,0,Does Not Provide This Service,0,Does Not Provide This Service
31f23ef6-29c9-4a55-b7f6-e2e50075e755,2,Potentially Available,0,Does Not Provide This Service,0,Does Not Provide This Service
32320b73-8bba-4239-993d-467c46c015a1,2,Potentially Available,0,Does Not Provide This Service,0,Does Not Provide This Service
323e5ca0-24c4-4fd4-bf54-24863f369900,0,Does Not Provide This Service,0,Does Not Provide This Service,0,Does Not Provide This Service
3253a738-3b55-4bde-947d-b4ae4d97f967,2,Potentially Available,0,Does Not Provide This Service,0,Does Not Provide This Service
3263853a-c50d-4477-b3bb-5978db859226,0,Does Not Provide This Service,0,Does Not Provide This Service,0,Does Not Provide This Service
3268acb6-64e2-4a3e-8e20-9ad3dc5eb6bd,2,Potentially Available,0,Does Not Provide This Service,0,Does Not Provide This Service
3274103f-e470-49dd-9add-187d8cc64aa5,2,Potentially Available,0,Does Not Provide This Service,0,Does Not Provide This Service
3286cd7f-a24c-4007-8572-b51c566c7656,2,Potentially Available,0,Does Not Provide This Service,0,Does Not Provide This Service
32910526-1347-424d-9517-8e38c10b8a5a,0,Does Not Provide This Service,0,Does Not Provide This Service,0,Does Not Provide This Service
329569eb-1992-4a61-83eb-e8c58c1f6424,0,Does Not Provide This Service,0,Does Not Provide This Service,0,Does Not Provide This Service
32ad60e6-a12e-4f53-bd4c-54991f02b609,2,Potentially Available,0,Does Not Provide This Service,0,Does Not Provide This Service
32c164c5-af23-436e-9935-78d6791a8cda,0,Does Not Provide This Service,0,Does Not Provide This Service,0,Does Not Provide This Service
32cdfc72-c040-48c8-a6d9-cc8ef05d3417,0,Does Not Provide This Service,0,Does Not Provide This Service,0,Does Not Provide This Service
32d3716d-c3ba-4f4b-8c46-82fe3d371023,2,Potentially Available,0,Does Not Provide This Service,0,Does Not Provide This Service
32d9837b-013d-49a5-9689-66638239e5f9,2,Potentially Available,0,Does Not Provide This Service,0,Does Not Provide This Service
32dbe759-2116-4770-a64d-370c6ef71b06,0,Does Not Provide This Service,0,Does Not Provide This Service,0,Does Not Provide This Service
32e00571-032e-4a91-afb5-156c57eb3eef,2,Potentially Available,0,Does Not Provide This Service,0,Does Not Provide This Service
32e0abe7-7769-492f-92ba-c4fe6c4af6a0,0,Does Not Provide This Service,0,Does Not Provide This Service,0,Does Not Provide This Service
32e9c1f7-0488-4107-b124-22971ebd137d,0,Does Not Provide This Service,0,Does Not Provide This Service,0,Does Not Provide This Service
32f4a7c1-a137-4dbd-88ec-5154dd6ac74e,2,Potentially Available,0,Does Not Provide This Service,0,Does Not Provide This Service
32ff2461-1426-489c-9162-39e06d388d61,2,Potentially Available,0,Does Not Provide This Service,0,Does Not Provide This Service
331e3dc0-5b35-4f00-bad9-9f6c24fd1dca,2,Potentially Available,0,Does Not Provide This Service,0,Does Not Provide This Service
33254d5d-8ce0-4ae6-95ea-7d9fac982ee3,2,Potentially Available,0,Does Not Provide This Service,0,Does Not Provide This Service
3340f560-eb0d-453e-8bea-0a85c27650c6,0,Does Not Provide This Service,0,Does Not Provide This Service,3,Constrained by Size
33508c5a-b832-41b3-af2e-14ba3651c191,2,Potentially Available,0,Does Not Provide This Service,0,Does Not Provide This Service
335ce087-94e3-4a3e-890d-a10afab57866,0,Does Not Provide This Service,0,Does Not Provide This Service,0,Does Not Provide This Service
33703208-a63e-4d07-aa3e-67999a239288,2,Potentially Available,0,Does Not Provide This Service,0,Does Not Provide This Service
33970eab-2fa5-4724-b55f-414737de528c,2,Potentially Available,0,Does Not Provide This Service,0,Does Not Provide This Service
339a0586-ed6a-4876-b888-5645cf034f04,2,Potentially Available,0,Does Not Provide This Service,0,Does Not Provide This Service
33b57324-4c03-4a61-9e41-0284ecb60d40,2,Potentially Available,0,Does Not Provide This Service,0,Does Not Provide This Service
33c69525-6de4-4eb2-ab4e-26c2de44ef15,2,Potentially Available,0,Does Not Provide This Service,0,Does Not Provide This Service
33d1735a-e95f-4e27-a2e7-af2f47587979,2,Potentially Available,0,Does Not Provide This Service,0,Does Not Provide This Service
33e1dc81-80c6-48bc-9f62-58e086c8b560,0,Does Not Provide This Service,0,Does Not Provide This Service,0,Does Not Provide This Service
33f64875-5417-4da4-9743-6f77cfbf2b6b,2,Potentially Available,0,Does Not Provide This Service,0,Does Not Provide This Service
33f8a96f-4364-490f-aba2-51095c9bbfed,0,Does Not Provide This Service,0,Does Not Provide This Service,0,Does Not Provide This Service
340438f5-1bbf-480f-af64-097bebbafc33,2,Potentially Available,0,Does Not Provide This Service,0,Does Not Provide This Service
34086298-a5ce-4ccd-94b9-3c3d8b510137,0,Does Not Provide This Service,0,Does Not Provide This Service,0,Does Not Provide This Service
3414c21c-a1b8-4160-b0ff-eae8573c4d64,0,Does Not Provide This Service,0,Does Not Provide This Service,0,Does Not Provide This Service
34187c7d-833e-4d03-b03e-7f265fe09241,2,Potentially Available,0,Does Not Provide This Service,0,Does Not Provide This Service
343b4c02-55c5-4c25-80d7-fe3ca499f74a,0,Does Not Provide This Service,0,Does Not Provide This Service,0,Does Not Provide This Service
345f630f-dfec-4db2-9049-0904912db81e,2,Potentially Available,0,Does Not Provide This Service,0,Does Not Provide This Service
3460d1ca-5fda-450e-9c98-cced22b3de7e,0,Does Not Provide This Service,0,Does Not Provide This Service,0,Does Not Provide This Service
34628631-bbd1-4386-b70b-afc08b740192,2,Potentially Available,0,Does Not Provide This Service,0,Does Not Provide This Service
34766493-9279-4bd7-8f17-143eefe2f942,0,Does Not Provide This Service,0,Does Not Provide This Service,0,Does Not Provide This Service
347e5bee-5706-4e1b-8e23-63f8e2348e6b,2,Potentially Available,0,Does Not Provide This Service,0,Does Not Provide This Service
34814da2-4f1d-47e3-aeb9-d1d6cd2e4fa5,2,Potentially Available,0,Does Not Provide This Service,0,Does Not Provide This Service
3486a9db-373a-4d55-983f-d22953291a19,0,Does Not Provide This Service,0,Does Not Provide This Service,1,Likely Available
348b3f48-c748-48d2-bfc8-dbedc10d1ee6,2,Potentially Available,0,Does Not Provide This Service,0,Does Not Provide This Service
3490129c-6ee5-455c-90dc-748245b79df9,2,Potentially Available,0,Does Not Provide This Service,0,Does Not Provide This Service
349b1aaa-8cf3-479c-875b-65bbbb04299f,0,Does Not Provide This Service,0,Does Not Provide This Service,0,Does Not Provide This Service
349e0c60-3e27-4f75-aea1-727701829b21,0,Does Not Provide This Service,1,Likely Available,0,Does Not Provide This Service
34a08e5a-829f-4e7b-bb5a-2df98ed2af35,2,Potentially Available,0,Does Not Provide This Service,0,Does Not Provide This Service
34a6bab1-f3fc-44e4-bc69-36bee6ddd057,0,Does Not Provide This Service,0,Does Not Provide This Service,0,Does Not Provide This Service
34a6d795-fa78-498b-818b-9d45294a9b39,0,Does Not Provide This Service,0,Does Not Provide This Service,0,Does Not Provide This Service
34aa36b4-aa68-4539-80f6-8c425260b863,2,Potentially Available,0,Does Not Provide This Service,0,Does Not Provide This Service
34ace557-5b56-4ceb-a717-87c39e3af13d,0,Does Not Provide This Service,0,Does Not Provide This Service,0,Does Not Provide This Service
34d3c113-fd35-4c31-b13e-69b053f58cf0,0,Does Not Provide This Service,0,Does Not Provide This Service,0,Does Not Provide This Service
34d4099b-d901-484b-86e5-346be569e50d,2,Potentially Available,0,Does Not Provide This Service,0,Does Not Provide This Service
34da4c70-8b58-4096-8f30-a7d9222e48d4,2,Potentially Available,0,Does Not Provide This Service,0,Does Not Provide This Service
34dc5243-6fdd-4841-b870-d54fc01dc2c2,2,Potentially Available,0,Does Not Provide This Service,0,Does Not Provide This Service
34e2ba8b-24f5-487f-92e1-a0b4a6634c94,0,Does Not Provide This Service,0,Does Not Provide This Service,0,Does Not Provide This Service
34e84671-9ac2-4c95-a7e7-b788cbe3fe04,0,Does Not Provide This Service,0,Does Not Provide This Service,0,Does Not Provide This Service
34f0cb4e-aaeb-4e54-9d2a-3c43288aeae5,2,Potentially Available,0,Does Not Provide This Service,0,Does Not Provide This Service
34f1b5ee-811e-47f0-9e7e-300c2b3bfa5c,0,Does Not Provide This Service,0,Does Not Provide This Service,0,Does Not Provide This Service
34f93000-c64a-43e2-8a5d-780ffef8ad47,1,Likely Available,1,Likely Available,0,Does Not Provide This Service
350c3061-5914-4d9f-bf05-593fa1ab2cb8,2,Potentially Available,0,Does Not Provide This Service,0,Does Not Provide This Service
350dab7a-7b48-4d01-8564-00d6a7e79035,1,Likely Available,4,Constrained by Market,0,Does Not Provide This Service
350e8064-87d9-4955-a922-52dcf69515e9,2,Potentially Available,0,Does Not Provide This Service,0,Does Not Provide This Service
3534e494-4068-414f-a207-766dc4c0f100,0,Does Not Provide This Service,0,Does Not Provide This Service,0,Does Not Provide This Service
35433c3c-a116-4f55-a4dc-6cbc85c0e67b,0,Does Not Provide This Service,0,Does Not Provide This Service,0,Does Not Provide This Service
3545694b-001d-4c42-9569-0f68241ff507,0,Does Not Provide This Service,0,Does Not Provide This Service,0,Does Not Provide This Service
355f22dc-837e-4219-a46f-e810b0ffe8dc,2,Potentially Available,0,Does Not Provide This Service,0,Does Not Provide This Service
35913b1f-ea0c-4c35-8d44-5a51e2bb8ebc,0,Does Not Provide This Service,0,Does Not Provide This Service,0,Does Not Provide This Service
359e0835-f4bd-4acf-b734-2e7e8a18d320,2,Potentially Available,0,Does Not Provide This Service,0,Does Not Provide This Service
35a252d4-b313-4479-b364-4aa7bb5fe00b,2,Potentially Available,0,Does Not Provide This Service,0,Does Not Provide This Service
35aebe3b-42ba-4e6e-8ec6-88208171b0f1,2,Potentially Available,0,Does Not Provide This Service,0,Does Not Provide This Service
35cc57c0-8a65-4121-ac1b-ae05c4272c47,2,Potentially Available,0,Does Not Provide This Service,0,Does Not Provide This Service
35ed4262-8773-4d79-9149-feda3517a2b1,2,Potentially Available,0,Does Not Provide This Service,0,Does Not Provide This Service
35ff5dc8-1270-44a8-9146-110cd47d845e,2,Potentially Available,0,Does Not Provide This Service,0,Does Not Provide This Service
3604e4f7-cccc-4fdd-98e8-459114c3943b,2,Potentially Available,0,Does Not Provide This Service,0,Does Not Provide This Service
3605fb1e-45f2-4d15-b280-f04261a87e1d,2,Potentially Available,0,Does Not Provide This Service,0,Does Not Provide This Service
360d67ac-923d-4ef7-8499-16545338aaec,2,Potentially Available,0,Does Not Provide This Service,0,Does Not Provide This Service
3611cf97-f28f-47a1-be62-72984f4b3753,2,Potentially Available,0,Does Not Provide This Service,0,Does Not Provide This Service
36259f8c-3ea3-4fb9-9e61-dc7373396727,0,Does Not Provide This Service,0,Does Not Provide This Service,0,Does Not Provide This Service
362ddbaa-511d-4a1a-bbe0-072bed900778,0,Does Not Provide This Service,0,Does Not Provide This Service,0,Does Not Provide This Service
363749d7-c017-4fd6-a0de-14b700c4f208,2,Potentially Available,0,Does Not Provide This Service,0,Does Not Provide This Service
363fa911-abf7-4c9c-bc5e-b1342056bd7b,0,Does Not Provide This Service,0,Does Not Provide This Service,0,Does Not Provide This Service
365caec9-9ace-4c0d-ad67-2d927c61811d,0,Does Not Provide This Service,0,Does Not Provide This Service,0,Does Not Provide This Service
365d9ddc-dee1-41bd-9f7c-2aea80c599ad,2,Potentially Available,0,Does Not Provide This Service,0,Does Not Provide This Service
365e8b01-d177-49e1-86fb-3cf31627677e,2,Potentially Available,0,Does Not Provide This Service,0,Does Not Provide This Service
366a4320-2e11-4a23-b8d8-52b281e08e53,0,Does Not Provide This Service,0,Does Not Provide This Service,0,Does Not Provide This Service
3670e6bf-9232-4bbf-acbc-c6304e46f901,0,Does Not Provide This Service,0,Does Not Provide This Service,0,Does Not Provide This Service
368cf320-4a84-46c8-b2af-77cbaa4c92a2,2,Potentially Available,0,Does Not Provide This Service,0,Does Not Provide This Service
36951fa0-2a99-42eb-b5cb-6bd065d03ada,2,Potentially Available,0,Does Not Provide This Service,0,Does Not Provide This Service
36975d7a-7347-483b-a5a6-245dbc3cdcf3,2,Potentially Available,0,Does Not Provide This Service,0,Does Not Provide This Service
3698226b-65b9-4999-9960-1ed713e6598f,2,Potentially Available,0,Does Not Provide This Service,0,Does Not Provide This Service
369be537-c9e6-4f8f-a72d-b3f17d3c7efe,0,Does Not Provide This Service,0,Does Not Provide This Service,0,Does Not Provide This Service
369c1182-d793-4e9d-913a-2e034a7b3c70,2,Potentially Available,0,Does Not Provide This Service,0,Does Not Provide This Service
369ef3f1-ab28-40fb-8c97-a7a1ed7e61f2,2,Potentially Available,0,Does Not Provide This Service,0,Does Not Provide This Service
36a88e1e-9104-4e1b-91ad-54fb7779b9cc,2,Potentially Available,0,Does Not Provide This Service,0,Does Not Provide This Service
36acedb7-657b-43df-a16c-0208d863f1aa,0,Does Not Provide This Service,0,Does Not Provide This Service,0,Does Not Provide This Service
36b37288-9c9d-4603-abaa-3a01b237fdfa,0,Does Not Provide This Service,0,Does Not Provide This Service,0,Does Not Provide This Service
36b532ba-8305-488f-9e0c-cc5e33ad97a7,0,Does Not Provide This Service,0,Does Not Provide This Service,0,Does Not Provide This Service
36c0c45f-a3a9-4d0b-a4ad-790459981a47,0,Does Not Provide This Service,0,Does Not Provide This Service,0,Does Not Provide This Service
36c542e2-8d96-4b08-94b9-5e4bc59cd710,0,Does Not Provide This Service,0,Does Not Provide This Service,0,Does Not Provide This Service
36c7c554-0bd1-4fe2-a76a-b5a82080da3e,0,Does Not Provide This Service,0,Does Not Provide This Service,0,Does Not Provide This Service
36d04d15-425a-473d-aab0-8cb597097430,2,Potentially Available,0,Does Not Provide This Service,0,Does Not Provide This Service
36e6cf2e-b9f7-4c32-b8e5-9f4342b31eef,2,Potentially Available,0,Does Not Provide This Service,0,Does Not Provide This Service
36e91571-8976-43c7-b5f8-870ee3550a82,2,Potentially Available,0,Does Not Provide This Service,0,Does Not Provide This Service
36ebc96f-5a23-460e-bfe1-154aa45a95cf,2,Potentially Available,0,Does Not Provide This Service,0,Does Not Provide This Service
372411c1-8050-43b7-aac5-33f80a51f750,2,Potentially Available,0,Does Not Provide This Service,0,Does Not Provide This Service
372acdb4-97aa-4ad8-8275-a2e22f201a66,2,Potentially Available,0,Does Not Provide This Service,0,Does Not Provide This Service
372df667-fc27-4923-9181-733b0b854e11,2,Potentially Available,0,Does Not Provide This Service,0,Does Not Provide This Service
3762eedb-8e44-41db-96f4-0110c3abb74c,2,Potentially Available,0,Does Not Provide This Service,0,Does Not Provide This Service
3769c36c-07ec-4bbc-8dcd-5a53f236da28,0,Does Not Provide This Service,0,Does Not Provide This Service,0,Does Not Provide This Service
377320c4-9f5c-4ec4-ae1e-1e2adfcee40a,0,Does Not Provide This Service,0,Does Not Provide This Service,0,Does Not Provide This Service
377719ce-8611-4020-86fa-f4e11ab65d47,2,Potentially Available,0,Does Not Provide This Service,0,Does Not Provide This Service
37813a0d-449f-4df6-8702-5c3972af461f,0,Does Not Provide This Service,4,Constrained by Market,0,Does Not Provide This Service
3781fb2f-6a57-4a4a-a45a-a1c3129d9f6b,2,Potentially Available,0,Does Not Provide This Service,0,Does Not Provide This Service
378f97da-4147-4a8e-a825-b0ccbdeafaeb,2,Potentially Available,0,Does Not Provide This Service,0,Does Not Provide This Service
379308c9-c7cf-4597-9e35-f87330cca236,0,Does Not Provide This Service,0,Does Not Provide This Service,0,Does Not Provide This Service
37990a7d-fa95-4a59-b365-7065ef9593f3,0,Does Not Provide This Service,0,Does Not Provide This Service,0,Does Not Provide This Service
379bbace-5ba0-4220-a84e-bd8dc1f34c5e,0,Does Not Provide This Service,0,Does Not Provide This Service,1,Likely Available
37a21f68-6b7d-4aaa-aa30-e55cba19eabf,2,Potentially Available,0,Does Not Provide This Service,0,Does Not Provide This Service
37b02acc-102f-402e-8d20-8d53aa6eaa7f,0,Does Not Provide This Service,0,Does Not Provide This Service,2,Potentially Available
37bc42b9-f376-4d01-908f-91b51bf6ded0,2,Potentially Available,0,Does Not Provide This Service,0,Does Not Provide This Service
37bec332-37fa-4e09-9fae-57af30e64975,0,Does Not Provide This Service,0,Does Not Provide This Service,0,Does Not Provide This Service
37c9c923-082e-460e-b6c5-f5768525e803,2,Potentially Available,0,Does Not Provide This Service,0,Does Not Provide This Service
37cb680e-5de1-466e-b060-e340f4c2134b,0,Does Not Provide This Service,0,Does Not Provide This Service,0,Does Not Provide This Service
37e04aa9-9284-4193-98d8-3d463d52c946,2,Potentially Available,0,Does Not Provide This Service,0,Does Not Provide This Service
37e3d9ec-6207-4b51-ba5a-bd6a83c6eba6,0,Does Not Provide This Service,0,Does Not Provide This Service,0,Does Not Provide This Service
3817e9a9-65fe-44db-8aec-69442638abe8,2,Potentially Available,0,Does Not Provide This Service,0,Does Not Provide This Service
381cc011-2ba7-4c89-957c-7c6ac28a2b4c,2,Potentially Available,0,Does Not Provide This Service,0,Does Not Provide This Service
381df76b-eb67-4946-9827-b5647ac23db3,0,Does Not Provide This Service,0,Does Not Provide This Service,0,Does Not Provide This Service
383bc407-0494-4a15-9c6b-630487fc7741,2,Potentially Available,0,Does Not Provide This Service,0,Does Not Provide This Service
38592de6-fc61-4588-a4fd-c9218cd1c545,2,Potentially Available,0,Does Not Provide This Service,0,Does Not Provide This Service
38785e5b-4239-4c0e-8b3c-f21638b496fe,2,Potentially Available,0,Does Not Provide This Service,0,Does Not Provide This Service
38796cd1-1525-43c3-a156-eb374effd594,2,Potentially Available,0,Does Not Provide This Service,0,Does Not Provide This Service
388719d1-adad-4b5d-b233-e502a550a231,0,Does Not Provide This Service,0,Does Not Provide This Service,0,Does Not Provide This Service
38ac39ce-6f09-43bc-ae09-77bd24f78753,2,Potentially Available,0,Does Not Provide This Service,0,Does Not Provide This Service
38c35abd-117f-4194-9144-663b173350a9,2,Potentially Available,0,Does Not Provide This Service,0,Does Not Provide This Service
38caa8c1-9e24-46d4-8ed0-956a22f333fb,0,Does Not Provide This Service,0,Does Not Provide This Service,0,Does Not Provide This Service
38cce7cf-0164-4d3f-8c85-d765bd3ac5db,2,Potentially Available,0,Does Not Provide This Service,0,Does Not Provide This Service
38d09a9f-a0d4-412c-a461-34fea309215b,0,Does Not Provide This Service,0,Does Not Provide This Service,0,Does Not Provide This Service
38d6e572-c35f-43c1-90fa-e7f3bf083a64,0,Does Not Provide This Service,0,Does Not Provide This Service,5,Highly Constrained
38ead7b5-e1fb-4c4e-a13b-57442b495c58,2,Potentially Available,0,Does Not Provide This Service,0,Does Not Provide This Service
38f1e293-be4f-4f11-8c7d-e5acf46528f0,0,Does Not Provide This Service,0,Does Not Provide This Service,4,Constrained by Market
39010701-5bea-486b-81dd-e9c86b5165e5,2,Potentially Available,0,Does Not Provide This Service,0,Does Not Provide This Service
3903cb4a-7f63-456f-b2a1-456cc6dcf4b0,0,Does Not Provide This Service,0,Does Not Provide This Service,0,Does Not Provide This Service
390bd2d8-0899-40ac-a717-8367084e418a,0,Does Not Provide This Service,0,Does Not Provide This Service,0,Does Not Provide This Service
390bff6a-a2d7-46d4-94a6-322a597c8e63,2,Potentially Available,0,Does Not Provide This Service,0,Does Not Provide This Service
39297f5a-c831-4ece-af2a-ab10b655a91d,2,Potentially Available,0,Does Not Provide This Service,0,Does Not Provide This Service
393b3ce0-8ee5-4a21-aa97-20c8b5d3a154,0,Does Not Provide This Service,0,Does Not Provide This Service,0,Does Not Provide This Service
394af104-1d68-49ea-8655-8766a55e05a0,0,Does Not Provide This Service,0,Does Not Provide This Service,0,Does Not Provide This Service
39556c15-2e39-4b86-8c81-12713b384e83,2,Potentially Available,0,Does Not Provide This Service,0,Does Not Provide This Service
3966d8bc-a238-4b6f-9fab-12b22f65b539,0,Does Not Provide This Service,0,Does Not Provide This Service,0,Does Not Provide This Service
3974cabd-363c-46ee-9947-c78022b605cb,2,Potentially Available,0,Does Not Provide This Service,0,Does Not Provide This Service
39772c78-2dca-4208-aebb-8a378911cb22,0,Does Not Provide This Service,0,Does Not Provide This Service,0,Does Not Provide This Service
398b4ae6-6337-43d2-bd56-36d8ebca2340,0,Does Not Provide This Service,0,Does Not Provide This Service,0,Does Not Provide This Service
398ef74c-9104-4940-89a4-aaf065967828,0,Does Not Provide This Service,0,Does Not Provide This Service,0,Does Not Provide This Service
39b146c4-318f-45f4-9272-2a51b6d36353,2,Potentially Available,0,Does Not Provide This Service,0,Does Not Provide This Service
39b61859-61a1-4385-b2be-66f5fbddf84f,2,Potentially Available,0,Does Not Provide This Service,0,Does Not Provide This Service
39b6c5f3-af6f-4ffd-bbd8-b02105e0342e,0,Does Not Provide This Service,0,Does Not Provide This Service,0,Does Not Provide This Service
39bc3694-ca3e-4b43-8e34-d12f019433b4,0,Does Not Provide This Service,0,Does Not Provide This Service,0,Does Not Provide This Service
39eaec6c-61b3-4ab2-bf3b-4a1026f51565,2,Potentially Available,0,Does Not Provide This Service,0,Does Not Provide This Service
39fef8b5-1c10-470b-89f0-1dfe454fcbe8,2,Potentially Available,0,Does Not Provide This Service,0,Does Not Provide This Service
3a0042e5-3353-492e-92c6-2e9d7bfb7ad6,2,Potentially Available,0,Does Not Provide This Service,0,Does Not Provide This Service
3a0231ae-eed6-467f-b4f5-cd755512a5c3,0,Does Not Provide This Service,0,Does Not Provide This Service,0,Does Not Provide This Service
3a030a7e-8063-4128-9a1b-8e353fbc3669,0,Does Not Provide This Service,0,Does Not Provide This Service,0,Does Not Provide This Service
3a0c14c1-e597-4194-ac83-78e959927943,2,Potentially Available,0,Does Not Provide This Service,0,Does Not Provide This Service
3a19c964-4b62-4352-a7ed-e4e527bf0658,0,Does Not Provide This Service,0,Does Not Provide This Service,0,Does Not Provide This Service
3a28425b-d4ab-4f6d-8b93-f9f463ca20ea,2,Potentially Available,0,Does Not Provide This Service,0,Does Not Provide This Service
3a28d432-d82e-4ae8-acf3-92caabbfcb49,2,Potentially Available,0,Does Not Provide This Service,0,Does Not Provide This Service
3a39d1cd-6645-4ef9-8ec6-2630be8c0961,0,Does Not Provide This Service,0,Does Not Provide This Service,0,Does Not Provide This Service
3a47f364-cbb1-4ddb-9338-7f7855dceed4,2,Potentially Available,0,Does Not Provide This Service,0,Does Not Provide This Service
3a5bc0ea-9687-4e8a-a639-3e758857e5d9,2,Potentially Available,0,Does Not Provide This Service,0,Does Not Provide This Service
3a76600c-bffa-4272-8d70-5f5327aa0984,2,Potentially Available,0,Does Not Provide This Service,0,Does Not Provide This Service
3a7e1314-2394-431d-a73a-57e3eb37b04f,2,Potentially Available,0,Does Not Provide This Service,0,Does Not Provide This Service
3a909802-a4f4-4666-a50e-5db67d0787ca,0,Does Not Provide This Service,0,Does Not Provide This Service,0,Does Not Provide This Service
3a90ec0b-0fc1-4639-a88b-5a60793da069,2,Potentially Available,0,Does Not Provide This Service,0,Does Not Provide This Service
3a90eca3-a9c2-4b7f-8a35-ed45126ad950,2,Potentially Available,5,Highly Constrained,0,Does Not Provide This Service
3a91ae99-2e57-4de3-b465-3d720eb0573a,0,Does Not Provide This Service,0,Does Not Provide This Service,0,Does Not Provide This Service
3a9c82d6-0523-4d72-a150-0073b482f0a5,2,Potentially Available,0,Does Not Provide This Service,0,Does Not Provide This Service
3a9cb284-91a3-4dc2-a778-5160b9bd58a3,0,Does Not Provide This Service,0,Does Not Provide This Service,0,Does Not Provide This Service
3aa3ce7b-62bf-465d-9a95-1836b8bb6fe2,2,Potentially Available,0,Does Not Provide This Service,0,Does Not Provide This Service
3ac7b8ba-4798-4f54-89d7-2c91a780cfb9,2,Potentially Available,0,Does Not Provide This Service,0,Does Not Provide This Service
3ac8294d-8a85-42f6-9e8d-3a16e5ae2b8e,2,Potentially Available,0,Does Not Provide This Service,0,Does Not Provide This Service
3ac89709-172e-4934-a666-88a19934212b,2,Potentially Available,0,Does Not Provide This Service,0,Does Not Provide This Service
3ae5e0b7-1b40-4380-b077-6ac4d7a35198,0,Does Not Provide This Service,0,Does Not Provide This Service,0,Does Not Provide This Service
3ae81583-69c5-4692-affc-d1ac03c60182,2,Potentially Available,0,Does Not Provide This Service,0,Does Not Provide This Service
3afb99b6-447d-4d32-ba5b-3176519dbdec,2,Potentially Available,0,Does Not Provide This Service,0,Does Not Provide This Service
3b10faaa-359e-47cf-aa46-29e33d0dafc0,2,Potentially Available,0,Does Not Provide This Service,0,Does Not Provide This Service
3b217b9f-c70a-45e7-8bc4-b13923114cfc,0,Does Not Provide This Service,0,Does Not Provide This Service,0,Does Not Provide This Service
3b37b8aa-ca3b-45db-a5a3-fbb2fee9d261,0,Does Not Provide This Service,0,Does Not Provide This Service,0,Does Not Provide This Service
3b428167-2a3b-4b8b-b46a-fea22e594c6f,0,Does Not Provide This Service,0,Does Not Provide This Service,0,Does Not Provide This Service
3b4ca6e5-60d9-4640-b5ee-f96ccf2d4aa4,2,Potentially Available,0,Does Not Provide This Service,0,Does Not Provide This Service
3b5c3918-a78a-4dd0-b821-6798cbd39979,2,Potentially Available,0,Does Not Provide This Service,0,Does Not Provide This Service
3b672799-4d0e-4217-ac85-3cbab9784b9b,0,Does Not Provide This Service,0,Does Not Provide This Service,0,Does Not Provide This Service
3b6c65cf-7d26-46f9-9a43-f3e9b9f8a531,0,Does Not Provide This Service,0,Does Not Provide This Service,0,Does Not Provide This Service
3b749fea-3974-46e2-aadc-2a58881982ce,0,Does Not Provide This Service,0,Does Not Provide This Service,0,Does Not Provide This Service
3b79a37b-3028-4425-98c8-df32fcae4fa3,0,Does Not Provide This Service,0,Does Not Provide This Service,0,Does Not Provide This Service
3b8584a6-19da-4abf-966f-537e9a76d3fe,0,Does Not Provide This Service,0,Does Not Provide This Service,0,Does Not Provide This Service
3b8baf16-bd8f-40cd-a950-7dc701b00baa,2,Potentially Available,0,Does Not Provide This Service,0,Does Not Provide This Service
3bb4aad0-5045-4748-bbb2-0e64ccd57e40,2,Potentially Available,0,Does Not Provide This Service,0,Does Not Provide This Service
3bb4df14-5198-44e7-8874-c3f9b70aa5c1,0,Does Not Provide This Service,0,Does Not Provide This Service,0,Does Not Provide This Service
3bc1149b-7aa2-4193-b532-e0b7e5f16cd4,2,Potentially Available,0,Does Not Provide This Service,0,Does Not Provide This Service
3bc2fe98-22bc-426b-bddd-f69f67b8abff,2,Potentially Available,0,Does Not Provide This Service,0,Does Not Provide This Service
3bc652bc-65ac-4eca-b689-dc2eeebf79e2,2,Potentially Available,0,Does Not Provide This Service,0,Does Not Provide This Service
3bd4f8ed-5302-4926-8599-3b7ea23d1682,0,Does Not Provide This Service,0,Does Not Provide This Service,0,Does Not Provide This Service
3becd9a5-5a26-4441-9c0b-7c0ca71e8248,0,Does Not Provide This Service,0,Does Not Provide This Service,0,Does Not Provide This Service
3c18c7f6-c002-443b-9998-927d94d0e9f7,0,Does Not Provide This Service,0,Does Not Provide This Service,3,Constrained by Size
3c1e5648-6227-4dad-adbe-960aed8ac39b,2,Potentially Available,0,Does Not Provide This Service,0,Does Not Provide This Service
3c264bef-0f50-46ad-ba62-e661e3cfe433,0,Does Not Provide This Service,0,Does Not Provide This Service,0,Does Not Provide This Service
3c2923b2-9543-4362-9e8c-3f6863f2f817,0,Does Not Provide This Service,0,Does Not Provide This Service,0,Does Not Provide This Service
3c3960dc-9969-407b-b708-8548fea9560b,2,Potentially Available,0,Does Not Provide This Service,0,Does Not Provide This Service
3c3ae0a5-ed2b-4435-a393-8b846227e615,0,Does Not Provide This Service,0,Does Not Provide This Service,0,Does Not Provide This Service
3c42e6d3-a025-4fd9-9759-0eebec57a677,2,Potentially Available,0,Does Not Provide This Service,0,Does Not Provide This Service
3c4d3bae-656d-4a8b-ab63-8649535568f4,2,Potentially Available,0,Does Not Provide This Service,0,Does Not Provide This Service
3c56a676-4908-4001-a822-74d52c457b00,2,Potentially Available,0,Does Not Provide This Service,0,Does Not Provide This Service
3c56e128-f364-4647-95ba-38e792ebba5d,0,Does Not Provide This Service,1,Likely Available,0,Does Not Provide This Service
3c62409a-d5c0-48ec-9413-ac1f10af7b84,2,Potentially Available,0,Does Not Provide This Service,0,Does Not Provide This Service
3c716645-045d-4ba4-b25b-b08f8375a909,0,Does Not Provide This Service,0,Does Not Provide This Service,0,Does Not Provide This Service
3c75dafa-80af-48af-964a-12244ab7f4ba,0,Does Not Provide This Service,0,Does Not Provide This Service,0,Does Not Provide This Service
3c825d0a-3199-4ac0-be7f-ca2d5a2de0e7,2,Potentially Available,0,Does Not Provide This Service,0,Does Not Provide This Service
3c846e53-962a-4ac3-bcae-aaddb8ead134,2,Potentially Available,0,Does Not Provide This Service,0,Does Not Provide This Service
3c8a447a-970c-4e03-bfda-441d8e7d24fe,2,Potentially Available,0,Does Not Provide This Service,0,Does Not Provide This Service
3c913ff6-4a26-4c4c-a32c-cd09ff5ed5af,2,Potentially Available,0,Does Not Provide This Service,0,Does Not Provide This Service
3c99c5e0-7d14-4de4-8d13-d1ab0fe841c6,0,Does Not Provide This Service,0,Does Not Provide This Service,0,Does Not Provide This Service
3c9b2628-c2e5-459a-a824-3ff013397121,2,Potentially Available,0,Does Not Provide This Service,0,Does Not Provide This Service
3c9bdd1c-2079-4920-bfef-36b60a1e2c19,2,Potentially Available,0,Does Not Provide This Service,0,Does Not Provide This Service
3ca53ecc-ae7c-4756-9e26-2debfb9c5441,0,Does Not Provide This Service,0,Does Not Provide This Service,0,Does Not Provide This Service
3cb152bb-68bc-48e5-bfa6-5681f2548bd2,2,Potentially Available,0,Does Not Provide This Service,0,Does Not Provide This Service
3cb246e1-7044-4fd0-9afa-e442dcebfff1,0,Does Not Provide This Service,0,Does Not Provide This Service,0,Does Not Provide This Service
3cc4b8b9-a5d0-46a6-95e5-e5fe50aa1b3c,0,Does Not Provide This Service,0,Does Not Provide This Service,0,Does Not Provide This Service
3cc754f2-0301-43b3-a973-a5417d8a0298,0,Does Not Provide This Service,0,Does Not Provide This Service,0,Does Not Provide This Service
3cc91a9d-3a56-4c3d-96ad-f575c4fb5329,2,Potentially Available,0,Does Not Provide This Service,0,Does Not Provide This Service
3cceed6f-cf4e-457d-8664-95a33c81becd,0,Does Not Provide This Service,0,Does Not Provide This Service,0,Does Not Provide This Service
3ce3c132-af53-4af0-a4d0-68845b8408d6,2,Potentially Available,0,Does Not Provide This Service,0,Does Not Provide This Service
3cecd6d9-712c-4d1c-bc3d-5d51870628bf,0,Does Not Provide This Service,0,Does Not Provide This Service,0,Does Not Provide This Service
3cf1c425-5f09-4338-84d8-d820a5d2ccc3,2,Potentially Available,0,Does Not Provide This Service,0,Does Not Provide This Service
3d00baa2-33b4-4242-9dee-9f2f8acaabbe,0,Does Not Provide This Service,0,Does Not Provide This Service,0,Does Not Provide This Service
3d19471e-f080-4e7b-81fe-391c32dae729,0,Does Not Provide This Service,0,Does Not Provide This Service,0,Does Not Provide This Service
3d203c88-8d1d-4267-b751-de70333d07ba,2,Potentially Available,0,Does Not Provide This Service,0,Does Not Provide This Service
3d386b21-2e3a-4673-b429-223af984ff74,2,Potentially Available,0,Does Not Provide This Service,0,Does Not Provide This Service
3d4263fb-ad33-48a6-a3fe-e1cf6b9475db,2,Potentially Available,0,Does Not Provide This Service,0,Does Not Provide This Service
3d56fb55-cacd-48ff-9443-c63ee415c471,2,Potentially Available,0,Does Not Provide This Service,0,Does Not Provide This Service
3d63cf19-59aa-4c3f-8977-2b957991bc7d,0,Does Not Provide This Service,0,Does Not Provide This Service,0,Does Not Provide This Service
3d65f715-b7b9-4d7e-a8c5-1bbe0df23936,2,Potentially Available,0,Does Not Provide This Service,0,Does Not Provide This Service
3da2d72b-dc07-4cbd-89bf-1ac392c12035,0,Does Not Provide This Service,0,Does Not Provide This Service,0,Does Not Provide This Service
3dcb07da-c9ec-4762-9347-b1b116c1cf4e,2,Potentially Available,0,Does Not Provide This Service,0,Does Not Provide This Service
3dd0651e-8355-47f9-af12-24d0096d1bbe,2,Potentially Available,0,Does Not Provide This Service,0,Does Not Provide This Service
3df05ae5-842c-4004-95b5-55da1d9008d3,0,Does Not Provide This Service,0,Does Not Provide This Service,0,Does Not Provide This Service
3df1a929-fe8a-47cc-bf04-e726b68f111f,2,Potentially Available,0,Does Not Provide This Service,0,Does Not Provide This Service
3e050f58-d3b0-415e-9c09-4699b7fa8ec5,0,Does Not Provide This Service,0,Does Not Provide This Service,0,Does Not Provide This Service
3e11f628-e14b-4885-9c4e-b41ebc81e09f,2,Potentially Available,0,Does Not Provide This Service,0,Does Not Provide This Service
3e1b9965-7f8d-49de-9f54-dd7170f26c55,0,Does Not Provide This Service,0,Does Not Provide This Service,0,Does Not Provide This Service
3e1e2638-0a84-40a3-831f-f4fa933d8a38,2,Potentially Available,0,Does Not Provide This Service,0,Does Not Provide This Service
3e3efa05-9890-4022-96ac-499c4d571552,0,Does Not Provide This Service,0,Does Not Provide This Service,0,Does Not Provide This Service
3e56bbc9-5c25-4bd3-afa1-2fc9fc1b5167,0,Does Not Provide This Service,0,Does Not Provide This Service,0,Does Not Provide This Service
3e581bda-2520-47a7-8add-272e14c4c9a9,0,Does Not Provide This Service,0,Does Not Provide This Service,0,Does Not Provide This Service
3e591fb0-8933-48cd-a5b8-3409003e0a22,2,Potentially Available,0,Does Not Provide This Service,0,Does Not Provide This Service
3e59366b-d3f9-4965-b116-bf316f32c008,2,Potentially Available,0,Does Not Provide This Service,0,Does Not Provide This Service
3e61b34d-e436-4c13-8ef2-6e0fc877d0ec,0,Does Not Provide This Service,0,Does Not Provide This Service,3,Constrained by Size
3e78e05d-312a-4dda-9bb9-c45cf4f617ae,2,Potentially Available,0,Does Not Provide This Service,0,Does Not Provide This Service
3e895ea0-4e0e-4821-ad79-34c1b6685c23,0,Does Not Provide This Service,0,Does Not Provide This Service,0,Does Not Provide This Service
3e965b72-36f3-4fb8-b6a7-5ce1248aa112,0,Does Not Provide This Service,0,Does Not Provide This Service,0,Does Not Provide This Service
3e9aa912-5f66-493b-833c-7a2cea3227c9,0,Does Not Provide This Service,0,Does Not Provide This Service,0,Does Not Provide This Service
3ea39e9f-ab2a-49a8-8274-7caa29b97ca8,0,Does Not Provide This Service,0,Does Not Provide This Service,0,Does Not Provide This Service
3eb9406c-d2ed-4af5-b091-f126cc162eb7,2,Potentially Available,0,Does Not Provide This Service,0,Does Not Provide This Service
3ee3cb07-a9ad-4f9f-9086-c11a9e4b9ff6,1,Likely Available,0,Does Not Provide This Service,0,Does Not Provide This Service
3eefa856-2f60-436b-ba09-9dcad0c07dc3,0,Does Not Provide This Service,0,Does Not Provide This Service,0,Does Not Provide This Service
3ef49de1-7ff4-490d-80e3-3752142f57dc,0,Does Not Provide This Service,0,Does Not Provide This Service,0,Does Not Provide This Service
3ef5a824-e233-4838-a16a-0ab8d21dd89b,0,Does Not Provide This Service,0,Does Not Provide This Service,1,Likely Available
3f071284-9659-415e-92c8-d9f2e328b5a8,0,Does Not Provide This Service,0,Does Not Provide This Service,1,Likely Available
3f0902e8-9a0f-4084-9c36-ac7338c339ca,2,Potentially Available,0,Does Not Provide This Service,0,Does Not Provide This Service
3f0c8c67-f139-41b3-9e39-486ea33d2b95,0,Does Not Provide This Service,0,Does Not Provide This Service,0,Does Not Provide This Service
3f13297e-b46b-4086-b3b2-7f9ce9acfc96,2,Potentially Available,0,Does Not Provide This Service,0,Does Not Provide This Service
3f15c3b5-950a-4584-a566-f7e07ff7f578,2,Potentially Available,0,Does Not Provide This Service,0,Does Not Provide This Service
3f2330c0-6573-4cd7-b2d9-40a2219056ec,0,Does Not Provide This Service,0,Does Not Provide This Service,0,Does Not Provide This Service
3f604c01-9fb4-4922-bbe4-6f692028a66a,2,Potentially Available,0,Does Not Provide This Service,0,Does Not Provide This Service
3f64073c-adbf-4507-9862-e33933e246a2,0,Does Not Provide This Service,0,Does Not Provide This Service,0,Does Not Provide This Service
3f658291-607f-4afe-ab13-0509ab3716b2,0,Does Not Provide This Service,0,Does Not Provide This Service,0,Does Not Provide This Service
3f7f167c-2110-4a85-908a-5ee2fb81f3f5,2,Potentially Available,0,Does Not Provide This Service,0,Does Not Provide This Service
3f8848b7-a10d-4628-8590-11b121e06a76,2,Potentially Available,0,Does Not Provide This Service,0,Does Not Provide This Service
3f908acc-366e-4dcb-b128-6cff3a0a5ebf,0,Does Not Provide This Service,0,Does Not Provide This Service,0,Does Not Provide This Service
3f96991b-d8db-49be-bc11-8dc6e5de7cc1,0,Does Not Provide This Service,0,Does Not Provide This Service,0,Does Not Provide This Service
3fad6f5b-0b9d-4ef1-8106-38de8feb4a66,0,Does Not Provide This Service,0,Does Not Provide This Service,0,Does Not Provide This Service
3fd95024-aabb-4d75-b8c9-2b87b54b18f4,0,Does Not Provide This Service,0,Does Not Provide This Service,0,Does Not Provide This Service
3fe8a2cd-ac73-412a-823b-dc5a0cbb8dd9,0,Does Not Provide This Service,0,Does Not Provide This Service,0,Does Not Provide This Service
3ff449ba-1765-4910-814f-2ac1bdfbce8d,2,Potentially Available,0,Does Not Provide This Service,0,Does Not Provide This Service
3ffb68fa-4b04-4026-b47f-6fb46ef2947d,2,Potentially Available,0,Does Not Provide This Service,0,Does Not Provide This Service
400003b1-473d-4908-bd31-ee795c8d2de2,0,Does Not Provide This Service,0,Does Not Provide This Service,0,Does Not Provide This Service
4001754f-b9c3-40a3-924f-d46d82efb5d5,0,Does Not Provide This Service,0,Does Not Provide This Service,2,Potentially Available
4015491f-a077-4ac9-9de7-10a690f88c22,0,Does Not Provide This Service,0,Does Not Provide This Service,0,Does Not Provide This Service
40256016-a1c0-4503-b914-5821e0df84d8,2,Potentially Available,0,Does Not Provide This Service,0,Does Not Provide This Service
402ebe72-ada3-46fe-afb6-4966015f2c86,2,Potentially Available,0,Does Not Provide This Service,0,Does Not Provide This Service
402f007c-984f-4b56-8d87-bb29d87ac1d4,0,Does Not Provide This Service,0,Does Not Provide This Service,0,Does Not Provide This Service
40309523-e89a-4528-b2bd-530e5b92d6dc,2,Potentially Available,0,Does Not Provide This Service,0,Does Not Provide This Service
404004b0-fca0-40c9-a329-fdfc6633d49b,2,Potentially Available,0,Does Not Provide This Service,0,Does Not Provide This Service
40404152-be15-4a4c-bcd7-edf502c70e3a,2,Potentially Available,0,Does Not Provide This Service,0,Does Not Provide This Service
4045bf02-d6f3-4008-b71c-ec55b2775a96,2,Potentially Available,0,Does Not Provide This Service,0,Does Not Provide This Service
404a8097-ae0a-4d16-b2fe-1eecb5dc3d0a,2,Potentially Available,0,Does Not Provide This Service,0,Does Not Provide This Service
405d088d-34d1-45f7-9ca7-0c0793ecd356,2,Potentially Available,0,Does Not Provide This Service,0,Does Not Provide This Service
405db5cb-018d-4eff-8a2c-8a4c81360aca,2,Potentially Available,0,Does Not Provide This Service,0,Does Not Provide This Service
40612fc4-0d3d-44ac-b767-239cbf0cbc1e,2,Potentially Available,0,Does Not Provide This Service,0,Does Not Provide This Service
406801a0-807e-42a7-9b98-f8c212148006,0,Does Not Provide This Service,0,Does Not Provide This Service,0,Does Not Provide This Service
4094ef59-8575-4d2d-9dd1-21fa9d0c7b56,0,Does Not Provide This Service,0,Does Not Provide This Service,0,Does Not Provide This Service
409605cf-119b-41cb-8812-b3f5d907e7ad,0,Does Not Provide This Service,0,Does Not Provide This Service,0,Does Not Provide This Service
409f2029-1abb-4ba0-b965-d07bcc9e353a,2,Potentially Available,1,Likely Available,0,Does Not Provide This Service
40aa5d4a-ce5a-436c-9833-bd28892320e5,2,Potentially Available,0,Does Not Provide This Service,0,Does Not Provide This Service
40dcbf37-5496-4367-82e9-6ba51f667e5f,2,Potentially Available,0,Does Not Provide This Service,0,Does Not Provide This Service
40e4e86a-9832-45b8-80a7-ddf2182f2cef,2,Potentially Available,0,Does Not Provide This Service,0,Does Not Provide This Service
40ed5ddc-7d37-4fdd-804c-9a8e5dfde6da,2,Potentially Available,0,Does Not Provide This Service,0,Does Not Provide This Service
40eed5aa-1f77-4601-96aa-223bcb182e03,0,Does Not Provide This Service,0,Does Not Provide This Service,0,Does Not Provide This Service
40f429f9-2c7f-459d-888e-ef1e7fcb66ca,2,Potentially Available,0,Does Not Provide This Service,0,Does Not Provide This Service
40f98d46-9cc4-4a19-a372-2590abad76d2,2,Potentially Available,0,Does Not Provide This Service,0,Does Not Provide This Service
4110da26-0f8a-4835-800f-d0f438d2e9a2,0,Does Not Provide This Service,0,Does Not Provide This Service,0,Does Not Provide This Service
4113bdba-abeb-4a2f-a352-3f3c7b2f534c,0,Does Not Provide This Service,0,Does Not Provide This Service,0,Does Not Provide This Service
413390d8-974a-410a-ab6b-feb70a7a71db,2,Potentially Available,0,Does Not Provide This Service,0,Does Not Provide This Service
413c46bc-c9f3-4efc-8f43-4a2b6282ff84,2,Potentially Available,0,Does Not Provide This Service,0,Does Not Provide This Service
4143668d-48a8-41d1-84dc-4425fb9c5e85,2,Potentially Available,0,Does Not Provide This Service,0,Does Not Provide This Service
414a7350-36b0-4233-b420-f5e546972a62,0,Does Not Provide This Service,0,Does Not Provide This Service,5,Highly Constrained
416a6fae-8596-4cc2-b112-a1c17795361b,2,Potentially Available,0,Does Not Provide This Service,0,Does Not Provide This Service
416b05db-e745-4cd9-8626-678784b55490,0,Does Not Provide This Service,0,Does Not Provide This Service,0,Does Not Provide This Service
416f6871-cf75-4df6-9f91-b96325ffbfd7,0,Does Not Provide This Service,0,Does Not Provide This Service,0,Does Not Provide This Service
4191523c-0ab3-4b80-a32e-825a890ba5fe,0,Does Not Provide This Service,0,Does Not Provide This Service,0,Does Not Provide This Service
41a49df3-375c-471a-b15f-027fea4eda7b,2,Potentially Available,0,Does Not Provide This Service,0,Does Not Provide This Service
41a834cf-4715-4f37-954d-970788d06e96,0,Does Not Provide This Service,0,Does Not Provide This Service,0,Does Not Provide This Service
41abb151-fb60-458b-9f8f-c34baf963983,1,Likely Available,0,Does Not Provide This Service,0,Does Not Provide This Service
41c445ce-b9ad-49e1-907b-17254ff88f30,2,Potentially Available,0,Does Not Provide This Service,0,Does Not Provide This Service
41dd98f1-0151-4863-be12-58e607ec5f7b,1,Likely Available,1,Likely Available,0,Does Not Provide This Service
4200a7cf-f546-4fec-8c1e-4963d1486345,2,Potentially Available,0,Does Not Provide This Service,0,Does Not Provide This Service
42083fff-a0f9-426e-8387-08f9d5a85edb,0,Does Not Provide This Service,0,Does Not Provide This Service,0,Does Not Provide This Service
4209c5bd-15b8-4f5b-ba50-a3869629d015,2,Potentially Available,0,Does Not Provide This Service,0,Does Not Provide This Service
420f5135-57c9-401e-9610-327ca942498a,0,Does Not Provide This Service,0,Does Not Provide This Service,2,Potentially Available
4218bc9d-5202-4fb4-8458-e111690c6bea,2,Potentially Available,0,Does Not Provide This Service,0,Does Not Provide This Service
42200266-f49d-401a-8949-17bd5787a684,0,Does Not Provide This Service,0,Does Not Provide This Service,0,Does Not Provide This Service
4231c7a8-8f0e-48bd-94e3-c91ccdbdc299,0,Does Not Provide This Service,0,Does Not Provide This Service,0,Does Not Provide This Service
42452fb6-29ed-4e17-a443-2e1910b55ffc,2,Potentially Available,0,Does Not Provide This Service,0,Does Not Provide This Service
42666a83-3178-437b-950a-666fae942013,0,Does Not Provide This Service,0,Does Not Provide This Service,0,Does Not Provide This Service
42753cc1-8c95-4382-b865-93d490444041,2,Potentially Available,0,Does Not Provide This Service,0,Does Not Provide This Service
42770cec-4461-4d4b-89e6-0e3a65d8c5f9,2,Potentially Available,0,Does Not Provide This Service,0,Does Not Provide This Service
4278d002-188c-42d4-ae42-d5f0b271ff34,2,Potentially Available,0,Does Not Provide This Service,0,Does Not Provide This Service
4280b22d-0423-4973-9cc4-24367e06e531,0,Does Not Provide This Service,0,Does Not Provide This Service,0,Does Not Provide This Service
4285d034-903f-4335-9e63-8641f8f0a939,0,Does Not Provide This Service,0,Does Not Provide This Service,0,Does Not Provide This Service
4289f187-097d-4f7b-90de-798caf6c0297,2,Potentially Available,0,Does Not Provide This Service,0,Does Not Provide This Service
42986368-d767-481e-90d2-91da59c81e22,2,Potentially Available,0,Does Not Provide This Service,0,Does Not Provide This Service
4298d3c0-2bf1-44d4-a1c8-3bba84f8293c,2,Potentially Available,0,Does Not Provide This Service,0,Does Not Provide This Service
42a751aa-834e-4603-b588-96c3d9864654,2,Potentially Available,0,Does Not Provide This Service,0,Does Not Provide This Service
42ae8331-65f3-4b12-aa22-6c58d939cdbb,2,Potentially Available,0,Does Not Provide This Service,0,Does Not Provide This Service
42ba8570-5518-4e87-992e-737b2ea1fc4c,0,Does Not Provide This Service,0,Does Not Provide This Service,0,Does Not Provide This Service
42bccd09-b462-44e4-9c9a-e0202cee22b5,0,Does Not Provide This Service,4,Constrained by Market,0,Does Not Provide This Service
42c2149a-4d65-483c-9572-f8365d8d6892,2,Potentially Available,0,Does Not Provide This Service,0,Does Not Provide This Service
42ce1601-f5a2-4f89-a247-dc96c66da6c0,0,Does Not Provide This Service,0,Does Not Provide This Service,0,Does Not Provide This Service
42f22363-7842-444c-94e0-52d9feb5d7f8,0,Does Not Provide This Service,0,Does Not Provide This Service,0,Does Not Provide This Service
42f891b6-77a5-4792-9b68-4b35e26e1353,0,Does Not Provide This Service,0,Does Not Provide This Service,0,Does Not Provide This Service
42feb87d-2759-47a9-9da8-b42b86efa560,0,Does Not Provide This Service,0,Does Not Provide This Service,0,Does Not Provide This Service
43053cb2-2b66-4b05-a5fa-94ff8d3e5f38,1,Likely Available,5,Highly Constrained,0,Does Not Provide This Service
43161c12-fb8c-4e8b-8a95-12cd46adf090,0,Does Not Provide This Service,0,Does Not Provide This Service,0,Does Not Provide This Service
43272b66-2ec2-4280-9421-cb21dfc7d715,2,Potentially Available,0,Does Not Provide This Service,0,Does Not Provide This Service
434120a0-6ab1-4956-9ea3-676d6ff96750,0,Does Not Provide This Service,0,Does Not Provide This Service,0,Does Not Provide This Service
4356a769-2a3c-4382-b56c-49821bbff9c5,0,Does Not Provide This Service,0,Does Not Provide This Service,0,Does Not Provide This Service
4358b099-91ba-4a5d-a2a2-89de7bc14b9b,0,Does Not Provide This Service,0,Does Not Provide This Service,0,Does Not Provide This Service
435ce911-606a-4dc2-a64a-971990fad0b3,0,Does Not Provide This Service,0,Does Not Provide This Service,0,Does Not Provide This Service
4361bbaa-ed51-4e53-861d-6c1938c58a9e,2,Potentially Available,0,Does Not Provide This Service,0,Does Not Provide This Service
4362cb2f-01ee-452a-8a5f-1e8cda809cd3,2,Potentially Available,0,Does Not Provide This Service,0,Does Not Provide This Service
437a7010-2df6-4e54-8599-2f24aa7f4d5f,2,Potentially Available,0,Does Not Provide This Service,0,Does Not Provide This Service
437d249a-4f86-4dc4-a140-5a43b2148cb6,0,Does Not Provide This Service,0,Does Not Provide This Service,0,Does Not Provide This Service
437d57e3-a5ad-4071-8541-8e6bf6801b78,0,Does Not Provide This Service,0,Does Not Provide This Service,0,Does Not Provide This Service
438ec2d6-daeb-4d3b-b24d-53b8feceee25,2,Potentially Available,0,Does Not Provide This Service,0,Does Not Provide This Service
438f4be6-4a10-469b-8257-ee18f838bcb6,2,Potentially Available,0,Does Not Provide This Service,0,Does Not Provide This Service
43952bf3-b160-489b-96e8-d6c6728b4c0e,0,Does Not Provide This Service,0,Does Not Provide This Service,0,Does Not Provide This Service
43954f3a-91f2-461f-b8f2-d6fb31a8b973,2,Potentially Available,0,Does Not Provide This Service,0,Does Not Provide This Service
439853f4-4ac9-45ee-b41a-d0fa18cd2d52,2,Potentially Available,0,Does Not Provide This Service,0,Does Not Provide This Service
4398fc80-f04f-4a4d-aaf3-592d11acf6c7,2,Potentially Available,0,Does Not Provide This Service,0,Does Not Provide This Service
43b05206-c669-4e4a-8863-1bf72677707a,0,Does Not Provide This Service,0,Does Not Provide This Service,0,Does Not Provide This Service
43be0904-62c3-47b6-b2a2-c095385884d9,0,Does Not Provide This Service,0,Does Not Provide This Service,0,Does Not Provide This Service
43d18d02-cef7-4445-aac5-8102337a18a3,2,Potentially Available,0,Does Not Provide This Service,0,Does Not Provide This Service
43d18fd2-7556-4b33-8d10-2d04c50413c0,2,Potentially Available,0,Does Not Provide This Service,0,Does Not Provide This Service
43d9d06c-1e79-4517-8068-e0bb3456e507,2,Potentially Available,0,Does Not Provide This Service,0,Does Not Provide This Service
43e52a43-eaa3-46ae-a74d-21ddd918efd8,2,Potentially Available,0,Does Not Provide This Service,0,Does Not Provide This Service
43e7e46f-fa24-4a79-b600-46677b90daf8,2,Potentially Available,0,Does Not Provide This Service,0,Does Not Provide This Service
43eaca29-a32e-4a99-a24d-1fecf8e0f71d,0,Does Not Provide This Service,0,Does Not Provide This Service,1,Likely Available
43ee410c-d462-4f13-81ab-58fdad2c5f2e,0,Does Not Provide This Service,0,Does Not Provide This Service,0,Does Not Provide This Service
43f285c0-f0bd-4052-b39d-795ec8ef33c3,2,Potentially Available,0,Does Not Provide This Service,0,Does Not Provide This Service
43f432f0-5751-4b85-94d0-9e7f57de9504,0,Does Not Provide This Service,0,Does Not Provide This Service,0,Does Not Provide This Service
43fb2978-330a-402e-9d74-0a6330554229,0,Does Not Provide This Service,0,Does Not Provide This Service,0,Does Not Provide This Service
440b0467-18bb-47f8-9a38-0b84e33f7e71,2,Potentially Available,0,Does Not Provide This Service,0,Does Not Provide This Service
4437f510-ac26-4b6d-b00b-b9631c69b4fc,0,Does Not Provide This Service,0,Does Not Provide This Service,0,Does Not Provide This Service
443f6525-6e7e-4605-82fc-d51bc712eb90,0,Does Not Provide This Service,0,Does Not Provide This Service,0,Does Not Provide This Service
44588958-ff59-42ac-9e3b-984a2fb8b2a6,2,Potentially Available,0,Does Not Provide This Service,0,Does Not Provide This Service
445e5d8c-4069-479b-9b4c-324a24f1119e,0,Does Not Provide This Service,0,Does Not Provide This Service,0,Does Not Provide This Service
44645e9a-1745-4633-be02-8a9dc72b1af5,2,Potentially Available,0,Does Not Provide This Service,0,Does Not Provide This Service
44693bba-0503-477b-8181-e4a7e76f3d98,2,Potentially Available,0,Does Not Provide This Service,0,Does Not Provide This Service
44756056-f749-41ee-92ff-92f0ce3c35cb,2,Potentially Available,0,Does Not Provide This Service,0,Does Not Provide This Service
448c7164-9bcc-4707-87da-b108f0bcfc31,2,Potentially Available,0,Does Not Provide This Service,0,Does Not Provide This Service
448d827a-3b63-466f-8541-e8bec917b57d,2,Potentially Available,0,Does Not Provide This Service,0,Does Not Provide This Service
449eb83f-9d1c-43c8-a1b7-4d083c1c7dbc,2,Potentially Available,0,Does Not Provide This Service,0,Does Not Provide This Service
44b2a89b-62d1-44f7-b3e0-f96f27c0b164,2,Potentially Available,0,Does Not Provide This Service,0,Does Not Provide This Service
44c4b5bb-0571-4a8a-9cb9-bc5024b3b5d6,2,Potentially Available,0,Does Not Provide This Service,0,Does Not Provide This Service
44c66832-02bd-47f0-b450-0c0e50c1fa2c,2,Potentially Available,0,Does Not Provide This Service,0,Does Not Provide This Service
44df5f90-7c37-43f2-a670-c159e0ea0e5f,0,Does Not Provide This Service,0,Does Not Provide This Service,0,Does Not Provide This Service
44e75464-283e-4ec9-b6a3-05ade460727e,2,Potentially Available,0,Does Not Provide This Service,0,Does Not Provide This Service
44edca04-94d8-46b3-9e6a-0a157073621f,0,Does Not Provide This Service,0,Does Not Provide This Service,0,Does Not Provide This Service
44f468b2-270d-486f-b518-6837b14486f8,2,Potentially Available,0,Does Not Provide This Service,0,Does Not Provide This Service
44f77ab8-23a3-4225-9945-5130793dcb21,2,Potentially Available,0,Does Not Provide This Service,0,Does Not Provide This Service
44fe6332-f691-42ab-becc-d063f44f2b03,2,Potentially Available,0,Does Not Provide This Service,0,Does Not Provide This Service
44feb6db-7bf9-4841-ae6a-0805854be0be,2,Potentially Available,0,Does Not Provide This Service,0,Does Not Provide This Service
4509573d-18b7-4998-84ac-ec6c7a3cd690,0,Does Not Provide This Service,0,Does Not Provide This Service,0,Does Not Provide This Service
4516d360-60cf-41dd-988c-70dc5cdd921b,2,Potentially Available,0,Does Not Provide This Service,0,Does Not Provide This Service
451ee677-cd1a-44e3-851d-36cdf96228d7,2,Potentially Available,0,Does Not Provide This Service,0,Does Not Provide This Service
451fea8c-1a03-48c2-b6bd-b4b79213f88b,0,Does Not Provide This Service,0,Does Not Provide This Service,0,Does Not Provide This Service
45309787-92ff-4606-bcc1-a75ede89e98d,0,Does Not Provide This Service,0,Does Not Provide This Service,0,Does Not Provide This Service
4538dc17-b49e-4f88-8d73-f0d8d2679b9f,0,Does Not Provide This Service,0,Does Not Provide This Service,0,Does Not Provide This Service
453b7bce-5f8a-4a2c-9b78-d297790c4010,2,Potentially Available,0,Does Not Provide This Service,0,Does Not Provide This Service
4540752a-7aa8-4433-ac28-4dbf694ca1c9,0,Does Not Provide This Service,0,Does Not Provide This Service,0,Does Not Provide This Service
454bef29-e5b0-4f27-8f6f-370e37e8405d,2,Potentially Available,0,Does Not Provide This Service,0,Does Not Provide This Service
4555f5c4-0a80-4857-aa30-a7478591e9c3,0,Does Not Provide This Service,0,Does Not Provide This Service,0,Does Not Provide This Service
45592269-5ef6-4a70-a65b-a868ec40d0e7,0,Does Not Provide This Service,0,Does Not Provide This Service,0,Does Not Provide This Service
4567a14e-38ec-4f5e-a77e-23747a22e05f,0,Does Not Provide This Service,0,Does Not Provide This Service,0,Does Not Provide This Service
458c2b2d-682e-4a88-8df2-c23ac4a4ec46,2,Potentially Available,1,Likely Available,0,Does Not Provide This Service
4594d327-c448-4bdb-9f25-ba4f759efb39,2,Potentially Available,3,Constrained by Size,0,Does Not Provide This Service
459d20de-3415-4ff4-9e87-df0b45ba25d1,2,Potentially Available,0,Does Not Provide This Service,0,Does Not Provide This Service
459f47a4-44ab-41a6-93a0-98f684791059,0,Does Not Provide This Service,0,Does Not Provide This Service,0,Does Not Provide This Service
45b0ccd5-9b5a-4d4b-8f01-26198c14b1e6,0,Does Not Provide This Service,0,Does Not Provide This Service,0,Does Not Provide This Service
45c4ea0a-36ba-47bc-997f-2e3eff213468,0,Does Not Provide This Service,0,Does Not Provide This Service,0,Does Not Provide This Service
45c717c8-6591-4935-9fed-895dc93da4a6,2,Potentially Available,0,Does Not Provide This Service,0,Does Not Provide This Service
45c7537f-3aa3-44cb-a7be-e15f4f7e9526,2,Potentially Available,0,Does Not Provide This Service,0,Does Not Provide This Service
45d37607-d2eb-4bc4-94cb-4433b97f3368,2,Potentially Available,0,Does Not Provide This Service,0,Does Not Provide This Service
45dc3004-7c18-496c-9dff-bb4f0b4cfdbf,0,Does Not Provide This Service,0,Does Not Provide This Service,0,Does Not Provide This Service
45dd855d-0d1e-458e-a70b-a21054115921,0,Does Not Provide This Service,0,Does Not Provide This Service,0,Does Not Provide This Service
45ee2df0-0b89-4bac-8245-6a94513392ae,2,Potentially Available,0,Does Not Provide This Service,0,Does Not Provide This Service
45fa9707-5c39-4bc0-bc33-76466f926a4d,2,Potentially Available,0,Does Not Provide This Service,0,Does Not Provide This Service
45fb3050-3df6-4978-89ce-b9eaa89c2f24,0,Does Not Provide This Service,0,Does Not Provide This Service,0,Does Not Provide This Service
46040927-e6f1-4459-9870-92200c3c981f,0,Does Not Provide This Service,0,Does Not Provide This Service,0,Does Not Provide This Service
460a8d4e-8f77-4456-ae20-69773ce1b48f,2,Potentially Available,0,Does Not Provide This Service,0,Does Not Provide This Service
4614086d-8d4a-4379-bf1c-095ef4967d2d,0,Does Not Provide This Service,0,Does Not Provide This Service,0,Does Not Provide This Service
461aafa5-3098-4874-a63e-55a4ae387660,0,Does Not Provide This Service,0,Does Not Provide This Service,0,Does Not Provide This Service
4621229c-412a-4773-90b6-2dc725c8fe0b,2,Potentially Available,0,Does Not Provide This Service,0,Does Not Provide This Service
463c664a-31b0-4172-a6cc-38ffda9d517a,0,Does Not Provide This Service,0,Does Not Provide This Service,0,Does Not Provide This Service
465b912b-9a1c-46c7-917f-7c1c5232411d,0,Does Not Provide This Service,0,Does Not Provide This Service,0,Does Not Provide This Service
4667441a-bc4b-45ae-b534-111ede898c84,0,Does Not Provide This Service,0,Does Not Provide This Service,3,Constrained by Size
468c492a-5196-4d8c-b783-168c24851e45,2,Potentially Available,0,Does Not Provide This Service,0,Does Not Provide This Service
46a5d579-9129-4964-a2c3-04f9c8dce1e7,0,Does Not Provide This Service,0,Does Not Provide This Service,0,Does Not Provide This Service
46ae43f1-a1e3-4303-9ef0-54dcc4828048,2,Potentially Available,0,Does Not Provide This Service,0,Does Not Provide This Service
46b0882d-c9d7-48dc-a9c5-aeeb73d9539b,2,Potentially Available,0,Does Not Provide This Service,0,Does Not Provide This Service
46b9b8a0-6e96-42fc-8a65-a7f60120426c,0,Does Not Provide This Service,0,Does Not Provide This Service,0,Does Not Provide This Service
46c4a371-e5cd-4b19-a196-f5c5783c7772,0,Does Not Provide This Service,0,Does Not Provide This Service,0,Does Not Provide This Service
46ca0c83-b1be-4843-9d86-6adf36a1db2b,0,Does Not Provide This Service,0,Does Not Provide This Service,0,Does Not Provide This Service
46ca5ab1-8edd-4966-b4d6-98a30cebf68d,2,Potentially Available,0,Does Not Provide This Service,0,Does Not Provide This Service
46d6dff1-8498-441f-baa9-cddb6ac8aab1,0,Does Not Provide This Service,0,Does Not Provide This Service,0,Does Not Provide This Service
46dc9bb2-2dc2-470e-a1d6-ef4df29efdaf,0,Does Not Provide This Service,0,Does Not Provide This Service,0,Does Not Provide This Service
46e3a40f-6502-442d-b417-e8b6eb715bb5,0,Does Not Provide This Service,0,Does Not Provide This Service,0,Does Not Provide This Service
46e8deb3-c285-4d52-a9b2-bb8df76b237f,1,Likely Available,1,Likely Available,0,Does Not Provide This Service
46edda87-13f4-4a2f-bb8e-ac201a42db0c,0,Does Not Provide This Service,0,Does Not Provide This Service,1,Likely Available
46ef18e7-de23-4849-a018-e49641e14a0d,1,Likely Available,1,Likely Available,0,Does Not Provide This Service
46fde5a4-01b7-4b48-80f6-a80023023fef,0,Does Not Provide This Service,0,Does Not Provide This Service,0,Does Not Provide This Service
46feea27-052e-497d-93fd-d5da04f89b97,2,Potentially Available,0,Does Not Provide This Service,0,Does Not Provide This Service
4700d905-ce51-4e0c-a989-c9730e2ca875,2,Potentially Available,0,Does Not Provide This Service,0,Does Not Provide This Service
470a7ed1-813f-429f-a23f-613ed730217f,0,Does Not Provide This Service,0,Does Not Provide This Service,0,Does Not Provide This Service
47179e4b-1966-4996-aaf5-35b529fc29d5,0,Does Not Provide This Service,0,Does Not Provide This Service,0,Does Not Provide This Service
471eede3-4ad9-46d1-9cd7-f61892fe5123,2,Potentially Available,0,Does Not Provide This Service,0,Does Not Provide This Service
4724d45f-7e6a-4b82-9a11-05d92a9ae0f3,2,Potentially Available,0,Does Not Provide This Service,0,Does Not Provide This Service
472d26dc-bb45-458c-8ef8-f631435f0719,0,Does Not Provide This Service,0,Does Not Provide This Service,0,Does Not Provide This Service
472e7104-b9ef-47e2-b874-5c090b4b4c10,2,Potentially Available,0,Does Not Provide This Service,0,Does Not Provide This Service
472f11ec-5f7f-42d0-b6e9-5f26f4efd65c,2,Potentially Available,0,Does Not Provide This Service,0,Does Not Provide This Service
4736ea7a-ed63-405a-9e89-4946a4c9a44f,2,Potentially Available,0,Does Not Provide This Service,0,Does Not Provide This Service
47446599-7ada-415b-9009-63163909a40c,0,Does Not Provide This Service,0,Does Not Provide This Service,0,Does Not Provide This Service
475dbb02-dacc-40bf-a2ee-c4e36d358a8c,2,Potentially Available,0,Does Not Provide This Service,0,Does Not Provide This Service
477dea40-a704-4515-ace7-ec3114127d2e,0,Does Not Provide This Service,0,Does Not Provide This Service,0,Does Not Provide This Service
478abcb1-62d9-487c-8561-61c18a4ce823,0,Does Not Provide This Service,0,Does Not Provide This Service,0,Does Not Provide This Service
478c5843-e2b3-463a-883a-891caf98ae53,2,Potentially Available,0,Does Not Provide This Service,0,Does Not Provide This Service
479c1892-6494-42cf-ae74-67b2a0e9bcf3,0,Does Not Provide This Service,0,Does Not Provide This Service,0,Does Not Provide This Service
47a36454-f530-4c05-a876-cf945a40575a,2,Potentially Available,0,Does Not Provide This Service,0,Does Not Provide This Service
47ab2660-ab38-454d-9fb2-d23b541a75bb,2,Potentially Available,0,Does Not Provide This Service,0,Does Not Provide This Service
47b4f9d0-9390-44c0-ba8e-61845f9346ff,2,Potentially Available,0,Does Not Provide This Service,0,Does Not Provide This Service
47bc2c33-cd3d-4a39-9898-1d7bc9499a7b,0,Does Not Provide This Service,0,Does Not Provide This Service,0,Does Not Provide This Service
47c2e7bc-95a2-4a39-a24a-4eca6caa8482,0,Does Not Provide This Service,0,Does Not Provide This Service,0,Does Not Provide This Service
47c9e3f9-cce9-4e6e-9fd1-e777edd78666,0,Does Not Provide This Service,0,Does Not Provide This Service,0,Does Not Provide This Service
47d5bacf-e8ca-497b-9602-9561255992af,2,Potentially Available,0,Does Not Provide This Service,0,Does Not Provide This Service
4803c80a-d8ff-48fb-af8d-b2af980ffe1f,0,Does Not Provide This Service,0,Does Not Provide This Service,0,Does Not Provide This Service
4817c36b-eea6-41f0-a3d3-22d4cdfaf479,2,Potentially Available,0,Does Not Provide This Service,0,Does Not Provide This Service
481d06b8-f0f3-41c0-8833-292527c384fd,2,Potentially Available,0,Does Not Provide This Service,0,Does Not Provide This Service
483150ec-7c25-492d-b6bb-014bb9a91739,0,Does Not Provide This Service,0,Does Not Provide This Service,0,Does Not Provide This Service
48369db9-9e56-486e-a531-974ce6d0896e,0,Does Not Provide This Service,0,Does Not Provide This Service,0,Does Not Provide This Service
484857cf-a685-4618-9950-adeb8326bfac,0,Does Not Provide This Service,0,Does Not Provide This Service,0,Does Not Provide This Service
485460ec-acee-4d3c-8dc9-e50448d3b44b,0,Does Not Provide This Service,0,Does Not Provide This Service,0,Does Not Provide This Service
48729541-2582-4872-911e-3e8621b73c1a,0,Does Not Provide This Service,0,Does Not Provide This Service,0,Does Not Provide This Service
48756817-2655-4296-9d82-6e7a049a0a12,2,Potentially Available,5,Highly Constrained,0,Does Not Provide This Service
488f66f3-4378-4dc6-9560-5db1368486e3,0,Does Not Provide This Service,0,Does Not Provide This Service,0,Does Not Provide This Service
48b404c7-cc4a-4616-a044-8abcc0374a6c,0,Does Not Provide This Service,0,Does Not Provide This Service,0,Does Not Provide This Service
48b45f15-942e-4eee-bf1d-9da7a5f31811,0,Does Not Provide This Service,0,Does Not Provide This Service,0,Does Not Provide This Service
48d86571-1a57-4394-ae08-05316d71f78c,2,Potentially Available,0,Does Not Provide This Service,0,Does Not Provide This Service
48e2784d-f5c3-4240-898e-07fee23a9b7f,0,Does Not Provide This Service,0,Does Not Provide This Service,0,Does Not Provide This Service
48e2d775-7d48-4065-a988-b8b188f04a19,2,Potentially Available,0,Does Not Provide This Service,0,Does Not Provide This Service
48fa9e7a-e87e-4878-9dbe-93d05ebbc4ca,2,Potentially Available,0,Does Not Provide This Service,0,Does Not Provide This Service
49044a1f-0f60-43b0-8d74-b581adc62352,2,Potentially Available,0,Does Not Provide This Service,0,Does Not Provide This Service
4904f7b3-2fd0-48bb-bf66-6cc6684f2902,0,Does Not Provide This Service,0,Does Not Provide This Service,1,Likely Available
490b6aaf-5802-45b9-9972-352e0439525a,2,Potentially Available,0,Does Not Provide This Service,0,Does Not Provide This Service
4925d392-0b2c-4e5a-b6a7-1b479fe69fc4,0,Does Not Provide This Service,0,Does Not Provide This Service,0,Does Not Provide This Service
492b1545-0149-469e-9f95-03453b29447d,0,Does Not Provide This Service,0,Does Not Provide This Service,1,Likely Available
492be4bc-35fb-40b4-874d-fb9728c55de2,2,Potentially Available,0,Does Not Provide This Service,0,Does Not Provide This Service
492e6fc9-7903-458c-9fa4-05a942cb6361,2,Potentially Available,0,Does Not Provide This Service,0,Does Not Provide This Service
493a1fad-1714-40b1-be25-954352a77ae0,0,Does Not Provide This Service,0,Does Not Provide This Service,0,Does Not Provide This Service
493d918e-f17d-4603-bc11-7d9cadc76039,0,Does Not Provide This Service,0,Does Not Provide This Service,0,Does Not Provide This Service
493f6210-6e4a-4d0e-8b16-d4b546dc12ec,2,Potentially Available,0,Does Not Provide This Service,0,Does Not Provide This Service
4957b7c3-13d2-42d5-b671-e599f93db1c4,2,Potentially Available,0,Does Not Provide This Service,0,Does Not Provide This Service
495ce47e-0ede-412f-916f-335d160b1dc2,0,Does Not Provide This Service,0,Does Not Provide This Service,0,Does Not Provide This Service
4965abaf-9fca-4b91-bde9-e45c38f7a24d,0,Does Not Provide This Service,0,Does Not Provide This Service,0,Does Not Provide This Service
497c4175-13c1-46c9-8261-ef80caf9211f,0,Does Not Provide This Service,0,Does Not Provide This Service,0,Does Not Provide This Service
49936da9-15aa-4f7a-802e-bb6c0ad0a9ea,2,Potentially Available,0,Does Not Provide This Service,0,Does Not Provide This Service
499c1d98-9510-4b04-b30d-963ecb982559,0,Does Not Provide This Service,0,Does Not Provide This Service,0,Does Not Provide This Service
49a0d378-4f52-46f4-a98b-b7f247f0ea85,2,Potentially Available,0,Does Not Provide This Service,0,Does Not Provide This Service
49a15ffa-2203-4a9e-90b6-67d9902f4e5e,2,Potentially Available,0,Does Not Provide This Service,0,Does Not Provide This Service
49abcf18-052b-4dd2-83e3-8698bf71024a,2,Potentially Available,0,Does Not Provide This Service,0,Does Not Provide This Service
49ae749a-a657-4cd1-bed0-d3c6fdbff514,0,Does Not Provide This Service,0,Does Not Provide This Service,1,Likely Available
49b851a8-1f83-4e3b-89b2-dcdd555ab8fc,0,Does Not Provide This Service,0,Does Not Provide This Service,0,Does Not Provide This Service
49d69274-bd45-4d52-b0ae-6ab545dfddee,0,Does Not Provide This Service,0,Does Not Provide This Service,0,Does Not Provide This Service
49dd276a-548c-4e81-a15b-c5d4cc959369,2,Potentially Available,0,Does Not Provide This Service,0,Does Not Provide This Service
49deed27-5f87-49b6-9137-f0d6c1fa023a,2,Potentially Available,0,Does Not Provide This Service,0,Does Not Provide This Service
49f00ae5-cac7-46f6-99aa-b580f936cd5f,2,Potentially Available,0,Does Not Provide This Service,0,Does Not Provide This Service
49fe4178-facf-49f1-8b8f-1f0442eb2837,0,Does Not Provide This Service,0,Does Not Provide This Service,0,Does Not Provide This Service
4a04e2c5-48ea-4509-9ccf-2bda6192e1ff,2,Potentially Available,0,Does Not Provide This Service,0,Does Not Provide This Service
4a1b53b0-8102-488a-b4d3-beecf62070c0,2,Potentially Available,0,Does Not Provide This Service,0,Does Not Provide This Service
4a4964d0-deb1-4990-bb36-6d8d215957f3,0,Does Not Provide This Service,0,Does Not Provide This Service,3,Constrained by Size
4a4f4d07-afe1-4d22-9ca8-b9cf8d06a882,2,Potentially Available,0,Does Not Provide This Service,0,Does Not Provide This Service
4a57028a-632d-4d19-8532-31d90b5c5ed3,0,Does Not Provide This Service,0,Does Not Provide This Service,0,Does Not Provide This Service
4a8c4e5a-7dc5-47c5-a848-f51d00684bc8,0,Does Not Provide This Service,0,Does Not Provide This Service,0,Does Not Provide This Service
4a8df48f-3eb5-4c1e-98f2-e26997b50459,2,Potentially Available,0,Does Not Provide This Service,0,Does Not Provide This Service
4a921883-8553-4cd2-b7b8-90259757b6b8,2,Potentially Available,0,Does Not Provide This Service,0,Does Not Provide This Service
4aa361ad-2809-4137-8191-997d6bc91e04,2,Potentially Available,0,Does Not Provide This Service,0,Does Not Provide This Service
4ac57f06-8c5c-4890-90ac-71b997cd5173,2,Potentially Available,0,Does Not Provide This Service,0,Does Not Provide This Service
4ac6b877-348f-4880-b21a-0ec5a26ff15e,0,Does Not Provide This Service,0,Does Not Provide This Service,0,Does Not Provide This Service
4aca2e9b-f944-4132-9ccd-ed25fd6dbf77,2,Potentially Available,0,Does Not Provide This Service,0,Does Not Provide This Service
4ad12994-2fa8-4022-9a93-bd7246de8a46,0,Does Not Provide This Service,0,Does Not Provide This Service,0,Does Not Provide This Service
4ad8d919-1c95-4825-9f15-ced7f874ced9,2,Potentially Available,0,Does Not Provide This Service,0,Does Not Provide This Service
4b37aaee-b25e-47bf-a15b-6c66f6366c63,0,Does Not Provide This Service,0,Does Not Provide This Service,0,Does Not Provide This Service
4b4c09cf-d3fb-4c4f-95f2-7b2dbba54689,0,Does Not Provide This Service,0,Does Not Provide This Service,0,Does Not Provide This Service
4b57c2fa-c5fc-4e7e-85c9-34af8cebc9bc,1,Likely Available,1,Likely Available,0,Does Not Provide This Service
4b59815a-24ef-410f-b98d-076eb8048874,0,Does Not Provide This Service,0,Does Not Provide This Service,0,Does Not Provide This Service
4b6034fe-8556-4b6a-b968-27941910dd20,2,Potentially Available,0,Does Not Provide This Service,0,Does Not Provide This Service
4b67a1cf-c6cd-4fd6-95e7-6a01a0172e82,0,Does Not Provide This Service,0,Does Not Provide This Service,0,Does Not Provide This Service
4b6a3d94-0586-4f65-94d6-7b71e7add682,2,Potentially Available,0,Does Not Provide This Service,0,Does Not Provide This Service
4b7c6a52-e6af-4877-9f56-7b3bb968ff4f,2,Potentially Available,0,Does Not Provide This Service,0,Does Not Provide This Service
4b7d7ef4-741a-40f3-a37f-e03b1da55886,2,Potentially Available,0,Does Not Provide This Service,0,Does Not Provide This Service
4b7eab5e-4b75-4cd0-9ea8-40ba442ab18a,2,Potentially Available,0,Does Not Provide This Service,0,Does Not Provide This Service
4b9468f4-9578-43e4-ab25-08c470b1e9fb,0,Does Not Provide This Service,0,Does Not Provide This Service,0,Does Not Provide This Service
4b95a00a-6de0-42e4-9ff9-64122f23c93f,2,Potentially Available,0,Does Not Provide This Service,0,Does Not Provide This Service
4b99923c-b418-4b0d-a751-48bacf7b4a43,0,Does Not Provide This Service,0,Does Not Provide This Service,0,Does Not Provide This Service
4b9d1054-deb5-4d2a-9df5-e33273cbb823,2,Potentially Available,0,Does Not Provide This Service,0,Does Not Provide This Service
4bbac8aa-a182-4216-bcf1-f8097ed6198f,2,Potentially Available,0,Does Not Provide This Service,0,Does Not Provide This Service
4bbeadf2-c1d1-473e-95af-de6bc84c95b8,2,Potentially Available,0,Does Not Provide This Service,0,Does Not Provide This Service
4bc81fd6-3504-439b-8b7b-04b8d1d7516c,0,Does Not Provide This Service,0,Does Not Provide This Service,0,Does Not Provide This Service
4bd411da-4129-45da-8d17-6738dec0863c,0,Does Not Provide This Service,0,Does Not Provide This Service,0,Does Not Provide This Service
4bd79b31-b15c-4d37-bf06-1f9db6605d9c,2,Potentially Available,0,Does Not Provide This Service,0,Does Not Provide This Service
4be2aa41-1af4-4165-9d13-3b19e6ab0bbf,2,Potentially Available,0,Does Not Provide This Service,0,Does Not Provide This Service
4bf263a2-4888-4c59-b70d-f36d37b18117,0,Does Not Provide This Service,0,Does Not Provide This Service,0,Does Not Provide This Service
4c0bc038-09b0-4d8a-97a0-0049fcc9a1a8,0,Does Not Provide This Service,0,Does Not Provide This Service,0,Does Not Provide This Service
4c0ddcaa-30e3-4b26-9329-73a55f1bf04e,2,Potentially Available,0,Does Not Provide This Service,0,Does Not Provide This Service
4c0e8a52-ad7e-4fb8-974c-7a098ce44c8d,2,Potentially Available,0,Does Not Provide This Service,0,Does Not Provide This Service
4c1004b9-7629-45f1-8543-593f059826bf,2,Potentially Available,0,Does Not Provide This Service,0,Does Not Provide This Service
4c1164b4-eca4-43c3-8a95-bb95cc3f9618,0,Does Not Provide This Service,0,Does Not Provide This Service,2,Potentially Available
4c11f127-95a3-4239-9b1c-494b2885d592,2,Potentially Available,1,Likely Available,0,Does Not Provide This Service
4c1abcad-e0ff-4800-a457-7f6f34c10c8a,0,Does Not Provide This Service,0,Does Not Provide This Service,0,Does Not Provide This Service
4c2f79a2-d8fe-4195-b473-3244e623e0ae,2,Potentially Available,0,Does Not Provide This Service,0,Does Not Provide This Service
4c312d03-c2af-4ca0-bcf0-94cfd9253e4d,2,Potentially Available,0,Does Not Provide This Service,0,Does Not Provide This Service
4c34544f-b388-483d-b008-968547cd9019,2,Potentially Available,0,Does Not Provide This Service,0,Does Not Provide This Service
4c38ecbb-320a-4d1e-a1ec-a7f5b5da19a5,2,Potentially Available,0,Does Not Provide This Service,0,Does Not Provide This Service
4c3d6c61-f43d-495e-a91d-8160330b5b79,2,Potentially Available,0,Does Not Provide This Service,0,Does Not Provide This Service
4c45d957-859f-4bbd-aef2-f634c921e1af,0,Does Not Provide This Service,0,Does Not Provide This Service,0,Does Not Provide This Service
4c46c80e-1363-4cac-9c66-8330989fcd26,2,Potentially Available,0,Does Not Provide This Service,0,Does Not Provide This Service
4c4eec59-aed9-41be-9baa-5743b9c010c2,0,Does Not Provide This Service,0,Does Not Provide This Service,0,Does Not Provide This Service
4c575ec9-2d77-4988-a944-a5c6eb637b44,0,Does Not Provide This Service,0,Does Not Provide This Service,0,Does Not Provide This Service
4c632d88-4387-446c-820a-24155a48b73c,0,Does Not Provide This Service,0,Does Not Provide This Service,0,Does Not Provide This Service
4c67dbee-f1fe-450e-8660-2cdae00019ee,0,Does Not Provide This Service,0,Does Not Provide This Service,0,Does Not Provide This Service
4c78fab7-7f18-4ef9-bcf1-a2df5a5b74be,0,Does Not Provide This Service,0,Does Not Provide This Service,0,Does Not Provide This Service
4c7be0b1-0e00-4c43-ba40-00c3b26b1a23,0,Does Not Provide This Service,0,Does Not Provide This Service,0,Does Not Provide This Service
4c8c6fac-853c-48f4-9b4f-b89f78b830e1,0,Does Not Provide This Service,0,Does Not Provide This Service,5,Highly Constrained
4c959fb4-f0d1-4aa1-91d5-354b5e2a9f36,2,Potentially Available,0,Does Not Provide This Service,0,Does Not Provide This Service
4c95deb4-cb9b-4420-bee0-55430c46e4ca,0,Does Not Provide This Service,0,Does Not Provide This Service,0,Does Not Provide This Service
4ca92e72-73a3-4db0-b170-870a2eeb7401,2,Potentially Available,0,Does Not Provide This Service,0,Does Not Provide This Service
4cb019e0-08bc-4e00-8691-fe8f81da790d,0,Does Not Provide This Service,0,Does Not Provide This Service,1,Likely Available
4cb2bd76-1ca5-4da7-bd29-f30e20114f64,0,Does Not Provide This Service,0,Does Not Provide This Service,0,Does Not Provide This Service
4cb5b576-2b5e-4212-8179-31eda3f40a55,0,Does Not Provide This Service,0,Does Not Provide This Service,0,Does Not Provide This Service
4ccc2933-e9df-401f-823f-aa7384c53f74,0,Does Not Provide This Service,0,Does Not Provide This Service,1,Likely Available
4cd9a9f4-6c89-42c1-9ea2-f2eb3bafa864,0,Does Not Provide This Service,0,Does Not Provide This Service,0,Does Not Provide This Service
4ce69f4e-8879-410b-9144-3215989381d0,0,Does Not Provide This Service,0,Does Not Provide This Service,0,Does Not Provide This Service
4cf41815-1eb9-43a7-9056-6bfe23196e05,1,Likely Available,3,Constrained by Size,0,Does Not Provide This Service
4d145e8e-938b-40f0-b341-a1f173b8dff6,0,Does Not Provide This Service,0,Does Not Provide This Service,0,Does Not Provide This Service
4d2275d0-1d93-4a7a-a81e-d144cf5622df,0,Does Not Provide This Service,0,Does Not Provide This Service,0,Does Not Provide This Service
4d482ef8-16a8-42a8-95a7-474e34d76580,0,Does Not Provide This Service,0,Does Not Provide This Service,0,Does Not Provide This Service
4d549802-fe88-4c77-af8c-7793566e76d0,2,Potentially Available,0,Does Not Provide This Service,0,Does Not Provide This Service
4d60367d-c585-4c91-a690-040d4daac5e9,2,Potentially Available,0,Does Not Provide This Service,0,Does Not Provide This Service
4d76558b-8da2-4d09-bee8-890258271bdc,1,Likely Available,4,Constrained by Market,0,Does Not Provide This Service
4db7f957-a4e6-4af9-9d91-ac3cc85852f8,2,Potentially Available,0,Does Not Provide This Service,0,Does Not Provide This Service
4dbf7e08-5edb-4fb2-b2e9-8230f0457383,2,Potentially Available,0,Does Not Provide This Service,0,Does Not Provide This Service
4dc5bc8b-7a76-4a2c-b004-bde7a8090ce2,2,Potentially Available,1,Likely Available,0,Does Not Provide This Service
4dd11ca1-ab3b-4744-9c14-5005c8cdcb44,2,Potentially Available,0,Does Not Provide This Service,0,Does Not Provide This Service
4dd21590-6b54-4b64-b1ad-f9542dafe001,0,Does Not Provide This Service,0,Does Not Provide This Service,0,Does Not Provide This Service
4dda1a7a-476e-440d-8ddc-c63741b3886b,1,Likely Available,4,Constrained by Market,0,Does Not Provide This Service
4ddbaf57-2ba9-4699-96dc-60eeab4b6e79,0,Does Not Provide This Service,0,Does Not Provide This Service,0,Does Not Provide This Service
4de41d29-0150-42b5-b10e-a4744ccd7864,2,Potentially Available,0,Does Not Provide This Service,0,Does Not Provide This Service
4de86461-34b5-4905-b4a2-7d22f655cc5e,0,Does Not Provide This Service,0,Does Not Provide This Service,0,Does Not Provide This Service
4decdda4-78e2-4763-b915-cfe8822ff731,0,Does Not Provide This Service,0,Does Not Provide This Service,0,Does Not Provide This Service
4deda026-ec8e-4ff0-9c28-a7f71b0793a5,0,Does Not Provide This Service,0,Does Not Provide This Service,0,Does Not Provide This Service
4def5781-ad3b-4b19-87ea-99175c669833,2,Potentially Available,0,Does Not Provide This Service,0,Does Not Provide This Service
4df700d4-262e-4bb8-83dd-fc8ed29900e5,2,Potentially Available,0,Does Not Provide This Service,0,Does Not Provide This Service
4e02f01f-07be-46f3-897d-4ca29866f8a4,0,Does Not Provide This Service,0,Does Not Provide This Service,0,Does Not Provide This Service
4e0a7379-1d34-4271-aaef-cfee5462d8e7,2,Potentially Available,0,Does Not Provide This Service,0,Does Not Provide This Service
4e1023a2-e042-4a60-9cd5-a0bbb5e5c7b7,2,Potentially Available,0,Does Not Provide This Service,0,Does Not Provide This Service
4e1c8e97-20c0-46b9-8e0b-f611fce36bbc,0,Does Not Provide This Service,0,Does Not Provide This Service,2,Potentially Available
4e341fd2-47e4-46da-a870-9d8d41b8e3bd,0,Does Not Provide This Service,0,Does Not Provide This Service,0,Does Not Provide This Service
4e36b441-8599-4c29-a416-8831a6ee5eb1,2,Potentially Available,0,Does Not Provide This Service,0,Does Not Provide This Service
4e42cf3b-68f2-4618-b324-d144dd19d207,2,Potentially Available,0,Does Not Provide This Service,0,Does Not Provide This Service
4e49f964-cebb-413b-bbe6-a56b32c7190d,0,Does Not Provide This Service,0,Does Not Provide This Service,0,Does Not Provide This Service
4e4eb94a-750d-4552-a9c4-8c879238384d,2,Potentially Available,0,Does Not Provide This Service,0,Does Not Provide This Service
4e4f4469-be86-4862-8133-113a7b9eadf3,2,Potentially Available,0,Does Not Provide This Service,0,Does Not Provide This Service
4e71c08f-f321-4daf-90f6-dbed796ac825,0,Does Not Provide This Service,0,Does Not Provide This Service,0,Does Not Provide This Service
4e7996fa-cb56-4fb9-a7b5-938eae83ff35,2,Potentially Available,0,Does Not Provide This Service,0,Does Not Provide This Service
4e7cef01-6ca4-4330-b22e-3ad0512297c7,0,Does Not Provide This Service,0,Does Not Provide This Service,0,Does Not Provide This Service
4e8ab005-25b6-497f-9ae7-0b4532a3fa70,0,Does Not Provide This Service,0,Does Not Provide This Service,0,Does Not Provide This Service
4eaebc06-273a-4dc7-a644-b3bb0cd01500,1,Likely Available,4,Constrained by Market,0,Does Not Provide This Service
4ec1dda4-c3ff-496b-bb69-7c4a0414da16,2,Potentially Available,0,Does Not Provide This Service,0,Does Not Provide This Service
4ec59ed3-6738-4192-ba0b-4535403b8d6f,0,Does Not Provide This Service,0,Does Not Provide This Service,0,Does Not Provide This Service
4ed89186-c694-4a58-ae72-2660954edeb8,2,Potentially Available,0,Does Not Provide This Service,0,Does Not Provide This Service
4ededa14-ba87-45a5-81c7-684f3f2d8508,0,Does Not Provide This Service,0,Does Not Provide This Service,0,Does Not Provide This Service
4ee74e9b-0084-4468-835c-2a4d5a619f40,0,Does Not Provide This Service,0,Does Not Provide This Service,1,Likely Available
4f12ed60-9a4b-4391-946f-4191f4d25ece,0,Does Not Provide This Service,0,Does Not Provide This Service,0,Does Not Provide This Service
4f135bfc-7bb7-45af-a15d-888ec4155b43,2,Potentially Available,0,Does Not Provide This Service,0,Does Not Provide This Service
4f20ec9b-5afb-428a-948e-4240779b1905,0,Does Not Provide This Service,0,Does Not Provide This Service,0,Does Not Provide This Service
4f242a33-386a-42d0-ab57-bdb9d8e95c8e,2,Potentially Available,0,Does Not Provide This Service,0,Does Not Provide This Service
4f283a04-104c-456c-951f-cfa97c13d2d4,2,Potentially Available,0,Does Not Provide This Service,0,Does Not Provide This Service
4f31f32e-eb51-41b8-b894-25b98327733a,2,Potentially Available,0,Does Not Provide This Service,0,Does Not Provide This Service
4f52e2a6-4835-436e-9272-9a4023f8f69b,2,Potentially Available,0,Does Not Provide This Service,0,Does Not Provide This Service
4f85e486-8d19-4324-a3b6-26e2a704ff91,0,Does Not Provide This Service,0,Does Not Provide This Service,0,Does Not Provide This Service
4f89135c-547e-4c26-b117-54fb2338a6fa,0,Does Not Provide This Service,0,Does Not Provide This Service,0,Does Not Provide This Service
4f902e20-5663-4c25-9432-11dd9b7a60c2,2,Potentially Available,0,Does Not Provide This Service,0,Does Not Provide This Service
4f94075f-f85c-4758-ae15-c63fc3dac3d8,2,Potentially Available,0,Does Not Provide This Service,0,Does Not Provide This Service
4fa0f97d-d9b6-4ce0-a915-df3f817b3710,0,Does Not Provide This Service,0,Does Not Provide This Service,0,Does Not Provide This Service
4fa35e92-2aba-411c-9fe9-9e17dc5bea2c,0,Does Not Provide This Service,0,Does Not Provide This Service,0,Does Not Provide This Service
4fa4cedb-b76d-4711-9a51-669f2336ec4c,0,Does Not Provide This Service,0,Does Not Provide This Service,0,Does Not Provide This Service
4faae743-7af0-46d8-9638-a871b4de161d,2,Potentially Available,0,Does Not Provide This Service,0,Does Not Provide This Service
4fd1e053-0d24-4a3f-8034-7a2cf0eeac0f,2,Potentially Available,0,Does Not Provide This Service,0,Does Not Provide This Service
4fe8361b-e220-4ea6-8607-96e3e2c1ca23,2,Potentially Available,0,Does Not Provide This Service,0,Does Not Provide This Service
4ff4f23a-07bf-4441-b181-b1d6e1f53b50,2,Potentially Available,0,Does Not Provide This Service,0,Does Not Provide This Service
4ffdd55c-cd04-458f-b8b7-214e1865a504,0,Does Not Provide This Service,0,Does Not Provide This Service,0,Does Not Provide This Service
5005fe52-7e84-4697-8fbe-b9d0aac61289,2,Potentially Available,0,Does Not Provide This Service,0,Does Not Provide This Service
500d29a3-8e6a-43c3-be7f-678ee384323c,0,Does Not Provide This Service,0,Does Not Provide This Service,0,Does Not Provide This Service
500f63c9-ac60-4a77-9edf-22cedec01fa3,0,Does Not Provide This Service,0,Does Not Provide This Service,0,Does Not Provide This Service
50184a25-54b8-4e57-be1d-dfa7b9a38531,0,Does Not Provide This Service,0,Does Not Provide This Service,0,Does Not Provide This Service
5018675d-c625-4ce9-8c06-bb8499d71f83,0,Does Not Provide This Service,0,Does Not Provide This Service,0,Does Not Provide This Service
501d2ca5-4440-4dd5-a7e8-11899c99643c,2,Potentially Available,0,Does Not Provide This Service,0,Does Not Provide This Service
503138d7-ba68-4b6f-a403-be172bfc5cc4,2,Potentially Available,0,Does Not Provide This Service,0,Does Not Provide This Service
503affb8-362e-474d-830f-c3b1be570cf1,0,Does Not Provide This Service,0,Does Not Provide This Service,0,Does Not Provide This Service
503d5914-fb1c-4f8e-b90b-4810fac7cbe9,2,Potentially Available,0,Does Not Provide This Service,0,Does Not Provide This Service
5040ca64-cb33-485d-a35e-83e9b8bd77ba,2,Potentially Available,0,Does Not Provide This Service,0,Does Not Provide This Service
50443656-bc37-4968-80bc-142c37118381,0,Does Not Provide This Service,0,Does Not Provide This Service,0,Does Not Provide This Service
5048ef7c-900f-4f7b-ac62-b4e8c0ebfcf3,0,Does Not Provide This Service,0,Does Not Provide This Service,0,Does Not Provide This Service
50498009-ce8f-477d-8082-360b851746f7,1,Likely Available,0,Does Not Provide This Service,0,Does Not Provide This Service
504db148-0bcf-483b-a18d-aa97d9315d2e,2,Potentially Available,0,Does Not Provide This Service,0,Does Not Provide This Service
504e70a4-c7d6-4a2c-ac4d-fdfbc6381dc4,0,Does Not Provide This Service,0,Does Not Provide This Service,0,Does Not Provide This Service
5054550c-3a95-4ff8-aac3-93c6c774cc85,0,Does Not Provide This Service,0,Does Not Provide This Service,0,Does Not Provide This Service
50671da2-1585-4277-9838-effb2b30ff95,2,Potentially Available,0,Does Not Provide This Service,0,Does Not Provide This Service
508747a2-8bef-4d25-bfd6-9b5e3941330a,2,Potentially Available,0,Does Not Provide This Service,0,Does Not Provide This Service
509e7601-2cff-4c1f-ba55-9bbd0ddfc4cd,0,Does Not Provide This Service,0,Does Not Provide This Service,0,Does Not Provide This Service
50b387d5-553c-4f65-83be-83c52b9196b6,0,Does Not Provide This Service,0,Does Not Provide This Service,0,Does Not Provide This Service
50bbd3e5-3167-4817-9785-7b9e17723b85,0,Does Not Provide This Service,0,Does Not Provide This Service,0,Does Not Provide This Service
50caffee-0efb-4830-9018-c59c6c4d78bf,1,Likely Available,5,Highly Constrained,0,Does Not Provide This Service
50df487f-0ef4-4dbf-8a1a-2bda97773863,0,Does Not Provide This Service,0,Does Not Provide This Service,0,Does Not Provide This Service
50e2e6ad-dffa-44be-8916-cff07566fdcf,0,Does Not Provide This Service,0,Does Not Provide This Service,0,Does Not Provide This Service
50f343f8-b55e-4b4e-b5d3-84578beb5af1,0,Does Not Provide This Service,0,Does Not Provide This Service,0,Does Not Provide This Service
5110a5b8-1bc5-4ced-a6c0-66037cd91395,0,Does Not Provide This Service,0,Does Not Provide This Service,0,Does Not Provide This Service
511299df-05f6-4bc2-ad34-aff2520ada9f,2,Potentially Available,0,Does Not Provide This Service,0,Does Not Provide This Service
511593fe-354f-4ce9-b9f5-d54f7595dae4,2,Potentially Available,0,Does Not Provide This Service,0,Does Not Provide This Service
511a936e-0322-4f52-b90c-e180680de6c7,0,Does Not Provide This Service,0,Does Not Provide This Service,0,Does Not Provide This Service
512078e1-ea29-4743-9222-ec1a6c445bf0,0,Does Not Provide This Service,0,Does Not Provide This Service,0,Does Not Provide This Service
5123e216-92ee-4303-9190-e32b98a40eeb,2,Potentially Available,0,Does Not Provide This Service,0,Does Not Provide This Service
51303f08-8ffe-4a46-9458-f269a6b04b13,2,Potentially Available,0,Does Not Provide This Service,0,Does Not Provide This Service
513d3c2e-f9ea-4f46-8f48-baf8815e6e7b,0,Does Not Provide This Service,0,Does Not Provide This Service,0,Does Not Provide This Service
51470e1f-c9ec-4c77-ac54-8678908e4f2d,0,Does Not Provide This Service,0,Does Not Provide This Service,0,Does Not Provide This Service
5151d858-0c3d-496f-a3b8-fa2926d5de97,0,Does Not Provide This Service,0,Does Not Provide This Service,0,Does Not Provide This Service
515db3dc-63c0-42ff-a242-2a2ec57c077c,0,Does Not Provide This Service,0,Does Not Provide This Service,0,Does Not Provide This Service
51626e66-70d8-4f83-b3e7-0cf4b5b47fbd,2,Potentially Available,0,Does Not Provide This Service,0,Does Not Provide This Service
51689d4d-8be5-4a5c-a262-51328675677a,2,Potentially Available,0,Does Not Provide This Service,0,Does Not Provide This Service
516b4d99-b592-434e-b524-67a32cf71777,0,Does Not Provide This Service,0,Does Not Provide This Service,0,Does Not Provide This Service
518859f3-7633-4e40-bee0-4a4f10573699,0,Does Not Provide This Service,0,Does Not Provide This Service,0,Does Not Provide This Service
51891c7a-3da3-4c1d-a96e-948c076cda82,0,Does Not Provide This Service,0,Does Not Provide This Service,0,Does Not Provide This Service
518dfcd9-10dd-4044-b773-b04c4290e151,2,Potentially Available,0,Does Not Provide This Service,0,Does Not Provide This Service
5193e6a9-bba5-4bc8-966b-e74cd91265cc,0,Does Not Provide This Service,0,Does Not Provide This Service,0,Does Not Provide This Service
519e4a89-f8c5-4e51-9b72-e60ad89ab268,2,Potentially Available,0,Does Not Provide This Service,0,Does Not Provide This Service
51a1aeb2-b588-4b34-99b9-e30c0c767ce0,0,Does Not Provide This Service,0,Does Not Provide This Service,2,Potentially Available
51b20646-8b22-4386-ab17-149688c46521,0,Does Not Provide This Service,0,Does Not Provide This Service,0,Does Not Provide This Service
51d3127c-51df-40af-b564-0517e2c221e6,2,Potentially Available,0,Does Not Provide This Service,0,Does Not Provide This Service
51d51aeb-08bd-4d72-961c-6e5b7e2902fc,2,Potentially Available,0,Does Not Provide This Service,0,Does Not Provide This Service
51ebc325-20d8-4724-b3ed-0a5d5618e26c,2,Potentially Available,0,Does Not Provide This Service,0,Does Not Provide This Service
51ec65fa-71f2-4360-83aa-e7432a670446,0,Does Not Provide This Service,0,Does Not Provide This Service,0,Does Not Provide This Service
51fdf0c6-08ca-47dc-8bfe-e958feb4a832,0,Does Not Provide This Service,0,Does Not Provide This Service,0,Does Not Provide This Service
520dc06f-815d-43a7-8567-cbf9726d098a,2,Potentially Available,0,Does Not Provide This Service,0,Does Not Provide This Service
520ef2e0-ac08-4664-a88f-f8b40f1dbb3c,0,Does Not Provide This Service,0,Does Not Provide This Service,0,Does Not Provide This Service
52134fdd-1673-493f-990a-5f1ebeaa8f5f,2,Potentially Available,0,Does Not Provide This Service,0,Does Not Provide This Service
521ba3e1-77d2-4570-bcd0-bddef4f36116,2,Potentially Available,0,Does Not Provide This Service,0,Does Not Provide This Service
524afea3-3e8a-445a-8547-6409ef50bbd9,2,Potentially Available,0,Does Not Provide This Service,0,Does Not Provide This Service
52681274-6687-4f9d-aa08-ac8b8b2a930b,0,Does Not Provide This Service,0,Does Not Provide This Service,0,Does Not Provide This Service
526f7c3d-9508-4b01-aa5d-7d191ec077d4,2,Potentially Available,0,Does Not Provide This Service,0,Does Not Provide This Service
5277ca1f-8569-4981-8da2-b66f5f0ab104,2,Potentially Available,0,Does Not Provide This Service,0,Does Not Provide This Service
52787273-e272-426a-9530-946cf37438eb,0,Does Not Provide This Service,0,Does Not Provide This Service,0,Does Not Provide This Service
529542e8-381f-42cb-adee-1c7e3cb75941,2,Potentially Available,0,Does Not Provide This Service,0,Does Not Provide This Service
52ae461a-8ed8-477b-b60f-65f8a4fb775e,0,Does Not Provide This Service,0,Does Not Provide This Service,0,Does Not Provide This Service
52b06eed-772d-41f5-8c92-5c0d4b49a2b5,2,Potentially Available,0,Does Not Provide This Service,0,Does Not Provide This Service
52b17779-6192-411a-a301-ff7866e11bc3,0,Does Not Provide This Service,0,Does Not Provide This Service,0,Does Not Provide This Service
52b318bd-8903-4e14-9595-f5a6523fc5c7,2,Potentially Available,0,Does Not Provide This Service,0,Does Not Provide This Service
52cd369f-3aed-4999-81dc-1c6426f5ca6f,0,Does Not Provide This Service,0,Does Not Provide This Service,0,Does Not Provide This Service
52d474e7-f952-4edd-b13a-159372220bbc,0,Does Not Provide This Service,0,Does Not Provide This Service,0,Does Not Provide This Service
52d9298e-58b4-4513-819d-83772d17995a,0,Does Not Provide This Service,0,Does Not Provide This Service,0,Does Not Provide This Service
52d969d6-aa8f-4b76-933e-8e8bc5852179,2,Potentially Available,0,Does Not Provide This Service,0,Does Not Provide This Service
52dd2b7a-5e8a-4b01-9833-8db54360ce5f,0,Does Not Provide This Service,0,Does Not Provide This Service,0,Does Not Provide This Service
52deb364-40b9-4991-9bd3-9bb101358032,0,Does Not Provide This Service,0,Does Not Provide This Service,0,Does Not Provide This Service
52f8fd44-446e-43a6-b501-e33592cf2df4,2,Potentially Available,0,Does Not Provide This Service,0,Does Not Provide This Service
52ffe51e-1a3a-446f-a72d-7d474a225273,0,Does Not Provide This Service,0,Does Not Provide This Service,0,Does Not Provide This Service
530015ac-e6a6-4dc8-ace8-ec178f32c9eb,2,Potentially Available,0,Does Not Provide This Service,0,Does Not Provide This Service
53036c42-b22a-4d43-bf58-555a09807d5e,0,Does Not Provide This Service,0,Does Not Provide This Service,0,Does Not Provide This Service
5305b18d-27b9-4a5b-ae40-89d6de0e2b61,1,Likely Available,0,Does Not Provide This Service,0,Does Not Provide This Service
5308d08e-6276-4fe3-9477-2a91caa318a4,0,Does Not Provide This Service,0,Does Not Provide This Service,0,Does Not Provide This Service
530fa741-bda6-4310-9187-b5fb062fe2a1,2,Potentially Available,0,Does Not Provide This Service,0,Does Not Provide This Service
5311e6a8-0659-409b-a6c0-5a29f3c0c794,0,Does Not Provide This Service,0,Does Not Provide This Service,0,Does Not Provide This Service
5319343f-2201-43b9-82f6-e8ec0af992f6,2,Potentially Available,0,Does Not Provide This Service,0,Does Not Provide This Service
532e5089-81e7-4612-b9f9-ca92e3f9f986,0,Does Not Provide This Service,0,Does Not Provide This Service,0,Does Not Provide This Service
534aa37d-6396-4523-b1f2-47c703e85e81,2,Potentially Available,0,Does Not Provide This Service,0,Does Not Provide This Service
53547c91-ab8b-404d-87e0-54b89fb92575,1,Likely Available,4,Constrained by Market,0,Does Not Provide This Service
536b100c-6a0b-4e87-9575-65861a7ab42a,2,Potentially Available,0,Does Not Provide This Service,0,Does Not Provide This Service
5374a4c7-86cc-45ba-bc2c-50763524131b,1,Likely Available,1,Likely Available,0,Does Not Provide This Service
53b46382-4875-49ae-85e8-51e3a1ce45d4,2,Potentially Available,0,Does Not Provide This Service,0,Does Not Provide This Service
53bd81e7-fdaa-4ec1-bc25-c754be7f983b,2,Potentially Available,0,Does Not Provide This Service,0,Does Not Provide This Service
53f7acd8-b61f-4b95-93fb-ba795fa97324,0,Does Not Provide This Service,0,Does Not Provide This Service,0,Does Not Provide This Service
5406c2bc-fc22-43e8-88f8-79dedd5c502e,2,Potentially Available,0,Does Not Provide This Service,0,Does Not Provide This Service
541594f1-a037-46b3-b7e0-907bac5bfefb,0,Does Not Provide This Service,0,Does Not Provide This Service,0,Does Not Provide This Service
542766ba-f2c5-4fd1-a8e6-0453dcac3905,2,Potentially Available,0,Does Not Provide This Service,0,Does Not Provide This Service
5435fbbe-a55c-4110-8cbe-6c19ba5225b4,2,Potentially Available,0,Does Not Provide This Service,0,Does Not Provide This Service
5437c1a6-03a6-4e33-830b-3bfdfadf229d,0,Does Not Provide This Service,0,Does Not Provide This Service,0,Does Not Provide This Service
54418713-24d9-43c6-8449-9342cb909640,2,Potentially Available,0,Does Not Provide This Service,0,Does Not Provide This Service
544728ed-d604-47f4-bf16-e7ef0b06d42c,2,Potentially Available,0,Does Not Provide This Service,0,Does Not Provide This Service
544c9d4f-e606-4370-8fd9-adabc2d6c058,0,Does Not Provide This Service,4,Constrained by Market,0,Does Not Provide This Service
54542205-7510-4630-93cc-93018f96f064,2,Potentially Available,0,Does Not Provide This Service,0,Does Not Provide This Service
5458563d-4861-4071-bc77-2365f5037eeb,0,Does Not Provide This Service,0,Does Not Provide This Service,0,Does Not Provide This Service
546c5382-b9d3-4de7-b633-7b0a91d61dc4,0,Does Not Provide This Service,0,Does Not Provide This Service,0,Does Not Provide This Service
54700328-306b-4b62-b97d-24f36b3446c4,0,Does Not Provide This Service,0,Does Not Provide This Service,0,Does Not Provide This Service
54779efe-ea4b-47e7-bce9-740d300e73c4,2,Potentially Available,0,Does Not Provide This Service,0,Does Not Provide This Service
5486a6e7-0ccf-4d2d-8ed5-67254804c70f,0,Does Not Provide This Service,0,Does Not Provide This Service,0,Does Not Provide This Service
5497b5c2-90a0-4bfd-9ff4-fd06b45cb142,2,Potentially Available,0,Does Not Provide This Service,0,Does Not Provide This Service
549d8445-4dca-4bf1-a982-cfd37dcbad29,0,Does Not Provide This Service,0,Does Not Provide This Service,0,Does Not Provide This Service
54a6dcbe-393f-45ad-bd84-cb222f4c9f5c,2,Potentially Available,0,Does Not Provide This Service,0,Does Not Provide This Service
54b3df26-7296-4b22-b914-6ba20a1ef1fd,2,Potentially Available,0,Does Not Provide This Service,0,Does Not Provide This Service
54c272ef-b114-4a0a-8e0d-edf8528b7e9a,0,Does Not Provide This Service,0,Does Not Provide This Service,0,Does Not Provide This Service
54e66632-dffd-495f-a433-bc06cf0c51db,2,Potentially Available,0,Does Not Provide This Service,0,Does Not Provide This Service
55036013-8848-45af-ba2b-f5d0d0fffa96,2,Potentially Available,0,Does Not Provide This Service,0,Does Not Provide This Service
5503c918-426b-4f68-87e0-70c934e96bd5,2,Potentially Available,0,Does Not Provide This Service,0,Does Not Provide This Service
551abe21-549f-4be0-8f6c-980b0b3412fd,0,Does Not Provide This Service,0,Does Not Provide This Service,0,Does Not Provide This Service
551d2799-7062-452a-8eb3-5389aa587854,0,Does Not Provide This Service,0,Does Not Provide This Service,0,Does Not Provide This Service
55276d8c-fe5c-4ce1-9101-eb5122ec7a62,0,Does Not Provide This Service,0,Does Not Provide This Service,0,Does Not Provide This Service
5550de83-9646-4744-aebf-d921cb3d6605,0,Does Not Provide This Service,0,Does Not Provide This Service,0,Does Not Provide This Service
5559323c-8c4a-4a6c-b9bc-c7fb3eaaf19d,2,Potentially Available,0,Does Not Provide This Service,0,Does Not Provide This Service
555c7ae8-be67-4f7e-b462-1497bd04341d,2,Potentially Available,0,Does Not Provide This Service,0,Does Not Provide This Service
55607594-068d-4543-a580-f9571b3cde31,2,Potentially Available,4,Constrained by Market,0,Does Not Provide This Service
556e3b67-2e4e-4395-81fa-cab8b325066c,0,Does Not Provide This Service,0,Does Not Provide This Service,0,Does Not Provide This Service
55703e6f-7d6a-4b85-b46f-8c446a435687,0,Does Not Provide This Service,0,Does Not Provide This Service,0,Does Not Provide This Service
557adb82-ecae-4577-ab03-8f9d1c092c8f,2,Potentially Available,0,Does Not Provide This Service,0,Does Not Provide This Service
557d44fd-fc21-4337-9040-1d84f2db7c06,0,Does Not Provide This Service,0,Does Not Provide This Service,0,Does Not Provide This Service
557e9df5-f547-439d-b895-17135989e148,0,Does Not Provide This Service,0,Does Not Provide This Service,0,Does Not Provide This Service
5580802c-bc48-48b9-9e26-b8e0ffb99de3,0,Does Not Provide This Service,0,Does Not Provide This Service,0,Does Not Provide This Service
5580bb1d-27f0-4113-a1d6-d3e8e0a56026,2,Potentially Available,0,Does Not Provide This Service,0,Does Not Provide This Service
558ab61d-d754-4c04-a9d5-74cfa5b41d65,0,Does Not Provide This Service,0,Does Not Provide This Service,0,Does Not Provide This Service
558ed0be-0c51-4829-8492-333fe5ec1106,0,Does Not Provide This Service,0,Does Not Provide This Service,0,Does Not Provide This Service
559e9698-e225-41d9-a992-95cd628dd1e2,2,Potentially Available,0,Does Not Provide This Service,0,Does Not Provide This Service
55a12d83-7a9d-4e54-8408-3f48aaa9b6cd,0,Does Not Provide This Service,0,Does Not Provide This Service,0,Does Not Provide This Service
55b04f05-f485-458b-af19-70ed955e0462,2,Potentially Available,0,Does Not Provide This Service,0,Does Not Provide This Service
55bf3eda-c675-4d6a-98a4-e51e44e51fab,2,Potentially Available,0,Does Not Provide This Service,0,Does Not Provide This Service
55dc65e1-3b4e-4e0c-8523-506ea010f0ed,0,Does Not Provide This Service,0,Does Not Provide This Service,0,Does Not Provide This Service
55dd00ec-dd11-4f03-ae6c-6d3807289ff3,2,Potentially Available,0,Does Not Provide This Service,0,Does Not Provide This Service
55e187dd-16af-4e9b-9afc-c173fc13ba08,2,Potentially Available,0,Does Not Provide This Service,0,Does Not Provide This Service
560acda8-0088-497b-b12e-ff458a7f4ebe,0,Does Not Provide This Service,0,Does Not Provide This Service,3,Constrained by Size
56249e47-1958-4d7d-8d6a-a2ed901c15af,2,Potentially Available,0,Does Not Provide This Service,0,Does Not Provide This Service
562949ab-c4fe-47ad-968e-d37e0edcccb3,0,Does Not Provide This Service,0,Does Not Provide This Service,0,Does Not Provide This Service
56330267-d39c-45ec-84b4-d786650ea59d,1,Likely Available,0,Does Not Provide This Service,0,Does Not Provide This Service
563c72da-37a8-454b-ae6e-2e11845cbb23,0,Does Not Provide This Service,0,Does Not Provide This Service,0,Does Not Provide This Service
5649b9ed-22c2-48df-8c01-4aa87a6824ca,2,Potentially Available,0,Does Not Provide This Service,0,Does Not Provide This Service
564f78b7-01a6-43d6-a9ac-889c4e007c0d,2,Potentially Available,0,Does Not Provide This Service,0,Does Not Provide This Service
56a5f5e2-3543-44f2-9a93-af0e1d958e68,0,Does Not Provide This Service,0,Does Not Provide This Service,0,Does Not Provide This Service
56c2fdad-0fb0-44ae-96c9-29903057d2f1,2,Potentially Available,0,Does Not Provide This Service,0,Does Not Provide This Service
56fb0d33-4437-45c1-af73-dbcb7cd92b29,0,Does Not Provide This Service,0,Does Not Provide This Service,0,Does Not Provide This Service
5701b6d7-3c8d-42ae-a6cb-f7b571df3292,2,Potentially Available,0,Does Not Provide This Service,0,Does Not Provide This Service
57058003-b201-48cf-a9e0-5f510bcc3938,0,Does Not Provide This Service,0,Does Not Provide This Service,0,Does Not Provide This Service
57184458-bfa1-4a76-b78c-5a8289dacbf8,2,Potentially Available,0,Does Not Provide This Service,0,Does Not Provide This Service
571c2c8a-ef2f-40a0-9c59-73e60a59afe1,0,Does Not Provide This Service,0,Does Not Provide This Service,0,Does Not Provide This Service
57229ef6-b274-41e6-93e6-51a52ad46d27,2,Potentially Available,0,Does Not Provide This Service,0,Does Not Provide This Service
5723523c-2cd4-4f79-8ed9-412e9fb96c43,0,Does Not Provide This Service,0,Does Not Provide This Service,0,Does Not Provide This Service
572945f9-5da5-400e-b3e5-450b2a766f20,2,Potentially Available,0,Does Not Provide This Service,0,Does Not Provide This Service
5737f9b5-b506-480f-8594-83f33a8df5a1,0,Does Not Provide This Service,0,Does Not Provide This Service,0,Does Not Provide This Service
573af04c-1de3-45c6-8067-a9b2ed5ba6bd,0,Does Not Provide This Service,0,Does Not Provide This Service,3,Constrained by Size
5751d014-c60a-4021-a298-ed1172aadebc,2,Potentially Available,0,Does Not Provide This Service,0,Does Not Provide This Service
57536eb0-a9d0-4027-89c9-a7f6714ab12d,1,Likely Available,1,Likely Available,0,Does Not Provide This Service
575cc89f-19c7-48bd-bac8-599bf4798db5,0,Does Not Provide This Service,0,Does Not Provide This Service,0,Does Not Provide This Service
575cfb10-0680-4da9-871e-ec449597a498,0,Does Not Provide This Service,0,Does Not Provide This Service,0,Does Not Provide This Service
576ba4cd-c36a-43fc-865c-c3e2c281e7ed,1,Likely Available,0,Does Not Provide This Service,0,Does Not Provide This Service
57709364-9c60-4291-8c6d-9540e2f6e061,2,Potentially Available,0,Does Not Provide This Service,0,Does Not Provide This Service
577fb292-6aaa-4a35-b844-faf54b82203a,2,Potentially Available,0,Does Not Provide This Service,0,Does Not Provide This Service
577fc613-34ac-426d-9841-020fcf1e7213,0,Does Not Provide This Service,0,Does Not Provide This Service,0,Does Not Provide This Service
57851b97-87d3-4cc4-8957-f112c886d755,0,Does Not Provide This Service,0,Does Not Provide This Service,0,Does Not Provide This Service
5787c545-ae5d-4c1a-a6c0-dc9c93a9bf6a,0,Does Not Provide This Service,0,Does Not Provide This Service,0,Does Not Provide This Service
578fe0d9-232e-4104-a780-0b6748858c87,2,Potentially Available,0,Does Not Provide This Service,0,Does Not Provide This Service
57c328ef-1015-445c-8540-6f37532982ae,2,Potentially Available,0,Does Not Provide This Service,0,Does Not Provide This Service
57c622ca-c7b6-458f-8f74-d1798be15834,2,Potentially Available,0,Does Not Provide This Service,0,Does Not Provide This Service
57d449cc-fd73-42b3-85bb-becb91a0bdfe,0,Does Not Provide This Service,0,Does Not Provide This Service,0,Does Not Provide This Service
57d4a703-4834-4138-a48f-6a4e110cec40,2,Potentially Available,0,Does Not Provide This Service,0,Does Not Provide This Service
57e3eb37-ddd5-408d-9f8f-76f3cdc0ab8e,2,Potentially Available,0,Does Not Provide This Service,0,Does Not Provide This Service
57ecbf08-8fb8-4b75-9f93-50c37eb72bf4,0,Does Not Provide This Service,0,Does Not Provide This Service,0,Does Not Provide This Service
57f35615-0afd-4637-b165-4de34c12b2f7,0,Does Not Provide This Service,0,Does Not Provide This Service,0,Does Not Provide This Service
58028de8-2bb5-4083-90a1-0bcd27acb557,0,Does Not Provide This Service,0,Does Not Provide This Service,0,Does Not Provide This Service
580b0cb9-f95a-4f86-801e-d774d75ad1a4,2,Potentially Available,0,Does Not Provide This Service,0,Does Not Provide This Service
582b99d3-361c-4c69-8d1c-813012881075,2,Potentially Available,0,Does Not Provide This Service,0,Does Not Provide This Service
583480eb-a6dd-4f0b-8e99-a2f262cef760,2,Potentially Available,0,Does Not Provide This Service,0,Does Not Provide This Service
58401958-ac82-4553-b3f3-e980b8f5af2e,0,Does Not Provide This Service,0,Does Not Provide This Service,0,Does Not Provide This Service
584253f2-ed6b-4b47-b305-0b337f361e13,0,Does Not Provide This Service,0,Does Not Provide This Service,0,Does Not Provide This Service
584852b7-d3e0-471f-8e28-97e74a9e8064,0,Does Not Provide This Service,0,Does Not Provide This Service,0,Does Not Provide This Service
584ad9e6-b23a-4fc6-bb62-eacaf3a57aeb,2,Potentially Available,0,Does Not Provide This Service,0,Does Not Provide This Service
584f064f-d29b-4f4a-b166-514cae265723,0,Does Not Provide This Service,0,Does Not Provide This Service,0,Does Not Provide This Service
586a72c8-f5a1-483a-8341-53cd34098757,0,Does Not Provide This Service,0,Does Not Provide This Service,1,Likely Available
586dc062-6791-44ee-8df5-e085b9305899,2,Potentially Available,0,Does Not Provide This Service,0,Does Not Provide This Service
5874347f-c350-4cb0-8d6f-bc6682b9f0f3,0,Does Not Provide This Service,0,Does Not Provide This Service,0,Does Not Provide This Service
58770fb2-5097-4a9e-9409-01cad5a001e6,0,Does Not Provide This Service,0,Does Not Provide This Service,4,Constrained by Market
587ca819-76b3-4ad6-9203-84d7ddb850ff,1,Likely Available,1,Likely Available,0,Does Not Provide This Service
588cb10e-e81f-43b3-a20c-b636b3a0ad2e,2,Potentially Available,0,Does Not Provide This Service,0,Does Not Provide This Service
58931722-5f70-41fa-a963-b5519b9ba280,0,Does Not Provide This Service,0,Does Not Provide This Service,0,Does Not Provide This Service
58b1fd1a-db45-405c-8d61-0f903c82f56a,2,Potentially Available,0,Does Not Provide This Service,0,Does Not Provide This Service
58c61ab6-6b8f-4e19-933d-f337725a4049,2,Potentially Available,0,Does Not Provide This Service,0,Does Not Provide This Service
58e6ab9e-e734-4f55-8ea3-336c8bb480f7,0,Does Not Provide This Service,0,Does Not Provide This Service,0,Does Not Provide This Service
590b7993-d6d6-496c-b31e-b9145f4dbfae,2,Potentially Available,0,Does Not Provide This Service,0,Does Not Provide This Service
5911caad-9139-4be2-b1ec-1301154474a7,0,Does Not Provide This Service,0,Does Not Provide This Service,0,Does Not Provide This Service
591f5b7e-f5b2-4656-b641-0e8490c73b39,1,Likely Available,1,Likely Available,0,Does Not Provide This Service
592cb93a-4b4c-44cc-9a00-2fddb8f69257,1,Likely Available,0,Does Not Provide This Service,0,Does Not Provide This Service
5933bb56-1b10-459e-bb30-faf5c4031458,2,Potentially Available,0,Does Not Provide This Service,0,Does Not Provide This Service
5935bb53-d146-4fdd-95e7-4a914cf1fa90,2,Potentially Available,0,Does Not Provide This Service,0,Does Not Provide This Service
5937a064-d98b-403d-8841-9bfef770059c,0,Does Not Provide This Service,0,Does Not Provide This Service,0,Does Not Provide This Service
5957febc-bc67-47bf-804d-f3014dc579da,0,Does Not Provide This Service,0,Does Not Provide This Service,3,Constrained by Size
59585292-53f6-448e-87e3-709be50d83f8,0,Does Not Provide This Service,0,Does Not Provide This Service,0,Does Not Provide This Service
597630a3-4392-4d31-a8c2-e1aa025d65f6,2,Potentially Available,0,Does Not Provide This Service,0,Does Not Provide This Service
598a7d59-5bad-4a59-bf2f-9e2a26448f9c,2,Potentially Available,0,Does Not Provide This Service,0,Does Not Provide This Service
599f7502-40cd-4dcc-88ec-bbf70ada4d98,0,Does Not Provide This Service,0,Does Not Provide This Service,0,Does Not Provide This Service
59a0b6ab-4db5-4f33-9ced-e4cd4fb5f64d,0,Does Not Provide This Service,0,Does Not Provide This Service,0,Does Not Provide This Service
59a914bb-436e-4757-a842-b699960149ef,0,Does Not Provide This Service,0,Does Not Provide This Service,5,Highly Constrained
59b417aa-21f8-4568-b507-81a1735a4170,0,Does Not Provide This Service,0,Does Not Provide This Service,0,Does Not Provide This Service
59c0eaf0-643e-4be9-ab85-5ebabd58c1af,2,Potentially Available,0,Does Not Provide This Service,0,Does Not Provide This Service
59cd05af-6499-4e0b-867b-066e2f02adb1,2,Potentially Available,0,Does Not Provide This Service,0,Does Not Provide This Service
59eaf1f2-a92e-4aed-948f-2c6e1de33a34,2,Potentially Available,0,Does Not Provide This Service,0,Does Not Provide This Service
59ef528d-5090-4d29-8b17-8b27f745465e,2,Potentially Available,0,Does Not Provide This Service,0,Does Not Provide This Service
59f21739-35a9-478d-8fcc-4b5c0e35a332,2,Potentially Available,0,Does Not Provide This Service,0,Does Not Provide This Service
59f54c0d-d2c0-459b-9980-c849bebc9773,0,Does Not Provide This Service,0,Does Not Provide This Service,0,Does Not Provide This Service
59f55e33-aa10-4d0b-b0a7-30e59decceee,0,Does Not Provide This Service,0,Does Not Provide This Service,0,Does Not Provide This Service
59f8ce61-a8b1-426f-8689-15f34459326d,0,Does Not Provide This Service,0,Does Not Provide This Service,0,Does Not Provide This Service
5a203793-57be-445e-a354-12370b951951,0,Does Not Provide This Service,0,Does Not Provide This Service,0,Does Not Provide This Service
5a27f563-bae9-4bbe-993a-b73797c02ca1,0,Does Not Provide This Service,0,Does Not Provide This Service,0,Does Not Provide This Service
5a2a05e8-a92e-4aab-a97d-7aec87f0dc8d,0,Does Not Provide This Service,0,Does Not Provide This Service,0,Does Not Provide This Service
5a2dfd54-8e5c-43ce-ab05-c21fa30aee07,2,Potentially Available,0,Does Not Provide This Service,0,Does Not Provide This Service
5a2fd503-fbb8-4582-b386-e20e3b0988eb,2,Potentially Available,0,Does Not Provide This Service,0,Does Not Provide This Service
5a62d5de-7d9c-4c02-9f9f-62081ae74d44,2,Potentially Available,0,Does Not Provide This Service,0,Does Not Provide This Service
5a66f6a6-0c7e-4655-95f3-e01940b53bfe,2,Potentially Available,0,Does Not Provide This Service,0,Does Not Provide This Service
5a815f6e-5f24-4747-997b-88a2aa977362,0,Does Not Provide This Service,0,Does Not Provide This Service,0,Does Not Provide This Service
5a9a0096-a27a-4f4f-9709-014c2e6177f3,2,Potentially Available,0,Does Not Provide This Service,0,Does Not Provide This Service
5aa1be81-42fd-4c5d-9fc8-07cc97f05def,0,Does Not Provide This Service,0,Does Not Provide This Service,0,Does Not Provide This Service
5ab2dd35-d8db-4dad-ae05-e68c07485225,0,Does Not Provide This Service,0,Does Not Provide This Service,0,Does Not Provide This Service
5ac6f2f9-043f-41d1-9c6b-b569d684accb,2,Potentially Available,0,Does Not Provide This Service,0,Does Not Provide This Service
5ae4c16a-884e-4772-bc10-782014bb4c52,0,Does Not Provide This Service,0,Does Not Provide This Service,0,Does Not Provide This Service
5ae5b453-3b4f-480f-ae55-1345f73c5243,2,Potentially Available,0,Does Not Provide This Service,0,Does Not Provide This Service
5af58572-2f54-4e8c-aa33-911faefbe065,0,Does Not Provide This Service,0,Does Not Provide This Service,0,Does Not Provide This Service
5aff5dd5-9616-4d16-8559-3fa5ce03fe76,2,Potentially Available,0,Does Not Provide This Service,0,Does Not Provide This Service
5b28bfb1-3c85-4d57-b8d8-855ee66ded32,0,Does Not Provide This Service,0,Does Not Provide This Service,0,Does Not Provide This Service
5b4c5a68-3117-4dfd-b6ce-013d9b4b8936,2,Potentially Available,0,Does Not Provide This Service,0,Does Not Provide This Service
5b60bf9f-a835-41f4-908f-6404bce50657,0,Does Not Provide This Service,0,Does Not Provide This Service,5,Highly Constrained
5b780eb8-c8de-4e49-be41-6cf60f7874ed,0,Does Not Provide This Service,0,Does Not Provide This Service,0,Does Not Provide This Service
5b7cbe5b-ae75-4059-a372-2fc77c02e0d9,2,Potentially Available,0,Does Not Provide This Service,0,Does Not Provide This Service
5b825428-ade8-4f67-bf20-ae79d8c69088,0,Does Not Provide This Service,0,Does Not Provide This Service,0,Does Not Provide This Service
5b890b22-1812-49ae-a316-1a2c0b5cc474,0,Does Not Provide This Service,0,Does Not Provide This Service,3,Constrained by Size
5b908ba4-0db8-431f-bbc7-05982543e3a9,0,Does Not Provide This Service,0,Does Not Provide This Service,0,Does Not Provide This Service
5b9379f5-28ce-4391-bf35-46dadc1395f9,0,Does Not Provide This Service,0,Does Not Provide This Service,0,Does Not Provide This Service
5b96bbc8-9b98-4212-90b7-c18e84396fed,2,Potentially Available,0,Does Not Provide This Service,0,Does Not Provide This Service
5b972bb7-8c59-4c59-9d68-5469ca54b4c7,2,Potentially Available,0,Does Not Provide This Service,0,Does Not Provide This Service
5b9e480c-54d2-4ad1-a47c-ca5c1c3a8a4c,0,Does Not Provide This Service,0,Does Not Provide This Service,0,Does Not Provide This Service
5bb0cd31-26e5-44a2-bd2f-64663e8bd4bf,0,Does Not Provide This Service,0,Does Not Provide This Service,0,Does Not Provide This Service
5bb35cfd-2cb8-42c8-9882-cd9dcf583aa0,2,Potentially Available,0,Does Not Provide This Service,0,Does Not Provide This Service
5bcca508-1e34-4692-beca-16d3bca0799c,0,Does Not Provide This Service,0,Does Not Provide This Service,0,Does Not Provide This Service
5bddb089-9f82-44fb-a05d-0ced91c6402b,0,Does Not Provide This Service,0,Does Not Provide This Service,0,Does Not Provide This Service
5bf41748-e38a-4ced-bd73-441ec074d050,2,Potentially Available,0,Does Not Provide This Service,0,Does Not Provide This Service
5c03e81a-acbe-454b-835f-f3ecf2b4964b,0,Does Not Provide This Service,0,Does Not Provide This Service,0,Does Not Provide This Service
5c055830-e3f1-4600-8c92-09912612c24e,2,Potentially Available,0,Does Not Provide This Service,0,Does Not Provide This Service
5c0eaba3-6f97-4fef-995a-2bc8d244435b,2,Potentially Available,0,Does Not Provide This Service,0,Does Not Provide This Service
5c1f8c3d-d3d2-41ef-8f27-50e1243ff13d,1,Likely Available,0,Does Not Provide This Service,0,Does Not Provide This Service
5c395434-e37c-41c4-b397-8cbbe6c523c9,0,Does Not Provide This Service,0,Does Not Provide This Service,0,Does Not Provide This Service
5c4f2585-1750-4e47-89b3-a3651d4af238,2,Potentially Available,0,Does Not Provide This Service,0,Does Not Provide This Service
5c5aca2e-bbbd-4a79-8309-7afa5f3bd11b,2,Potentially Available,0,Does Not Provide This Service,0,Does Not Provide This Service
5c6f2004-0c14-4397-b391-f26505313e87,2,Potentially Available,0,Does Not Provide This Service,0,Does Not Provide This Service
5c8b5bee-4f1b-43bd-b73e-2c1e782f1d99,0,Does Not Provide This Service,0,Does Not Provide This Service,0,Does Not Provide This Service
5c918ba2-cac8-4af5-9e04-80584e538ad2,2,Potentially Available,0,Does Not Provide This Service,0,Does Not Provide This Service
5ca68d16-bcf0-4a3b-a33c-f99e38182188,0,Does Not Provide This Service,0,Does Not Provide This Service,0,Does Not Provide This Service
5cadb980-b4bc-4155-9b5a-c85daf6e66b1,2,Potentially Available,0,Does Not Provide This Service,0,Does Not Provide This Service
5cb4826a-dfbf-4b0f-a18e-282f08a19eb3,2,Potentially Available,0,Does Not Provide This Service,0,Does Not Provide This Service
5cb98db6-948c-45f7-8850-1dee7ae374f8,0,Does Not Provide This Service,0,Does Not Provide This Service,0,Does Not Provide This Service
5cba5cb3-475b-4111-ba25-2cdee60e5fdb,2,Potentially Available,0,Does Not Provide This Service,0,Does Not Provide This Service
5ccaa68d-ed1f-4cd9-b80f-0c1550892e77,2,Potentially Available,0,Does Not Provide This Service,0,Does Not Provide This Service
5ccdda9c-a3d7-4497-bdd8-5730b3b13ce9,2,Potentially Available,0,Does Not Provide This Service,0,Does Not Provide This Service
5cd50990-2efa-4365-b9ee-f5f65b69b482,1,Likely Available,1,Likely Available,0,Does Not Provide This Service
5cd5c2c1-51c7-44b6-b84b-415f31a408dd,0,Does Not Provide This Service,0,Does Not Provide This Service,1,Likely Available
5cece7f3-190b-46f9-9ca3-82c8a44f5f5f,2,Potentially Available,0,Does Not Provide This Service,0,Does Not Provide This Service
5cf1e818-55e0-4d0a-a450-3fc660fabfe4,2,Potentially Available,0,Does Not Provide This Service,0,Does Not Provide This Service
5cfb0bf3-0c6c-49cd-b9e2-46bea9b9786a,2,Potentially Available,0,Does Not Provide This Service,0,Does Not Provide This Service
5d0adba9-a0c7-4e74-996d-65684055db51,0,Does Not Provide This Service,0,Does Not Provide This Service,0,Does Not Provide This Service
5d1358d1-b1bc-4372-beac-36ed5dab8576,0,Does Not Provide This Service,0,Does Not Provide This Service,0,Does Not Provide This Service
5d146930-12bf-4486-927a-c9b2e77b621c,2,Potentially Available,0,Does Not Provide This Service,0,Does Not Provide This Service
5d1787dc-b875-4049-a740-0dcbf10e9991,2,Potentially Available,0,Does Not Provide This Service,0,Does Not Provide This Service
5d1ca2e6-645b-4311-b83a-33d1699b8ee6,0,Does Not Provide This Service,0,Does Not Provide This Service,0,Does Not Provide This Service
5d238ba9-baa2-45eb-9a4a-4ba648094623,0,Does Not Provide This Service,0,Does Not Provide This Service,0,Does Not Provide This Service
5d2c9ee9-82d8-4d13-80b0-a13dcac3a64f,2,Potentially Available,0,Does Not Provide This Service,0,Does Not Provide This Service
5d2fa8e8-8606-453a-a4dc-8d7786f1de46,0,Does Not Provide This Service,0,Does Not Provide This Service,0,Does Not Provide This Service
5d308da4-c404-4fd4-b33b-90606e6108f0,0,Does Not Provide This Service,0,Does Not Provide This Service,0,Does Not Provide This Service
5d4059d2-894e-4e02-8285-97ba6cede3a9,2,Potentially Available,0,Does Not Provide This Service,0,Does Not Provide This Service
5d412ce3-15f0-45f9-9bfa-fd1df1450b2a,2,Potentially Available,0,Does Not Provide This Service,0,Does Not Provide This Service
5d41ebb6-ce03-4dfc-8993-2f2f6bd2f32b,2,Potentially Available,0,Does Not Provide This Service,0,Does Not Provide This Service
5d4a6a8d-53fa-4e08-9c53-cba7457527a4,2,Potentially Available,0,Does Not Provide This Service,0,Does Not Provide This Service
5d6282d8-53e7-4c99-b7bf-6a7069b01c6e,2,Potentially Available,0,Does Not Provide This Service,0,Does Not Provide This Service
5d64f59a-f942-44b9-913b-32fc8f7b4aa9,0,Does Not Provide This Service,0,Does Not Provide This Service,0,Does Not Provide This Service
5d70a19b-4d4a-49b4-88bd-3a37268b4041,2,Potentially Available,0,Does Not Provide This Service,0,Does Not Provide This Service
5d976a13-e97e-43ef-a341-b5ce322334c1,2,Potentially Available,0,Does Not Provide This Service,0,Does Not Provide This Service
5db63116-a889-4182-bd52-d39eb7dbc468,0,Does Not Provide This Service,0,Does Not Provide This Service,4,Constrained by Market
5db6f130-aa85-4758-99e8-693fca63807b,2,Potentially Available,0,Does Not Provide This Service,0,Does Not Provide This Service
5dbe809f-cc81-44b6-9e7f-353bdce745e8,0,Does Not Provide This Service,0,Does Not Provide This Service,0,Does Not Provide This Service
5dc33978-665b-457a-8a90-e872955f59ab,2,Potentially Available,0,Does Not Provide This Service,0,Does Not Provide This Service
5dcaf016-b197-4706-b221-3ff732420b85,0,Does Not Provide This Service,0,Does Not Provide This Service,0,Does Not Provide This Service
5dd2101a-ebb8-4660-861c-a54e15a7bba2,0,Does Not Provide This Service,0,Does Not Provide This Service,0,Does Not Provide This Service
5de0490e-ae7e-491c-84d5-d149ccde3766,0,Does Not Provide This Service,0,Does Not Provide This Service,0,Does Not Provide This Service
5de53ff2-ac3f-45ba-9b73-06a10c5f0b62,0,Does Not Provide This Service,0,Does Not Provide This Service,0,Does Not Provide This Service
5e126d81-20b5-48e3-8152-b9661bda5c8d,0,Does Not Provide This Service,0,Does Not Provide This Service,0,Does Not Provide This Service
5e29b10c-d81f-473b-b044-85ca367d8f30,0,Does Not Provide This Service,0,Does Not Provide This Service,0,Does Not Provide This Service
5e2ec657-a1bb-4972-908f-ececfb7e7efb,0,Does Not Provide This Service,0,Does Not Provide This Service,0,Does Not Provide This Service
5e34633d-539e-4a59-9bb8-4b7c01c88402,2,Potentially Available,0,Does Not Provide This Service,0,Does Not Provide This Service
5e3d1e89-4540-4462-821a-e7837994c52e,2,Potentially Available,0,Does Not Provide This Service,0,Does Not Provide This Service
5e6d5b32-f928-4d31-800e-d845d785fcaa,2,Potentially Available,0,Does Not Provide This Service,0,Does Not Provide This Service
5e71ac77-45f6-4dc9-8ae8-bd0d43216f0a,0,Does Not Provide This Service,0,Does Not Provide This Service,0,Does Not Provide This Service
5e80c39d-b11c-465d-bea4-702be7de573b,2,Potentially Available,0,Does Not Provide This Service,0,Does Not Provide This Service
5e9bb70a-dea5-40b6-a78e-55f483f53721,0,Does Not Provide This Service,0,Does Not Provide This Service,0,Does Not Provide This Service
5ea79665-7f33-487e-ac55-1ebccf57cd76,2,Potentially Available,0,Does Not Provide This Service,0,Does Not Provide This Service
5eb78e5e-a40b-4f5a-9f40-7a79939f4bc4,2,Potentially Available,0,Does Not Provide This Service,0,Does Not Provide This Service
5ece54cf-eede-4145-bb50-8c5407e3ff37,0,Does Not Provide This Service,0,Does Not Provide This Service,0,Does Not Provide This Service
5ecf30aa-757f-4f64-ab67-32918fd2f369,0,Does Not Provide This Service,0,Does Not Provide This Service,0,Does Not Provide This Service
5ecfc86e-c926-439d-a086-e8d921b723a9,0,Does Not Provide This Service,0,Does Not Provide This Service,0,Does Not Provide This Service
5ed2dde4-9904-4ed8-9ce8-002b46472145,2,Potentially Available,3,Constrained by Size,0,Does Not Provide This Service
5ed55d63-eceb-4c50-8091-0e5aa9e48ba9,2,Potentially Available,0,Does Not Provide This Service,0,Does Not Provide This Service
5ee27e81-d733-415b-8f32-7dca4dc52570,2,Potentially Available,0,Does Not Provide This Service,0,Does Not Provide This Service
5ee4345e-fe8a-4d1f-b6de-7ee0019765b1,2,Potentially Available,0,Does Not Provide This Service,0,Does Not Provide This Service
5ee9cef7-0a7a-497a-9de6-00909f824d8b,2,Potentially Available,0,Does Not Provide This Service,0,Does Not Provide This Service
5f16748f-7fb3-41a6-a314-430c1c5e6b44,2,Potentially Available,0,Does Not Provide This Service,0,Does Not Provide This Service
5f32c150-e169-4a9e-b133-7f20acb36d16,2,Potentially Available,0,Does Not Provide This Service,0,Does Not Provide This Service
5f41bbd6-ab48-42a0-b316-4df7b74291ee,0,Does Not Provide This Service,0,Does Not Provide This Service,0,Does Not Provide This Service
5f4feaa1-03ca-4944-95e1-2e30a679eb9e,2,Potentially Available,0,Does Not Provide This Service,0,Does Not Provide This Service
5f73324d-f40c-4d42-8eed-d5849e7815fb,2,Potentially Available,0,Does Not Provide This Service,0,Does Not Provide This Service
5f78beff-929e-465c-a536-0f6d9f7e8ffe,0,Does Not Provide This Service,0,Does Not Provide This Service,0,Does Not Provide This Service
5f7b583c-9d99-4470-81b0-76e9b34be54c,2,Potentially Available,0,Does Not Provide This Service,0,Does Not Provide This Service
5f84fb49-cb45-495c-9166-32c2262e1014,0,Does Not Provide This Service,0,Does Not Provide This Service,0,Does Not Provide This Service
5f86a87f-93ca-4724-95f3-ee42d7f1ae11,2,Potentially Available,0,Does Not Provide This Service,0,Does Not Provide This Service
5f995c46-6814-4c7d-8891-148cdfb4fbfe,0,Does Not Provide This Service,0,Does Not Provide This Service,4,Constrained by Market
5fb3f75a-c112-4860-b91f-e4c44606a222,0,Does Not Provide This Service,0,Does Not Provide This Service,0,Does Not Provide This Service
5fbce98f-6e26-4f12-a6cf-e6a852f56df6,2,Potentially Available,0,Does Not Provide This Service,0,Does Not Provide This Service
5fc30aba-f693-42ce-8801-63e7184e00c6,2,Potentially Available,0,Does Not Provide This Service,0,Does Not Provide This Service
5fd5038f-10ac-45ad-871d-e8111bcb604c,2,Potentially Available,0,Does Not Provide This Service,0,Does Not Provide This Service
5fd6d80b-bb2a-4dc6-bdb5-f4c9623eb444,2,Potentially Available,0,Does Not Provide This Service,0,Does Not Provide This Service
5fda15b8-8173-4b99-8600-eb338bd23cff,0,Does Not Provide This Service,0,Does Not Provide This Service,0,Does Not Provide This Service
5fe46db2-a271-4a10-bbab-8c695545518a,2,Potentially Available,0,Does Not Provide This Service,0,Does Not Provide This Service
5ffa5008-4ff6-4b05-b309-ba6ce021b638,0,Does Not Provide This Service,0,Does Not Provide This Service,0,Does Not Provide This Service
5ffbe503-7853-44c2-89af-3fd0818918ba,0,Does Not Provide This Service,0,Does Not Provide This Service,0,Does Not Provide This Service
5ffe13d0-9067-47ad-ae3d-a2173f5ddd02,0,Does Not Provide This Service,0,Does Not Provide This Service,0,Does Not Provide This Service
60021b91-ecf5-4f31-9586-97a3227430ec,2,Potentially Available,0,Does Not Provide This Service,0,Does Not Provide This Service
60066e85-f5a5-4164-99aa-5fb6d03816b7,0,Does Not Provide This Service,0,Does Not Provide This Service,0,Does Not Provide This Service
60070de6-b0e9-431c-be10-483b59a1e1d5,0,Does Not Provide This Service,0,Does Not Provide This Service,0,Does Not Provide This Service
600cc571-1cbd-46a4-ab6a-21b66db250bf,0,Does Not Provide This Service,0,Does Not Provide This Service,0,Does Not Provide This Service
601277dc-0bb9-4195-84ee-9ed6d0398ce3,2,Potentially Available,0,Does Not Provide This Service,0,Does Not Provide This Service
6020697f-fb12-4b72-ba8b-de97812b3f7d,0,Does Not Provide This Service,0,Does Not Provide This Service,0,Does Not Provide This Service
60257c5f-4813-47f5-953f-7aa691fe5160,0,Does Not Provide This Service,0,Does Not Provide This Service,0,Does Not Provide This Service
6038f257-759d-4427-880c-cb780831ffd2,0,Does Not Provide This Service,0,Does Not Provide This Service,0,Does Not Provide This Service
603a8cde-bd72-413f-be7e-5ae214d44d28,0,Does Not Provide This Service,0,Does Not Provide This Service,0,Does Not Provide This Service
605c0d6b-40f4-428c-9160-5c6da3ea8e7d,0,Does Not Provide This Service,0,Does Not Provide This Service,0,Does Not Provide This Service
6079e540-7467-465a-b845-4f73d8651886,2,Potentially Available,0,Does Not Provide This Service,0,Does Not Provide This Service
60841efe-40cc-4330-984a-359bb3d06c30,2,Potentially Available,0,Does Not Provide This Service,0,Does Not Provide This Service
6087fbe7-57ea-4397-9786-5ef3bc539218,0,Does Not Provide This Service,0,Does Not Provide This Service,0,Does Not Provide This Service
608cbeb8-a94c-41e7-bf26-3b52767f349a,2,Potentially Available,5,Highly Constrained,0,Does Not Provide This Service
6093669c-653d-4907-83aa-201825630edd,0,Does Not Provide This Service,0,Does Not Provide This Service,0,Does Not Provide This Service
609fabb1-6450-4b93-92a5-d55783be0fb4,2,Potentially Available,0,Does Not Provide This Service,0,Does Not Provide This Service
60b63d6d-7c2b-4efd-a351-f96558629420,0,Does Not Provide This Service,0,Does Not Provide This Service,0,Does Not Provide This Service
60b97c4f-c53a-4fba-bdf4-2da05caa63fc,0,Does Not Provide This Service,0,Does Not Provide This Service,0,Does Not Provide This Service
60f3fc90-0aa1-4c65-a021-43c257815a38,0,Does Not Provide This Service,0,Does Not Provide This Service,0,Does Not Provide This Service
60f8ab7e-8848-4399-b0cb-bebe87b358ab,0,Does Not Provide This Service,0,Does Not Provide This Service,0,Does Not Provide This Service
60fc34c2-3261-4877-a91a-205d28625119,0,Does Not Provide This Service,0,Does Not Provide This Service,0,Does Not Provide This Service
610be664-0f98-46c4-a7ad-8a7a25ba7096,0,Does Not Provide This Service,0,Does Not Provide This Service,0,Does Not Provide This Service
61172097-24f7-4a2a-9d57-87e2647b7ad0,2,Potentially Available,0,Does Not Provide This Service,0,Does Not Provide This Service
612565c7-6461-4db1-823e-29df14cf3f42,0,Does Not Provide This Service,0,Does Not Provide This Service,0,Does Not Provide This Service
612925f5-c7c2-46aa-9ce0-c95b89a19736,2,Potentially Available,0,Does Not Provide This Service,0,Does Not Provide This Service
61440247-f572-4e4c-adaa-1b31925015e6,2,Potentially Available,0,Does Not Provide This Service,0,Does Not Provide This Service
614c2319-61eb-4341-b280-88f0b6ea958a,2,Potentially Available,0,Does Not Provide This Service,0,Does Not Provide This Service
615203e5-ac51-4548-9728-a2af39e1f3e7,1,Likely Available,1,Likely Available,0,Does Not Provide This Service
615d63f5-0772-4581-8519-cda4fbff6cf3,0,Does Not Provide This Service,0,Does Not Provide This Service,0,Does Not Provide This Service
617789b9-f24f-4686-9996-e004b668caad,2,Potentially Available,0,Does Not Provide This Service,0,Does Not Provide This Service
617f4bcf-70f2-43bf-9817-62c0434f0b60,0,Does Not Provide This Service,0,Does Not Provide This Service,0,Does Not Provide This Service
617fc2e1-2169-4f6f-a95d-d60889197d36,0,Does Not Provide This Service,0,Does Not Provide This Service,0,Does Not Provide This Service
61943952-7f48-47b1-a8af-0328dfedb287,0,Does Not Provide This Service,0,Does Not Provide This Service,0,Does Not Provide This Service
61946daf-f8e5-412e-ae68-12797edb7772,2,Potentially Available,0,Does Not Provide This Service,0,Does Not Provide This Service
61a746fa-4df9-495f-8b7a-0e3ee6d61054,2,Potentially Available,0,Does Not Provide This Service,0,Does Not Provide This Service
61ae133e-e442-4391-b4b0-cf294891638e,2,Potentially Available,0,Does Not Provide This Service,0,Does Not Provide This Service
61bb5e68-0f2f-4ca7-90e7-b914686d2097,2,Potentially Available,0,Does Not Provide This Service,0,Does Not Provide This Service
61bf65fd-a2fd-4f51-8ff2-3d8824b69e11,2,Potentially Available,0,Does Not Provide This Service,0,Does Not Provide This Service
61e2fed6-37e8-438d-a5f8-be813ce24293,2,Potentially Available,0,Does Not Provide This Service,0,Does Not Provide This Service
61e34dca-9a71-4dbe-abd7-a95b479d86be,2,Potentially Available,0,Does Not Provide This Service,0,Does Not Provide This Service
61f21b93-9189-481b-b0d7-cc489bc18f69,1,Likely Available,4,Constrained by Market,0,Does Not Provide This Service
61f51b7f-68e4-4191-be15-38cce3f1b84c,0,Does Not Provide This Service,0,Does Not Provide This Service,0,Does Not Provide This Service
61f58afb-8cb4-4930-a268-d9660b690182,2,Potentially Available,0,Does Not Provide This Service,0,Does Not Provide This Service
6200f004-69c9-42d9-b2c5-4682cc2c908e,0,Does Not Provide This Service,0,Does Not Provide This Service,0,Does Not Provide This Service
62403adb-44a6-49c1-904f-f1ae7edf7ba4,0,Does Not Provide This Service,0,Does Not Provide This Service,0,Does Not Provide This Service
6251723c-8fc3-48a2-ab4a-f25ee198fcac,0,Does Not Provide This Service,0,Does Not Provide This Service,0,Does Not Provide This Service
62573745-9149-4d71-911f-9003938907e2,0,Does Not Provide This Service,0,Does Not Provide This Service,0,Does Not Provide This Service
6258a031-e0c3-4cdc-8b31-d5bc543def44,0,Does Not Provide This Service,0,Does Not Provide This Service,0,Does Not Provide This Service
626256c2-d3e5-49dd-a243-ffd0b3bceb1f,2,Potentially Available,0,Does Not Provide This Service,0,Does Not Provide This Service
6273dc43-4a5c-4190-aea5-d9b0f8568f47,2,Potentially Available,0,Does Not Provide This Service,0,Does Not Provide This Service
6292ce35-a1d7-4374-92d1-34c7c5f90dc7,2,Potentially Available,0,Does Not Provide This Service,0,Does Not Provide This Service
62c51c10-3860-4854-b374-181dda0e2560,0,Does Not Provide This Service,0,Does Not Provide This Service,0,Does Not Provide This Service
62f42bdc-3dfb-4a2f-90ff-850345ab9bae,0,Does Not Provide This Service,0,Does Not Provide This Service,4,Constrained by Market
62f8e5aa-d658-4879-8798-d12cf205e432,0,Does Not Provide This Service,0,Does Not Provide This Service,0,Does Not Provide This Service
63198b9c-dcd6-4511-9d30-20234b087595,2,Potentially Available,0,Does Not Provide This Service,0,Does Not Provide This Service
632563f8-d09d-4dae-9327-53e47ec27144,2,Potentially Available,0,Does Not Provide This Service,0,Does Not Provide This Service
632aa289-8683-4560-a8c9-6eef6d1a0d04,2,Potentially Available,0,Does Not Provide This Service,0,Does Not Provide This Service
63313976-c395-433e-b5b0-2f89f0351140,0,Does Not Provide This Service,0,Does Not Provide This Service,0,Does Not Provide This Service
63314d04-58df-475b-88f2-48654fceb095,2,Potentially Available,1,Likely Available,0,Does Not Provide This Service
636111f1-0893-42df-8d10-3b0977f656ff,2,Potentially Available,0,Does Not Provide This Service,0,Does Not Provide This Service
63813a48-8b6e-4c1c-9e16-f51e12f321a1,2,Potentially Available,0,Does Not Provide This Service,0,Does Not Provide This Service
638ef2b3-271c-44eb-8e27-2d2e1ecee180,0,Does Not Provide This Service,0,Does Not Provide This Service,0,Does Not Provide This Service
638f323e-7bfa-404f-886c-93a15cc8da86,0,Does Not Provide This Service,0,Does Not Provide This Service,0,Does Not Provide This Service
63961e6c-3449-47f7-b471-65485327e427,2,Potentially Available,0,Does Not Provide This Service,0,Does Not Provide This Service
63a0b2f2-bafd-4e5f-a16f-019dd9316fb9,2,Potentially Available,0,Does Not Provide This Service,0,Does Not Provide This Service
63c4086d-77b8-4863-b354-164063ea995a,2,Potentially Available,0,Does Not Provide This Service,0,Does Not Provide This Service
63dda4f4-d333-499f-8f72-fab9631f85c1,0,Does Not Provide This Service,0,Does Not Provide This Service,0,Does Not Provide This Service
63eaacdf-24e1-49b0-b1c2-f508c28fdc08,0,Does Not Provide This Service,0,Does Not Provide This Service,0,Does Not Provide This Service
64064e7a-ca7f-47f0-983d-4cb446e87cc8,2,Potentially Available,0,Does Not Provide This Service,0,Does Not Provide This Service
640da61d-47ff-4f0b-8853-7d218b8649ed,2,Potentially Available,0,Does Not Provide This Service,0,Does Not Provide This Service
64263b25-5590-4793-bef9-b176e836b135,2,Potentially Available,0,Does Not Provide This Service,0,Does Not Provide This Service
64286e77-7899-4384-ac1a-18db528c3caa,0,Does Not Provide This Service,0,Does Not Provide This Service,0,Does Not Provide This Service
642a88d2-20be-466e-bdc4-4507cc586628,0,Does Not Provide This Service,0,Does Not Provide This Service,0,Does Not Provide This Service
642e3aa9-ab5f-4200-bbb5-8115f4f79cf2,2,Potentially Available,0,Does Not Provide This Service,0,Does Not Provide This Service
642e79f6-9de6-47e4-8916-5486a5481300,2,Potentially Available,0,Does Not Provide This Service,0,Does Not Provide This Service
643c6752-5956-4a23-b566-9b83a0e32c01,0,Does Not Provide This Service,0,Does Not Provide This Service,0,Does Not Provide This Service
643db04f-9401-4c18-9128-75dc8d6f1652,2,Potentially Available,0,Does Not Provide This Service,0,Does Not Provide This Service
6445e7d9-7ee8-4b62-87e4-a5ada054dd96,2,Potentially Available,0,Does Not Provide This Service,0,Does Not Provide This Service
64515e62-688e-4de4-a632-50aab5ae035b,2,Potentially Available,0,Does Not Provide This Service,0,Does Not Provide This Service
645217a6-0543-4482-b737-be9fbb9137d1,0,Does Not Provide This Service,0,Does Not Provide This Service,0,Does Not Provide This Service
64656645-9af4-4d5d-9804-607a3d4c50e7,0,Does Not Provide This Service,0,Does Not Provide This Service,0,Does Not Provide This Service
646a6ce6-44bc-4ec7-810b-55bb67bb7211,0,Does Not Provide This Service,0,Does Not Provide This Service,0,Does Not Provide This Service
6475cc47-d240-4a71-8693-6ea713520480,2,Potentially Available,0,Does Not Provide This Service,0,Does Not Provide This Service
6477aff6-1eb9-4524-8768-3dda53fcdd55,0,Does Not Provide This Service,0,Does Not Provide This Service,0,Does Not Provide This Service
648bea1b-ee66-4c86-9bf5-6dce5734f60a,2,Potentially Available,0,Does Not Provide This Service,0,Does Not Provide This Service
6496342d-f168-4e62-b243-5e05657f8c50,0,Does Not Provide This Service,0,Does Not Provide This Service,0,Does Not Provide This Service
64977436-b259-4e56-9c6f-4f20e7624df6,0,Does Not Provide This Service,0,Does Not Provide This Service,2,Potentially Available
64b86ff1-6356-44dc-85d0-ed7441695003,0,Does Not Provide This Service,0,Does Not Provide This Service,0,Does Not Provide This Service
64c4fda3-839c-4c93-bbce-9cb17525262b,2,Potentially Available,0,Does Not Provide This Service,0,Does Not Provide This Service
64c643a0-324b-47c0-913c-d072e918c776,0,Does Not Provide This Service,0,Does Not Provide This Service,0,Does Not Provide This Service
64f43b29-5f59-4fa2-b19d-71c086ded037,2,Potentially Available,0,Does Not Provide This Service,0,Does Not Provide This Service
64f76890-7f8a-4ab1-9874-b4b9c10cb158,1,Likely Available,0,Does Not Provide This Service,0,Does Not Provide This Service
651b66cd-1aca-41f7-a174-32e821f928b6,0,Does Not Provide This Service,0,Does Not Provide This Service,0,Does Not Provide This Service
653781e7-e2aa-44ab-abca-899a50e2a828,2,Potentially Available,0,Does Not Provide This Service,0,Does Not Provide This Service
6544baed-9399-4cbb-9c49-d9dc4f7eb79e,0,Does Not Provide This Service,0,Does Not Provide This Service,0,Does Not Provide This Service
6547a471-7624-48f6-90d0-d2a666ab5f5d,0,Does Not Provide This Service,0,Does Not Provide This Service,0,Does Not Provide This Service
655bd626-3422-4551-9fda-5c53659fd64a,0,Does Not Provide This Service,0,Does Not Provide This Service,0,Does Not Provide This Service
65628473-e954-4abe-b8ea-c15df3bd3088,2,Potentially Available,0,Does Not Provide This Service,0,Does Not Provide This Service
6563ac98-0cbf-4147-b9d9-ad0b05baf4aa,2,Potentially Available,0,Does Not Provide This Service,0,Does Not Provide This Service
6567828c-5293-4228-ab99-c89bde370abb,0,Does Not Provide This Service,0,Does Not Provide This Service,0,Does Not Provide This Service
656f2af8-66a8-44a8-8a2a-ed7166a8e91d,2,Potentially Available,0,Does Not Provide This Service,0,Does Not Provide This Service
6583e45a-c631-43a9-ad80-71f2b00fa452,0,Does Not Provide This Service,0,Does Not Provide This Service,0,Does Not Provide This Service
658c2e1d-33bd-42e2-aeb4-d81849c98c5f,0,Does Not Provide This Service,0,Does Not Provide This Service,0,Does Not Provide This Service
659ab8c3-f661-4c17-aa1f-b8b79b886b54,0,Does Not Provide This Service,0,Does Not Provide This Service,0,Does Not Provide This Service
65c686b3-c3c0-4db1-ad75-c40478ccb441,2,Potentially Available,0,Does Not Provide This Service,0,Does Not Provide This Service
65f87123-c9b7-4c70-b746-351d15a545bb,2,Potentially Available,0,Does Not Provide This Service,0,Does Not Provide This Service
65fed343-90c1-464b-8e01-47e637f78efc,0,Does Not Provide This Service,0,Does Not Provide This Service,0,Does Not Provide This Service
6612232c-8967-40df-bb25-fd78f2bccf95,0,Does Not Provide This Service,0,Does Not Provide This Service,0,Does Not Provide This Service
661241f0-0286-4d65-a096-655352307dde,0,Does Not Provide This Service,0,Does Not Provide This Service,0,Does Not Provide This Service
6627033d-abbb-4818-b041-fea5c43cf0b6,2,Potentially Available,0,Does Not Provide This Service,0,Does Not Provide This Service
6635de5a-aac0-4c8b-b945-7e8ae39203b7,0,Does Not Provide This Service,0,Does Not Provide This Service,0,Does Not Provide This Service
663a2861-768f-4294-ae50-ae98f0ac75d5,2,Potentially Available,0,Does Not Provide This Service,0,Does Not Provide This Service
663abe61-8238-4b9d-aec5-cdcc9d53750f,0,Does Not Provide This Service,0,Does Not Provide This Service,0,Does Not Provide This Service
664ceb1f-50c9-49e9-8a33-5a50c9c7f519,0,Does Not Provide This Service,0,Does Not Provide This Service,4,Constrained by Market
66566b9f-fd4c-4995-92a3-b4d3ffda5213,0,Does Not Provide This Service,4,Constrained by Market,0,Does Not Provide This Service
666eb662-9021-4277-93c5-b366b64e9d2e,2,Potentially Available,0,Does Not Provide This Service,0,Does Not Provide This Service
6682630d-b46b-417a-88a8-9a92cc3df8a6,1,Likely Available,1,Likely Available,0,Does Not Provide This Service
66a04055-6753-471f-b8f5-c5f50fbfc38f,2,Potentially Available,0,Does Not Provide This Service,0,Does Not Provide This Service
66a8c9f2-f21d-4be0-85bf-0646be9c72f3,0,Does Not Provide This Service,0,Does Not Provide This Service,3,Constrained by Size
66aef179-eb41-479e-b9f4-3a46ef23c997,2,Potentially Available,0,Does Not Provide This Service,0,Does Not Provide This Service
66bec6a5-e46e-4630-bd7b-af06c00b41e3,2,Potentially Available,0,Does Not Provide This Service,0,Does Not Provide This Service
66bfcdd8-4633-49c8-9389-4a4e44fd1adb,0,Does Not Provide This Service,0,Does Not Provide This Service,0,Does Not Provide This Service
66d0625f-c646-4e0f-a146-6b35b11d080a,2,Potentially Available,0,Does Not Provide This Service,0,Does Not Provide This Service
66eafe6c-2cc4-4541-9444-8e92f22b37f1,0,Does Not Provide This Service,0,Does Not Provide This Service,0,Does Not Provide This Service
66f63fad-a95d-4e12-9419-e57264c2823c,2,Potentially Available,0,Does Not Provide This Service,0,Does Not Provide This Service
6707a649-04fe-4f6c-8ef6-806e29ebf627,0,Does Not Provide This Service,0,Does Not Provide This Service,0,Does Not Provide This Service
670be310-ad5e-4183-9bb2-353f1701c61a,2,Potentially Available,0,Does Not Provide This Service,0,Does Not Provide This Service
67209491-29f2-46a4-a6db-b67a5c89e6e1,2,Potentially Available,0,Does Not Provide This Service,0,Does Not Provide This Service
6726e09f-ca6b-41fc-9786-f22d538e4454,2,Potentially Available,0,Does Not Provide This Service,0,Does Not Provide This Service
672d5b1b-479a-43d3-9d7e-cc7b9954f4ed,0,Does Not Provide This Service,0,Does Not Provide This Service,0,Does Not Provide This Service
67509b31-c40a-4f85-9476-77c9a8543821,0,Does Not Provide This Service,4,Constrained by Market,0,Does Not Provide This Service
675625e5-3f69-43cd-8ea9-136bef5ab3ed,0,Does Not Provide This Service,0,Does Not Provide This Service,0,Does Not Provide This Service
675d0861-0cbb-4f21-98c4-40d41d0a06b4,0,Does Not Provide This Service,0,Does Not Provide This Service,3,Constrained by Size
676f17f8-a528-4b14-85e5-33f27ae77321,0,Does Not Provide This Service,0,Does Not Provide This Service,0,Does Not Provide This Service
677f5e9f-af83-4119-9c22-da9efc8c8d1d,0,Does Not Provide This Service,0,Does Not Provide This Service,0,Does Not Provide This Service
67910171-0fbe-4c3b-b953-21534c2960d1,0,Does Not Provide This Service,0,Does Not Provide This Service,4,Constrained by Market
67a3eae4-2007-4597-b53e-49c8ff8b0573,2,Potentially Available,0,Does Not Provide This Service,0,Does Not Provide This Service
67b83edb-17d5-4bf6-ad3b-586c29776617,0,Does Not Provide This Service,0,Does Not Provide This Service,0,Does Not Provide This Service
67c379e0-5b79-4184-9b87-1bf7aa3bc5f2,0,Does Not Provide This Service,0,Does Not Provide This Service,0,Does Not Provide This Service
67c389f6-e81d-40b4-9278-e63e40fa92bd,0,Does Not Provide This Service,0,Does Not Provide This Service,0,Does Not Provide This Service
67c7b38f-d6c2-4f85-979a-26d66c03738f,2,Potentially Available,0,Does Not Provide This Service,0,Does Not Provide This Service
67ca0aea-6686-41a1-900d-dcf10436d2ba,2,Potentially Available,0,Does Not Provide This Service,0,Does Not Provide This Service
67e72c59-c03d-41da-8b92-5bcf830e8602,2,Potentially Available,0,Does Not Provide This Service,0,Does Not Provide This Service
67e925ef-cc7d-4a51-ada9-885a20dc6814,0,Does Not Provide This Service,0,Does Not Provide This Service,0,Does Not Provide This Service
67ebf7e7-9c40-4136-95f9-e084be9333c4,2,Potentially Available,0,Does Not Provide This Service,0,Does Not Provide This Service
67f032ff-ae36-4416-86bb-6d0dae571fce,0,Does Not Provide This Service,0,Does Not Provide This Service,0,Does Not Provide This Service
67f09ed9-0fa3-4b49-ae18-5d80ab5a019f,0,Does Not Provide This Service,0,Does Not Provide This Service,0,Does Not Provide This Service
680394e8-3044-4ae2-b360-93d13c37246c,0,Does Not Provide This Service,0,Does Not Provide This Service,0,Does Not Provide This Service
6817a432-2cc1-46fe-aaa6-a73f80c23794,2,Potentially Available,0,Does Not Provide This Service,0,Does Not Provide This Service
681aca6e-f869-4b23-8b03-614ba8f208d9,2,Potentially Available,0,Does Not Provide This Service,0,Does Not Provide This Service
681d5dc8-8b0c-40fb-8d2e-dd21658d0172,0,Does Not Provide This Service,0,Does Not Provide This Service,4,Constrained by Market
6823ad50-6308-480b-9234-81b4ee839e38,0,Does Not Provide This Service,0,Does Not Provide This Service,0,Does Not Provide This Service
6832c921-b52c-4395-8f8f-3840baac0d71,2,Potentially Available,0,Does Not Provide This Service,0,Does Not Provide This Service
683b595b-08c5-44a2-a38b-3a69f19e4215,0,Does Not Provide This Service,0,Does Not Provide This Service,0,Does Not Provide This Service
6849c95c-8b08-4ea5-b832-92beb90c316b,0,Does Not Provide This Service,0,Does Not Provide This Service,0,Does Not Provide This Service
686df2c8-74f0-4ac2-9540-1cc76cf26dd6,0,Does Not Provide This Service,0,Does Not Provide This Service,0,Does Not Provide This Service
687ef7b5-eb2a-4417-accc-07722cbdeec1,2,Potentially Available,0,Does Not Provide This Service,0,Does Not Provide This Service
68825858-46d3-4735-9de7-a35b033f8e8f,2,Potentially Available,0,Does Not Provide This Service,0,Does Not Provide This Service
6892b90a-2967-4d83-b5c0-6509b3d9cfe9,2,Potentially Available,0,Does Not Provide This Service,0,Does Not Provide This Service
689ab93d-6af8-4395-9559-a36d8bb2f92b,2,Potentially Available,0,Does Not Provide This Service,0,Does Not Provide This Service
68a0f725-7cb2-4f87-8b63-a8d613409f6c,2,Potentially Available,0,Does Not Provide This Service,0,Does Not Provide This Service
68a3e4e4-6d93-40dc-b09d-6c3dd49208d9,2,Potentially Available,0,Does Not Provide This Service,0,Does Not Provide This Service
68a89277-d722-4268-9a5f-dbe98e3882cf,0,Does Not Provide This Service,0,Does Not Provide This Service,0,Does Not Provide This Service
68b4c747-f52d-452d-8c10-515829b41519,0,Does Not Provide This Service,0,Does Not Provide This Service,3,Constrained by Size
68bbe3a3-7dbd-419b-836f-6b4ace11c2cd,0,Does Not Provide This Service,0,Does Not Provide This Service,0,Does Not Provide This Service
68cd6d57-c9e8-48e9-9aea-34725552eefe,0,Does Not Provide This Service,0,Does Not Provide This Service,0,Does Not Provide This Service
68d0f1fb-c844-412d-a84e-0b62f50f0699,2,Potentially Available,0,Does Not Provide This Service,0,Does Not Provide This Service
68d77ee4-808d-4f2d-a76c-830b72ed3922,2,Potentially Available,0,Does Not Provide This Service,0,Does Not Provide This Service
68e4d314-dd71-4b9a-b303-7064e517a86d,2,Potentially Available,0,Does Not Provide This Service,0,Does Not Provide This Service
68eaa4d5-ff11-4196-9b16-86a397e0d451,2,Potentially Available,0,Does Not Provide This Service,0,Does Not Provide This Service
68ee44d4-4030-464b-8b8f-2206f4061ee2,2,Potentially Available,0,Does Not Provide This Service,0,Does Not Provide This Service
69038c7e-4399-402b-ab69-e40574158eb1,2,Potentially Available,0,Does Not Provide This Service,0,Does Not Provide This Service
69051f17-bfa1-48e3-86ad-a2773a3c4479,2,Potentially Available,0,Does Not Provide This Service,0,Does Not Provide This Service
692a1ee0-fc0c-4f12-af49-b32a6db0a73e,0,Does Not Provide This Service,0,Does Not Provide This Service,0,Does Not Provide This Service
692a466b-ea42-499d-9562-3e517c94764c,0,Does Not Provide This Service,0,Does Not Provide This Service,0,Does Not Provide This Service
692a8a6c-850e-4f52-958f-eb0aafc78f05,0,Does Not Provide This Service,0,Does Not Provide This Service,0,Does Not Provide This Service
692c4c48-8703-43c7-b53b-06724af6143d,2,Potentially Available,0,Does Not Provide This Service,0,Does Not Provide This Service
6930fd11-fdf3-4d57-8982-eb670ef88789,2,Potentially Available,0,Does Not Provide This Service,0,Does Not Provide This Service
69345799-3553-4646-a461-028d568babe0,0,Does Not Provide This Service,0,Does Not Provide This Service,0,Does Not Provide This Service
694ee4ec-d12d-4862-b76a-4ef6568f42d9,0,Does Not Provide This Service,0,Does Not Provide This Service,0,Does Not Provide This Service
69574dcc-6ab0-4de0-a97b-f92306d8ea1f,2,Potentially Available,0,Does Not Provide This Service,0,Does Not Provide This Service
695c5735-d3a0-40a6-915b-af449a56ab36,0,Does Not Provide This Service,0,Does Not Provide This Service,5,Highly Constrained
696a2e78-bbe2-4482-8ed5-a3a8e3ef96a8,2,Potentially Available,0,Does Not Provide This Service,0,Does Not Provide This Service
69796ba9-7156-4104-9dc4-644cddf57978,0,Does Not Provide This Service,0,Does Not Provide This Service,0,Does Not Provide This Service
698488db-9594-48b8-a4f2-0d233cfe6873,0,Does Not Provide This Service,0,Does Not Provide This Service,0,Does Not Provide This Service
698e24e8-8d7f-486c-8a93-06408b338803,0,Does Not Provide This Service,0,Does Not Provide This Service,0,Does Not Provide This Service
699608e6-221e-4863-9a60-d7a1c261e218,2,Potentially Available,0,Does Not Provide This Service,0,Does Not Provide This Service
699ddfd3-de0c-4989-b578-0683d1ff5ecd,2,Potentially Available,0,Does Not Provide This Service,0,Does Not Provide This Service
69a0a280-dc2a-4ed0-941f-7628e8cb1135,2,Potentially Available,0,Does Not Provide This Service,0,Does Not Provide This Service
69babe37-e86d-4d26-b53e-9221f5344081,2,Potentially Available,0,Does Not Provide This Service,0,Does Not Provide This Service
69bd02a9-8914-4088-a0e0-63ea37aed847,2,Potentially Available,0,Does Not Provide This Service,0,Does Not Provide This Service
69be19d2-b47c-4bb3-8bd0-3b402d257f02,2,Potentially Available,0,Does Not Provide This Service,0,Does Not Provide This Service
69ca34f8-dade-417f-8f06-4656ca0e3c8f,0,Does Not Provide This Service,0,Does Not Provide This Service,0,Does Not Provide This Service
69cd3869-6397-47a7-9c28-0019d33bd575,2,Potentially Available,0,Does Not Provide This Service,0,Does Not Provide This Service
69ec6a2d-0cf7-409e-b61a-c23763546f2b,2,Potentially Available,0,Does Not Provide This Service,0,Does Not Provide This Service
6a026bd1-9cde-45b3-a4ae-22581d12c6ab,2,Potentially Available,0,Does Not Provide This Service,0,Does Not Provide This Service
6a071ff5-d88a-4490-959c-adb5866fd69e,2,Potentially Available,0,Does Not Provide This Service,0,Does Not Provide This Service
6a0b1826-f56c-47e3-85d2-55d11bbc075d,2,Potentially Available,0,Does Not Provide This Service,0,Does Not Provide This Service
6a1d13cf-a67c-4a0c-bbb0-1a0b3be35313,2,Potentially Available,0,Does Not Provide This Service,0,Does Not Provide This Service
6a30cb52-bb52-4865-811c-2f0270dc7375,0,Does Not Provide This Service,0,Does Not Provide This Service,0,Does Not Provide This Service
6a42c2ef-1f2b-4f5f-87fa-c2dba5baecc2,0,Does Not Provide This Service,0,Does Not Provide This Service,0,Does Not Provide This Service
6a4f50d7-1e3a-4588-bb86-5a932af2d048,0,Does Not Provide This Service,0,Does Not Provide This Service,0,Does Not Provide This Service
6a522de3-dce2-4f92-93e3-79bce2befcb1,2,Potentially Available,0,Does Not Provide This Service,0,Does Not Provide This Service
6a5b76be-54cf-4c1b-bd43-53475bd5ecc9,2,Potentially Available,0,Does Not Provide This Service,0,Does Not Provide This Service
6a65d76d-2319-4d76-8305-c1f8a013276a,0,Does Not Provide This Service,0,Does Not Provide This Service,0,Does Not Provide This Service
6a685135-ebcc-48a3-8733-94dc089e0c51,0,Does Not Provide This Service,0,Does Not Provide This Service,0,Does Not Provide This Service
6a6e5c4b-b621-4122-9eef-24f9f8a7a522,2,Potentially Available,0,Does Not Provide This Service,0,Does Not Provide This Service
6a7ea379-736e-451a-ab25-fda8c931c4b8,0,Does Not Provide This Service,0,Does Not Provide This Service,3,Constrained by Size
6a855e8d-f5fd-48a3-9506-5ae899df96e4,2,Potentially Available,0,Does Not Provide This Service,0,Does Not Provide This Service
6a973343-a885-4516-9bac-129a3cb230b2,2,Potentially Available,0,Does Not Provide This Service,0,Does Not Provide This Service
6aaf7910-e988-4b8d-875d-237fa60b10e4,0,Does Not Provide This Service,0,Does Not Provide This Service,0,Does Not Provide This Service
6ac1f692-35bb-4891-80cd-4bdcd25cefbd,2,Potentially Available,0,Does Not Provide This Service,0,Does Not Provide This Service
6ac576f0-d346-4f12-94c4-5753697546db,0,Does Not Provide This Service,0,Does Not Provide This Service,0,Does Not Provide This Service
6b0231f6-78b9-416c-8288-0060af71ff71,0,Does Not Provide This Service,0,Does Not Provide This Service,0,Does Not Provide This Service
6b23bc79-4ded-42de-a916-d9c1079810e9,0,Does Not Provide This Service,0,Does Not Provide This Service,0,Does Not Provide This Service
6b2ea140-ac28-44ae-aed3-836bdbc5bce3,0,Does Not Provide This Service,0,Does Not Provide This Service,0,Does Not Provide This Service
6b68b0ce-b709-4882-8f64-039660d0846d,0,Does Not Provide This Service,0,Does Not Provide This Service,0,Does Not Provide This Service
6b6c7501-4aca-4881-98bc-4b05afda3440,2,Potentially Available,0,Does Not Provide This Service,0,Does Not Provide This Service
6b74c0a8-a2d7-44c9-9fdc-0757fb459e81,2,Potentially Available,0,Does Not Provide This Service,0,Does Not Provide This Service
6b7bf27a-7247-4d26-8271-d8c115127646,2,Potentially Available,0,Does Not Provide This Service,0,Does Not Provide This Service
6b868a1b-8d44-424d-80e2-e0dd7a9a5849,2,Potentially Available,0,Does Not Provide This Service,0,Does Not Provide This Service
6b87e883-b6d9-452f-97c3-fa678b8bccb9,2,Potentially Available,0,Does Not Provide This Service,0,Does Not Provide This Service
6b9014b1-e3ce-4754-aec7-ab118b545ab7,0,Does Not Provide This Service,0,Does Not Provide This Service,0,Does Not Provide This Service
6b9e2015-0482-4f47-853b-38b3d85423f8,2,Potentially Available,0,Does Not Provide This Service,0,Does Not Provide This Service
6ba40a48-6af5-4d06-b7b9-31d715ae045d,2,Potentially Available,0,Does Not Provide This Service,0,Does Not Provide This Service
6ba6d279-4221-49c1-be87-fb801d13f045,0,Does Not Provide This Service,0,Does Not Provide This Service,0,Does Not Provide This Service
6bade240-6da3-4c00-94e9-19058a0503a6,0,Does Not Provide This Service,0,Does Not Provide This Service,0,Does Not Provide This Service
6bb2ad88-29b5-4890-aa8f-d093b32bef2d,0,Does Not Provide This Service,0,Does Not Provide This Service,0,Does Not Provide This Service
6bc594d6-0311-4ca7-84bc-1ea622991d59,2,Potentially Available,0,Does Not Provide This Service,0,Does Not Provide This Service
6bcb1df5-cff5-4907-93bc-f48b5c46f5b4,0,Does Not Provide This Service,0,Does Not Provide This Service,0,Does Not Provide This Service
6bcc7086-5a33-4317-9bc7-e32912af5055,2,Potentially Available,0,Does Not Provide This Service,0,Does Not Provide This Service
6bd94ec4-2526-4332-a1eb-218949070fbf,2,Potentially Available,0,Does Not Provide This Service,0,Does Not Provide This Service
6be78446-fd1f-4b1a-a979-719152cb85a1,2,Potentially Available,0,Does Not Provide This Service,0,Does Not Provide This Service
6be93885-a3bb-4d45-8446-18a5ad3ca602,2,Potentially Available,0,Does Not Provide This Service,0,Does Not Provide This Service
6beb4d4d-845f-4d6b-a406-e3a0de28a15c,0,Does Not Provide This Service,0,Does Not Provide This Service,0,Does Not Provide This Service
6c0c7af9-ba51-4bad-95ae-13284c4e1d3a,2,Potentially Available,0,Does Not Provide This Service,0,Does Not Provide This Service
6c182c20-1749-4fd2-a596-43ea10a0c27f,2,Potentially Available,0,Does Not Provide This Service,0,Does Not Provide This Service
6c207e55-00ec-472f-957c-a423de484c4c,0,Does Not Provide This Service,0,Does Not Provide This Service,5,Highly Constrained
6c3d81d4-45b3-4c8c-be4b-be460d9cc82b,2,Potentially Available,0,Does Not Provide This Service,0,Does Not Provide This Service
6c40655a-3a76-4fc9-908a-8bf7ccc9d346,0,Does Not Provide This Service,0,Does Not Provide This Service,3,Constrained by Size
6c453391-8603-43ac-bbb3-5d315cc5b7ef,0,Does Not Provide This Service,0,Does Not Provide This Service,0,Does Not Provide This Service
6c4567bf-9099-4514-b185-9fbb6bba13f1,0,Does Not Provide This Service,0,Does Not Provide This Service,0,Does Not Provide This Service
6c500fad-98e4-480d-9b4c-65b9747f9a07,0,Does Not Provide This Service,0,Does Not Provide This Service,0,Does Not Provide This Service
6c610918-a15a-444f-87ce-d4eea9458420,2,Potentially Available,0,Does Not Provide This Service,0,Does Not Provide This Service
6c61eefb-ac2a-4658-8b43-9fd4e26e8023,2,Potentially Available,0,Does Not Provide This Service,0,Does Not Provide This Service
6c70c3ca-84e6-49a3-b19b-d8926f504238,2,Potentially Available,0,Does Not Provide This Service,0,Does Not Provide This Service
6c8e1c26-88cc-4f31-9c2b-1f2d806fae1f,0,Does Not Provide This Service,0,Does Not Provide This Service,0,Does Not Provide This Service
6ca34554-9460-4ec7-841a-857b440c71ef,0,Does Not Provide This Service,0,Does Not Provide This Service,0,Does Not Provide This Service
6ca8b4e6-5754-46e0-bb06-aaae8950b372,0,Does Not Provide This Service,0,Does Not Provide This Service,0,Does Not Provide This Service
6cb3c08a-17fe-46c5-aac7-22290a021e50,0,Does Not Provide This Service,0,Does Not Provide This Service,0,Does Not Provide This Service
6cb4ad9c-2ff8-4f00-80c7-e3c918c0237a,0,Does Not Provide This Service,0,Does Not Provide This Service,0,Does Not Provide This Service
6cb8fb9d-509e-4ed0-9782-8995b57197f0,2,Potentially Available,0,Does Not Provide This Service,0,Does Not Provide This Service
6cd9f0a8-8e5d-48da-9a3f-0a077c3f3c55,0,Does Not Provide This Service,0,Does Not Provide This Service,0,Does Not Provide This Service
6ce1f455-85f9-424a-805e-b179ae491ff5,2,Potentially Available,0,Does Not Provide This Service,0,Does Not Provide This Service
6cf0c7a4-2cc9-4493-94de-8de4dc0afc98,0,Does Not Provide This Service,0,Does Not Provide This Service,0,Does Not Provide This Service
6d1cd180-520a-4c97-83c0-6d87ca8bfdcf,2,Potentially Available,0,Does Not Provide This Service,0,Does Not Provide This Service
6d28bfca-1f1e-45a5-8e2e-0eb1f9fc1359,0,Does Not Provide This Service,0,Does Not Provide This Service,0,Does Not Provide This Service
6d317660-7c35-44da-8346-469a9880c0c7,0,Does Not Provide This Service,0,Does Not Provide This Service,0,Does Not Provide This Service
6d3c2b84-f006-48f4-be7c-8cc5f2f93a0f,2,Potentially Available,0,Does Not Provide This Service,0,Does Not Provide This Service
6d455c3f-8560-45b8-bc4d-57465bb47fef,2,Potentially Available,0,Does Not Provide This Service,0,Does Not Provide This Service
6d46a582-7e14-4519-a046-b77e8bdccdc4,2,Potentially Available,0,Does Not Provide This Service,0,Does Not Provide This Service
6d478fd9-94a9-4bf4-82eb-fba75c4c2dc0,0,Does Not Provide This Service,0,Does Not Provide This Service,0,Does Not Provide This Service
6d4d64be-8ee3-42c9-9ab3-a955458a0672,2,Potentially Available,0,Does Not Provide This Service,0,Does Not Provide This Service
6d528696-fe61-4b59-af42-93d3146e5b44,2,Potentially Available,0,Does Not Provide This Service,0,Does Not Provide This Service
6d537e8d-7071-429f-8aa6-c58d9a9f57df,2,Potentially Available,0,Does Not Provide This Service,0,Does Not Provide This Service
6d56c33c-05d3-4861-8ddd-22d3790675bf,0,Does Not Provide This Service,1,Likely Available,0,Does Not Provide This Service
6d6e80a4-4d42-4e31-bafe-85d53bb5c8b3,0,Does Not Provide This Service,0,Does Not Provide This Service,0,Does Not Provide This Service
6da0ee30-d50d-457e-a22f-688f3c5f83dd,0,Does Not Provide This Service,0,Does Not Provide This Service,0,Does Not Provide This Service
6db31bdb-bad3-4386-9def-56b12c147b13,0,Does Not Provide This Service,0,Does Not Provide This Service,0,Does Not Provide This Service
6dbc14c1-7db2-4667-a2f6-3704168d1772,2,Potentially Available,0,Does Not Provide This Service,0,Does Not Provide This Service
6dc0392a-bb0a-437e-99d6-2b0d91079383,2,Potentially Available,0,Does Not Provide This Service,0,Does Not Provide This Service
6dc4c20c-db00-4e2e-8cae-fb55541bc1d6,0,Does Not Provide This Service,0,Does Not Provide This Service,0,Does Not Provide This Service
6dd78179-a8f7-4b9f-bd4d-a08341a5e5b1,2,Potentially Available,0,Does Not Provide This Service,0,Does Not Provide This Service
6dd9d2ef-fc40-4035-be2f-e571b1eee4d2,0,Does Not Provide This Service,0,Does Not Provide This Service,0,Does Not Provide This Service
6de99c9c-bd9b-4b55-81cb-a3116e4e42ac,0,Does Not Provide This Service,0,Does Not Provide This Service,0,Does Not Provide This Service
6deb6a1d-a7ee-4c4b-ad88-0b2fdd3d6e55,0,Does Not Provide This Service,0,Does Not Provide This Service,0,Does Not Provide This Service
6dff66b0-0982-44dd-ae4f-5c0608a0cd03,2,Potentially Available,0,Does Not Provide This Service,0,Does Not Provide This Service
6e02c41d-8720-4536-b896-7b31923290a6,0,Does Not Provide This Service,0,Does Not Provide This Service,0,Does Not Provide This Service
6e09eeb9-9d07-4b19-b034-fd9086ce0c06,2,Potentially Available,0,Does Not Provide This Service,0,Does Not Provide This Service
6e0ac326-f27f-4af5-beec-94d63e3810aa,0,Does Not Provide This Service,0,Does Not Provide This Service,0,Does Not Provide This Service
6e164111-995e-4afd-b2bc-6b4a4526efd3,0,Does Not Provide This Service,0,Does Not Provide This Service,0,Does Not Provide This Service
6e169362-92f6-424a-a8d8-cc74440a70e6,2,Potentially Available,0,Does Not Provide This Service,0,Does Not Provide This Service
6e34fb19-72c7-4e94-8263-b09f46044aeb,2,Potentially Available,0,Does Not Provide This Service,0,Does Not Provide This Service
6e3809a7-00e5-46f0-b213-17a0609306e5,0,Does Not Provide This Service,0,Does Not Provide This Service,0,Does Not Provide This Service
6e71eab7-ea38-4215-a702-a7ed5bd84511,2,Potentially Available,0,Does Not Provide This Service,0,Does Not Provide This Service
6e74b0fe-ac70-4224-9ccc-ee0fac8a743b,0,Does Not Provide This Service,0,Does Not Provide This Service,0,Does Not Provide This Service
6e93c6ef-d00d-4f8d-90d0-13c0fc2473ec,0,Does Not Provide This Service,0,Does Not Provide This Service,0,Does Not Provide This Service
6ea05972-e4f3-4550-bc00-3f69ddf2554c,2,Potentially Available,0,Does Not Provide This Service,0,Does Not Provide This Service
6ea279d3-5d4d-4ac5-8366-88cdb9d1ca34,0,Does Not Provide This Service,0,Does Not Provide This Service,0,Does Not Provide This Service
6eb9d416-dd60-4f34-a058-2caa63a714e7,2,Potentially Available,0,Does Not Provide This Service,0,Does Not Provide This Service
6ed72b61-f4f5-4c0f-94d2-70872bd64205,2,Potentially Available,0,Does Not Provide This Service,0,Does Not Provide This Service
6edf9f9b-072e-4e2e-8c14-ad1c17be63a6,2,Potentially Available,0,Does Not Provide This Service,0,Does Not Provide This Service
6ee0ebd4-7261-417d-bf02-53766d03514a,2,Potentially Available,4,Constrained by Market,0,Does Not Provide This Service
6eec2625-721c-4eaa-b9c9-fb731856e170,2,Potentially Available,0,Does Not Provide This Service,0,Does Not Provide This Service
6ef045fc-0881-4ade-9490-694e13c9f15d,2,Potentially Available,0,Does Not Provide This Service,0,Does Not Provide This Service
6ef122ef-645c-4c0f-88e8-757600e404bd,2,Potentially Available,0,Does Not Provide This Service,0,Does Not Provide This Service
6f08594b-bbba-4f5a-a73d-267bf58b9c5c,2,Potentially Available,0,Does Not Provide This Service,0,Does Not Provide This Service
6f15c81e-63db-4dfd-a9fd-cbf0dc5b3dfc,2,Potentially Available,0,Does Not Provide This Service,0,Does Not Provide This Service
6f1c9774-6ee8-4037-8073-50c20e3991a3,0,Does Not Provide This Service,0,Does Not Provide This Service,0,Does Not Provide This Service
6f1dc906-9897-4024-89ab-7d7515172220,0,Does Not Provide This Service,0,Does Not Provide This Service,0,Does Not Provide This Service
6f2ae056-ce72-404e-8eeb-40fb44292ffd,0,Does Not Provide This Service,0,Does Not Provide This Service,0,Does Not Provide This Service
6f386d82-f072-4ce3-abd9-d2525e2c1a3e,0,Does Not Provide This Service,0,Does Not Provide This Service,0,Does Not Provide This Service
6f3a3c09-e4a3-4f4e-b0d6-5c209487a19c,2,Potentially Available,0,Does Not Provide This Service,0,Does Not Provide This Service
6f5e7daf-03e7-4e12-bfd7-82b0e9aa4abc,2,Potentially Available,0,Does Not Provide This Service,0,Does Not Provide This Service
6f60a077-d6f6-4724-adb3-8262f9104d1f,2,Potentially Available,0,Does Not Provide This Service,0,Does Not Provide This Service
6f66427c-4b38-44f1-98d6-67e25444efb7,2,Potentially Available,0,Does Not Provide This Service,0,Does Not Provide This Service
6f66816d-1959-40e7-892e-c7a87c3be8f7,0,Does Not Provide This Service,0,Does Not Provide This Service,0,Does Not Provide This Service
6f738660-e837-4c61-a377-34a03c4a6034,0,Does Not Provide This Service,0,Does Not Provide This Service,0,Does Not Provide This Service
6f86d0a2-9cf1-4c17-9d54-22e37c9364c0,1,Likely Available,0,Does Not Provide This Service,0,Does Not Provide This Service
6f8f0c0e-7dad-4b4b-bcc1-e78ab0717c82,2,Potentially Available,0,Does Not Provide This Service,0,Does Not Provide This Service
6f942540-4cee-4690-8f40-2d61be3f10a1,0,Does Not Provide This Service,0,Does Not Provide This Service,0,Does Not Provide This Service
6fa337eb-fa5a-4c54-a009-1a70d6bf4c57,0,Does Not Provide This Service,0,Does Not Provide This Service,0,Does Not Provide This Service
6fc47d2c-42f3-49da-a003-b3c3d5446dee,0,Does Not Provide This Service,0,Does Not Provide This Service,0,Does Not Provide This Service
6fd015e8-6778-47bc-b5dd-3b19b18f0b4d,0,Does Not Provide This Service,0,Does Not Provide This Service,0,Does Not Provide This Service
6ff2951d-82cd-4022-a9d9-12d61b7a84b8,0,Does Not Provide This Service,0,Does Not Provide This Service,0,Does Not Provide This Service
7039ba2e-67dc-4125-a9d1-92ba38dd8970,2,Potentially Available,0,Does Not Provide This Service,0,Does Not Provide This Service
703af4f6-af1f-46a8-87ba-d1ee72e8f568,0,Does Not Provide This Service,0,Does Not Provide This Service,0,Does Not Provide This Service
7041d19c-31da-4852-a418-30fe256e119a,0,Does Not Provide This Service,0,Does Not Provide This Service,0,Does Not Provide This Service
704a7fc1-5626-42cb-b7b3-3380cb87eae2,2,Potentially Available,0,Does Not Provide This Service,0,Does Not Provide This Service
7054fb8d-4092-40c5-a01f-801d47922071,2,Potentially Available,0,Does Not Provide This Service,0,Does Not Provide This Service
7067f862-8c20-4e81-a41b-3a3d190c00d2,2,Potentially Available,0,Does Not Provide This Service,0,Does Not Provide This Service
707f2041-bb27-4b8b-ad6c-af778fa58e01,2,Potentially Available,0,Does Not Provide This Service,0,Does Not Provide This Service
708ceaf9-d340-4937-8897-406f96b8eb6a,2,Potentially Available,0,Does Not Provide This Service,0,Does Not Provide This Service
708feaaf-9a97-458f-b603-57375e34fa26,2,Potentially Available,0,Does Not Provide This Service,0,Does Not Provide This Service
70a7069a-26a4-4529-b9b7-425aa0e48755,2,Potentially Available,0,Does Not Provide This Service,0,Does Not Provide This Service
70ae2b99-0ecc-4862-b97d-0179af4bd316,0,Does Not Provide This Service,0,Does Not Provide This Service,0,Does Not Provide This Service
70be62ed-b4ad-4b2b-a6eb-bb563208aa01,0,Does Not Provide This Service,1,Likely Available,0,Does Not Provide This Service
70e91aba-a55b-4dec-91c1-359eeeb00339,0,Does Not Provide This Service,0,Does Not Provide This Service,0,Does Not Provide This Service
70eb6efb-db3d-433c-8d76-301d2596d713,0,Does Not Provide This Service,0,Does Not Provide This Service,0,Does Not Provide This Service
70ef25d8-5a0d-45e3-9c3b-1764628f6d80,0,Does Not Provide This Service,0,Does Not Provide This Service,0,Does Not Provide This Service
70fbb0bd-796c-4530-aed0-d05c02d07572,2,Potentially Available,0,Does Not Provide This Service,0,Does Not Provide This Service
7112e89f-160b-4dc7-bd68-5f683a34101d,0,Does Not Provide This Service,0,Does Not Provide This Service,0,Does Not Provide This Service
711617ee-7c81-46fb-acba-b2b8b4d47ed0,0,Does Not Provide This Service,0,Does Not Provide This Service,0,Does Not Provide This Service
7120519c-32f6-4dc6-8e48-112dfce36e00,0,Does Not Provide This Service,0,Does Not Provide This Service,0,Does Not Provide This Service
715c26f3-0c16-44bf-83ac-a3d889768078,2,Potentially Available,0,Does Not Provide This Service,0,Does Not Provide This Service
7161144b-cc61-41c3-8748-5ce97ce311a2,0,Does Not Provide This Service,0,Does Not Provide This Service,0,Does Not Provide This Service
7173d675-a85b-4e1a-b151-d7fae7d93265,2,Potentially Available,0,Does Not Provide This Service,0,Does Not Provide This Service
7179d291-502d-4259-a8b4-8210296f1717,0,Does Not Provide This Service,0,Does Not Provide This Service,0,Does Not Provide This Service
717dc9d8-bb87-4e19-b731-5c9c866ac8d1,2,Potentially Available,0,Does Not Provide This Service,0,Does Not Provide This Service
7187ceeb-d0f7-4052-98eb-f008c14a1bcb,0,Does Not Provide This Service,0,Does Not Provide This Service,1,Likely Available
71881d39-d224-4b00-a755-2238895d53cc,0,Does Not Provide This Service,0,Does Not Provide This Service,0,Does Not Provide This Service
71882d2c-c506-4c40-a4b5-b6ff617d0507,2,Potentially Available,0,Does Not Provide This Service,0,Does Not Provide This Service
719116c8-bd0f-48d1-9429-23e550a428df,0,Does Not Provide This Service,0,Does Not Provide This Service,0,Does Not Provide This Service
71936e7a-1898-4ea0-875c-5e4222c8bba4,0,Does Not Provide This Service,0,Does Not Provide This Service,0,Does Not Provide This Service
719eedf6-7f8f-466b-b1bd-c12343afc4a8,2,Potentially Available,0,Does Not Provide This Service,0,Does Not Provide This Service
71c35021-eab8-42ae-a54b-dcd02e97eced,2,Potentially Available,0,Does Not Provide This Service,0,Does Not Provide This Service
71c4a738-6cdc-4ea8-a897-85f03dadfb02,0,Does Not Provide This Service,0,Does Not Provide This Service,0,Does Not Provide This Service
71cf73ca-8eb4-462c-8dc3-cd04ee62c48d,0,Does Not Provide This Service,0,Does Not Provide This Service,0,Does Not Provide This Service
71df1cb0-368e-4760-bb90-43095913ff58,0,Does Not Provide This Service,0,Does Not Provide This Service,0,Does Not Provide This Service
71e1961d-2cba-4ba6-884b-57c3304af1de,0,Does Not Provide This Service,0,Does Not Provide This Service,0,Does Not Provide This Service
71ebb195-fa29-4efe-8e35-1769f1e66c03,2,Potentially Available,0,Does Not Provide This Service,0,Does Not Provide This Service
71f31441-8ef6-4e70-a171-9fa859b3f612,2,Potentially Available,0,Does Not Provide This Service,0,Does Not Provide This Service
71f315d6-5a90-42fb-bb2d-b526e3654256,2,Potentially Available,0,Does Not Provide This Service,0,Does Not Provide This Service
72036117-ef64-487b-b653-4a249c50eef6,0,Does Not Provide This Service,0,Does Not Provide This Service,0,Does Not Provide This Service
72050806-f4b3-43b3-852b-a461c748728c,0,Does Not Provide This Service,0,Does Not Provide This Service,0,Does Not Provide This Service
721bceca-e2f7-44ce-9502-319afcd8107e,2,Potentially Available,0,Does Not Provide This Service,0,Does Not Provide This Service
72260c1c-b8d5-43a2-83cc-64cbd67a0ac4,0,Does Not Provide This Service,0,Does Not Provide This Service,0,Does Not Provide This Service
724ea2ed-5bf0-4357-9979-b6d76f84ca9e,2,Potentially Available,0,Does Not Provide This Service,0,Does Not Provide This Service
725d053f-c333-4fce-8caf-953b1c469a1b,2,Potentially Available,0,Does Not Provide This Service,0,Does Not Provide This Service
725e00f8-3668-4eaf-b71e-29040c3907a4,2,Potentially Available,0,Does Not Provide This Service,0,Does Not Provide This Service
725e4c0a-7c23-4013-b28b-7bc69a0c54cd,0,Does Not Provide This Service,0,Does Not Provide This Service,0,Does Not Provide This Service
725f3d4c-4e45-4350-83d0-8221b9d1da4f,2,Potentially Available,0,Does Not Provide This Service,0,Does Not Provide This Service
725f3e07-e78e-4db3-be39-209018cf869d,2,Potentially Available,0,Does Not Provide This Service,0,Does Not Provide This Service
7267d2bf-d89f-43c8-a995-305e960196d1,0,Does Not Provide This Service,0,Does Not Provide This Service,0,Does Not Provide This Service
726857af-34ea-4a99-aaa1-96cde65418ca,2,Potentially Available,0,Does Not Provide This Service,0,Does Not Provide This Service
726e7d0d-ebd5-47d6-82c5-8983933de7e6,0,Does Not Provide This Service,0,Does Not Provide This Service,0,Does Not Provide This Service
727c41bf-bcee-4680-8d42-645a0dca7fc4,0,Does Not Provide This Service,0,Does Not Provide This Service,0,Does Not Provide This Service
727eec1c-c89d-4336-a131-f8031a6933c0,2,Potentially Available,0,Does Not Provide This Service,0,Does Not Provide This Service
7298c292-1b80-4966-bca0-67e91c0afc82,0,Does Not Provide This Service,0,Does Not Provide This Service,0,Does Not Provide This Service
729f9ed9-e558-4ea4-8c7f-a85106771d81,2,Potentially Available,0,Does Not Provide This Service,0,Does Not Provide This Service
72ab0bf9-bc8a-4f8c-b19b-9a1cd6e5f282,2,Potentially Available,0,Does Not Provide This Service,0,Does Not Provide This Service
72b56ab2-4d6a-47ec-9422-355041116135,2,Potentially Available,0,Does Not Provide This Service,0,Does Not Provide This Service
72b5f9e5-4829-4228-b7ba-a16e572bf59d,2,Potentially Available,0,Does Not Provide This Service,0,Does Not Provide This Service
72b6b049-251b-40de-a116-ef14a8ec6b4c,2,Potentially Available,0,Does Not Provide This Service,0,Does Not Provide This Service
72b709f1-2cd5-4f4c-8341-85085e9da482,0,Does Not Provide This Service,0,Does Not Provide This Service,0,Does Not Provide This Service
72ba8e28-1202-4068-b1df-1fb94e6b38be,2,Potentially Available,0,Does Not Provide This Service,0,Does Not Provide This Service
72bd5295-c78a-4263-a4eb-10cf326a930c,0,Does Not Provide This Service,0,Does Not Provide This Service,0,Does Not Provide This Service
72bf4949-26b1-4a2a-acfc-395af176053b,0,Does Not Provide This Service,0,Does Not Provide This Service,2,Potentially Available
72c02263-4a02-4475-a461-106a6436f53d,0,Does Not Provide This Service,0,Does Not Provide This Service,0,Does Not Provide This Service
72c612f3-7075-46b8-8a93-eebf392b5489,2,Potentially Available,1,Likely Available,0,Does Not Provide This Service
72c6d083-924f-406b-88f3-754b08409eeb,0,Does Not Provide This Service,0,Does Not Provide This Service,0,Does Not Provide This Service
72cd2283-0449-453e-8e1f-08666fd1fc0a,2,Potentially Available,0,Does Not Provide This Service,0,Does Not Provide This Service
72d4bfec-b909-4e39-938a-6a74a65e4855,2,Potentially Available,0,Does Not Provide This Service,0,Does Not Provide This Service
72d6e5c6-94ea-4c74-8cd5-966c718e7453,0,Does Not Provide This Service,0,Does Not Provide This Service,0,Does Not Provide This Service
72fbc9ff-271b-450a-a80d-1f8e5c45f636,2,Potentially Available,0,Does Not Provide This Service,0,Does Not Provide This Service
72fe09e4-e2df-4dec-9652-f3168a440264,0,Does Not Provide This Service,0,Does Not Provide This Service,2,Potentially Available
730cbdb4-b099-4cc8-9347-2c24a655ecaf,0,Does Not Provide This Service,0,Does Not Provide This Service,0,Does Not Provide This Service
7331a97d-8a78-421d-ba34-97b9f8abf5c4,2,Potentially Available,0,Does Not Provide This Service,0,Does Not Provide This Service
7342eb38-9d19-4062-808f-63530f62f1d8,2,Potentially Available,0,Does Not Provide This Service,0,Does Not Provide This Service
73439965-d1bd-4085-8573-3ad20dac4b8d,0,Does Not Provide This Service,0,Does Not Provide This Service,0,Does Not Provide This Service
735b0306-3b09-4226-8ed8-7f7a8e049c27,2,Potentially Available,0,Does Not Provide This Service,0,Does Not Provide This Service
736988f5-bcee-42b4-9489-e06d7d681eec,2,Potentially Available,0,Does Not Provide This Service,0,Does Not Provide This Service
736e2456-28cb-457a-81c4-d32121842878,2,Potentially Available,0,Does Not Provide This Service,0,Does Not Provide This Service
737b742e-14b0-4335-854b-c837ec9baa26,2,Potentially Available,0,Does Not Provide This Service,0,Does Not Provide This Service
7382556e-1644-4e8b-8cb9-1144b9a01cdb,2,Potentially Available,0,Does Not Provide This Service,0,Does Not Provide This Service
7385c528-c829-493f-9703-53425a5c6da9,2,Potentially Available,0,Does Not Provide This Service,0,Does Not Provide This Service
73890f2c-7f5d-44d5-b797-2d744f179090,2,Potentially Available,0,Does Not Provide This Service,0,Does Not Provide This Service
7399d5b5-fe95-4e54-82ad-fff6a9ba66f1,2,Potentially Available,0,Does Not Provide This Service,0,Does Not Provide This Service
739f288e-ea24-4782-a83d-eb44b393e634,0,Does Not Provide This Service,0,Does Not Provide This Service,0,Does Not Provide This Service
73a08cac-3d97-42c0-9746-36301c3cf588,0,Does Not Provide This Service,0,Does Not Provide This Service,0,Does Not Provide This Service
73a5cec7-e92f-4e16-aeed-172ae12037b3,2,Potentially Available,0,Does Not Provide This Service,0,Does Not Provide This Service
73b0bc28-2cce-4f62-a279-ef49951912cd,0,Does Not Provide This Service,0,Does Not Provide This Service,0,Does Not Provide This Service
73c04eaa-5056-41b9-adf9-71e67cae64cf,2,Potentially Available,0,Does Not Provide This Service,0,Does Not Provide This Service
73cf3319-86aa-4a6c-a8fd-a0ec72a8704b,2,Potentially Available,0,Does Not Provide This Service,0,Does Not Provide This Service
73dacbc5-0534-48d2-b10a-668b57c8bef3,0,Does Not Provide This Service,0,Does Not Provide This Service,1,Likely Available
73dc6fd3-f60b-4948-83fa-f18e0ef4dd86,2,Potentially Available,0,Does Not Provide This Service,0,Does Not Provide This Service
73fa2464-8204-48ca-aa74-763a092f9e7b,0,Does Not Provide This Service,0,Does Not Provide This Service,0,Does Not Provide This Service
73fa72ab-0a81-495e-ba31-046cb883c804,0,Does Not Provide This Service,0,Does Not Provide This Service,0,Does Not Provide This Service
74180222-0db3-4863-89a3-74c8b3dc06fc,0,Does Not Provide This Service,0,Does Not Provide This Service,0,Does Not Provide This Service
74392011-c6d9-4639-a263-df0a9a43b89a,0,Does Not Provide This Service,0,Does Not Provide This Service,0,Does Not Provide This Service
7439aa87-5640-47f9-bd46-767170b731fb,0,Does Not Provide This Service,0,Does Not Provide This Service,0,Does Not Provide This Service
743f6d71-1c2d-4a5d-8053-f1436e00e0f2,0,Does Not Provide This Service,0,Does Not Provide This Service,0,Does Not Provide This Service
74486f7c-8f31-4e5e-8935-da3d8af4b635,0,Does Not Provide This Service,0,Does Not Provide This Service,0,Does Not Provide This Service
744cf5f6-18a6-46ae-9551-e11e86806717,2,Potentially Available,0,Does Not Provide This Service,0,Does Not Provide This Service
744e4b40-eff1-463b-8545-ace4f3c2507a,0,Does Not Provide This Service,0,Does Not Provide This Service,0,Does Not Provide This Service
7450cef0-982f-4705-8f20-040f5f83b8d9,2,Potentially Available,0,Does Not Provide This Service,0,Does Not Provide This Service
746367a3-79b5-45a4-b9a9-98d3b9c03955,2,Potentially Available,0,Does Not Provide This Service,0,Does Not Provide This Service
7465c097-53be-4c3d-b727-1e1800f770bb,2,Potentially Available,0,Does Not Provide This Service,0,Does Not Provide This Service
74691ce5-3e87-4cb0-8863-3365a5c22017,2,Potentially Available,0,Does Not Provide This Service,0,Does Not Provide This Service
746d788b-c5b7-4f47-b56a-14d1ad4ed501,0,Does Not Provide This Service,0,Does Not Provide This Service,0,Does Not Provide This Service
746e0eda-0636-4744-a1e5-33be40ff20ca,0,Does Not Provide This Service,0,Does Not Provide This Service,0,Does Not Provide This Service
74755932-81c4-43e3-b5d3-1cff8ff2a5c4,2,Potentially Available,0,Does Not Provide This Service,0,Does Not Provide This Service
74853d5f-bfda-4df5-ad35-2cf208998313,0,Does Not Provide This Service,0,Does Not Provide This Service,0,Does Not Provide This Service
749ff11d-d828-44df-84ea-3555ebc407d9,2,Potentially Available,0,Does Not Provide This Service,0,Does Not Provide This Service
74a500f8-cbd1-448e-a153-6837d1148a6e,2,Potentially Available,0,Does Not Provide This Service,0,Does Not Provide This Service
74aa0472-ae43-4102-a1aa-b18ebbf9b494,0,Does Not Provide This Service,0,Does Not Provide This Service,0,Does Not Provide This Service
74ad22d2-f743-4f48-aa10-4b8ccc3f7d3a,0,Does Not Provide This Service,0,Does Not Provide This Service,0,Does Not Provide This Service
74afb388-aab1-4f6f-a042-2e440b09a99d,0,Does Not Provide This Service,0,Does Not Provide This Service,0,Does Not Provide This Service
74b3d37e-33d0-4394-8e5d-7812edb22a97,0,Does Not Provide This Service,0,Does Not Provide This Service,0,Does Not Provide This Service
74b8cdcf-7d66-454d-8bbf-2728a984fff9,0,Does Not Provide This Service,0,Does Not Provide This Service,0,Does Not Provide This Service
74baf1a4-d267-4e1b-a79d-cb208fbe6146,0,Does Not Provide This Service,0,Does Not Provide This Service,0,Does Not Provide This Service
74bc1dbb-77e2-4082-b99c-ef128b5d8718,0,Does Not Provide This Service,0,Does Not Provide This Service,0,Does Not Provide This Service
74cfdbba-3114-4e13-a47f-403566ca5d85,2,Potentially Available,0,Does Not Provide This Service,0,Does Not Provide This Service
74d3b589-58b6-4822-936e-2740a768f124,0,Does Not Provide This Service,0,Does Not Provide This Service,0,Does Not Provide This Service
74d660ce-ab58-4297-b63a-6b62e76e4450,2,Potentially Available,0,Does Not Provide This Service,0,Does Not Provide This Service
74ec39ef-e4e9-41ea-b4c4-0025c745c283,2,Potentially Available,0,Does Not Provide This Service,0,Does Not Provide This Service
74f57a6a-2d0b-44d7-a3e9-7a859b59d1d9,0,Does Not Provide This Service,0,Does Not Provide This Service,0,Does Not Provide This Service
74f5cff7-03b4-46d7-83d4-effbb711cc76,0,Does Not Provide This Service,0,Does Not Provide This Service,0,Does Not Provide This Service
75014608-09ab-4f06-bfc9-b9f6844fd68f,0,Does Not Provide This Service,0,Does Not Provide This Service,0,Does Not Provide This Service
750bc0fd-1cee-4cc1-b363-419d05c92997,2,Potentially Available,0,Does Not Provide This Service,0,Does Not Provide This Service
751ba066-4d95-4401-8fc0-8e29ea1f33de,2,Potentially Available,0,Does Not Provide This Service,0,Does Not Provide This Service
752014d9-ef42-42de-a3c5-68c2cc6542c5,2,Potentially Available,0,Does Not Provide This Service,0,Does Not Provide This Service
75238c03-ec06-443d-b472-e9f40d190cbe,0,Does Not Provide This Service,0,Does Not Provide This Service,0,Does Not Provide This Service
753deaa6-f849-4251-ab47-e064223325ca,2,Potentially Available,0,Does Not Provide This Service,0,Does Not Provide This Service
753e2657-1633-4e4a-8a2f-c641253b1fc7,0,Does Not Provide This Service,0,Does Not Provide This Service,0,Does Not Provide This Service
753e51e7-bdce-4d69-a1a3-84c2e3c7c27f,0,Does Not Provide This Service,0,Does Not Provide This Service,0,Does Not Provide This Service
754d176f-5526-41dd-be71-eb4684ae72f8,2,Potentially Available,0,Does Not Provide This Service,0,Does Not Provide This Service
7552721d-a091-43bd-a5b1-0e0a443a5232,2,Potentially Available,0,Does Not Provide This Service,0,Does Not Provide This Service
7571ae27-5631-488a-914c-b7e625d6aa50,0,Does Not Provide This Service,0,Does Not Provide This Service,0,Does Not Provide This Service
75839f7e-6704-4ba3-8536-cae97103e9b7,0,Does Not Provide This Service,0,Does Not Provide This Service,0,Does Not Provide This Service
759235d2-fb9d-4e3a-a185-51705258c600,0,Does Not Provide This Service,0,Does Not Provide This Service,0,Does Not Provide This Service
759cacad-023a-428a-9140-d229b0ed10f6,0,Does Not Provide This Service,0,Does Not Provide This Service,0,Does Not Provide This Service
75ab1f6c-f6d9-4eac-996e-aa007a113636,2,Potentially Available,0,Does Not Provide This Service,0,Does Not Provide This Service
75b6d878-1a0d-4868-8ed5-d6b7bc45527e,2,Potentially Available,1,Likely Available,0,Does Not Provide This Service
75b86f4d-6bcd-49c0-babe-15f15641a192,2,Potentially Available,0,Does Not Provide This Service,0,Does Not Provide This Service
75c32e3b-0a31-4918-a621-5b22751e1790,2,Potentially Available,0,Does Not Provide This Service,0,Does Not Provide This Service
75c961b3-0f47-45f6-9bc7-39af00dda58e,2,Potentially Available,0,Does Not Provide This Service,0,Does Not Provide This Service
75e00cb6-4cf9-49bc-a412-4349dbdee309,2,Potentially Available,0,Does Not Provide This Service,0,Does Not Provide This Service
75e2c972-9c27-4d17-982b-ee22aa0843fd,2,Potentially Available,0,Does Not Provide This Service,0,Does Not Provide This Service
75f1947b-4433-4540-9b44-c6a3a5f827ae,2,Potentially Available,0,Does Not Provide This Service,0,Does Not Provide This Service
75f95426-fe8b-4e3c-bf29-5203a03abf1c,0,Does Not Provide This Service,0,Does Not Provide This Service,0,Does Not Provide This Service
75f99416-dbb6-4851-ba75-721e8d7d1677,2,Potentially Available,0,Does Not Provide This Service,0,Does Not Provide This Service
7601422a-efee-49b3-a704-6ad17e01396e,0,Does Not Provide This Service,0,Does Not Provide This Service,0,Does Not Provide This Service
76031cd3-1749-43d6-a2dc-2f3ddc8054c1,0,Does Not Provide This Service,0,Does Not Provide This Service,0,Does Not Provide This Service
76121469-2d90-4c22-b0c3-7664b4ef24f7,0,Does Not Provide This Service,0,Does Not Provide This Service,0,Does Not Provide This Service
761526d9-3c5e-4390-9e47-0606ce408cb1,2,Potentially Available,0,Does Not Provide This Service,0,Does Not Provide This Service
76222715-e2ca-4a04-8c76-bb50291ef4fd,0,Does Not Provide This Service,0,Does Not Provide This Service,0,Does Not Provide This Service
762c3458-ced8-4ec4-a8f0-be68c4d6993f,2,Potentially Available,0,Does Not Provide This Service,0,Does Not Provide This Service
76366f32-b2f9-49d4-8101-0dde5601a156,2,Potentially Available,0,Does Not Provide This Service,0,Does Not Provide This Service
763cb358-afbc-4fbd-8aa3-e54ad23e22b6,2,Potentially Available,0,Does Not Provide This Service,0,Does Not Provide This Service
763f8151-c3aa-4f70-8cf1-6a88acdbb5e6,0,Does Not Provide This Service,0,Does Not Provide This Service,0,Does Not Provide This Service
7642e33e-96c8-4a38-8565-99b1b35a7359,2,Potentially Available,0,Does Not Provide This Service,0,Does Not Provide This Service
76537f8e-8f67-402f-80af-477d6fa749ce,0,Does Not Provide This Service,0,Does Not Provide This Service,0,Does Not Provide This Service
76543a28-8408-49e6-8b6f-388f7d25ea38,2,Potentially Available,0,Does Not Provide This Service,0,Does Not Provide This Service
7693c1ac-e1cd-41f4-8bac-2c64f35a99c5,0,Does Not Provide This Service,0,Does Not Provide This Service,0,Does Not Provide This Service
7694b3f7-14f0-4de9-a5b1-1c27b3aa96f9,0,Does Not Provide This Service,0,Does Not Provide This Service,0,Does Not Provide This Service
76b69760-9aeb-4619-8f44-b612060022f8,0,Does Not Provide This Service,0,Does Not Provide This Service,0,Does Not Provide This Service
76bdf553-f2d4-4f3b-b49b-dd34692a564a,0,Does Not Provide This Service,0,Does Not Provide This Service,5,Highly Constrained
76e162e4-ba42-4c47-9b3a-83eb8081d9a7,2,Potentially Available,0,Does Not Provide This Service,0,Does Not Provide This Service
76f08823-f907-49a5-bab2-2d6b329be157,0,Does Not Provide This Service,0,Does Not Provide This Service,5,Highly Constrained
76f1cc83-19ce-4973-9709-372171490fdc,2,Potentially Available,0,Does Not Provide This Service,0,Does Not Provide This Service
7701b07b-e737-44d2-afc2-0f7f0c770dc3,2,Potentially Available,0,Does Not Provide This Service,0,Does Not Provide This Service
770d92df-dca7-4eeb-ab83-82ea854cffc3,2,Potentially Available,0,Does Not Provide This Service,0,Does Not Provide This Service
77121907-6387-4715-9d57-f9264fa02562,0,Does Not Provide This Service,0,Does Not Provide This Service,0,Does Not Provide This Service
771bb89b-72d9-4911-819c-4ea49acc1b38,2,Potentially Available,0,Does Not Provide This Service,0,Does Not Provide This Service
772b05eb-f0e7-41a2-901b-f5ae5b5ad677,2,Potentially Available,0,Does Not Provide This Service,0,Does Not Provide This Service
7731f5f2-6b11-4b8c-af72-e80fc4de0925,2,Potentially Available,0,Does Not Provide This Service,0,Does Not Provide This Service
7732f670-d65e-43cd-9873-d8ad957ce82f,2,Potentially Available,0,Does Not Provide This Service,0,Does Not Provide This Service
773e1c1f-7be0-4e2c-8bf5-6f44b3256113,0,Does Not Provide This Service,0,Does Not Provide This Service,5,Highly Constrained
774ce10f-6d10-4037-8cec-92e7da9ab661,0,Does Not Provide This Service,0,Does Not Provide This Service,0,Does Not Provide This Service
7764ac51-1bd7-4f86-86e2-735ae6539305,2,Potentially Available,0,Does Not Provide This Service,0,Does Not Provide This Service
776d6689-6826-4be8-bb5c-80597a4d2c33,0,Does Not Provide This Service,0,Does Not Provide This Service,0,Does Not Provide This Service
777296c2-ae9a-4fb4-8001-bc5c5c1bbb81,2,Potentially Available,0,Does Not Provide This Service,0,Does Not Provide This Service
778dbdee-0d1c-45f9-b920-0413474ce79a,2,Potentially Available,0,Does Not Provide This Service,0,Does Not Provide This Service
77b95748-5ad9-41a6-9ea1-9b90f61b9113,2,Potentially Available,0,Does Not Provide This Service,0,Does Not Provide This Service
77be0109-83b6-4e49-879c-c835a3f2bac6,2,Potentially Available,0,Does Not Provide This Service,0,Does Not Provide This Service
77cb7ed4-7adb-4bc7-ad46-3d076b7cb3da,2,Potentially Available,0,Does Not Provide This Service,0,Does Not Provide This Service
77d604e7-ac51-438e-85e1-5fd52ba025a9,0,Does Not Provide This Service,0,Does Not Provide This Service,0,Does Not Provide This Service
7813e085-0f4c-4836-89a8-ca8cd0686827,2,Potentially Available,0,Does Not Provide This Service,0,Does Not Provide This Service
781d8316-8b55-4016-bfda-4685d1e3db53,0,Does Not Provide This Service,0,Does Not Provide This Service,0,Does Not Provide This Service
781e15f1-83cd-4723-9c85-64e912feb817,0,Does Not Provide This Service,0,Does Not Provide This Service,0,Does Not Provide This Service
782d5697-4e5f-45e3-8d4f-ba88faa434f2,0,Does Not Provide This Service,4,Constrained by Market,0,Does Not Provide This Service
78320b1f-2f6b-4101-99a7-481feaf46a23,2,Potentially Available,0,Does Not Provide This Service,0,Does Not Provide This Service
783df85b-0d3c-43cc-980e-ecea4279eab8,2,Potentially Available,0,Does Not Provide This Service,0,Does Not Provide This Service
784ba8a9-3fa6-41bc-ad8f-b2786125b8f4,2,Potentially Available,0,Does Not Provide This Service,0,Does Not Provide This Service
786205b5-5d2c-4073-aef2-379835b8fa55,2,Potentially Available,0,Does Not Provide This Service,0,Does Not Provide This Service
786ba568-70fa-4d57-8056-8b276658f891,2,Potentially Available,0,Does Not Provide This Service,0,Does Not Provide This Service
786dda5e-4c3c-4006-b318-f4a20e374fb1,0,Does Not Provide This Service,0,Does Not Provide This Service,0,Does Not Provide This Service
786fea36-e253-4d04-b4dd-13ad39cc678b,2,Potentially Available,0,Does Not Provide This Service,0,Does Not Provide This Service
789742ea-a536-4b3f-a33d-a705ba73f50e,2,Potentially Available,0,Does Not Provide This Service,0,Does Not Provide This Service
7899c8a3-8517-4c0e-be7a-eab0ad5856a8,2,Potentially Available,0,Does Not Provide This Service,0,Does Not Provide This Service
78a75049-8739-4c89-97f1-2da8f96d8154,0,Does Not Provide This Service,0,Does Not Provide This Service,1,Likely Available
78a99446-d68a-4950-856b-cf54612048a2,2,Potentially Available,0,Does Not Provide This Service,0,Does Not Provide This Service
78ac1683-b46b-4018-9f54-b871c9579225,2,Potentially Available,0,Does Not Provide This Service,0,Does Not Provide This Service
78b8d944-e408-4b2c-b11a-2e093518a84b,2,Potentially Available,0,Does Not Provide This Service,0,Does Not Provide This Service
78c9f5a4-a140-4e6c-976c-fbc82b474c44,2,Potentially Available,0,Does Not Provide This Service,0,Does Not Provide This Service
78d05462-030a-4e87-b531-e42674d2443b,2,Potentially Available,0,Does Not Provide This Service,0,Does Not Provide This Service
78ec7278-5eeb-4771-98cd-cf6fe4e3c8b8,2,Potentially Available,0,Does Not Provide This Service,0,Does Not Provide This Service
790da510-032d-42dc-a902-e20465725043,0,Does Not Provide This Service,0,Does Not Provide This Service,0,Does Not Provide This Service
79115b51-0958-407a-b6a4-bef58b47348b,2,Potentially Available,0,Does Not Provide This Service,0,Does Not Provide This Service
79161ef8-6ab4-4994-b62e-76d8f3fdcf57,0,Does Not Provide This Service,0,Does Not Provide This Service,0,Does Not Provide This Service
791a3623-71c1-4705-945e-332419dbe47e,2,Potentially Available,0,Does Not Provide This Service,0,Does Not Provide This Service
794164b7-ccde-40c3-a868-692cd1687f4e,2,Potentially Available,0,Does Not Provide This Service,0,Does Not Provide This Service
7944fb09-0684-49c9-adb7-4923eba4a5b1,2,Potentially Available,5,Highly Constrained,0,Does Not Provide This Service
794cfbce-78da-4b60-afcc-a18f67fc98ab,0,Does Not Provide This Service,0,Does Not Provide This Service,0,Does Not Provide This Service
79524ffd-e2cd-4afc-9c4f-694983419dbf,0,Does Not Provide This Service,0,Does Not Provide This Service,0,Does Not Provide This Service
7953931e-8c0d-4fac-ab3b-b20e58c71bc4,2,Potentially Available,0,Does Not Provide This Service,0,Does Not Provide This Service
7953fdc0-2e19-401d-a22c-d9da9fb17e21,0,Does Not Provide This Service,0,Does Not Provide This Service,0,Does Not Provide This Service
795a8ee1-e574-4d27-bfa3-3e56733f9358,2,Potentially Available,0,Does Not Provide This Service,0,Does Not Provide This Service
795b372e-7314-4777-ad9c-31fd33d1f5ad,0,Does Not Provide This Service,0,Does Not Provide This Service,0,Does Not Provide This Service
7977e37b-e2f6-4fd3-9c2e-b6048ab96c29,2,Potentially Available,0,Does Not Provide This Service,0,Does Not Provide This Service
797a0640-4ab4-42d8-83bd-1fa91a286667,2,Potentially Available,0,Does Not Provide This Service,0,Does Not Provide This Service
797dda0a-cf0d-41c7-97ef-a3dd416e6878,0,Does Not Provide This Service,0,Does Not Provide This Service,2,Potentially Available
797ecd40-f430-42dd-98a8-628f53888b17,0,Does Not Provide This Service,0,Does Not Provide This Service,0,Does Not Provide This Service
79804d7a-9c30-4fd5-bbf7-b08751f4d3bd,0,Does Not Provide This Service,0,Does Not Provide This Service,0,Does Not Provide This Service
79ac30be-cb7f-411b-97a7-617b2659e26b,0,Does Not Provide This Service,0,Does Not Provide This Service,0,Does Not Provide This Service
79adc0cd-73ac-45fa-ab02-99671f78581f,2,Potentially Available,0,Does Not Provide This Service,0,Does Not Provide This Service
79b8450a-47bf-43f5-813f-62c9ac3b9424,2,Potentially Available,0,Does Not Provide This Service,0,Does Not Provide This Service
79ca106b-41ea-412d-8674-089976727ac3,0,Does Not Provide This Service,0,Does Not Provide This Service,0,Does Not Provide This Service
79ca9025-e2de-458b-8a8c-31b68779f224,2,Potentially Available,0,Does Not Provide This Service,0,Does Not Provide This Service
79d10602-803d-4cfb-89eb-253cfdc4cf38,0,Does Not Provide This Service,0,Does Not Provide This Service,0,Does Not Provide This Service
79dc610b-06c8-4620-9585-d1acacdef904,2,Potentially Available,0,Does Not Provide This Service,0,Does Not Provide This Service
79dd5658-faa6-4667-91ce-37fdf38f8b78,2,Potentially Available,0,Does Not Provide This Service,0,Does Not Provide This Service
79dfd7bb-4c66-4ef9-beab-c808f539a2b7,2,Potentially Available,0,Does Not Provide This Service,0,Does Not Provide This Service
79f36e07-b247-4046-b392-fab5089cae9f,2,Potentially Available,0,Does Not Provide This Service,0,Does Not Provide This Service
7a00b4b0-a68a-4e5a-a1aa-7e21b8853516,2,Potentially Available,0,Does Not Provide This Service,0,Does Not Provide This Service
7a053302-6635-4318-813b-2bcb54fe2f97,0,Does Not Provide This Service,0,Does Not Provide This Service,0,Does Not Provide This Service
7a06c9a0-193c-4204-b7a0-aadfe2be2fcf,0,Does Not Provide This Service,0,Does Not Provide This Service,2,Potentially Available
7a153369-a9be-46f8-9d08-07b281aec211,2,Potentially Available,0,Does Not Provide This Service,0,Does Not Provide This Service
7a3456f7-4bcb-4b45-bc73-dbf004715c32,0,Does Not Provide This Service,0,Does Not Provide This Service,0,Does Not Provide This Service
7a36210a-3306-44dc-8c4d-df428d17f2d0,0,Does Not Provide This Service,0,Does Not Provide This Service,0,Does Not Provide This Service
7a3e7350-333f-4bfb-958b-c0645e5e9d3b,2,Potentially Available,0,Does Not Provide This Service,0,Does Not Provide This Service
7a3edd29-a055-4ffa-857a-6f54b5dc1aee,0,Does Not Provide This Service,0,Does Not Provide This Service,0,Does Not Provide This Service
7a3f5e59-76f8-4e43-afc1-218d2e355389,2,Potentially Available,0,Does Not Provide This Service,0,Does Not Provide This Service
7a4ab093-546f-405e-a082-8361adf36e85,2,Potentially Available,0,Does Not Provide This Service,0,Does Not Provide This Service
7a502f07-5ce6-4ca3-9721-789b677ebf67,2,Potentially Available,0,Does Not Provide This Service,0,Does Not Provide This Service
7a63a763-5451-4c05-bbbf-fdaf436a4ff8,2,Potentially Available,0,Does Not Provide This Service,0,Does Not Provide This Service
7a6f16bf-702a-4e4f-851d-844495ff8bbc,0,Does Not Provide This Service,0,Does Not Provide This Service,0,Does Not Provide This Service
7aa627c7-24dd-4b0b-9de0-3c421cf9541b,0,Does Not Provide This Service,0,Does Not Provide This Service,0,Does Not Provide This Service
7ab958d6-20a1-4ea8-9d23-12117a09aeab,2,Potentially Available,0,Does Not Provide This Service,0,Does Not Provide This Service
7ac7b1e5-6dc2-4d88-94aa-e1a854f5d794,2,Potentially Available,0,Does Not Provide This Service,0,Does Not Provide This Service
7acea7d4-5b85-4464-9f60-c1e4bf710ac6,2,Potentially Available,0,Does Not Provide This Service,0,Does Not Provide This Service
7acf270c-1617-4f39-a135-d9d21c303555,0,Does Not Provide This Service,0,Does Not Provide This Service,1,Likely Available
7ad1cc18-8a78-4645-9095-6a1ac4c6963b,0,Does Not Provide This Service,0,Does Not Provide This Service,1,Likely Available
7ae73200-74fa-462e-94e9-66d423483120,0,Does Not Provide This Service,0,Does Not Provide This Service,0,Does Not Provide This Service
7b085a0f-62ff-41dd-af27-ed25a39bdd5d,2,Potentially Available,0,Does Not Provide This Service,0,Does Not Provide This Service
7b0a0546-632a-4b15-a99a-f58acaf0959c,0,Does Not Provide This Service,0,Does Not Provide This Service,0,Does Not Provide This Service
7b234e2e-28aa-4da2-9d77-9a7b6db96023,0,Does Not Provide This Service,0,Does Not Provide This Service,0,Does Not Provide This Service
7b4c1f98-f491-4027-9a0a-e77b32a569b5,0,Does Not Provide This Service,0,Does Not Provide This Service,0,Does Not Provide This Service
7b609440-5c19-40bb-9296-aa6620d13cdb,2,Potentially Available,0,Does Not Provide This Service,0,Does Not Provide This Service
7b7e7d71-51a1-4436-9b6a-e6d456998b14,2,Potentially Available,0,Does Not Provide This Service,0,Does Not Provide This Service
7b997102-966a-4a59-86a6-07ebc239f074,0,Does Not Provide This Service,0,Does Not Provide This Service,0,Does Not Provide This Service
7ba63671-f3af-409a-b659-1425a40bc0e5,0,Does Not Provide This Service,0,Does Not Provide This Service,5,Highly Constrained
7bac72bb-6eff-4250-8ba5-3cc75128b487,0,Does Not Provide This Service,0,Does Not Provide This Service,0,Does Not Provide This Service
7bb24184-ce9b-4d07-b99c-644519137023,0,Does Not Provide This Service,0,Does Not Provide This Service,0,Does Not Provide This Service
7bb267d1-0e9e-4df8-a68d-b69e7e943f57,2,Potentially Available,0,Does Not Provide This Service,0,Does Not Provide This Service
7bc3cdde-a1bc-4116-ac0f-4c666e9abe1f,2,Potentially Available,0,Does Not Provide This Service,0,Does Not Provide This Service
7bc51930-0b39-4db1-845e-b7a5970e995c,2,Potentially Available,0,Does Not Provide This Service,0,Does Not Provide This Service
7bc62299-044d-4829-9c45-e4a921836b8b,0,Does Not Provide This Service,0,Does Not Provide This Service,0,Does Not Provide This Service
7bcf9c1a-e121-47e8-96e2-74c210e839d1,0,Does Not Provide This Service,0,Does Not Provide This Service,0,Does Not Provide This Service
7bda622e-4b6f-4768-a14c-912bea6e506b,2,Potentially Available,0,Does Not Provide This Service,0,Does Not Provide This Service
7bdc7e2b-8f16-4251-88ac-d49d6a43dab5,0,Does Not Provide This Service,0,Does Not Provide This Service,0,Does Not Provide This Service
7be544a4-cf4b-4f91-a967-b7e8c58261fd,0,Does Not Provide This Service,0,Does Not Provide This Service,0,Does Not Provide This Service
7bebeb56-1a02-4e27-a4d4-1e34ddfd9f88,0,Does Not Provide This Service,0,Does Not Provide This Service,0,Does Not Provide This Service
7bf1faee-3c6e-4d87-98a8-f921cc8d4e02,0,Does Not Provide This Service,0,Does Not Provide This Service,0,Does Not Provide This Service
7bf66545-c1c1-49d6-80c7-5ab371d24af6,0,Does Not Provide This Service,0,Does Not Provide This Service,0,Does Not Provide This Service
7bf7c260-6a87-4ac3-aae9-5ab999479e2b,2,Potentially Available,0,Does Not Provide This Service,0,Does Not Provide This Service
7c1248c0-25b8-45f5-9c2a-dec7f00846d4,2,Potentially Available,0,Does Not Provide This Service,0,Does Not Provide This Service
7c19b663-1b00-4cbb-94fb-ea9d3481c205,0,Does Not Provide This Service,0,Does Not Provide This Service,0,Does Not Provide This Service
7c54d1fb-a959-48e0-966b-79d344459815,0,Does Not Provide This Service,0,Does Not Provide This Service,0,Does Not Provide This Service
7c5ba076-8807-4b3d-8b20-0b89a73c51e7,2,Potentially Available,0,Does Not Provide This Service,0,Does Not Provide This Service
7c5e37ec-1a49-430b-9aae-dc37f5ea821e,0,Does Not Provide This Service,0,Does Not Provide This Service,0,Does Not Provide This Service
7c6d1395-26f1-4010-9ea8-2a74cd70b828,0,Does Not Provide This Service,0,Does Not Provide This Service,0,Does Not Provide This Service
7c786a3f-45bf-4489-ac24-59a489ad0f41,2,Potentially Available,0,Does Not Provide This Service,0,Does Not Provide This Service
7c8286d9-4f8a-44d5-9e75-1ed3a15d518e,2,Potentially Available,0,Does Not Provide This Service,0,Does Not Provide This Service
7c887c57-d667-4b2a-bde2-e6e3061b3727,1,Likely Available,0,Does Not Provide This Service,0,Does Not Provide This Service
7c91f787-2fc1-4885-8bad-e5800d7b5b97,0,Does Not Provide This Service,0,Does Not Provide This Service,1,Likely Available
7c96330b-c2a3-4781-875b-982936bc8203,0,Does Not Provide This Service,0,Does Not Provide This Service,0,Does Not Provide This Service
7cacc133-e6c2-4db7-b7e2-d851b22014d5,2,Potentially Available,0,Does Not Provide This Service,0,Does Not Provide This Service
7cae7ce9-bfcf-4cea-a472-f0d1f210205f,0,Does Not Provide This Service,0,Does Not Provide This Service,0,Does Not Provide This Service
7cb50c86-5015-40f7-b57d-93c06a252fd0,0,Does Not Provide This Service,0,Does Not Provide This Service,0,Does Not Provide This Service
7cb52163-b583-4958-85e0-f567f759c24d,0,Does Not Provide This Service,0,Does Not Provide This Service,0,Does Not Provide This Service
7cbeb5b1-0cc1-4491-a0ce-0b84e8f9edfd,0,Does Not Provide This Service,0,Does Not Provide This Service,0,Does Not Provide This Service
7cd38d01-a5d1-4003-a05e-dd59c9452c6f,2,Potentially Available,0,Does Not Provide This Service,0,Does Not Provide This Service
7ce81128-53a8-43e6-aabe-4b6b9bf94f61,2,Potentially Available,0,Does Not Provide This Service,0,Does Not Provide This Service
7ceac3bf-6bcd-4093-ac40-59a6f39e3839,2,Potentially Available,0,Does Not Provide This Service,0,Does Not Provide This Service
7d0a6e38-778f-4f42-b746-dc293271b88a,2,Potentially Available,0,Does Not Provide This Service,0,Does Not Provide This Service
7d298983-2b79-4b41-8fce-c0f4a0ebb602,2,Potentially Available,0,Does Not Provide This Service,0,Does Not Provide This Service
7d2c1ff6-864e-446c-ade8-fc52fdbb74f0,2,Potentially Available,0,Does Not Provide This Service,0,Does Not Provide This Service
7d2d6643-dcfa-4b1d-a197-cf3dd155d939,2,Potentially Available,0,Does Not Provide This Service,0,Does Not Provide This Service
7d36d0ad-053f-454b-9224-5d8b1556f024,0,Does Not Provide This Service,0,Does Not Provide This Service,0,Does Not Provide This Service
7d4ce487-0b53-4999-9212-3ba209cb3df1,0,Does Not Provide This Service,0,Does Not Provide This Service,0,Does Not Provide This Service
7d54501e-4f3b-44d4-8b63-71f145ef9ead,2,Potentially Available,0,Does Not Provide This Service,0,Does Not Provide This Service
7d5d479e-f749-4581-ae62-acdc35fb2f59,0,Does Not Provide This Service,0,Does Not Provide This Service,3,Constrained by Size
7d6a3c67-4daf-4282-af50-f94931d60021,0,Does Not Provide This Service,0,Does Not Provide This Service,0,Does Not Provide This Service
7d70a1a5-3096-4da8-adbe-95e993d98c04,2,Potentially Available,0,Does Not Provide This Service,0,Does Not Provide This Service
7d8a4f23-e0e5-4cf7-997d-ee8e9018b15e,0,Does Not Provide This Service,0,Does Not Provide This Service,0,Does Not Provide This Service
7d91dd5e-a037-48fc-8012-55de6eed1ae8,0,Does Not Provide This Service,0,Does Not Provide This Service,0,Does Not Provide This Service
7d927cd7-6518-4581-a964-43c6e38c94a3,0,Does Not Provide This Service,0,Does Not Provide This Service,0,Does Not Provide This Service
7d984699-6006-410a-9a9b-93511dd89dd5,0,Does Not Provide This Service,0,Does Not Provide This Service,0,Does Not Provide This Service
7dad44e8-5e12-4102-9342-19a970d64eee,0,Does Not Provide This Service,0,Does Not Provide This Service,0,Does Not Provide This Service
7dca3217-3383-49ee-9314-0d280bdead58,2,Potentially Available,0,Does Not Provide This Service,0,Does Not Provide This Service
7dd70484-57d4-4d93-a231-f572169a8a28,2,Potentially Available,0,Does Not Provide This Service,0,Does Not Provide This Service
7df23a57-7af6-4062-947e-e51b38eea5b0,2,Potentially Available,0,Does Not Provide This Service,0,Does Not Provide This Service
7df737c4-b69d-42ff-86d9-b6b5487e3fa7,2,Potentially Available,0,Does Not Provide This Service,0,Does Not Provide This Service
7df88c36-1e45-407c-8740-6718a8a97132,2,Potentially Available,0,Does Not Provide This Service,0,Does Not Provide This Service
7dfc6b6a-b940-44a4-b322-b640f137028d,0,Does Not Provide This Service,0,Does Not Provide This Service,0,Does Not Provide This Service
7e17222c-ed5d-4942-bab0-a15590a3e2c2,2,Potentially Available,0,Does Not Provide This Service,0,Does Not Provide This Service
7e261a44-064a-4432-8760-5a2c3ed2c2a8,2,Potentially Available,0,Does Not Provide This Service,0,Does Not Provide This Service
7e34ec8f-d77f-45a6-b2af-27c065f0984f,0,Does Not Provide This Service,0,Does Not Provide This Service,0,Does Not Provide This Service
7e393d29-4419-4f51-b8c2-43b7656cfe91,0,Does Not Provide This Service,0,Does Not Provide This Service,0,Does Not Provide This Service
7e3af573-149b-4565-a623-e3c93a91e30a,0,Does Not Provide This Service,0,Does Not Provide This Service,0,Does Not Provide This Service
7e69af58-ebb5-40f1-8aff-da9325443d36,2,Potentially Available,0,Does Not Provide This Service,0,Does Not Provide This Service
7e6e773c-e9c9-4a7f-97ff-ba0d0cbf324a,0,Does Not Provide This Service,0,Does Not Provide This Service,0,Does Not Provide This Service
7e733b26-8bcc-4b82-aba3-d0f13b100d7d,2,Potentially Available,0,Does Not Provide This Service,0,Does Not Provide This Service
7e765577-41dd-4082-8471-d16cead2c373,0,Does Not Provide This Service,0,Does Not Provide This Service,0,Does Not Provide This Service
7e820ff7-27c9-4eee-8d0c-7ee1ffd46019,0,Does Not Provide This Service,0,Does Not Provide This Service,0,Does Not Provide This Service
7e83775b-5aee-4bd9-8b87-2fd90241eddd,2,Potentially Available,0,Does Not Provide This Service,0,Does Not Provide This Service
7e83fd3e-95fd-4089-9a9c-51f1157d5cb8,2,Potentially Available,0,Does Not Provide This Service,0,Does Not Provide This Service
7e8a645d-17d0-4cf6-8c53-6e16dea309b5,0,Does Not Provide This Service,0,Does Not Provide This Service,0,Does Not Provide This Service
7e8cd193-3acf-4c25-9df3-684f97a0ce2c,2,Potentially Available,0,Does Not Provide This Service,0,Does Not Provide This Service
7e908286-c23a-4e65-8853-44e0ea721eef,0,Does Not Provide This Service,0,Does Not Provide This Service,3,Constrained by Size
7e9928d2-6acc-4f7c-b653-087dd8e77bee,0,Does Not Provide This Service,0,Does Not Provide This Service,0,Does Not Provide This Service
7e9b4e16-86f5-49bc-a1f2-b4a58b9efeae,2,Potentially Available,0,Does Not Provide This Service,0,Does Not Provide This Service
7e9ba0e1-ec1d-4902-9e09-c4a0c2688a5a,0,Does Not Provide This Service,0,Does Not Provide This Service,0,Does Not Provide This Service
7eac7ef9-c075-4918-8baa-79972a0af50c,2,Potentially Available,0,Does Not Provide This Service,0,Does Not Provide This Service
7ed02572-31fc-4fa2-93e8-b9779624905d,0,Does Not Provide This Service,0,Does Not Provide This Service,0,Does Not Provide This Service
7ed8e5f1-ba36-409b-ba1c-10de37521a65,2,Potentially Available,0,Does Not Provide This Service,0,Does Not Provide This Service
7edb9346-7e31-4f79-a3e3-f3802fe94fe1,2,Potentially Available,0,Does Not Provide This Service,0,Does Not Provide This Service
7ee972ad-dea2-4849-ada4-3314af411a31,2,Potentially Available,0,Does Not Provide This Service,0,Does Not Provide This Service
7eeeaf69-7a61-4d83-a91a-eda41c6c2027,0,Does Not Provide This Service,0,Does Not Provide This Service,0,Does Not Provide This Service
7efa99c9-c72a-49ce-8aa7-743ce3aada76,2,Potentially Available,0,Does Not Provide This Service,0,Does Not Provide This Service
7f051b0f-b3ba-4c04-ac9d-20425a40f1e3,0,Does Not Provide This Service,0,Does Not Provide This Service,0,Does Not Provide This Service
7f09e95c-8376-4eba-b295-16247d793d87,0,Does Not Provide This Service,0,Does Not Provide This Service,0,Does Not Provide This Service
7f0f9f3b-9832-4268-be57-3caf37d5e640,2,Potentially Available,0,Does Not Provide This Service,0,Does Not Provide This Service
7f135b8e-c714-4b9c-b8cc-e68a56139e64,2,Potentially Available,0,Does Not Provide This Service,0,Does Not Provide This Service
7f1ddb20-4658-443b-9f76-59d57c696dde,0,Does Not Provide This Service,0,Does Not Provide This Service,0,Does Not Provide This Service
7f2181ca-1609-4da6-ab41-c5cfdb69cbde,2,Potentially Available,0,Does Not Provide This Service,0,Does Not Provide This Service
7f30f45e-dff6-4caf-9747-a867ccd6dd2d,0,Does Not Provide This Service,0,Does Not Provide This Service,0,Does Not Provide This Service
7f3d1e7c-29ea-4b53-bc06-ee1da61d4e1d,0,Does Not Provide This Service,0,Does Not Provide This Service,0,Does Not Provide This Service
7f3fe2f7-a63b-44f7-ab9f-f3cd5764fe76,0,Does Not Provide This Service,0,Does Not Provide This Service,0,Does Not Provide This Service
7f43cbfb-0f15-4850-872f-2f2df75a319b,0,Does Not Provide This Service,0,Does Not Provide This Service,0,Does Not Provide This Service
7f475522-4d93-4006-b4db-c5003a407360,0,Does Not Provide This Service,0,Does Not Provide This Service,0,Does Not Provide This Service
7f745476-bbc0-43a7-a2b6-9aa2fd0b9f21,0,Does Not Provide This Service,0,Does Not Provide This Service,0,Does Not Provide This Service
7f7bac38-ee7b-4660-a218-3df15eeaa501,1,Likely Available,1,Likely Available,0,Does Not Provide This Service
7f949df9-a355-4da5-b264-e337d297d52d,0,Does Not Provide This Service,0,Does Not Provide This Service,0,Does Not Provide This Service
7f96196a-73ff-4e5f-a5fa-27d07e9623a4,0,Does Not Provide This Service,0,Does Not Provide This Service,0,Does Not Provide This Service
7fa44ed4-471e-4fca-950c-39d0da4e61dd,0,Does Not Provide This Service,0,Does Not Provide This Service,0,Does Not Provide This Service
7fa8f742-6dd6-4e07-b604-4520aa562899,2,Potentially Available,0,Does Not Provide This Service,0,Does Not Provide This Service
7fb81360-2dc4-49b0-9de8-f031ae7bb808,2,Potentially Available,0,Does Not Provide This Service,0,Does Not Provide This Service
7fb997b5-ceb2-4496-9b7f-33155a1f0370,2,Potentially Available,0,Does Not Provide This Service,0,Does Not Provide This Service
7fc6155e-77f6-42ef-8003-00d675de4915,0,Does Not Provide This Service,0,Does Not Provide This Service,0,Does Not Provide This Service
7fd2dd04-d087-4760-9689-653ee6e1b608,0,Does Not Provide This Service,0,Does Not Provide This Service,0,Does Not Provide This Service
7fdbd824-c136-4c60-85d0-32757e81a587,0,Does Not Provide This Service,0,Does Not Provide This Service,0,Does Not Provide This Service
7febe988-3756-4705-ba72-fba778809cff,2,Potentially Available,0,Does Not Provide This Service,0,Does Not Provide This Service
7feee029-34b4-4761-b2cf-8a57c878ca14,0,Does Not Provide This Service,0,Does Not Provide This Service,0,Does Not Provide This Service
8013d4be-be2f-45cc-8042-e54cbc4c13ba,2,Potentially Available,0,Does Not Provide This Service,0,Does Not Provide This Service
80193e39-bb25-4e56-b2d6-1c5f72870083,2,Potentially Available,0,Does Not Provide This Service,0,Does Not Provide This Service
801efb77-99ea-4bf6-ba8b-41f9200e2f48,2,Potentially Available,0,Does Not Provide This Service,0,Does Not Provide This Service
803e8c40-e7e9-46a4-8d59-21a492f0037b,2,Potentially Available,0,Does Not Provide This Service,0,Does Not Provide This Service
80433261-7b82-41be-a34e-d94f913389b5,2,Potentially Available,0,Does Not Provide This Service,0,Does Not Provide This Service
804ab500-2129-4e28-be3f-0fd2e004b71e,0,Does Not Provide This Service,0,Does Not Provide This Service,0,Does Not Provide This Service
804d30ca-83f7-480f-87b5-5e2b8d665c64,0,Does Not Provide This Service,0,Does Not Provide This Service,0,Does Not Provide This Service
804ef21f-a698-45b1-82c3-d41d42285eba,0,Does Not Provide This Service,0,Does Not Provide This Service,0,Does Not Provide This Service
805a589e-49b7-4c55-a215-097ea66118f4,2,Potentially Available,0,Does Not Provide This Service,0,Does Not Provide This Service
805a9beb-95cc-4db7-9305-48fce2f5822e,0,Does Not Provide This Service,0,Does Not Provide This Service,0,Does Not Provide This Service
80622317-6ae9-4bb6-9afb-5a11f8d8f1d8,0,Does Not Provide This Service,0,Does Not Provide This Service,0,Does Not Provide This Service
807802af-51ec-4312-83a3-a6cdb15048e3,1,Likely Available,1,Likely Available,0,Does Not Provide This Service
8080b157-56fc-42e8-9ddb-f7421d2ada4a,2,Potentially Available,0,Does Not Provide This Service,0,Does Not Provide This Service
80c072f4-786e-42a5-8b77-86b63c93d072,0,Does Not Provide This Service,0,Does Not Provide This Service,0,Does Not Provide This Service
80c0e3cd-90ef-455e-b157-ec926d7afd18,2,Potentially Available,5,Highly Constrained,0,Does Not Provide This Service
80ea0ff5-b6bc-4e07-9cd6-9095903b9db2,0,Does Not Provide This Service,0,Does Not Provide This Service,0,Does Not Provide This Service
80ecf6df-a4a4-4a10-b9b2-33958c761d92,0,Does Not Provide This Service,0,Does Not Provide This Service,0,Does Not Provide This Service
80ff66fd-a96f-4907-9f67-9c39f9d06a2d,2,Potentially Available,0,Does Not Provide This Service,0,Does Not Provide This Service
811689a8-3b70-4d6d-884c-5eceff2b1e52,2,Potentially Available,0,Does Not Provide This Service,0,Does Not Provide This Service
8118b4ab-8901-4983-9f30-1a686d7601a2,2,Potentially Available,3,Constrained by Size,0,Does Not Provide This Service
81240af8-7df2-48f0-a356-60a7107b2247,2,Potentially Available,0,Does Not Provide This Service,0,Does Not Provide This Service
812929a1-a039-47a7-b2df-0a739adf962a,0,Does Not Provide This Service,0,Does Not Provide This Service,0,Does Not Provide This Service
812b303d-a045-4d53-a0dd-ca3f5d2d7552,0,Does Not Provide This Service,0,Does Not Provide This Service,0,Does Not Provide This Service
8149d423-d49c-4a16-9223-ec542674c67c,0,Does Not Provide This Service,0,Does Not Provide This Service,0,Does Not Provide This Service
814eff42-cebb-4bc4-99f0-443d1146038b,0,Does Not Provide This Service,0,Does Not Provide This Service,0,Does Not Provide This Service
815a2139-a4d4-454d-8ab9-9d254dd0b316,2,Potentially Available,0,Does Not Provide This Service,0,Does Not Provide This Service
8168ffc0-7874-481e-b414-8260d0fd20de,2,Potentially Available,0,Does Not Provide This Service,0,Does Not Provide This Service
816ec8b3-dd89-47b6-ab28-38c84219067a,2,Potentially Available,0,Does Not Provide This Service,0,Does Not Provide This Service
81721e66-d8c1-4550-be5a-a0f853b61293,2,Potentially Available,0,Does Not Provide This Service,0,Does Not Provide This Service
8176248f-6c66-4eed-aa08-a6f7b27c2a59,0,Does Not Provide This Service,0,Does Not Provide This Service,0,Does Not Provide This Service
817710ec-20b9-465e-ba80-507d4a36ac73,0,Does Not Provide This Service,0,Does Not Provide This Service,0,Does Not Provide This Service
81ae327e-1fc2-4d9a-bfee-58ead5883721,0,Does Not Provide This Service,0,Does Not Provide This Service,0,Does Not Provide This Service
81ba19c6-c279-47eb-86a4-3ff785af5786,0,Does Not Provide This Service,0,Does Not Provide This Service,0,Does Not Provide This Service
81c1f7a7-82ee-43db-b925-ab34306ff2cd,0,Does Not Provide This Service,0,Does Not Provide This Service,0,Does Not Provide This Service
81c5006f-a14a-4468-ab43-685bbfa972a4,2,Potentially Available,0,Does Not Provide This Service,0,Does Not Provide This Service
81cc2cf2-0388-4f50-ac35-d23ebd5d3e61,0,Does Not Provide This Service,0,Does Not Provide This Service,0,Does Not Provide This Service
81d2a333-b517-45f2-a3bd-e602c53871a8,0,Does Not Provide This Service,0,Does Not Provide This Service,0,Does Not Provide This Service
81d6e865-d95a-4b96-92fa-61160cd9e593,2,Potentially Available,0,Does Not Provide This Service,0,Does Not Provide This Service
81fb8956-5280-4f57-9c68-b2c344aca1f4,2,Potentially Available,0,Does Not Provide This Service,0,Does Not Provide This Service
82042d29-1830-4d6e-ba24-12d1f8146371,2,Potentially Available,0,Does Not Provide This Service,0,Does Not Provide This Service
82132a72-6d42-46be-a436-7f84c2bedac2,0,Does Not Provide This Service,0,Does Not Provide This Service,0,Does Not Provide This Service
821b88c3-421f-4da8-9653-951bac097dcb,2,Potentially Available,0,Does Not Provide This Service,0,Does Not Provide This Service
821bacd0-aecf-4b26-9802-512182d756cf,2,Potentially Available,0,Does Not Provide This Service,0,Does Not Provide This Service
822241bd-9f61-4218-8fcb-e0e09bc30d99,2,Potentially Available,0,Does Not Provide This Service,0,Does Not Provide This Service
822a637c-df4a-4d01-a19e-1178dc9634ba,0,Does Not Provide This Service,0,Does Not Provide This Service,0,Does Not Provide This Service
825cf5b9-422e-49c7-86c5-872319d56bd4,2,Potentially Available,0,Does Not Provide This Service,0,Does Not Provide This Service
8263f6a4-b3d8-4b63-b04f-a1acd0b170c8,2,Potentially Available,0,Does Not Provide This Service,0,Does Not Provide This Service
827ebdc2-b3f8-4b6a-b4e4-d5d3622e8531,2,Potentially Available,0,Does Not Provide This Service,0,Does Not Provide This Service
82970d86-6c10-476d-a0c9-0fed9d8b1a6d,2,Potentially Available,0,Does Not Provide This Service,0,Does Not Provide This Service
8299f271-c70e-40d8-90a2-dd21bc19f344,0,Does Not Provide This Service,0,Does Not Provide This Service,0,Does Not Provide This Service
82a528b2-f69a-4d20-b0ea-ddc36f8b83d1,0,Does Not Provide This Service,0,Does Not Provide This Service,0,Does Not Provide This Service
82aba676-7c20-47a7-88ff-a9f3b624970f,2,Potentially Available,0,Does Not Provide This Service,0,Does Not Provide This Service
82bb46c4-0989-48ac-957c-7c58b563898f,2,Potentially Available,0,Does Not Provide This Service,0,Does Not Provide This Service
82c6fdf0-b127-405f-83b5-5127edca466c,0,Does Not Provide This Service,0,Does Not Provide This Service,0,Does Not Provide This Service
82dd0256-4c7f-471a-b100-57d8135f0ba4,2,Potentially Available,0,Does Not Provide This Service,0,Does Not Provide This Service
82e5e2e6-756d-4eeb-acea-24f1025e1791,0,Does Not Provide This Service,0,Does Not Provide This Service,0,Does Not Provide This Service
82e82f36-8dc9-4f3c-81a8-91244f3e8c42,2,Potentially Available,0,Does Not Provide This Service,0,Does Not Provide This Service
82ece147-8c4f-4a26-a32f-2bd43fd2b3f2,2,Potentially Available,0,Does Not Provide This Service,0,Does Not Provide This Service
8300053f-55e9-4e18-912c-77369dec1671,0,Does Not Provide This Service,0,Does Not Provide This Service,0,Does Not Provide This Service
830658da-05ce-4794-952f-4598f4a99029,2,Potentially Available,0,Does Not Provide This Service,0,Does Not Provide This Service
830a7ebc-9ad2-460e-a6c6-13c0e2c59d41,2,Potentially Available,0,Does Not Provide This Service,0,Does Not Provide This Service
83365e0f-8a1c-4628-a723-53335b87ca1c,2,Potentially Available,0,Does Not Provide This Service,0,Does Not Provide This Service
83406797-7f89-415e-ae5c-7c03b9e9e692,0,Does Not Provide This Service,0,Does Not Provide This Service,0,Does Not Provide This Service
834cd150-22cd-4ce9-b6f6-1c3da553b012,2,Potentially Available,0,Does Not Provide This Service,0,Does Not Provide This Service
8358f3ad-2ea0-4115-b194-43692f195fe5,0,Does Not Provide This Service,0,Does Not Provide This Service,0,Does Not Provide This Service
83637d9b-0b15-4cb2-8646-bf762dd76215,0,Does Not Provide This Service,0,Does Not Provide This Service,0,Does Not Provide This Service
83749e2d-d44c-4421-9311-417831625e61,0,Does Not Provide This Service,0,Does Not Provide This Service,0,Does Not Provide This Service
837c2472-86cf-458d-9bd6-14b53c1506d2,0,Does Not Provide This Service,0,Does Not Provide This Service,0,Does Not Provide This Service
83a315d3-6c6f-4885-acc7-4c4696e88a7a,2,Potentially Available,0,Does Not Provide This Service,0,Does Not Provide This Service
83a9e4f4-69fd-4fc6-91c6-1808b5dcaf06,2,Potentially Available,0,Does Not Provide This Service,0,Does Not Provide This Service
83a9f4aa-7995-4eff-bbd5-e749b7c479b2,2,Potentially Available,0,Does Not Provide This Service,0,Does Not Provide This Service
83b990c8-834d-4954-892f-437a2dab90c6,0,Does Not Provide This Service,0,Does Not Provide This Service,0,Does Not Provide This Service
83be01ad-352f-427c-b352-3bb6942e6539,2,Potentially Available,0,Does Not Provide This Service,0,Does Not Provide This Service
83c20e4c-f4d9-4d7d-9560-a2cca1d613fe,0,Does Not Provide This Service,0,Does Not Provide This Service,3,Constrained by Size
83c2af7e-d85d-41e8-9c98-d0c76cc6ea1a,0,Does Not Provide This Service,0,Does Not Provide This Service,0,Does Not Provide This Service
83fc4c18-576e-4a65-bc38-767477bab5f3,2,Potentially Available,0,Does Not Provide This Service,0,Does Not Provide This Service
840ce726-6e1f-4a78-aa17-fa36ba6f2089,0,Does Not Provide This Service,0,Does Not Provide This Service,0,Does Not Provide This Service
8426299f-f362-4688-914f-e05efe1750df,2,Potentially Available,0,Does Not Provide This Service,0,Does Not Provide This Service
8434f511-c388-4e0a-af37-f8eae15df690,2,Potentially Available,0,Does Not Provide This Service,0,Does Not Provide This Service
84350e11-aae9-4724-be18-fdd1b4e72a7b,0,Does Not Provide This Service,0,Does Not Provide This Service,0,Does Not Provide This Service
84371624-7b31-4386-8427-b275ca9dec3a,0,Does Not Provide This Service,0,Does Not Provide This Service,5,Highly Constrained
843c8bf0-7c42-4274-8ec6-95431b84449c,2,Potentially Available,0,Does Not Provide This Service,0,Does Not Provide This Service
8444f53f-cde9-482f-94b7-d8426a2a5372,2,Potentially Available,0,Does Not Provide This Service,0,Does Not Provide This Service
846f4885-4049-4ab9-8ef8-9c319c6bcc34,2,Potentially Available,0,Does Not Provide This Service,0,Does Not Provide This Service
8475534a-fdf0-4e20-b5a7-85a17f530a7f,2,Potentially Available,0,Does Not Provide This Service,0,Does Not Provide This Service
847cbb5c-6f62-4164-a3f6-c8342709e7b7,2,Potentially Available,0,Does Not Provide This Service,0,Does Not Provide This Service
8492e0cb-acd5-44f7-aa16-7d847459016c,2,Potentially Available,0,Does Not Provide This Service,0,Does Not Provide This Service
8495cd24-a1c4-4214-afbe-a01ebbf6210d,0,Does Not Provide This Service,0,Does Not Provide This Service,0,Does Not Provide This Service
84961d7e-ff70-446a-9afa-e0926d0f5d7e,0,Does Not Provide This Service,0,Does Not Provide This Service,0,Does Not Provide This Service
849bc13a-436a-49ac-b142-9aaed4d8f2be,0,Does Not Provide This Service,0,Does Not Provide This Service,0,Does Not Provide This Service
84a41a04-4c39-47a6-8da5-17df94aa5988,2,Potentially Available,0,Does Not Provide This Service,0,Does Not Provide This Service
84af5cb0-00a3-4729-b05b-a29d9bd4a0e5,0,Does Not Provide This Service,0,Does Not Provide This Service,0,Does Not Provide This Service
84bbc2e7-be26-4fdb-858b-3c97d74fa0c8,0,Does Not Provide This Service,0,Does Not Provide This Service,0,Does Not Provide This Service
84cb7a8a-c284-46e2-b3fb-05e6b45a9366,0,Does Not Provide This Service,0,Does Not Provide This Service,0,Does Not Provide This Service
84ce810e-5ae7-40ce-ad0e-13bcb8de08c9,0,Does Not Provide This Service,0,Does Not Provide This Service,0,Does Not Provide This Service
84d59bfa-c8d8-40ad-9d21-e6bfb0da53a6,0,Does Not Provide This Service,0,Does Not Provide This Service,0,Does Not Provide This Service
84e766e1-7630-4e43-851a-161f7155821c,0,Does Not Provide This Service,0,Does Not Provide This Service,0,Does Not Provide This Service
84e9fd09-d4a7-43aa-a272-fbf270461b46,0,Does Not Provide This Service,0,Does Not Provide This Service,0,Does Not Provide This Service
84fad118-204a-4357-8605-e4954c03d6a4,2,Potentially Available,0,Does Not Provide This Service,0,Does Not Provide This Service
850598d0-155d-4bee-b7ba-977d86987f33,0,Does Not Provide This Service,0,Does Not Provide This Service,0,Does Not Provide This Service
851e3bfc-4d27-48f7-8f0a-07f000df86f0,2,Potentially Available,0,Does Not Provide This Service,0,Does Not Provide This Service
85204bb1-72d9-432c-9c9e-b67f559776c9,0,Does Not Provide This Service,0,Does Not Provide This Service,0,Does Not Provide This Service
8526c78c-ac3a-4bfa-a508-31c44ad2c479,0,Does Not Provide This Service,0,Does Not Provide This Service,0,Does Not Provide This Service
853cc2c7-c54f-480a-8e4d-2ca6ecb57940,0,Does Not Provide This Service,0,Does Not Provide This Service,0,Does Not Provide This Service
855d4600-6255-433b-b19d-79e3e79b1346,2,Potentially Available,0,Does Not Provide This Service,0,Does Not Provide This Service
856d8bef-9946-435c-a494-17ecdde96663,2,Potentially Available,0,Does Not Provide This Service,0,Does Not Provide This Service
857bef43-028d-4728-ae4a-98fb5abe6d9d,0,Does Not Provide This Service,0,Does Not Provide This Service,0,Does Not Provide This Service
858769c8-ee48-4660-ac27-9d8913c5fa10,2,Potentially Available,0,Does Not Provide This Service,0,Does Not Provide This Service
8592f7f3-2b2e-4d29-b7c2-c31629ad1637,0,Does Not Provide This Service,0,Does Not Provide This Service,0,Does Not Provide This Service
8593a04b-9ddf-4021-aab3-405a5701894b,2,Potentially Available,0,Does Not Provide This Service,0,Does Not Provide This Service
85988b3a-3125-4a27-a2e4-223c92f8c5a9,0,Does Not Provide This Service,0,Does Not Provide This Service,0,Does Not Provide This Service
8599f1a8-f2e0-462a-8ced-36998623830d,2,Potentially Available,1,Likely Available,0,Does Not Provide This Service
85a4a5cc-5de2-419f-98f3-1864737a1032,0,Does Not Provide This Service,0,Does Not Provide This Service,0,Does Not Provide This Service
85ab98bb-3f97-4051-b24b-53a639acef67,0,Does Not Provide This Service,0,Does Not Provide This Service,1,Likely Available
85b1518f-f4da-4dcd-9a7f-a9534a03ab28,2,Potentially Available,0,Does Not Provide This Service,0,Does Not Provide This Service
85b877da-6b60-4630-89d8-0ce5fc5d05c4,0,Does Not Provide This Service,0,Does Not Provide This Service,0,Does Not Provide This Service
85ca016a-7362-4727-b300-ba98a2e2c0d9,2,Potentially Available,0,Does Not Provide This Service,0,Does Not Provide This Service
85cd31e7-f031-4933-9179-d7e0830bcd98,2,Potentially Available,0,Does Not Provide This Service,0,Does Not Provide This Service
85cf3588-1cfd-463b-9627-2e39275045e6,2,Potentially Available,0,Does Not Provide This Service,0,Does Not Provide This Service
85e45348-6137-43ea-9e19-3f77877f9e3f,0,Does Not Provide This Service,0,Does Not Provide This Service,0,Does Not Provide This Service
85f3cdc3-65f1-48bb-ab45-7f8b3f78bee2,0,Does Not Provide This Service,0,Does Not Provide This Service,0,Does Not Provide This Service
86456059-281a-4dde-ae4e-bbb2cab90ab6,0,Does Not Provide This Service,0,Does Not Provide This Service,2,Potentially Available
8669de20-6da3-45c8-b3b1-0dbf1d0a8304,0,Does Not Provide This Service,0,Does Not Provide This Service,0,Does Not Provide This Service
8683216c-f5f9-4cd1-af6d-a8413a5dc890,0,Does Not Provide This Service,0,Does Not Provide This Service,0,Does Not Provide This Service
8689923b-7b45-455e-945c-6201747b4d18,2,Potentially Available,0,Does Not Provide This Service,0,Does Not Provide This Service
869377b3-6740-4bcd-bb97-48710969ca87,0,Does Not Provide This Service,0,Does Not Provide This Service,0,Does Not Provide This Service
869bb147-28e7-4d5b-8453-8f28f9a30b00,0,Does Not Provide This Service,0,Does Not Provide This Service,0,Does Not Provide This Service
86a6c3cb-e620-4a77-b240-daf6acc1f1a0,0,Does Not Provide This Service,0,Does Not Provide This Service,0,Does Not Provide This Service
86a8b6ab-ba7f-4c26-b376-3f473aefb620,0,Does Not Provide This Service,0,Does Not Provide This Service,0,Does Not Provide This Service
86a93c47-6bcf-44c9-be4a-cb97398b792f,0,Does Not Provide This Service,0,Does Not Provide This Service,0,Does Not Provide This Service
86aa593d-ffca-4b23-a9ea-a80e8f3e0a57,0,Does Not Provide This Service,0,Does Not Provide This Service,0,Does Not Provide This Service
86aeb612-ae9e-4c5f-89d6-63aabdfc77eb,0,Does Not Provide This Service,0,Does Not Provide This Service,0,Does Not Provide This Service
86b09f5a-8eac-49ab-bbe5-6a21b4efbbbd,0,Does Not Provide This Service,0,Does Not Provide This Service,0,Does Not Provide This Service
86c5ba21-845c-4776-a85f-f3d1464de4a9,0,Does Not Provide This Service,0,Does Not Provide This Service,0,Does Not Provide This Service
86e70b8e-ef3a-4d2e-ac3b-9c00a94523ed,0,Does Not Provide This Service,0,Does Not Provide This Service,0,Does Not Provide This Service
86f163e9-6aa8-4283-9f7e-83d0793e98f5,2,Potentially Available,0,Does Not Provide This Service,0,Does Not Provide This Service
87244a29-6ab6-4f6f-89bc-f15f66fcf595,0,Does Not Provide This Service,0,Does Not Provide This Service,1,Likely Available
872e9d60-ca9d-481b-96de-50f9e54b39f5,2,Potentially Available,0,Does Not Provide This Service,0,Does Not Provide This Service
87375abb-9aa8-40dc-9abd-8398e7b58a4c,2,Potentially Available,0,Does Not Provide This Service,0,Does Not Provide This Service
87375ae5-3cba-40d0-b579-9c3985939b2c,0,Does Not Provide This Service,0,Does Not Provide This Service,0,Does Not Provide This Service
87535b7c-acb0-49fa-9add-b52f8b1da44d,0,Does Not Provide This Service,0,Does Not Provide This Service,4,Constrained by Market
87641349-4a16-4f60-8304-3fb529f5a8cb,2,Potentially Available,0,Does Not Provide This Service,0,Does Not Provide This Service
87a57de2-09b6-498b-a9a5-a691e737dccb,2,Potentially Available,0,Does Not Provide This Service,0,Does Not Provide This Service
87bf0982-0356-48ba-92e1-70f24eb2530f,2,Potentially Available,0,Does Not Provide This Service,0,Does Not Provide This Service
87d11ed4-bc50-415d-909b-5ba61b985cac,2,Potentially Available,0,Does Not Provide This Service,0,Does Not Provide This Service
87e58527-a59c-4b7f-b5d2-bcc9e6edc4d3,0,Does Not Provide This Service,0,Does Not Provide This Service,0,Does Not Provide This Service
87ed1207-0c0a-4ad5-9399-e8fc91bbed70,0,Does Not Provide This Service,0,Does Not Provide This Service,0,Does Not Provide This Service
87f443e9-101e-4ae9-affe-e835984b3678,2,Potentially Available,0,Does Not Provide This Service,0,Does Not Provide This Service
87ff8442-d14b-46d8-853c-11939f84bb3b,0,Does Not Provide This Service,0,Does Not Provide This Service,0,Does Not Provide This Service
88123a7a-952a-43f6-87e4-e7cc1aa40341,2,Potentially Available,0,Does Not Provide This Service,0,Does Not Provide This Service
881c2d5f-1cc8-4278-be80-1e4e3935123f,0,Does Not Provide This Service,0,Does Not Provide This Service,0,Does Not Provide This Service
8821c301-e796-4815-b845-f708a467a29a,2,Potentially Available,0,Does Not Provide This Service,0,Does Not Provide This Service
882a1098-8dff-4bec-beae-9766559dde51,0,Does Not Provide This Service,0,Does Not Provide This Service,1,Likely Available
883d10d2-0c92-46c9-9fac-9355694561a7,0,Does Not Provide This Service,0,Does Not Provide This Service,0,Does Not Provide This Service
885dce9c-dc7e-49f0-9368-63a6f99f6b38,2,Potentially Available,0,Does Not Provide This Service,0,Does Not Provide This Service
88605d52-e472-48ed-bda7-e1f6b89b6fc9,2,Potentially Available,0,Does Not Provide This Service,0,Does Not Provide This Service
8864039a-aac3-4175-8b2e-f84591939a9e,2,Potentially Available,0,Does Not Provide This Service,0,Does Not Provide This Service
8868974a-9419-4926-ac4d-2c44d0ccb65e,0,Does Not Provide This Service,0,Does Not Provide This Service,0,Does Not Provide This Service
8873fd93-8e22-41a9-9bda-0c6eed8ba915,2,Potentially Available,0,Does Not Provide This Service,0,Does Not Provide This Service
889d7ee6-e3f7-4d92-b6aa-36942c53b7fe,2,Potentially Available,0,Does Not Provide This Service,0,Does Not Provide This Service
88a9df8a-bdf5-4cf4-b881-633eb95bb1d9,0,Does Not Provide This Service,0,Does Not Provide This Service,0,Does Not Provide This Service
88b1e1cd-8a0c-48c7-b842-96f554dec5bc,2,Potentially Available,0,Does Not Provide This Service,0,Does Not Provide This Service
88b44372-28fb-4bf9-85df-708c93edc859,0,Does Not Provide This Service,0,Does Not Provide This Service,0,Does Not Provide This Service
88ba2de8-2c15-46cf-83a2-679e0717707a,0,Does Not Provide This Service,0,Does Not Provide This Service,0,Does Not Provide This Service
88c1f7a5-b233-4691-b734-cf510ed3061f,2,Potentially Available,0,Does Not Provide This Service,0,Does Not Provide This Service
88c4f338-96d6-46c3-99ca-6cd38341b71e,2,Potentially Available,1,Likely Available,0,Does Not Provide This Service
88c96897-2bc1-453a-8b48-7ffadb392f26,0,Does Not Provide This Service,0,Does Not Provide This Service,0,Does Not Provide This Service
88caa909-67d2-4621-92ef-46a3e33bfbd6,0,Does Not Provide This Service,0,Does Not Provide This Service,0,Does Not Provide This Service
88cb09e0-cfac-4dc5-ae5e-3093f1d6c7b0,2,Potentially Available,0,Does Not Provide This Service,0,Does Not Provide This Service
88d7d878-6e8f-4b7d-9030-0923631e2279,2,Potentially Available,0,Does Not Provide This Service,0,Does Not Provide This Service
88ecd607-0860-4c77-b105-07d10c25b741,0,Does Not Provide This Service,0,Does Not Provide This Service,0,Does Not Provide This Service
8905fa5f-bc2a-462d-b03a-242f510b8e40,0,Does Not Provide This Service,0,Does Not Provide This Service,0,Does Not Provide This Service
891d5568-53f1-4e75-ad8a-3654eb89a3a3,0,Does Not Provide This Service,0,Does Not Provide This Service,0,Does Not Provide This Service
8926d5ec-a1eb-4d04-98d4-50db1f08ff7e,2,Potentially Available,0,Does Not Provide This Service,0,Does Not Provide This Service
8948e7e1-65ad-474e-814e-7cea08d8b4a7,0,Does Not Provide This Service,0,Does Not Provide This Service,0,Does Not Provide This Service
894ec123-4972-41a5-a116-dc165c1db8ab,2,Potentially Available,0,Does Not Provide This Service,0,Does Not Provide This Service
895fc0dc-eecc-4d2d-a425-dbec5e2e3137,0,Does Not Provide This Service,0,Does Not Provide This Service,4,Constrained by Market
8960523d-4057-477d-99ac-27908bb6a9cc,2,Potentially Available,0,Does Not Provide This Service,0,Does Not Provide This Service
8966501b-41c8-4305-b6b8-bdc5972ffe89,0,Does Not Provide This Service,0,Does Not Provide This Service,0,Does Not Provide This Service
896ffbb8-6044-49ae-91d4-d556fbe3846f,0,Does Not Provide This Service,0,Does Not Provide This Service,0,Does Not Provide This Service
8978c97e-c120-4887-a117-e9da43645fd8,2,Potentially Available,0,Does Not Provide This Service,0,Does Not Provide This Service
899b0f37-50fe-4ceb-bec5-65461071a2bd,0,Does Not Provide This Service,0,Does Not Provide This Service,0,Does Not Provide This Service
89b33cd0-683b-494c-b440-e2cf885cb9e5,1,Likely Available,0,Does Not Provide This Service,0,Does Not Provide This Service
89bf44ed-2609-4426-b967-b4b23ec0d448,0,Does Not Provide This Service,0,Does Not Provide This Service,0,Does Not Provide This Service
89ca3883-d963-4943-ada5-7a35f26d82bb,0,Does Not Provide This Service,0,Does Not Provide This Service,0,Does Not Provide This Service
89e7fa97-f83d-4d31-945e-d38c733ed7b2,2,Potentially Available,0,Does Not Provide This Service,0,Does Not Provide This Service
89f1c07b-8b54-4e19-8418-5a074ed644db,0,Does Not Provide This Service,0,Does Not Provide This Service,0,Does Not Provide This Service
89f2f001-c355-4f95-a5b1-775cb011efc3,0,Does Not Provide This Service,0,Does Not Provide This Service,0,Does Not Provide This Service
8a11da9a-2a27-4548-8c66-7c611f37c6d5,0,Does Not Provide This Service,0,Does Not Provide This Service,0,Does Not Provide This Service
8a19764e-6bc7-4f2b-8ddf-649f41c201ae,0,Does Not Provide This Service,0,Does Not Provide This Service,1,Likely Available
8a43dc96-4dd2-4290-b15f-e988ce201a45,1,Likely Available,1,Likely Available,0,Does Not Provide This Service
8a446d51-0e30-4d69-94b7-d5a11ec9b6f9,2,Potentially Available,0,Does Not Provide This Service,0,Does Not Provide This Service
8a46fcc8-e0df-4a7a-9827-10ec4ef80b24,2,Potentially Available,0,Does Not Provide This Service,0,Does Not Provide This Service
8a497f6a-3c16-4462-bd37-66ea9d895e35,0,Does Not Provide This Service,0,Does Not Provide This Service,0,Does Not Provide This Service
8a580f07-1e47-421d-bc9e-8422e1a5440b,0,Does Not Provide This Service,0,Does Not Provide This Service,0,Does Not Provide This Service
8a626c76-1330-4e37-a93c-5c953289a394,0,Does Not Provide This Service,0,Does Not Provide This Service,0,Does Not Provide This Service
8a7d0bfa-8986-4ba3-943e-0f1ac718a604,2,Potentially Available,0,Does Not Provide This Service,0,Does Not Provide This Service
8a81c3d6-31de-45e6-9391-f87e9b1e0a51,2,Potentially Available,0,Does Not Provide This Service,0,Does Not Provide This Service
8a82e2a9-9a96-4f33-9b0f-10bfac9880c6,0,Does Not Provide This Service,0,Does Not Provide This Service,1,Likely Available
8a933561-d4bb-48e1-ad24-cff9ecc98ab0,2,Potentially Available,0,Does Not Provide This Service,0,Does Not Provide This Service
8aa44474-e8bf-422e-9402-6d6306c028b8,0,Does Not Provide This Service,0,Does Not Provide This Service,0,Does Not Provide This Service
8ab02c3b-b285-4b63-a0a3-93d6b77f6b59,2,Potentially Available,0,Does Not Provide This Service,0,Does Not Provide This Service
8ab190e4-5706-46ce-977b-4e9787ca6a3b,2,Potentially Available,0,Does Not Provide This Service,0,Does Not Provide This Service
8ab8058c-a743-4db5-bc63-6c71152d03f9,2,Potentially Available,0,Does Not Provide This Service,0,Does Not Provide This Service
8ad11012-0418-4eea-ac3f-952c7373345a,0,Does Not Provide This Service,0,Does Not Provide This Service,2,Potentially Available
8ad260bc-ae3a-4e7d-ab3b-e79daf917f9c,0,Does Not Provide This Service,0,Does Not Provide This Service,0,Does Not Provide This Service
8ad419a3-0abe-45ae-a7e5-fe33280ac88b,0,Does Not Provide This Service,0,Does Not Provide This Service,0,Does Not Provide This Service
8ad72f50-afc7-406d-a166-7055982cc444,0,Does Not Provide This Service,0,Does Not Provide This Service,0,Does Not Provide This Service
8af57f14-6b20-4a4f-8938-534986c9df08,2,Potentially Available,0,Does Not Provide This Service,0,Does Not Provide This Service
8afd2677-e06e-46b2-9b61-a01fefddd3ce,0,Does Not Provide This Service,0,Does Not Provide This Service,0,Does Not Provide This Service
8b09a3ac-b077-4fa6-b644-50eb491fe872,0,Does Not Provide This Service,0,Does Not Provide This Service,0,Does Not Provide This Service
8b416679-7b5d-4770-953b-96ca2cd722db,2,Potentially Available,0,Does Not Provide This Service,0,Does Not Provide This Service
8b6a2b80-fec0-4cf5-b6af-02582fe07272,2,Potentially Available,0,Does Not Provide This Service,0,Does Not Provide This Service
8b9191b2-816a-4e2a-bd8a-905d0d77c8ed,2,Potentially Available,0,Does Not Provide This Service,0,Does Not Provide This Service
8b96a4f4-9594-4656-a528-5261add94c70,0,Does Not Provide This Service,0,Does Not Provide This Service,0,Does Not Provide This Service
8ba652fa-cf56-4e12-a747-e63c53ab896d,2,Potentially Available,0,Does Not Provide This Service,0,Does Not Provide This Service
8ba7c81f-7d41-4d5a-9ac6-6859f1ab437f,0,Does Not Provide This Service,0,Does Not Provide This Service,0,Does Not Provide This Service
8ba851ef-3305-4571-b942-88dc12716530,0,Does Not Provide This Service,0,Does Not Provide This Service,0,Does Not Provide This Service
8bad712f-eab8-431b-b411-e660a7926188,2,Potentially Available,0,Does Not Provide This Service,0,Does Not Provide This Service
8bbe97df-d687-40f0-b9dc-44b54701a5d6,0,Does Not Provide This Service,0,Does Not Provide This Service,0,Does Not Provide This Service
8bc15b5a-68e7-4901-b3d7-a18976a4714a,0,Does Not Provide This Service,0,Does Not Provide This Service,0,Does Not Provide This Service
8bcdd7c3-e6d7-470c-a0f2-e8ff605f8e00,0,Does Not Provide This Service,0,Does Not Provide This Service,0,Does Not Provide This Service
8bde8d3c-d574-4208-9156-71f8d97fead2,0,Does Not Provide This Service,0,Does Not Provide This Service,0,Does Not Provide This Service
8bed63d2-6d25-4f8b-872b-a7be81857ad3,2,Potentially Available,0,Does Not Provide This Service,0,Does Not Provide This Service
8bf011c1-ed77-4565-8bc6-d95eb565b5fa,2,Potentially Available,0,Does Not Provide This Service,0,Does Not Provide This Service
8bf3cb04-5e23-42f5-bdd3-21494f1b3713,2,Potentially Available,0,Does Not Provide This Service,0,Does Not Provide This Service
8bf97812-73e4-45e8-954e-5683cc9c2ad9,0,Does Not Provide This Service,0,Does Not Provide This Service,0,Does Not Provide This Service
8bfc3292-9ab8-4daa-93a5-f357bd3842a4,0,Does Not Provide This Service,0,Does Not Provide This Service,0,Does Not Provide This Service
8bfe7fac-a52d-44af-a75a-c5354e4413ed,2,Potentially Available,0,Does Not Provide This Service,0,Does Not Provide This Service
8c00c306-63d9-4390-80b5-5258f45ee56c,2,Potentially Available,0,Does Not Provide This Service,0,Does Not Provide This Service
8c0c465d-db64-496f-852c-81e9e546a6ee,0,Does Not Provide This Service,0,Does Not Provide This Service,0,Does Not Provide This Service
8c1a925f-9754-4184-9cf6-9fee8c622664,2,Potentially Available,0,Does Not Provide This Service,0,Does Not Provide This Service
8c1ea6a8-b2a0-4eae-b0a2-473351dfde86,2,Potentially Available,0,Does Not Provide This Service,0,Does Not Provide This Service
8c33b1b7-97d0-4696-a06d-9657d097d9e2,0,Does Not Provide This Service,0,Does Not Provide This Service,0,Does Not Provide This Service
8c411c4c-cc68-4e53-ac2d-336aac6db609,2,Potentially Available,0,Does Not Provide This Service,0,Does Not Provide This Service
8c48c32c-f646-4b25-ae90-c12399935f9a,0,Does Not Provide This Service,0,Does Not Provide This Service,1,Likely Available
8c553b0e-88a7-414e-bd37-62bc970b1f28,2,Potentially Available,0,Does Not Provide This Service,0,Does Not Provide This Service
8c60ad54-2cdf-4e93-8512-55230c6b48c7,0,Does Not Provide This Service,0,Does Not Provide This Service,0,Does Not Provide This Service
8c7162a6-8840-4b9d-af98-5a3117af40f2,0,Does Not Provide This Service,0,Does Not Provide This Service,0,Does Not Provide This Service
8c73de96-c357-4b88-95e0-d63a0aa5d994,0,Does Not Provide This Service,0,Does Not Provide This Service,0,Does Not Provide This Service
8c768c5a-26ab-4daf-8d4a-beeada9dd038,0,Does Not Provide This Service,0,Does Not Provide This Service,0,Does Not Provide This Service
8c864534-e136-4b8c-af49-3939d3542ae8,2,Potentially Available,0,Does Not Provide This Service,0,Does Not Provide This Service
8c87817e-fb5b-4b20-aa86-5522f06a8b56,0,Does Not Provide This Service,0,Does Not Provide This Service,0,Does Not Provide This Service
8c88c761-017d-4e0b-80bf-66e242b01f6f,0,Does Not Provide This Service,0,Does Not Provide This Service,0,Does Not Provide This Service
8c9a474b-ce44-4861-934d-f5d92feea536,2,Potentially Available,0,Does Not Provide This Service,0,Does Not Provide This Service
8ca43547-8532-444b-b294-7a6eb3d3e54b,2,Potentially Available,0,Does Not Provide This Service,0,Does Not Provide This Service
8cbf510b-bd0e-4da7-8555-55700c123d9f,2,Potentially Available,0,Does Not Provide This Service,0,Does Not Provide This Service
8cc1c2e5-8a66-42da-a7d0-4b3c15dea5d7,2,Potentially Available,0,Does Not Provide This Service,0,Does Not Provide This Service
8cc6f403-62f3-49ec-a81b-ed238f45e73f,0,Does Not Provide This Service,0,Does Not Provide This Service,0,Does Not Provide This Service
8cd1a9aa-77e8-4e1a-ad9a-e49a272b1f3d,0,Does Not Provide This Service,0,Does Not Provide This Service,0,Does Not Provide This Service
8ce91ceb-fb40-4ae2-8263-45dff519ba44,0,Does Not Provide This Service,0,Does Not Provide This Service,0,Does Not Provide This Service
8ce97475-a08d-4269-91a4-81d29f71fb1b,0,Does Not Provide This Service,0,Does Not Provide This Service,0,Does Not Provide This Service
8cedef48-62b8-44e3-9b96-80aeba06a3b0,2,Potentially Available,0,Does Not Provide This Service,0,Does Not Provide This Service
8cef3fb0-6765-4fb6-86e0-f58bd0e64aaa,2,Potentially Available,1,Likely Available,0,Does Not Provide This Service
8cf24028-329d-4958-a319-4c7d34b40113,0,Does Not Provide This Service,0,Does Not Provide This Service,0,Does Not Provide This Service
8d01703e-51f0-4b31-b950-796d6884b4f5,0,Does Not Provide This Service,0,Does Not Provide This Service,0,Does Not Provide This Service
8d1850e5-0082-497a-ae46-3afdc3d1020e,0,Does Not Provide This Service,0,Does Not Provide This Service,0,Does Not Provide This Service
8d1c5c7c-afa0-439c-aed2-baf1ff9d0cdd,0,Does Not Provide This Service,0,Does Not Provide This Service,0,Does Not Provide This Service
8d242783-975b-4f3e-9db2-1aaea8ac152b,0,Does Not Provide This Service,0,Does Not Provide This Service,0,Does Not Provide This Service
8d25cd67-cb40-429e-abf0-88326e4991f7,0,Does Not Provide This Service,0,Does Not Provide This Service,0,Does Not Provide This Service
8d27f47e-7251-45da-9710-fe97a1143064,0,Does Not Provide This Service,0,Does Not Provide This Service,0,Does Not Provide This Service
8d2caa06-9abe-4d03-bbc2-5caaa232f27e,2,Potentially Available,0,Does Not Provide This Service,0,Does Not Provide This Service
8d3f816b-5825-4531-be56-60b68be0553a,0,Does Not Provide This Service,0,Does Not Provide This Service,0,Does Not Provide This Service
8d4810c0-0e97-42eb-9578-5cf6cdce1b62,2,Potentially Available,0,Does Not Provide This Service,0,Does Not Provide This Service
8d48c7d4-9c60-43e6-8602-7174e662a79f,2,Potentially Available,0,Does Not Provide This Service,0,Does Not Provide This Service
8d551710-e95e-418f-9d74-2f9311bafb41,2,Potentially Available,0,Does Not Provide This Service,0,Does Not Provide This Service
8d5efdd3-6842-4082-aca5-f7e8b3bf9d40,2,Potentially Available,0,Does Not Provide This Service,0,Does Not Provide This Service
8d609d9a-9417-4a9a-9ac2-40590f9983a7,0,Does Not Provide This Service,0,Does Not Provide This Service,0,Does Not Provide This Service
8d6d15f5-5ecd-4a7d-96a7-275c0c9f6122,2,Potentially Available,0,Does Not Provide This Service,0,Does Not Provide This Service
8d6e0b76-d9d4-4a59-9fa3-85034a32381c,0,Does Not Provide This Service,0,Does Not Provide This Service,0,Does Not Provide This Service
8d777dc9-0677-4b45-b349-3a8d97bc3c0a,0,Does Not Provide This Service,0,Does Not Provide This Service,0,Does Not Provide This Service
8d7d0ca4-cf09-4563-a000-f37668d58e23,0,Does Not Provide This Service,0,Does Not Provide This Service,0,Does Not Provide This Service
8d86016c-8702-4634-adf3-d8a5bf97dbb9,2,Potentially Available,0,Does Not Provide This Service,0,Does Not Provide This Service
8d916982-70f2-4b4b-8051-aeaa106ed1ed,0,Does Not Provide This Service,0,Does Not Provide This Service,0,Does Not Provide This Service
8daed008-cee7-4a3e-935a-937a728ec4b8,2,Potentially Available,0,Does Not Provide This Service,0,Does Not Provide This Service
8dbe10ce-e233-4c62-8d02-ef573401fc4b,2,Potentially Available,0,Does Not Provide This Service,0,Does Not Provide This Service
8dcbbcad-b8ee-4b04-817c-3d988cd9b728,2,Potentially Available,0,Does Not Provide This Service,0,Does Not Provide This Service
8dcdd894-1d04-4ddc-8f25-75f29b5a652e,0,Does Not Provide This Service,0,Does Not Provide This Service,0,Does Not Provide This Service
8dceede7-2126-4878-9377-6b3c9e4e2b96,0,Does Not Provide This Service,0,Does Not Provide This Service,0,Does Not Provide This Service
8dd46045-fb64-44e7-aaa3-ed5e676874f2,0,Does Not Provide This Service,0,Does Not Provide This Service,0,Does Not Provide This Service
8dd4da64-0521-434e-9e8a-6047faf159cf,0,Does Not Provide This Service,0,Does Not Provide This Service,0,Does Not Provide This Service
8df51868-f7a7-43ee-b15f-81c79ee43ee3,2,Potentially Available,5,Highly Constrained,0,Does Not Provide This Service
8e00f16e-93ac-42d2-92fe-9fd51939bcbf,2,Potentially Available,0,Does Not Provide This Service,0,Does Not Provide This Service
8e0451cc-a90f-406e-b167-f6d9e1434d58,2,Potentially Available,0,Does Not Provide This Service,0,Does Not Provide This Service
8e2b3837-bfea-47b8-ba01-5cd5488f76c8,0,Does Not Provide This Service,0,Does Not Provide This Service,0,Does Not Provide This Service
8e37df1b-d301-4c83-b1a9-89947ca11bc4,2,Potentially Available,0,Does Not Provide This Service,0,Does Not Provide This Service
8e429e1b-35fc-4108-a16c-0e00d6397c49,2,Potentially Available,0,Does Not Provide This Service,0,Does Not Provide This Service
8e43cd25-a2ba-4d39-bde4-cec1f04269df,2,Potentially Available,0,Does Not Provide This Service,0,Does Not Provide This Service
8e621088-3ebd-40d0-87c4-2f96b6325ff3,0,Does Not Provide This Service,0,Does Not Provide This Service,0,Does Not Provide This Service
8e7fbf16-e8a3-477f-a038-240ac39b23b4,2,Potentially Available,0,Does Not Provide This Service,0,Does Not Provide This Service
8e80c61e-4a37-4ac9-8c74-8ba5ab7ae992,0,Does Not Provide This Service,0,Does Not Provide This Service,0,Does Not Provide This Service
8ea99429-0419-49bd-8290-feaf89d8e897,0,Does Not Provide This Service,0,Does Not Provide This Service,0,Does Not Provide This Service
8eb49c95-4d9a-4627-a70d-3ef64b775754,0,Does Not Provide This Service,0,Does Not Provide This Service,0,Does Not Provide This Service
8ecd9332-1929-4ad6-b686-f0f17a2446ee,2,Potentially Available,0,Does Not Provide This Service,0,Does Not Provide This Service
8ed3f4d2-9529-4093-9965-6b5ee6a26c44,0,Does Not Provide This Service,0,Does Not Provide This Service,0,Does Not Provide This Service
8ee38718-19ec-406a-9c09-fb1570a18be9,2,Potentially Available,0,Does Not Provide This Service,0,Does Not Provide This Service
8eea6b9a-5b59-4a24-9afa-6a2cd73e4a59,2,Potentially Available,0,Does Not Provide This Service,0,Does Not Provide This Service
8eea6fb4-2267-4a62-82b5-c59ebdbc4776,0,Does Not Provide This Service,0,Does Not Provide This Service,0,Does Not Provide This Service
8f02dae8-4702-409f-8562-7154f581a674,2,Potentially Available,0,Does Not Provide This Service,0,Does Not Provide This Service
8f0c8c79-c98b-4f5a-b66a-c595175449de,2,Potentially Available,0,Does Not Provide This Service,0,Does Not Provide This Service
8f1377c3-ffc5-4958-85c2-a0cd7dd42ea2,2,Potentially Available,0,Does Not Provide This Service,0,Does Not Provide This Service
8f1bb179-320e-4258-8a08-11cdf513bf8d,2,Potentially Available,0,Does Not Provide This Service,0,Does Not Provide This Service
8f2357ff-e666-487b-9755-810514117d32,2,Potentially Available,0,Does Not Provide This Service,0,Does Not Provide This Service
8f2d3c70-ecf2-4738-a19c-fa1097cc94e0,2,Potentially Available,0,Does Not Provide This Service,0,Does Not Provide This Service
8f2df64a-2cbe-4fa9-8cfb-15951a1f7cc4,0,Does Not Provide This Service,0,Does Not Provide This Service,0,Does Not Provide This Service
8f3e6219-783b-4918-9d36-170f055f13d0,2,Potentially Available,0,Does Not Provide This Service,0,Does Not Provide This Service
8f3fe29c-b5e4-4df0-91b4-30c125021dc0,2,Potentially Available,0,Does Not Provide This Service,0,Does Not Provide This Service
8f5c168c-fbec-4d13-b45b-1f932bd8886b,0,Does Not Provide This Service,0,Does Not Provide This Service,0,Does Not Provide This Service
8f5fbf3e-0362-49d1-9694-3fc8413c59e4,2,Potentially Available,0,Does Not Provide This Service,0,Does Not Provide This Service
8f6c79a2-82e9-4072-8bce-e33abb614772,2,Potentially Available,0,Does Not Provide This Service,0,Does Not Provide This Service
8f76b173-3d19-4d97-9522-3103665119a3,2,Potentially Available,0,Does Not Provide This Service,0,Does Not Provide This Service
8f799ffd-884d-4d05-bf43-8427c24dd6b6,0,Does Not Provide This Service,0,Does Not Provide This Service,0,Does Not Provide This Service
8f7f5566-50f2-45b8-853a-fdbd131348be,2,Potentially Available,0,Does Not Provide This Service,0,Does Not Provide This Service
8f86c70f-4226-4021-b952-95241b459512,0,Does Not Provide This Service,0,Does Not Provide This Service,0,Does Not Provide This Service
8f90a1b9-8991-4707-8899-73cd2a4bfa48,0,Does Not Provide This Service,0,Does Not Provide This Service,0,Does Not Provide This Service
8f967cd3-68cc-46ce-b325-ed72d738d337,2,Potentially Available,0,Does Not Provide This Service,0,Does Not Provide This Service
8f9a2eb9-a710-43a9-9524-88802d3d1792,0,Does Not Provide This Service,0,Does Not Provide This Service,0,Does Not Provide This Service
8f9f6d4c-5e83-49c2-86c7-a968b0400150,2,Potentially Available,0,Does Not Provide This Service,0,Does Not Provide This Service
8fafac2a-649b-4e2b-9f8c-12a48e84899b,0,Does Not Provide This Service,0,Does Not Provide This Service,0,Does Not Provide This Service
8fc17733-cfdb-4105-9197-bd77cb84e405,2,Potentially Available,0,Does Not Provide This Service,0,Does Not Provide This Service
8fd272c3-74a3-4828-934d-7aaa1cb58996,0,Does Not Provide This Service,0,Does Not Provide This Service,0,Does Not Provide This Service
8fd754b6-5510-4543-b649-c32f0a32fc12,2,Potentially Available,0,Does Not Provide This Service,0,Does Not Provide This Service
8fda0824-1efe-48aa-85a1-636865c9b081,0,Does Not Provide This Service,0,Does Not Provide This Service,0,Does Not Provide This Service
8fe24c68-430b-42af-93a5-9599e9654baa,0,Does Not Provide This Service,0,Does Not Provide This Service,0,Does Not Provide This Service
8fec05c1-466a-42a7-b129-38aa0aa4b287,2,Potentially Available,0,Does Not Provide This Service,0,Does Not Provide This Service
8ff83b3e-99d2-4771-973a-997b849e499a,2,Potentially Available,0,Does Not Provide This Service,0,Does Not Provide This Service
90092b1f-eb58-4db3-b9f8-ffc67311d8a5,2,Potentially Available,0,Does Not Provide This Service,0,Does Not Provide This Service
9018b235-c630-4589-85a0-bdf850dbfe7a,0,Does Not Provide This Service,0,Does Not Provide This Service,0,Does Not Provide This Service
902845dd-6c8b-4567-82e2-f2454e42c6d0,2,Potentially Available,0,Does Not Provide This Service,0,Does Not Provide This Service
9031943c-50b7-44fd-9f32-9d0cbaf5e4cf,2,Potentially Available,0,Does Not Provide This Service,0,Does Not Provide This Service
903b9da2-2784-4757-abec-cb8af2baf0fc,2,Potentially Available,0,Does Not Provide This Service,0,Does Not Provide This Service
905e4805-b192-4922-af73-a0df432cb6ea,0,Does Not Provide This Service,0,Does Not Provide This Service,0,Does Not Provide This Service
9075d8d2-eaad-48f6-bc61-1e967cb15c81,0,Does Not Provide This Service,0,Does Not Provide This Service,0,Does Not Provide This Service
907f3844-aa7f-4eaa-8864-197c818938c9,0,Does Not Provide This Service,0,Does Not Provide This Service,1,Likely Available
907fb16e-ad78-4141-8754-342cecb4796a,0,Does Not Provide This Service,0,Does Not Provide This Service,0,Does Not Provide This Service
9084801c-3ae4-49f9-a6e2-368e6ba5beab,1,Likely Available,1,Likely Available,0,Does Not Provide This Service
9089427f-8309-4bff-b370-95f4902bfb26,2,Potentially Available,0,Does Not Provide This Service,0,Does Not Provide This Service
9099235c-c062-4e74-8175-94ee72b66470,2,Potentially Available,0,Does Not Provide This Service,0,Does Not Provide This Service
90b327fa-919d-4ca3-9a07-ed5c3f139198,0,Does Not Provide This Service,0,Does Not Provide This Service,0,Does Not Provide This Service
90cee8bc-7537-4796-828f-73109d4144d6,0,Does Not Provide This Service,0,Does Not Provide This Service,0,Does Not Provide This Service
90cf74cb-b4bd-4bc3-94fd-e8866b366844,2,Potentially Available,0,Does Not Provide This Service,0,Does Not Provide This Service
90e0045c-fd7b-4543-93de-728b707b8074,2,Potentially Available,0,Does Not Provide This Service,0,Does Not Provide This Service
90ed165e-7dd1-4a5c-ab79-d96e59b89056,2,Potentially Available,0,Does Not Provide This Service,0,Does Not Provide This Service
90f8f1cf-d50b-4387-a848-c0323ebb3f99,2,Potentially Available,0,Does Not Provide This Service,0,Does Not Provide This Service
90fc32b1-7ce1-4466-b5a4-00ad0abc30d3,2,Potentially Available,0,Does Not Provide This Service,0,Does Not Provide This Service
9101cb4e-4023-4ea0-9aba-43151807b8e3,0,Does Not Provide This Service,0,Does Not Provide This Service,0,Does Not Provide This Service
9101e065-6650-421f-a738-630857f6b8ef,2,Potentially Available,0,Does Not Provide This Service,0,Does Not Provide This Service
910bf4a8-783f-41d7-b6da-10fb67247ff4,2,Potentially Available,0,Does Not Provide This Service,0,Does Not Provide This Service
911a7ec0-cde1-402e-960e-0d57e977a039,2,Potentially Available,0,Does Not Provide This Service,0,Does Not Provide This Service
911cd57e-4c44-4cd6-bb02-f132355263c8,2,Potentially Available,0,Does Not Provide This Service,0,Does Not Provide This Service
911efcaf-1035-4e78-afc9-64e9bc4d1712,2,Potentially Available,0,Does Not Provide This Service,0,Does Not Provide This Service
912e8110-e315-49ee-bc70-df008836ec65,0,Does Not Provide This Service,0,Does Not Provide This Service,0,Does Not Provide This Service
913d723b-edfe-49d4-9dd3-a1a4b81843e2,0,Does Not Provide This Service,0,Does Not Provide This Service,0,Does Not Provide This Service
9146a0a5-2610-44cc-8d89-ecfef6190912,2,Potentially Available,0,Does Not Provide This Service,0,Does Not Provide This Service
9154fc5a-36ea-4efc-9933-6d9c89d6ca63,2,Potentially Available,0,Does Not Provide This Service,0,Does Not Provide This Service
915ea8a0-d861-4149-ab36-026c64557f68,0,Does Not Provide This Service,0,Does Not Provide This Service,3,Constrained by Size
9166b0eb-811b-4fb5-897c-81eaa25f57d3,0,Does Not Provide This Service,0,Does Not Provide This Service,0,Does Not Provide This Service
919008db-8f5e-44d6-ba01-ead273838a55,2,Potentially Available,5,Highly Constrained,0,Does Not Provide This Service
919f24d1-db27-427d-9dd3-e676a3a44e4d,0,Does Not Provide This Service,0,Does Not Provide This Service,0,Does Not Provide This Service
91b4a171-682e-465f-8519-4f63e9679e51,2,Potentially Available,0,Does Not Provide This Service,0,Does Not Provide This Service
91bb5ace-abd8-402e-a1a9-1a3827f34c14,2,Potentially Available,0,Does Not Provide This Service,0,Does Not Provide This Service
91c0bce6-10d8-4916-9487-a1a48b42f05b,0,Does Not Provide This Service,0,Does Not Provide This Service,0,Does Not Provide This Service
91d22a0c-8385-49b3-8a70-e64c5294dbc8,2,Potentially Available,0,Does Not Provide This Service,0,Does Not Provide This Service
91d8601c-6325-4940-b5bd-964499eb1698,0,Does Not Provide This Service,0,Does Not Provide This Service,0,Does Not Provide This Service
91e53f37-ed44-47ff-9a93-bbfb94b272fa,2,Potentially Available,0,Does Not Provide This Service,0,Does Not Provide This Service
91e83923-1165-4940-a868-fccf22801af2,0,Does Not Provide This Service,0,Does Not Provide This Service,0,Does Not Provide This Service
91ee4a3d-29d6-4e28-8040-5e3d2426df9e,2,Potentially Available,0,Does Not Provide This Service,0,Does Not Provide This Service
91ef7fd1-91ad-4d68-aae4-eeef9a8d9af6,0,Does Not Provide This Service,0,Does Not Provide This Service,0,Does Not Provide This Service
91f180a9-d072-421f-ab43-71fd802fbec4,0,Does Not Provide This Service,0,Does Not Provide This Service,0,Does Not Provide This Service
91f7588d-eaf0-4f4f-b51b-419c02117c8c,0,Does Not Provide This Service,0,Does Not Provide This Service,0,Does Not Provide This Service
91f854c7-0816-4c4d-a874-cc4e7879e54b,2,Potentially Available,0,Does Not Provide This Service,0,Does Not Provide This Service
92125518-d7e7-4d39-8a63-31163ac1f905,2,Potentially Available,0,Does Not Provide This Service,0,Does Not Provide This Service
92146ff1-8610-4648-8ed3-fd78a500e82e,0,Does Not Provide This Service,0,Does Not Provide This Service,3,Constrained by Size
922c0b18-9c0f-4285-a2dc-298722f8f46e,0,Does Not Provide This Service,0,Does Not Provide This Service,4,Constrained by Market
9237c1de-e4f1-40e6-85f3-b1b61d662da0,2,Potentially Available,0,Does Not Provide This Service,0,Does Not Provide This Service
9249afdb-c7e3-4787-9442-0cf3106d90df,2,Potentially Available,0,Does Not Provide This Service,0,Does Not Provide This Service
927e1531-34cd-44bb-8e01-771f719c65d4,2,Potentially Available,0,Does Not Provide This Service,0,Does Not Provide This Service
9286ad83-a9a8-4ed4-8c2f-02e1f9178373,0,Does Not Provide This Service,0,Does Not Provide This Service,0,Does Not Provide This Service
929a4f8b-7ac4-4754-a83a-50fdc9e51414,2,Potentially Available,0,Does Not Provide This Service,0,Does Not Provide This Service
92bb96b8-c62b-434b-af72-5b5550a68cd4,0,Does Not Provide This Service,0,Does Not Provide This Service,0,Does Not Provide This Service
92e6ca0b-97ab-4cdd-b350-304fa8035f68,0,Does Not Provide This Service,0,Does Not Provide This Service,0,Does Not Provide This Service
92f35dfc-b20f-4849-8509-1fbe0ba1ef7b,0,Does Not Provide This Service,0,Does Not Provide This Service,0,Does Not Provide This Service
92f5e7d7-7384-4098-b4d5-ecbcfa9afb9d,2,Potentially Available,0,Does Not Provide This Service,0,Does Not Provide This Service
92fbb2fe-53d0-4add-b8e7-f9d3040a2661,0,Does Not Provide This Service,0,Does Not Provide This Service,0,Does Not Provide This Service
93055511-a0a4-408d-a3f1-61ab359888d5,2,Potentially Available,0,Does Not Provide This Service,0,Does Not Provide This Service
93159ffe-2c06-4e76-b034-02bb3c17819a,2,Potentially Available,0,Does Not Provide This Service,0,Does Not Provide This Service
93204cd4-3bf0-4658-824e-5c99922c49f1,0,Does Not Provide This Service,0,Does Not Provide This Service,0,Does Not Provide This Service
933e471a-0684-4d6b-994d-5d17a4fc80a0,0,Does Not Provide This Service,0,Does Not Provide This Service,0,Does Not Provide This Service
93414d69-679e-49d4-bc91-7bc2ca946648,2,Potentially Available,0,Does Not Provide This Service,0,Does Not Provide This Service
9390e390-abc8-405d-82bd-5efab1fd4949,0,Does Not Provide This Service,0,Does Not Provide This Service,0,Does Not Provide This Service
939f445e-b722-4435-bbcd-917ebd28eeee,2,Potentially Available,0,Does Not Provide This Service,0,Does Not Provide This Service
93a33026-d0e7-4a61-8506-c4d7f768a7e4,0,Does Not Provide This Service,0,Does Not Provide This Service,0,Does Not Provide This Service
93a62951-c2a3-47a8-824f-ae0dca8db089,2,Potentially Available,0,Does Not Provide This Service,0,Does Not Provide This Service
93afbcce-c32b-42c2-b127-9b6a245ca098,0,Does Not Provide This Service,0,Does Not Provide This Service,0,Does Not Provide This Service
93b9e889-bfc5-444f-b25f-5755e94b1396,2,Potentially Available,0,Does Not Provide This Service,0,Does Not Provide This Service
93c417af-bc8d-49ec-8d80-691f6775a1ba,2,Potentially Available,0,Does Not Provide This Service,0,Does Not Provide This Service
93e6e54e-97dd-4ac6-b7cb-4026a971f3ed,0,Does Not Provide This Service,0,Does Not Provide This Service,0,Does Not Provide This Service
93e81da9-9dbe-41e5-976e-e53938e43382,2,Potentially Available,0,Does Not Provide This Service,0,Does Not Provide This Service
93fc7734-3ee0-41d6-9b96-a39949549276,0,Does Not Provide This Service,0,Does Not Provide This Service,0,Does Not Provide This Service
9403a49c-94b7-4f1c-a4e9-e76c25d3e801,0,Does Not Provide This Service,0,Does Not Provide This Service,0,Does Not Provide This Service
940b3424-0230-4f17-b789-da74f46338a2,2,Potentially Available,0,Does Not Provide This Service,0,Does Not Provide This Service
940c77f7-f2a4-4534-bcf9-09b22ee0cd0d,0,Does Not Provide This Service,0,Does Not Provide This Service,0,Does Not Provide This Service
941a7628-d8bc-4722-ba8d-710f682c14da,0,Does Not Provide This Service,0,Does Not Provide This Service,0,Does Not Provide This Service
941e16ad-8f18-4d4b-ae40-4499b20cd434,2,Potentially Available,0,Does Not Provide This Service,0,Does Not Provide This Service
9428df52-b59f-4eeb-951b-8a15db19fcee,0,Does Not Provide This Service,0,Does Not Provide This Service,0,Does Not Provide This Service
9429301d-f93f-4d0c-bd44-15f2b361e8ba,2,Potentially Available,0,Does Not Provide This Service,0,Does Not Provide This Service
944c2af7-c820-41f0-bd62-98140cb58811,2,Potentially Available,0,Does Not Provide This Service,0,Does Not Provide This Service
94507d5f-10be-41e1-9c0b-5c1165a22c7f,0,Does Not Provide This Service,0,Does Not Provide This Service,0,Does Not Provide This Service
946432bb-66b7-4baa-8af2-2ab541d3fe34,0,Does Not Provide This Service,0,Does Not Provide This Service,0,Does Not Provide This Service
946998b9-9bd5-4847-88d8-2ba7d098e2ae,2,Potentially Available,0,Does Not Provide This Service,0,Does Not Provide This Service
9470548a-50c6-4a7a-bf9c-8a47af6de807,2,Potentially Available,0,Does Not Provide This Service,0,Does Not Provide This Service
9479ae89-b99e-4fdc-ac7d-e87d9232f609,2,Potentially Available,0,Does Not Provide This Service,0,Does Not Provide This Service
947e2407-746c-4865-b6e7-f9f5ec0625db,0,Does Not Provide This Service,0,Does Not Provide This Service,0,Does Not Provide This Service
947eb337-12b3-482b-8fee-41a19348d947,2,Potentially Available,0,Does Not Provide This Service,0,Does Not Provide This Service
9487ec28-19cc-444b-8449-d4d8f3aaf535,2,Potentially Available,0,Does Not Provide This Service,0,Does Not Provide This Service
949b9129-aa6c-45c5-842d-bcec4e03f364,0,Does Not Provide This Service,0,Does Not Provide This Service,0,Does Not Provide This Service
94b802f2-54f1-4732-9240-90b8f4bd9893,2,Potentially Available,0,Does Not Provide This Service,0,Does Not Provide This Service
94bb4b65-f9da-441d-a15d-89fc40f3cab7,2,Potentially Available,0,Does Not Provide This Service,0,Does Not Provide This Service
94bf0f48-17c6-409b-9bc4-7e274ece124e,0,Does Not Provide This Service,0,Does Not Provide This Service,0,Does Not Provide This Service
94e55363-be8f-4148-8fb2-38c4f3690fbb,0,Does Not Provide This Service,0,Does Not Provide This Service,0,Does Not Provide This Service
94ee75ae-fde0-42f2-b318-85655286a1f0,0,Does Not Provide This Service,0,Does Not Provide This Service,0,Does Not Provide This Service
94f1b8fa-43e3-4560-bd88-b257bd10cedf,2,Potentially Available,0,Does Not Provide This Service,0,Does Not Provide This Service
9504425d-379d-4039-acf7-093d0bda0790,2,Potentially Available,0,Does Not Provide This Service,0,Does Not Provide This Service
950b6f40-8e3b-4527-a04e-866b09966a7d,0,Does Not Provide This Service,0,Does Not Provide This Service,0,Does Not Provide This Service
951b4161-e6d0-423b-be36-41bc58d97a65,2,Potentially Available,0,Does Not Provide This Service,0,Does Not Provide This Service
952405a9-2458-4cc6-b1ca-e9e4a4295bfc,2,Potentially Available,0,Does Not Provide This Service,0,Does Not Provide This Service
952f13d9-233f-44f2-ace3-1cbffa67dce6,2,Potentially Available,0,Does Not Provide This Service,0,Does Not Provide This Service
953b798a-09b4-47d2-b6e4-67e24d87fec1,2,Potentially Available,0,Does Not Provide This Service,0,Does Not Provide This Service
954f7f5d-ec7e-4e09-970a-75a430b7bc78,2,Potentially Available,0,Does Not Provide This Service,0,Does Not Provide This Service
9566c2ab-a303-47be-b977-aeb019dcae30,2,Potentially Available,0,Does Not Provide This Service,0,Does Not Provide This Service
956e055d-7387-44db-8dbc-a7525fb30ba5,0,Does Not Provide This Service,0,Does Not Provide This Service,0,Does Not Provide This Service
9574594c-34b9-4ec3-9d3c-84987713bed2,0,Does Not Provide This Service,0,Does Not Provide This Service,0,Does Not Provide This Service
957e1503-ff6e-4d0d-84be-73643b00a367,2,Potentially Available,0,Does Not Provide This Service,0,Does Not Provide This Service
95a76c72-640e-468f-8fb6-dea469dc0b74,0,Does Not Provide This Service,0,Does Not Provide This Service,1,Likely Available
95abea5d-6c5b-47db-8ce4-f1ef1f939771,0,Does Not Provide This Service,0,Does Not Provide This Service,0,Does Not Provide This Service
95b6420d-f9ea-4e5c-9301-54d48f99c41e,0,Does Not Provide This Service,0,Does Not Provide This Service,0,Does Not Provide This Service
95ca79f2-bf42-417e-8b5a-de318f09feab,0,Does Not Provide This Service,0,Does Not Provide This Service,0,Does Not Provide This Service
95cee9ac-bea4-453c-b9fc-e2ae56fb792f,0,Does Not Provide This Service,0,Does Not Provide This Service,0,Does Not Provide This Service
95cf0208-e36f-47a7-83a9-e62946063ae7,0,Does Not Provide This Service,0,Does Not Provide This Service,0,Does Not Provide This Service
95d38da0-7faa-4c62-bc53-372f7562a0ca,2,Potentially Available,0,Does Not Provide This Service,0,Does Not Provide This Service
95f24c04-1bc7-437f-a9c6-26e75ff32432,2,Potentially Available,0,Does Not Provide This Service,0,Does Not Provide This Service
95f69a20-f56f-4a3a-a225-78a14db68492,0,Does Not Provide This Service,0,Does Not Provide This Service,0,Does Not Provide This Service
95f6e00a-d4e3-40ab-8390-4deb390fa495,2,Potentially Available,0,Does Not Provide This Service,0,Does Not Provide This Service
95fa14ec-91a9-4038-90e2-a2c16648e35c,2,Potentially Available,0,Does Not Provide This Service,0,Does Not Provide This Service
96070b33-54fc-467c-a16a-6551e75ca8ea,2,Potentially Available,0,Does Not Provide This Service,0,Does Not Provide This Service
960c48a0-e37a-4d53-8f0d-f904d869d43d,2,Potentially Available,0,Does Not Provide This Service,0,Does Not Provide This Service
962b7a53-9d23-4c24-b186-b70af4827441,0,Does Not Provide This Service,0,Does Not Provide This Service,0,Does Not Provide This Service
9651f9e1-de9e-45d7-84fc-a0da5b365a0f,2,Potentially Available,0,Does Not Provide This Service,0,Does Not Provide This Service
9655eac9-e4cb-4011-bda2-199a3ed992d7,0,Does Not Provide This Service,0,Does Not Provide This Service,0,Does Not Provide This Service
9664df0f-e094-4e6d-b107-18b07bad049e,2,Potentially Available,0,Does Not Provide This Service,0,Does Not Provide This Service
966876c7-ddf8-472c-94e2-c6eed0588e04,0,Does Not Provide This Service,0,Does Not Provide This Service,0,Does Not Provide This Service
966e7034-0996-4d32-829b-8b24ab438741,2,Potentially Available,0,Does Not Provide This Service,0,Does Not Provide This Service
969a8931-5bab-47ba-b272-49c782bf893f,2,Potentially Available,0,Does Not Provide This Service,0,Does Not Provide This Service
96a32dcf-4fa3-4557-85c1-ec811fad0f7b,0,Does Not Provide This Service,0,Does Not Provide This Service,0,Does Not Provide This Service
96acd3fd-c175-4455-a1e6-666707f80f3d,2,Potentially Available,0,Does Not Provide This Service,0,Does Not Provide This Service
96bae000-90db-4e81-aa66-9e3f94473660,0,Does Not Provide This Service,0,Does Not Provide This Service,0,Does Not Provide This Service
96bbfa4d-09d2-44fb-86d8-98ace123b8b3,2,Potentially Available,0,Does Not Provide This Service,0,Does Not Provide This Service
96bcc79a-2efe-4f2f-99ca-f2f4f348b77d,0,Does Not Provide This Service,0,Does Not Provide This Service,0,Does Not Provide This Service
96c70a3a-253f-496b-98c4-99fc70ad2b54,2,Potentially Available,0,Does Not Provide This Service,0,Does Not Provide This Service
96c9a682-bd22-40d5-bf45-01f9def7ba13,2,Potentially Available,0,Does Not Provide This Service,0,Does Not Provide This Service
96cd0839-0d55-48ac-9548-ca22b47bad30,0,Does Not Provide This Service,0,Does Not Provide This Service,0,Does Not Provide This Service
96d2fb84-afc7-4a96-8951-9bd60a50baa3,2,Potentially Available,0,Does Not Provide This Service,0,Does Not Provide This Service
96d8353d-4f1a-4e6f-9a18-f9766554a713,2,Potentially Available,0,Does Not Provide This Service,0,Does Not Provide This Service
96f7e34c-6048-4a4a-9ed7-060f785931a5,2,Potentially Available,0,Does Not Provide This Service,0,Does Not Provide This Service
970172b9-e28c-4325-ae0a-8b0e13aa1099,0,Does Not Provide This Service,0,Does Not Provide This Service,0,Does Not Provide This Service
97033287-4832-4e20-ad32-e42cb738fdd4,2,Potentially Available,0,Does Not Provide This Service,0,Does Not Provide This Service
97071b5d-972d-413a-a314-34468bc82cb0,0,Does Not Provide This Service,0,Does Not Provide This Service,0,Does Not Provide This Service
972b366f-cb4c-4383-92cb-5fd84b924e02,2,Potentially Available,0,Does Not Provide This Service,0,Does Not Provide This Service
9742f864-983f-4927-8441-1e9fd4af9848,0,Does Not Provide This Service,0,Does Not Provide This Service,0,Does Not Provide This Service
9755c9c3-f5b8-487d-a957-69add4606d17,2,Potentially Available,0,Does Not Provide This Service,0,Does Not Provide This Service
97620d20-ef88-42d7-8251-0eeb926487d2,2,Potentially Available,0,Does Not Provide This Service,0,Does Not Provide This Service
9778171d-17b9-4ffd-b962-d30052850851,2,Potentially Available,0,Does Not Provide This Service,0,Does Not Provide This Service
978c4693-0a78-47d7-b79e-a083af7c6c40,2,Potentially Available,0,Does Not Provide This Service,0,Does Not Provide This Service
979d3328-b321-4539-ba19-1d60c3129b3d,0,Does Not Provide This Service,0,Does Not Provide This Service,0,Does Not Provide This Service
97acf09b-066e-4bb1-a7bf-84353c97c0c2,0,Does Not Provide This Service,0,Does Not Provide This Service,0,Does Not Provide This Service
97b7ed3d-c8f3-4648-abb6-6f36bce6cbda,2,Potentially Available,0,Does Not Provide This Service,0,Does Not Provide This Service
97b80725-e4ac-465a-b539-b736b89538f2,0,Does Not Provide This Service,0,Does Not Provide This Service,0,Does Not Provide This Service
97bafbcd-1d46-40ef-9961-f0e8abb69bc2,0,Does Not Provide This Service,0,Does Not Provide This Service,0,Does Not Provide This Service
97c31cde-5c7c-48c6-984b-be20f7074ac2,2,Potentially Available,0,Does Not Provide This Service,0,Does Not Provide This Service
97c71ebb-e973-407a-9254-cff7543cb278,2,Potentially Available,0,Does Not Provide This Service,0,Does Not Provide This Service
97d1dad3-4b46-4524-86ed-b5ee39503b6f,0,Does Not Provide This Service,0,Does Not Provide This Service,0,Does Not Provide This Service
97dc17b2-6947-44af-beb5-4b17f8855740,2,Potentially Available,0,Does Not Provide This Service,0,Does Not Provide This Service
97e10c70-1652-4c8d-9def-45fd03d86968,0,Does Not Provide This Service,0,Does Not Provide This Service,0,Does Not Provide This Service
97f62d29-b79b-45e7-aab4-bef4dfec3447,0,Does Not Provide This Service,0,Does Not Provide This Service,0,Does Not Provide This Service
9814b5eb-c6b9-4916-b929-e88de4a7b95c,0,Does Not Provide This Service,0,Does Not Provide This Service,0,Does Not Provide This Service
98228bb7-a6da-4389-81a1-afdd74fce8f1,0,Does Not Provide This Service,0,Does Not Provide This Service,0,Does Not Provide This Service
982fd7bc-0f6b-4d8d-9997-f5aa4117eb92,0,Does Not Provide This Service,0,Does Not Provide This Service,0,Does Not Provide This Service
98305f4e-ac85-4278-a36d-637427a6f54f,2,Potentially Available,0,Does Not Provide This Service,0,Does Not Provide This Service
983bc92b-506a-4898-a079-6fbeefdde237,0,Does Not Provide This Service,0,Does Not Provide This Service,0,Does Not Provide This Service
98530d43-daf8-4bd5-bc3a-c4b2dcbae4eb,2,Potentially Available,0,Does Not Provide This Service,0,Does Not Provide This Service
985f272f-3819-4450-853b-4861dded25ae,0,Does Not Provide This Service,0,Does Not Provide This Service,0,Does Not Provide This Service
98648d02-c8ee-4326-92a3-702d2b0ee66b,0,Does Not Provide This Service,0,Does Not Provide This Service,0,Does Not Provide This Service
986de93f-2a8b-4ff7-b1e8-fbb3c814d402,2,Potentially Available,0,Does Not Provide This Service,0,Does Not Provide This Service
987cbc66-3158-4522-b56d-c97aa41707ed,2,Potentially Available,0,Does Not Provide This Service,0,Does Not Provide This Service
9896bc4e-6e29-41b9-bc66-53c862ea642b,0,Does Not Provide This Service,0,Does Not Provide This Service,0,Does Not Provide This Service
989f2f73-4bf3-4d69-9adc-83fb11eac72a,0,Does Not Provide This Service,0,Does Not Provide This Service,0,Does Not Provide This Service
98b4c1d7-f63f-4d58-a0dd-b7b17d1a92d8,2,Potentially Available,0,Does Not Provide This Service,0,Does Not Provide This Service
98c99164-47ee-4e10-b866-bb4d3a27687d,2,Potentially Available,0,Does Not Provide This Service,0,Does Not Provide This Service
98d88781-7e7d-44f2-964a-40dd3182d3d3,0,Does Not Provide This Service,0,Does Not Provide This Service,0,Does Not Provide This Service
98db16ce-2dc1-44ec-9b9b-fb985951cffb,2,Potentially Available,0,Does Not Provide This Service,0,Does Not Provide This Service
98e3c065-99af-4eb7-aaf9-9e1d034e8da7,2,Potentially Available,0,Does Not Provide This Service,0,Does Not Provide This Service
98e619fc-430c-4046-b7c9-7a1ca80c9c7b,2,Potentially Available,0,Does Not Provide This Service,0,Does Not Provide This Service
98ea6f1f-1373-46a5-9a2b-f592248f2010,0,Does Not Provide This Service,0,Does Not Provide This Service,0,Does Not Provide This Service
98ebfbff-d557-4b9c-b255-a6219f634357,2,Potentially Available,0,Does Not Provide This Service,0,Does Not Provide This Service
98ee72ed-fa69-4753-b46c-5879025a6582,2,Potentially Available,0,Does Not Provide This Service,0,Does Not Provide This Service
98f02373-71bf-41b4-bbfc-2827d9ffe749,1,Likely Available,0,Does Not Provide This Service,0,Does Not Provide This Service
98f11a85-b28e-48ce-9682-8c36943f1eda,2,Potentially Available,0,Does Not Provide This Service,0,Does Not Provide This Service
98f43e66-8dc9-419a-a15e-b78594005e00,0,Does Not Provide This Service,0,Does Not Provide This Service,0,Does Not Provide This Service
98f4d986-5570-4322-a1ad-3111189b77da,0,Does Not Provide This Service,0,Does Not Provide This Service,0,Does Not Provide This Service
98f802a4-4f1e-4678-8123-36ed4205017f,2,Potentially Available,0,Does Not Provide This Service,0,Does Not Provide This Service
98fd759b-1a77-4616-b1fe-c409b581dabd,0,Does Not Provide This Service,0,Does Not Provide This Service,0,Does Not Provide This Service
9904608c-a80f-452d-bed0-bb78e103fad5,2,Potentially Available,0,Does Not Provide This Service,0,Does Not Provide This Service
9916a264-b829-4299-a6ff-48f77310b8c7,0,Does Not Provide This Service,0,Does Not Provide This Service,0,Does Not Provide This Service
9923f194-d308-4e01-a1ca-8c963fb072b5,0,Does Not Provide This Service,0,Does Not Provide This Service,0,Does Not Provide This Service
9937aaf9-809f-4073-8033-79f28c3d39ee,0,Does Not Provide This Service,0,Does Not Provide This Service,0,Does Not Provide This Service
993dbb16-07cc-40bc-b7dc-3b40a35b5e91,2,Potentially Available,0,Does Not Provide This Service,0,Does Not Provide This Service
995b626a-5b93-40b0-bbcf-ed6327d541c6,2,Potentially Available,1,Likely Available,0,Does Not Provide This Service
9984873f-1d81-4797-9b7d-96ece6b4a1f5,0,Does Not Provide This Service,1,Likely Available,0,Does Not Provide This Service
9989990e-38bf-438c-8ba8-27beeb7e49b2,0,Does Not Provide This Service,0,Does Not Provide This Service,0,Does Not Provide This Service
99949fef-fb63-40b2-b790-c5a8e80a2c99,2,Potentially Available,0,Does Not Provide This Service,0,Does Not Provide This Service
99a9a393-c790-454f-9cb4-dd5c280200bf,0,Does Not Provide This Service,0,Does Not Provide This Service,0,Does Not Provide This Service
99e09ab1-1b6d-4c67-8528-fbfc8c648c3d,2,Potentially Available,0,Does Not Provide This Service,0,Does Not Provide This Service
99e3bdbc-67fc-4cf4-8c29-f6efbabb3680,2,Potentially Available,0,Does Not Provide This Service,0,Does Not Provide This Service
99eb9309-ed9c-4c53-9356-ad26ffb4a4e8,0,Does Not Provide This Service,0,Does Not Provide This Service,0,Does Not Provide This Service
9a0a8d60-7636-436e-b7cf-7a926d967531,0,Does Not Provide This Service,0,Does Not Provide This Service,0,Does Not Provide This Service
9a16fff2-16b5-4865-8f45-b7ef117e5956,2,Potentially Available,0,Does Not Provide This Service,0,Does Not Provide This Service
9a24f10f-edbb-478c-a2f1-89ade8f91615,0,Does Not Provide This Service,0,Does Not Provide This Service,0,Does Not Provide This Service
9a27ed51-2cac-4d74-9a63-024ba99b3295,0,Does Not Provide This Service,0,Does Not Provide This Service,0,Does Not Provide This Service
9a307375-6fc6-434d-954a-b0be4ad7d03f,0,Does Not Provide This Service,0,Does Not Provide This Service,0,Does Not Provide This Service
9a670b3b-0a22-42dc-9596-3b0d506a5aac,2,Potentially Available,0,Does Not Provide This Service,0,Does Not Provide This Service
9a8a3068-b687-499d-afec-3e5f0b0de213,2,Potentially Available,0,Does Not Provide This Service,0,Does Not Provide This Service
9a98088d-2b03-4677-9454-afb368addfe7,0,Does Not Provide This Service,0,Does Not Provide This Service,0,Does Not Provide This Service
9aa8cc41-f91a-4b86-bebe-b00a15538e7f,2,Potentially Available,0,Does Not Provide This Service,0,Does Not Provide This Service
9ab2e773-b49e-48fc-ac41-953ba84c8dfc,2,Potentially Available,0,Does Not Provide This Service,0,Does Not Provide This Service
9ac5164c-77f9-491d-bae0-fbcf5d87df98,0,Does Not Provide This Service,0,Does Not Provide This Service,0,Does Not Provide This Service
9ac59d4c-753a-41c9-94a0-20ffcd034e17,2,Potentially Available,0,Does Not Provide This Service,0,Does Not Provide This Service
9acff8c9-c184-43d6-ae55-6d62e49c68b7,2,Potentially Available,0,Does Not Provide This Service,0,Does Not Provide This Service
9ad0ad1e-78ba-4374-a215-0448e14de689,2,Potentially Available,0,Does Not Provide This Service,0,Does Not Provide This Service
9ad1c8a8-414b-4ce2-b130-e8a4ea045faa,2,Potentially Available,0,Does Not Provide This Service,0,Does Not Provide This Service
9addb446-3f18-48d3-9240-73cfcabd41fb,2,Potentially Available,0,Does Not Provide This Service,0,Does Not Provide This Service
9adfcfbb-c444-4390-b585-4f5687420b9e,2,Potentially Available,0,Does Not Provide This Service,0,Does Not Provide This Service
9aed2bbc-2f26-47c1-ab98-4ab7c8e15483,2,Potentially Available,0,Does Not Provide This Service,0,Does Not Provide This Service
9af79877-453a-4557-855a-941223fae525,0,Does Not Provide This Service,0,Does Not Provide This Service,0,Does Not Provide This Service
9af7db2a-b27f-4a23-85e4-115958c11fae,0,Does Not Provide This Service,0,Does Not Provide This Service,0,Does Not Provide This Service
9b0e4723-5d52-4da7-a0c5-7d52cfe9d178,2,Potentially Available,0,Does Not Provide This Service,0,Does Not Provide This Service
9b109bbc-3aaf-4fc2-8c20-c2c048ad3144,2,Potentially Available,0,Does Not Provide This Service,0,Does Not Provide This Service
9b712d34-567d-4fcb-9212-a1a75a469f49,0,Does Not Provide This Service,0,Does Not Provide This Service,0,Does Not Provide This Service
9b8113f9-f3ba-4d06-8f31-82fd18b6df12,2,Potentially Available,0,Does Not Provide This Service,0,Does Not Provide This Service
9b903dc5-05ac-481b-b5c2-45bcfda176fa,0,Does Not Provide This Service,0,Does Not Provide This Service,0,Does Not Provide This Service
9b944f9e-8272-4fff-a215-8086cd47769b,2,Potentially Available,0,Does Not Provide This Service,0,Does Not Provide This Service
9b991b16-d1ff-423f-8213-f28f139dee4b,0,Does Not Provide This Service,0,Does Not Provide This Service,0,Does Not Provide This Service
9b9abba1-28ac-4c80-a9fa-425e1807d9cb,0,Does Not Provide This Service,0,Does Not Provide This Service,0,Does Not Provide This Service
9b9d29c9-3802-41db-9402-44cbdc59b813,2,Potentially Available,0,Does Not Provide This Service,0,Does Not Provide This Service
9ba3b093-7696-4839-bffd-bf444adf530a,0,Does Not Provide This Service,0,Does Not Provide This Service,0,Does Not Provide This Service
9bc47f25-f1b5-4d53-a185-4121f702f337,0,Does Not Provide This Service,0,Does Not Provide This Service,0,Does Not Provide This Service
9bc8f566-9fe0-4ebb-88bc-79467401ee74,0,Does Not Provide This Service,0,Does Not Provide This Service,0,Does Not Provide This Service
9bded08b-aeaf-4e12-b266-0e502c7351ac,0,Does Not Provide This Service,0,Does Not Provide This Service,0,Does Not Provide This Service
9be22d73-e778-4106-bb18-7efe0a6df586,0,Does Not Provide This Service,0,Does Not Provide This Service,0,Does Not Provide This Service
9be858e1-67f8-485a-9a22-b501084c82c5,0,Does Not Provide This Service,0,Does Not Provide This Service,0,Does Not Provide This Service
9bee78cf-06dc-4f74-9593-964ff25143ca,0,Does Not Provide This Service,0,Does Not Provide This Service,0,Does Not Provide This Service
9bf81487-8e9d-42ca-8777-402e51d35b67,2,Potentially Available,0,Does Not Provide This Service,0,Does Not Provide This Service
9c06284b-daed-4a5d-9b33-9b1152323aa7,2,Potentially Available,0,Does Not Provide This Service,0,Does Not Provide This Service
9c10de04-11ee-487b-955a-48e06b0ab2ca,2,Potentially Available,0,Does Not Provide This Service,0,Does Not Provide This Service
9c18d9f0-04bb-431d-9165-69cb261916c9,2,Potentially Available,0,Does Not Provide This Service,0,Does Not Provide This Service
9c1f4cbc-f117-4355-952b-180807917be0,0,Does Not Provide This Service,0,Does Not Provide This Service,0,Does Not Provide This Service
9c1fc3ba-49c0-4fb4-9816-7f44030a79ec,0,Does Not Provide This Service,0,Does Not Provide This Service,0,Does Not Provide This Service
9c54fbdd-bf02-40f4-be20-7b810685dc10,0,Does Not Provide This Service,0,Does Not Provide This Service,0,Does Not Provide This Service
9c5d9dcd-1bf1-4e4e-91a0-7d4aad13a60a,2,Potentially Available,5,Highly Constrained,0,Does Not Provide This Service
9c6742b8-31f9-4adc-9983-b911fa7edb43,0,Does Not Provide This Service,0,Does Not Provide This Service,0,Does Not Provide This Service
9c6d7ecd-55f4-4970-91b6-8bb6ce2abe25,2,Potentially Available,0,Does Not Provide This Service,0,Does Not Provide This Service
9c71ad0a-f946-4313-ab8b-86734810e435,0,Does Not Provide This Service,0,Does Not Provide This Service,3,Constrained by Size
9c732dc0-4191-4f0b-a4e8-65b7197aa1d5,0,Does Not Provide This Service,0,Does Not Provide This Service,0,Does Not Provide This Service
9cc01186-064b-4b8c-a900-7e3cf97b3076,2,Potentially Available,0,Does Not Provide This Service,0,Does Not Provide This Service
9cc7c063-91aa-4587-add4-ea25eb341f94,2,Potentially Available,0,Does Not Provide This Service,0,Does Not Provide This Service
9ccdc5d4-e3d4-41d1-82dc-b8b1a8c1a2bb,0,Does Not Provide This Service,0,Does Not Provide This Service,0,Does Not Provide This Service
9cf48efa-8e95-4136-bbd7-d7e24394f266,2,Potentially Available,0,Does Not Provide This Service,0,Does Not Provide This Service
9cf4c7b4-c6f0-490a-8abe-827735ecb752,2,Potentially Available,0,Does Not Provide This Service,0,Does Not Provide This Service
9cf66482-d83c-4ce1-94e0-f3e2aa7e8e65,0,Does Not Provide This Service,0,Does Not Provide This Service,2,Potentially Available
9d0ad5e5-508c-4309-9361-478b52b201ae,0,Does Not Provide This Service,0,Does Not Provide This Service,0,Does Not Provide This Service
9d0be9e8-40e8-44d1-abda-0c733c1c8dcb,2,Potentially Available,0,Does Not Provide This Service,0,Does Not Provide This Service
9d11cb03-de2a-4337-a3b3-4f12d2c0902b,0,Does Not Provide This Service,0,Does Not Provide This Service,0,Does Not Provide This Service
9d22b1a3-c8a5-4c34-a557-7887aeab3da3,0,Does Not Provide This Service,0,Does Not Provide This Service,0,Does Not Provide This Service
9d28111d-dc21-4193-9232-dc8a0c18a898,2,Potentially Available,0,Does Not Provide This Service,0,Does Not Provide This Service
9d2a670b-93a9-4af4-b573-8231c2253180,2,Potentially Available,0,Does Not Provide This Service,0,Does Not Provide This Service
9d2fba26-4ee7-4cdf-886e-631ac19e9ed1,2,Potentially Available,0,Does Not Provide This Service,0,Does Not Provide This Service
9d5f9ee3-997c-4234-87b3-f102f3a23974,0,Does Not Provide This Service,0,Does Not Provide This Service,0,Does Not Provide This Service
9d71ee2b-bc8d-4a35-b604-0f53359a8fff,2,Potentially Available,0,Does Not Provide This Service,0,Does Not Provide This Service
9d733476-6ece-4f38-86c9-12ba988e0992,2,Potentially Available,0,Does Not Provide This Service,0,Does Not Provide This Service
9d73632e-e676-4759-ab38-eef49e91ed62,0,Does Not Provide This Service,0,Does Not Provide This Service,0,Does Not Provide This Service
9d78f67e-20b5-45fe-aa01-1ff97358fa54,2,Potentially Available,0,Does Not Provide This Service,0,Does Not Provide This Service
9d7d9ede-4a0a-4df2-a888-1dcee3880a5b,2,Potentially Available,0,Does Not Provide This Service,0,Does Not Provide This Service
9d7e6fef-5481-446e-9db5-17a37a91b765,2,Potentially Available,0,Does Not Provide This Service,0,Does Not Provide This Service
9d86196c-902e-4b24-a5b5-9945fc64903f,0,Does Not Provide This Service,0,Does Not Provide This Service,0,Does Not Provide This Service
9d99a15a-8d87-4712-9211-0e0261649f4b,2,Potentially Available,0,Does Not Provide This Service,0,Does Not Provide This Service
9d9f9484-7384-4854-9b45-029b7ae0dcd3,2,Potentially Available,0,Does Not Provide This Service,0,Does Not Provide This Service
9e0366c5-e126-4a8c-8731-270193f3a384,0,Does Not Provide This Service,0,Does Not Provide This Service,3,Constrained by Size
9e0756a8-b7ec-4186-a31f-ee8688b2c680,0,Does Not Provide This Service,0,Does Not Provide This Service,0,Does Not Provide This Service
9e1ba19e-30c4-41bf-bf4b-ae81de380d43,2,Potentially Available,0,Does Not Provide This Service,0,Does Not Provide This Service
9e1cff1c-883d-46fe-962f-b9164985e3b0,0,Does Not Provide This Service,0,Does Not Provide This Service,0,Does Not Provide This Service
9e236352-0758-48e1-b9ee-89ceefe52ec1,2,Potentially Available,0,Does Not Provide This Service,0,Does Not Provide This Service
9e29d0dc-050d-4e45-8ec1-59cabe483f83,0,Does Not Provide This Service,0,Does Not Provide This Service,0,Does Not Provide This Service
9e33f075-8bb2-4e19-be96-c4a873c54d62,2,Potentially Available,0,Does Not Provide This Service,0,Does Not Provide This Service
9e36c9c8-dada-4746-b1b3-2ac87954c156,0,Does Not Provide This Service,0,Does Not Provide This Service,0,Does Not Provide This Service
9e44f215-3025-4567-a536-b9fa84708359,0,Does Not Provide This Service,0,Does Not Provide This Service,0,Does Not Provide This Service
9e5094d0-11bd-4aa7-a9a0-8efc6c73ed92,2,Potentially Available,0,Does Not Provide This Service,0,Does Not Provide This Service
9e6a2d0a-be79-4986-b90c-7f06d7ac084f,0,Does Not Provide This Service,0,Does Not Provide This Service,0,Does Not Provide This Service
9e6f47c5-2234-405c-b245-309b2504de2a,2,Potentially Available,0,Does Not Provide This Service,0,Does Not Provide This Service
9e8c6e33-b6fd-486b-81a6-6a0b2381d24b,2,Potentially Available,0,Does Not Provide This Service,0,Does Not Provide This Service
9ea064e2-35b9-4243-8d9a-03b6a5ccfabf,2,Potentially Available,0,Does Not Provide This Service,0,Does Not Provide This Service
9eb2aa11-b891-46c1-b616-7102cbb25ae3,2,Potentially Available,0,Does Not Provide This Service,0,Does Not Provide This Service
9eb977e1-4e14-459b-8655-dcc19cc8d3ce,1,Likely Available,1,Likely Available,0,Does Not Provide This Service
9edbb7dc-d1d5-4ca8-b87e-4dc25b040be6,2,Potentially Available,0,Does Not Provide This Service,0,Does Not Provide This Service
9ee3dddf-70d1-4980-be4e-a9b7177c8efc,0,Does Not Provide This Service,0,Does Not Provide This Service,0,Does Not Provide This Service
9eea8e6b-71a0-483f-950a-358aaa164cba,0,Does Not Provide This Service,0,Does Not Provide This Service,0,Does Not Provide This Service
9ef29f78-e6e9-4790-952c-fd7476b07331,0,Does Not Provide This Service,0,Does Not Provide This Service,0,Does Not Provide This Service
9ef3bb6c-e78d-4241-9c79-91b6fa6405f7,2,Potentially Available,0,Does Not Provide This Service,0,Does Not Provide This Service
9f095819-2fe5-48a1-badb-a4bfd1fba4d7,0,Does Not Provide This Service,0,Does Not Provide This Service,0,Does Not Provide This Service
9f15396a-0d70-48cb-a161-9ecde33fb073,2,Potentially Available,0,Does Not Provide This Service,0,Does Not Provide This Service
9f170fe3-e9cc-4db0-82da-8d305c8558be,0,Does Not Provide This Service,0,Does Not Provide This Service,0,Does Not Provide This Service
9f273be7-7885-4157-b01a-f74fcdb0677e,2,Potentially Available,0,Does Not Provide This Service,0,Does Not Provide This Service
9f33b68f-ac32-436a-b3ec-29982cc212cd,2,Potentially Available,0,Does Not Provide This Service,0,Does Not Provide This Service
9f3f7f89-1fb9-4300-88fe-bf35f61c0661,2,Potentially Available,0,Does Not Provide This Service,0,Does Not Provide This Service
9f3ff231-2d26-4d1c-8b22-df8c96bba2db,2,Potentially Available,0,Does Not Provide This Service,0,Does Not Provide This Service
9f43b07c-a7c2-4136-8710-26d0bfac47be,0,Does Not Provide This Service,0,Does Not Provide This Service,0,Does Not Provide This Service
9f453aee-00ca-473f-8bd5-61cd0ce567fe,0,Does Not Provide This Service,0,Does Not Provide This Service,0,Does Not Provide This Service
9f486822-b263-4d63-89d4-0a387c6b7a3e,2,Potentially Available,0,Does Not Provide This Service,0,Does Not Provide This Service
9f5f24d2-aea6-43b2-b162-2535b4537748,0,Does Not Provide This Service,0,Does Not Provide This Service,5,Highly Constrained
9f5ff815-61a4-4b77-832d-6890f586ccf8,0,Does Not Provide This Service,0,Does Not Provide This Service,0,Does Not Provide This Service
9f6e8934-8e4a-4d8b-a726-d52e2731b0c0,1,Likely Available,1,Likely Available,0,Does Not Provide This Service
9f7781ac-e1aa-4855-91ce-401fedf14a75,0,Does Not Provide This Service,0,Does Not Provide This Service,0,Does Not Provide This Service
9f837c55-067a-4dbb-bb42-13647524c046,0,Does Not Provide This Service,0,Does Not Provide This Service,0,Does Not Provide This Service
9f875c64-96a6-415f-8f6d-97d95ca1aaa2,0,Does Not Provide This Service,0,Does Not Provide This Service,0,Does Not Provide This Service
9f87646f-aef4-4b2f-bffc-d2e7af042110,0,Does Not Provide This Service,0,Does Not Provide This Service,0,Does Not Provide This Service
9f87c3f6-1005-42c9-ba72-fc3d4883f04b,2,Potentially Available,1,Likely Available,0,Does Not Provide This Service
9f9fbbcc-4180-48ae-bbdc-2ea8c647e70d,1,Likely Available,0,Does Not Provide This Service,0,Does Not Provide This Service
9fa81b31-a406-4252-90b8-e3233d261489,0,Does Not Provide This Service,0,Does Not Provide This Service,0,Does Not Provide This Service
9fac55d0-8a3c-4b1e-9997-4fcb0c74fdb1,2,Potentially Available,0,Does Not Provide This Service,0,Does Not Provide This Service
9fb54680-1ca9-433b-9ba7-f0e266f16aab,2,Potentially Available,0,Does Not Provide This Service,0,Does Not Provide This Service
9fb718bd-73d5-4082-8933-e7d2178e826a,2,Potentially Available,5,Highly Constrained,0,Does Not Provide This Service
9fbbc97f-2648-4408-9b76-f72a3d03b546,2,Potentially Available,0,Does Not Provide This Service,0,Does Not Provide This Service
9fc02ae6-52f8-4292-b51c-78b020e90105,0,Does Not Provide This Service,0,Does Not Provide This Service,0,Does Not Provide This Service
9fcb766d-1f90-4cf0-b4a2-50453a8b53dd,1,Likely Available,1,Likely Available,0,Does Not Provide This Service
9fcd8b25-bd67-4a76-944d-e271fca9c3c8,2,Potentially Available,0,Does Not Provide This Service,0,Does Not Provide This Service
9fec056e-2acc-444e-bcf2-78bd328c35c2,0,Does Not Provide This Service,0,Does Not Provide This Service,0,Does Not Provide This Service
9ffdf2d4-12a7-44c1-b655-8686824faef0,0,Does Not Provide This Service,0,Does Not Provide This Service,0,Does Not Provide This Service
a007bda3-0ba1-4dfa-9de1-d53336d7cba1,2,Potentially Available,0,Does Not Provide This Service,0,Does Not Provide This Service
a00ce96d-ccd3-40d9-b73d-3310dcb1fb8d,0,Does Not Provide This Service,0,Does Not Provide This Service,0,Does Not Provide This Service
a01b7d00-86cf-4876-8e64-7f05e8635c62,2,Potentially Available,0,Does Not Provide This Service,0,Does Not Provide This Service
a0267faf-b044-4794-be48-bd93b81388fd,0,Does Not Provide This Service,0,Does Not Provide This Service,2,Potentially Available
a049f2c7-5afe-4117-b084-db2e4e99e7c5,2,Potentially Available,0,Does Not Provide This Service,0,Does Not Provide This Service
a04c76c8-f49a-4881-ad37-b3d7e449210a,2,Potentially Available,0,Does Not Provide This Service,0,Does Not Provide This Service
a068736e-7eb8-41ca-b24a-1b1adf82ebae,2,Potentially Available,0,Does Not Provide This Service,0,Does Not Provide This Service
a08c07f3-e301-441e-b97d-97d0df1e1b2c,2,Potentially Available,0,Does Not Provide This Service,0,Does Not Provide This Service
a0a19fa2-d83b-47db-b169-5e5dea1ac6f0,2,Potentially Available,0,Does Not Provide This Service,0,Does Not Provide This Service
a0a85708-0036-4c57-92ca-5add65c55328,2,Potentially Available,0,Does Not Provide This Service,0,Does Not Provide This Service
a0ab4d50-a844-4ced-b3c3-72f4176311e7,2,Potentially Available,0,Does Not Provide This Service,0,Does Not Provide This Service
a0ac08d4-ac16-47bd-b3c3-003ac704af42,0,Does Not Provide This Service,0,Does Not Provide This Service,3,Constrained by Size
a0c03dc6-799e-46c9-88e0-e746cb6d20b7,0,Does Not Provide This Service,0,Does Not Provide This Service,0,Does Not Provide This Service
a0ca6e61-df03-4142-b6a8-4894f6831dba,0,Does Not Provide This Service,0,Does Not Provide This Service,4,Constrained by Market
a0d41617-9f76-4494-ae0a-fa94089bea4e,0,Does Not Provide This Service,0,Does Not Provide This Service,0,Does Not Provide This Service
a103e3e0-5c18-43bd-acf8-138f81923da8,0,Does Not Provide This Service,0,Does Not Provide This Service,4,Constrained by Market
a10f3522-8bad-4107-91eb-4e93bf0c0ef7,2,Potentially Available,0,Does Not Provide This Service,0,Does Not Provide This Service
a11f11b3-76bc-41e9-9c6c-5c00d68fa1f5,0,Does Not Provide This Service,0,Does Not Provide This Service,0,Does Not Provide This Service
a1272631-20d6-44da-ad5c-580afcbfb4e3,1,Likely Available,4,Constrained by Market,0,Does Not Provide This Service
a1306e4c-30fe-4d66-9a8a-541c7e40633b,2,Potentially Available,0,Does Not Provide This Service,0,Does Not Provide This Service
a136e74e-a127-4c49-8634-f833aaf3fb65,2,Potentially Available,0,Does Not Provide This Service,0,Does Not Provide This Service
a1398088-39d9-44ca-94f1-3f0249efbf97,0,Does Not Provide This Service,0,Does Not Provide This Service,0,Does Not Provide This Service
a143f42e-7011-4c1f-9e3a-7f31dbcee1ff,2,Potentially Available,3,Constrained by Size,0,Does Not Provide This Service
a14870f5-861c-41b2-9696-b4875be813af,0,Does Not Provide This Service,0,Does Not Provide This Service,0,Does Not Provide This Service
a14ea172-a3df-4a6c-a939-9330fd187f94,0,Does Not Provide This Service,0,Does Not Provide This Service,0,Does Not Provide This Service
a1553143-25ec-445c-bc3c-ec000184c5b2,2,Potentially Available,0,Does Not Provide This Service,0,Does Not Provide This Service
a15a2c02-2338-409e-b0c6-ba248ca30065,2,Potentially Available,0,Does Not Provide This Service,0,Does Not Provide This Service
a165aea7-87a5-47d0-b1b4-67fe4894d5e2,2,Potentially Available,0,Does Not Provide This Service,0,Does Not Provide This Service
a175307d-ce70-425b-9e43-edd60adbaba2,0,Does Not Provide This Service,0,Does Not Provide This Service,0,Does Not Provide This Service
a18a9609-3f7f-4635-9901-e67c48dc2a88,2,Potentially Available,0,Does Not Provide This Service,0,Does Not Provide This Service
a18d0347-5364-4c19-b42a-a955bc174304,2,Potentially Available,0,Does Not Provide This Service,0,Does Not Provide This Service
a192b08d-3e45-40bd-aff8-f40feace4660,0,Does Not Provide This Service,0,Does Not Provide This Service,1,Likely Available
a19ace89-afca-4de5-ab25-e92887c7388f,2,Potentially Available,0,Does Not Provide This Service,0,Does Not Provide This Service
a1c18163-7c80-4504-a3f7-8186ba998315,2,Potentially Available,0,Does Not Provide This Service,0,Does Not Provide This Service
a1c215b0-82bc-498a-86d1-a854ec9ed0a6,0,Does Not Provide This Service,0,Does Not Provide This Service,0,Does Not Provide This Service
a1c456fb-bb60-4348-8643-b6ffa1340ff6,1,Likely Available,1,Likely Available,0,Does Not Provide This Service
a1ccaf0a-03a5-4e26-be8e-ca7a5ada7585,2,Potentially Available,0,Does Not Provide This Service,0,Does Not Provide This Service
a1dd069f-e316-4f75-bac1-e13d0b2866aa,2,Potentially Available,0,Does Not Provide This Service,0,Does Not Provide This Service
a1e531c7-b604-40fe-b6b9-3326e29d9cae,2,Potentially Available,0,Does Not Provide This Service,0,Does Not Provide This Service
a1f0cf4f-f55f-4a38-b8de-e0113afe15ab,0,Does Not Provide This Service,0,Does Not Provide This Service,0,Does Not Provide This Service
a1f636f5-c259-4088-80ee-f5c0f4466526,2,Potentially Available,0,Does Not Provide This Service,0,Does Not Provide This Service
a2004a6e-5937-4ec7-be27-52611a23c835,2,Potentially Available,0,Does Not Provide This Service,0,Does Not Provide This Service
a212ca51-1cbd-4f7b-b5ed-2363acd85b6f,2,Potentially Available,0,Does Not Provide This Service,0,Does Not Provide This Service
a2277ac6-36af-4837-904c-63ba96fb980c,0,Does Not Provide This Service,0,Does Not Provide This Service,0,Does Not Provide This Service
a22ffdc6-61fa-4ad9-8314-0f25673b5bff,0,Does Not Provide This Service,0,Does Not Provide This Service,0,Does Not Provide This Service
a238a57a-5155-4580-9b4a-9a53a10f8a8b,0,Does Not Provide This Service,0,Does Not Provide This Service,0,Does Not Provide This Service
a23d8e8f-4075-4ea7-af82-4c9fea74265e,0,Does Not Provide This Service,0,Does Not Provide This Service,0,Does Not Provide This Service
a24aa33f-f906-4009-a9c4-5a42cfb5d806,0,Does Not Provide This Service,0,Does Not Provide This Service,0,Does Not Provide This Service
a25082a1-d849-4709-88e6-ad3a85236206,2,Potentially Available,0,Does Not Provide This Service,0,Does Not Provide This Service
a2555590-8032-4353-af37-6b51ab2d7ec0,2,Potentially Available,0,Does Not Provide This Service,0,Does Not Provide This Service
a25b80ee-6283-47a9-ab37-061ae9918fc9,0,Does Not Provide This Service,0,Does Not Provide This Service,1,Likely Available
a26c0880-4ff3-4fb6-a544-1f5deb5b9d66,0,Does Not Provide This Service,0,Does Not Provide This Service,0,Does Not Provide This Service
a271549f-6258-4b83-8d95-2041896d3f99,0,Does Not Provide This Service,0,Does Not Provide This Service,0,Does Not Provide This Service
a28ef887-2aa0-4f6e-a72f-cd7d2781652d,0,Does Not Provide This Service,0,Does Not Provide This Service,0,Does Not Provide This Service
a291016a-0690-4265-bf86-5feb3ef01b61,0,Does Not Provide This Service,0,Does Not Provide This Service,0,Does Not Provide This Service
a2a384cb-b673-42d8-a60e-196e2c7335ce,2,Potentially Available,0,Does Not Provide This Service,0,Does Not Provide This Service
a2b12e5f-8d8d-4b85-8d5c-59a42a08fc13,0,Does Not Provide This Service,0,Does Not Provide This Service,0,Does Not Provide This Service
a2cbb341-4e6a-473f-8d04-f1faf975e76e,0,Does Not Provide This Service,0,Does Not Provide This Service,0,Does Not Provide This Service
a2eb6e86-a4fb-4065-8398-c33f184a36db,2,Potentially Available,0,Does Not Provide This Service,0,Does Not Provide This Service
a2ece07d-fb88-4a6e-9cc7-aab151cfa00b,0,Does Not Provide This Service,0,Does Not Provide This Service,0,Does Not Provide This Service
a2f10b23-95aa-4ce6-a7dc-bdca4cd43b4e,0,Does Not Provide This Service,0,Does Not Provide This Service,0,Does Not Provide This Service
a2f8c167-fff4-4836-a365-deb8c9c7a160,2,Potentially Available,0,Does Not Provide This Service,0,Does Not Provide This Service
a322c630-176d-472f-bea3-c2e55bb6c081,0,Does Not Provide This Service,0,Does Not Provide This Service,0,Does Not Provide This Service
a3478919-fb60-49e4-b096-48e332010655,2,Potentially Available,0,Does Not Provide This Service,0,Does Not Provide This Service
a34fa1d9-a40c-4605-9ea1-154a3cfecf30,0,Does Not Provide This Service,0,Does Not Provide This Service,0,Does Not Provide This Service
a351de02-5332-4679-a96c-9a08521ebde3,2,Potentially Available,0,Does Not Provide This Service,0,Does Not Provide This Service
a3554a9d-fdf8-4d1b-9fdc-ce5fffd6da5b,2,Potentially Available,0,Does Not Provide This Service,0,Does Not Provide This Service
a36be05d-fd13-45b6-9591-85c93483b0f4,2,Potentially Available,0,Does Not Provide This Service,0,Does Not Provide This Service
a373a442-12bc-4aae-8f10-efb36c260ebf,2,Potentially Available,0,Does Not Provide This Service,0,Does Not Provide This Service
a3887d09-19cd-4be6-8cf7-dd81bf7f9a6f,2,Potentially Available,0,Does Not Provide This Service,0,Does Not Provide This Service
a3957be1-a4cb-48e9-8224-5a6b76765739,0,Does Not Provide This Service,0,Does Not Provide This Service,0,Does Not Provide This Service
a3b58bdf-f160-43bb-a35b-43cbbf5f3e00,0,Does Not Provide This Service,0,Does Not Provide This Service,0,Does Not Provide This Service
a3bdb025-bed9-4193-894e-d603057e2609,2,Potentially Available,0,Does Not Provide This Service,0,Does Not Provide This Service
a3be8ea1-2579-41e6-a243-81257ae1ec9e,0,Does Not Provide This Service,0,Does Not Provide This Service,0,Does Not Provide This Service
a3c1df53-784d-4a2b-a6a3-08213a5e28b2,2,Potentially Available,0,Does Not Provide This Service,0,Does Not Provide This Service
a3c36a17-3076-4870-a6a7-fbe5042b0ff8,2,Potentially Available,0,Does Not Provide This Service,0,Does Not Provide This Service
a3daad02-9eab-4387-84a4-84bbd8dfb1ac,2,Potentially Available,0,Does Not Provide This Service,0,Does Not Provide This Service
a3e19ebf-3bad-4aec-89e9-6f8c910ebe8d,2,Potentially Available,0,Does Not Provide This Service,0,Does Not Provide This Service
a3fbda47-4c25-423f-bdd7-0a5c9f7161b5,2,Potentially Available,0,Does Not Provide This Service,0,Does Not Provide This Service
a406681b-faf2-47a5-b4a7-e956a625430c,0,Does Not Provide This Service,0,Does Not Provide This Service,0,Does Not Provide This Service
a40b006a-3238-4b3c-b3be-9629685735bb,2,Potentially Available,0,Does Not Provide This Service,0,Does Not Provide This Service
a40b2b40-2d70-45ea-ba6f-315240c9ab98,0,Does Not Provide This Service,0,Does Not Provide This Service,0,Does Not Provide This Service
a40f1380-8b48-44c3-9019-b68f72ab0e33,0,Does Not Provide This Service,0,Does Not Provide This Service,0,Does Not Provide This Service
a41045dd-1ccf-49a1-a23c-10b5245022cc,0,Does Not Provide This Service,0,Does Not Provide This Service,0,Does Not Provide This Service
a4126236-1616-47af-a4b5-5423a9c7fc1c,0,Does Not Provide This Service,0,Does Not Provide This Service,0,Does Not Provide This Service
a41520ce-0be7-401f-ae38-fddc63fd38c1,0,Does Not Provide This Service,0,Does Not Provide This Service,0,Does Not Provide This Service
a4163fdf-f2fc-4699-8371-65ec07173ec6,2,Potentially Available,0,Does Not Provide This Service,0,Does Not Provide This Service
a42dc009-f7a6-41a3-a99c-f20ace699b10,0,Does Not Provide This Service,0,Does Not Provide This Service,0,Does Not Provide This Service
a43bdc69-0d0d-45e7-bca1-0827aabf23cd,0,Does Not Provide This Service,0,Does Not Provide This Service,0,Does Not Provide This Service
a4436f64-3eeb-4147-8789-eacb7d010fa3,2,Potentially Available,0,Does Not Provide This Service,0,Does Not Provide This Service
a44b270d-4e45-4d83-af7e-c1ccb962bfc4,2,Potentially Available,0,Does Not Provide This Service,0,Does Not Provide This Service
a4513d00-0539-43f3-ba7a-37607aeb8466,2,Potentially Available,0,Does Not Provide This Service,0,Does Not Provide This Service
a46b2e0b-d233-46d5-9ffb-452af8720008,2,Potentially Available,0,Does Not Provide This Service,0,Does Not Provide This Service
a4831faa-0fc5-4210-be1a-a5ae82d269bb,0,Does Not Provide This Service,0,Does Not Provide This Service,0,Does Not Provide This Service
a4907cc0-8225-4c0a-ae35-c4a02f2124d2,2,Potentially Available,0,Does Not Provide This Service,0,Does Not Provide This Service
a4929eac-1f44-49cb-9536-8d91ae61f365,2,Potentially Available,0,Does Not Provide This Service,0,Does Not Provide This Service
a4a4b866-7e43-4d2c-b78d-7b89149dc9e6,2,Potentially Available,0,Does Not Provide This Service,0,Does Not Provide This Service
a4a7c103-f45b-4f92-a333-324acdfded4b,2,Potentially Available,0,Does Not Provide This Service,0,Does Not Provide This Service
a4abc787-0f1c-4664-9c40-617246eac8e6,2,Potentially Available,0,Does Not Provide This Service,0,Does Not Provide This Service
a4d61a35-d361-40e9-ad01-387b79a1e9e1,2,Potentially Available,0,Does Not Provide This Service,0,Does Not Provide This Service
a4dc447d-89b1-462a-bba9-f47c0b5253f2,2,Potentially Available,0,Does Not Provide This Service,0,Does Not Provide This Service
a4e8cc1c-2710-44e5-b56c-4d88c43502fd,0,Does Not Provide This Service,0,Does Not Provide This Service,0,Does Not Provide This Service
a4e9d4ec-a570-4685-a74c-f7075679f6d0,2,Potentially Available,0,Does Not Provide This Service,0,Does Not Provide This Service
a5195237-443f-4f2c-8d1c-24a4724165e2,2,Potentially Available,0,Does Not Provide This Service,0,Does Not Provide This Service
a51d02bb-0888-44cb-b1e9-a28ce0740230,0,Does Not Provide This Service,0,Does Not Provide This Service,0,Does Not Provide This Service
a5245e1c-1704-4c01-a1c0-c4e08317b286,2,Potentially Available,0,Does Not Provide This Service,0,Does Not Provide This Service
a52aa8f2-6f22-4e5b-b4a5-1278fe4890b0,0,Does Not Provide This Service,0,Does Not Provide This Service,0,Does Not Provide This Service
a531dbe8-035c-4d8a-978a-fe180040bdcf,0,Does Not Provide This Service,0,Does Not Provide This Service,0,Does Not Provide This Service
a536fd8a-1fb1-4f6b-84bd-99bf1f42c882,0,Does Not Provide This Service,0,Does Not Provide This Service,0,Does Not Provide This Service
a5524504-f0c9-40ef-8564-cdcefcd9b8ff,0,Does Not Provide This Service,0,Does Not Provide This Service,0,Does Not Provide This Service
a563eec4-aaeb-486d-896a-e04f56e030a5,0,Does Not Provide This Service,0,Does Not Provide This Service,5,Highly Constrained
a574ce42-2a44-414d-97d8-6f7962ef1fa8,0,Does Not Provide This Service,0,Does Not Provide This Service,0,Does Not Provide This Service
a58045dd-15dd-4c1c-853e-9ac74596b6c9,0,Does Not Provide This Service,0,Does Not Provide This Service,0,Does Not Provide This Service
a59ffd38-f442-4204-bc2e-30265e7ae9e6,0,Does Not Provide This Service,0,Does Not Provide This Service,0,Does Not Provide This Service
a5b3b9b4-2b30-4dec-a386-6827d3dbefb5,0,Does Not Provide This Service,0,Does Not Provide This Service,0,Does Not Provide This Service
a5c17d6b-afcb-45c8-834b-21d1a26d4a6d,0,Does Not Provide This Service,0,Does Not Provide This Service,0,Does Not Provide This Service
a5d2b08f-3e84-466a-8340-73f086e7a3e1,2,Potentially Available,0,Does Not Provide This Service,0,Does Not Provide This Service
a5db7078-0f59-49b6-b385-b02871a21efa,0,Does Not Provide This Service,0,Does Not Provide This Service,0,Does Not Provide This Service
a5e4fd21-18b8-47ed-9892-3b58cd9ad714,2,Potentially Available,0,Does Not Provide This Service,0,Does Not Provide This Service
a5e9d771-08d0-4d68-8bcd-b23c3e96ffa2,0,Does Not Provide This Service,0,Does Not Provide This Service,0,Does Not Provide This Service
a5ecdb3c-6fce-46fe-bb27-e2442af98f97,2,Potentially Available,0,Does Not Provide This Service,0,Does Not Provide This Service
a60880f0-9da0-4187-86f3-acb1984045a6,2,Potentially Available,0,Does Not Provide This Service,0,Does Not Provide This Service
a60a9772-7d92-4f4e-bcdf-d46ff7de7153,2,Potentially Available,0,Does Not Provide This Service,0,Does Not Provide This Service
a62d4712-9ca8-4db1-9118-46b2e8b8f1cc,0,Does Not Provide This Service,0,Does Not Provide This Service,0,Does Not Provide This Service
a62eb13c-b860-465d-b234-3cd7dc186848,0,Does Not Provide This Service,0,Does Not Provide This Service,0,Does Not Provide This Service
a6346953-8360-42d5-98ed-2a87051cf3a7,2,Potentially Available,0,Does Not Provide This Service,0,Does Not Provide This Service
a63cdf23-1d7d-4209-b47a-561748145d20,0,Does Not Provide This Service,0,Does Not Provide This Service,0,Does Not Provide This Service
a63edbdd-941b-453c-b7b1-356c17f7e644,2,Potentially Available,0,Does Not Provide This Service,0,Does Not Provide This Service
a64094dc-8675-4394-9712-83cd06eb6de6,0,Does Not Provide This Service,0,Does Not Provide This Service,0,Does Not Provide This Service
a65944c7-e5c0-43f4-b66e-f64eb04f05e8,0,Does Not Provide This Service,0,Does Not Provide This Service,0,Does Not Provide This Service
a662de6e-71e5-4b4b-bf05-be79dc3c1a4b,0,Does Not Provide This Service,0,Does Not Provide This Service,2,Potentially Available
a6880e41-33f3-4caf-838d-20caeb53627c,2,Potentially Available,0,Does Not Provide This Service,0,Does Not Provide This Service
a69287be-ceee-46eb-8785-299ffc99319a,2,Potentially Available,0,Does Not Provide This Service,0,Does Not Provide This Service
a69fdc5f-99f7-4db1-9e53-08e7842afc10,2,Potentially Available,0,Does Not Provide This Service,0,Does Not Provide This Service
a6a4585a-96b5-4dd9-887e-766546be0cb5,2,Potentially Available,0,Does Not Provide This Service,0,Does Not Provide This Service
a6a7b390-da40-40d6-8e72-91cf74b00ab5,2,Potentially Available,0,Does Not Provide This Service,0,Does Not Provide This Service
a6b42123-0a2a-496c-835b-71748a5695e6,2,Potentially Available,0,Does Not Provide This Service,0,Does Not Provide This Service
a6ba5ee9-7ca5-434c-8ca2-9ed89daa7f46,2,Potentially Available,0,Does Not Provide This Service,0,Does Not Provide This Service
a6d7d491-1ecf-44f8-be0c-3b71bfff0f1c,0,Does Not Provide This Service,0,Does Not Provide This Service,0,Does Not Provide This Service
a6d9c61b-f7bd-442b-83bb-7be7bed2a9cd,0,Does Not Provide This Service,0,Does Not Provide This Service,4,Constrained by Market
a6e41e05-a0df-4190-94b7-2c75e3cfe76b,0,Does Not Provide This Service,0,Does Not Provide This Service,0,Does Not Provide This Service
a6e73354-3042-4f9e-a8c7-e0232ad57090,0,Does Not Provide This Service,0,Does Not Provide This Service,0,Does Not Provide This Service
a6f3ec45-3296-4a98-a0db-3c9aa4d30290,2,Potentially Available,0,Does Not Provide This Service,0,Does Not Provide This Service
a6f8303b-9ca8-4ece-a0c3-a3a3b6888121,2,Potentially Available,0,Does Not Provide This Service,0,Does Not Provide This Service
a704f1be-64de-4c49-b591-8e1208021213,0,Does Not Provide This Service,0,Does Not Provide This Service,0,Does Not Provide This Service
a7096235-ee6c-44f8-bad6-8730c714fe50,2,Potentially Available,0,Does Not Provide This Service,0,Does Not Provide This Service
a70d02dc-f770-42f1-9e21-864106bb7104,2,Potentially Available,0,Does Not Provide This Service,0,Does Not Provide This Service
a72902c7-3d05-4353-8097-7dee452ef5be,0,Does Not Provide This Service,0,Does Not Provide This Service,0,Does Not Provide This Service
a734e03f-bcb5-40a5-9b63-bffe661328bd,2,Potentially Available,0,Does Not Provide This Service,0,Does Not Provide This Service
a7370643-218d-4f1d-9a01-1e496c34d2e6,0,Does Not Provide This Service,0,Does Not Provide This Service,0,Does Not Provide This Service
a74b2485-a1ba-4046-9ba6-921ecb5a78a9,2,Potentially Available,0,Does Not Provide This Service,0,Does Not Provide This Service
a74feadb-7d87-4868-8c24-96a9d46f1625,0,Does Not Provide This Service,0,Does Not Provide This Service,0,Does Not Provide This Service
a761530f-3330-429b-9dae-240285312c82,2,Potentially Available,0,Does Not Provide This Service,0,Does Not Provide This Service
a76c1e45-e1c7-4967-aa2d-ba7fb3e6e4c6,0,Does Not Provide This Service,0,Does Not Provide This Service,0,Does Not Provide This Service
a773eb91-01f0-4e45-8c7b-ad744805611d,2,Potentially Available,0,Does Not Provide This Service,0,Does Not Provide This Service
a783bbb6-0edb-41a8-8ffe-70d6d08afd7f,0,Does Not Provide This Service,0,Does Not Provide This Service,0,Does Not Provide This Service
a78400ac-1f09-4565-b9f1-d44052cd5f56,0,Does Not Provide This Service,0,Does Not Provide This Service,0,Does Not Provide This Service
a7bb0c7e-cb25-4443-901b-158bb3ce6cf3,2,Potentially Available,0,Does Not Provide This Service,0,Does Not Provide This Service
a7dde6df-89f9-4034-bde0-54826c4bdb4a,0,Does Not Provide This Service,0,Does Not Provide This Service,0,Does Not Provide This Service
a7df0e3a-3cb7-4395-8579-80d4c06c2fe4,2,Potentially Available,0,Does Not Provide This Service,0,Does Not Provide This Service
a7dfa701-fbc6-41a1-9ed5-e732345a00ae,2,Potentially Available,1,Likely Available,0,Does Not Provide This Service
a81e4d13-2c5f-4e3b-9c0d-c940e17ed5f7,0,Does Not Provide This Service,0,Does Not Provide This Service,0,Does Not Provide This Service
a8204be5-faea-48b4-a05c-f93e9f5ba958,2,Potentially Available,0,Does Not Provide This Service,0,Does Not Provide This Service
a84916c9-1a23-4b40-a2d9-1accbe063a46,2,Potentially Available,0,Does Not Provide This Service,0,Does Not Provide This Service
a86099de-0e27-4f58-b30e-f75df50a9a1c,0,Does Not Provide This Service,0,Does Not Provide This Service,0,Does Not Provide This Service
a861cdc8-351d-497d-9caf-de69ee15bddb,2,Potentially Available,0,Does Not Provide This Service,0,Does Not Provide This Service
a86c60fb-cdba-45e1-bf76-266d58b47812,2,Potentially Available,0,Does Not Provide This Service,0,Does Not Provide This Service
a87e2fcc-ebc5-4ec8-a2f5-ca94548014a7,0,Does Not Provide This Service,0,Does Not Provide This Service,0,Does Not Provide This Service
a8899e65-4399-45fa-a7e1-08545faaf0b4,0,Does Not Provide This Service,0,Does Not Provide This Service,0,Does Not Provide This Service
a88d19b0-6b26-46c6-a202-0e537a555d7b,0,Does Not Provide This Service,0,Does Not Provide This Service,0,Does Not Provide This Service
a8a6a1cd-5cd6-4e9b-b812-a49ec9f0c2cf,0,Does Not Provide This Service,0,Does Not Provide This Service,0,Does Not Provide This Service
a8a86365-74b8-44b7-8c6f-f94fa51caaff,2,Potentially Available,0,Does Not Provide This Service,0,Does Not Provide This Service
a8d2a82c-5bb9-436d-a0c3-a3b218d4a53d,2,Potentially Available,0,Does Not Provide This Service,0,Does Not Provide This Service
a8d50481-8685-4fe4-85ac-cf880f495ae3,0,Does Not Provide This Service,0,Does Not Provide This Service,0,Does Not Provide This Service
a8d79238-a3f4-4577-b58d-f4ff3da1bb20,0,Does Not Provide This Service,0,Does Not Provide This Service,0,Does Not Provide This Service
a8ddf636-1624-4f9e-8d15-d4454cdaa695,0,Does Not Provide This Service,0,Does Not Provide This Service,0,Does Not Provide This Service
a8ed8416-c030-46a9-8947-1fbb39bfc24c,0,Does Not Provide This Service,0,Does Not Provide This Service,0,Does Not Provide This Service
a8efae1a-dc92-4ea9-b9d9-44c6529d1625,2,Potentially Available,0,Does Not Provide This Service,0,Does Not Provide This Service
a8f802b3-1785-41e8-85bd-e6eabb726d6b,0,Does Not Provide This Service,0,Does Not Provide This Service,0,Does Not Provide This Service
a8fb2ae8-46bb-49bd-ad16-3758f1d44e66,0,Does Not Provide This Service,0,Does Not Provide This Service,0,Does Not Provide This Service
a9009d43-e4ef-4c13-9ea6-eb14d9006527,0,Does Not Provide This Service,0,Does Not Provide This Service,0,Does Not Provide This Service
a9010747-ddb2-492f-ad41-e787025e506d,2,Potentially Available,5,Highly Constrained,0,Does Not Provide This Service
a90df92b-a3c3-4d3b-834d-802494aa1f39,0,Does Not Provide This Service,0,Does Not Provide This Service,0,Does Not Provide This Service
a90e8df7-b9fc-4363-b77e-4dd7caacbeb3,2,Potentially Available,0,Does Not Provide This Service,0,Does Not Provide This Service
a910ec08-8531-41f9-849c-e318f67bd35b,2,Potentially Available,0,Does Not Provide This Service,0,Does Not Provide This Service
a91c9e42-07b8-4aa0-ae47-1e23b8930d2b,0,Does Not Provide This Service,0,Does Not Provide This Service,0,Does Not Provide This Service
a94f880a-ce53-49dd-82f4-3f5a84b4bd12,2,Potentially Available,0,Does Not Provide This Service,0,Does Not Provide This Service
a965ee14-5c0c-464e-854a-6800fbd705dc,2,Potentially Available,0,Does Not Provide This Service,0,Does Not Provide This Service
a96752c5-c501-4a8c-b60b-bda860ab0dac,2,Potentially Available,0,Does Not Provide This Service,0,Does Not Provide This Service
a96b4251-23ce-4626-8bbf-57085692b816,2,Potentially Available,0,Does Not Provide This Service,0,Does Not Provide This Service
a97c558b-c996-4c1c-bfe3-4b8f13f4173a,2,Potentially Available,0,Does Not Provide This Service,0,Does Not Provide This Service
a97f5a84-bcfc-4844-bd5d-d32b07819afd,0,Does Not Provide This Service,0,Does Not Provide This Service,0,Does Not Provide This Service
a981162e-cbd6-46b5-afd4-e9f9bf987681,0,Does Not Provide This Service,0,Does Not Provide This Service,0,Does Not Provide This Service
a98936df-71ce-478b-9916-7beaa18855a7,0,Does Not Provide This Service,0,Does Not Provide This Service,0,Does Not Provide This Service
a98a0d52-0ba6-489e-9d07-7868dc35dddd,0,Does Not Provide This Service,0,Does Not Provide This Service,0,Does Not Provide This Service
a9a25fb5-fef7-4ebd-8386-073116cb786a,0,Does Not Provide This Service,0,Does Not Provide This Service,0,Does Not Provide This Service
a9d6c712-ef16-4aec-908c-24cafc4c1a0e,2,Potentially Available,0,Does Not Provide This Service,0,Does Not Provide This Service
a9e01a61-a6aa-49be-9686-759c93d95f52,0,Does Not Provide This Service,0,Does Not Provide This Service,0,Does Not Provide This Service
a9f9e75d-73b5-48fa-a0fc-9b98b542b67a,0,Does Not Provide This Service,0,Does Not Provide This Service,0,Does Not Provide This Service
a9fc649c-0774-4b3f-8e30-232bfa92b71d,0,Does Not Provide This Service,0,Does Not Provide This Service,0,Does Not Provide This Service
a9fd7127-0590-4e33-b54a-2d9f462e50df,1,Likely Available,0,Does Not Provide This Service,0,Does Not Provide This Service
aa01404e-4094-4eb3-8e5f-34761a4368fd,2,Potentially Available,0,Does Not Provide This Service,0,Does Not Provide This Service
aa0c4b17-b5e3-4ab8-8480-d212fc8e5bae,0,Does Not Provide This Service,0,Does Not Provide This Service,0,Does Not Provide This Service
aa1c0ec4-1b70-482c-9ac3-3cc265fdccd6,0,Does Not Provide This Service,0,Does Not Provide This Service,0,Does Not Provide This Service
aa1d5dd0-d868-41f3-9c02-86c515eedd92,0,Does Not Provide This Service,0,Does Not Provide This Service,0,Does Not Provide This Service
aa258f71-7155-4a7e-85d3-390726dcddb7,0,Does Not Provide This Service,0,Does Not Provide This Service,0,Does Not Provide This Service
aa2733f7-2a9f-4ee8-94f3-0b991a858d22,0,Does Not Provide This Service,0,Does Not Provide This Service,0,Does Not Provide This Service
aa32436f-22c0-4f20-b667-0119900b1aa2,2,Potentially Available,0,Does Not Provide This Service,0,Does Not Provide This Service
aa369e29-2cf0-4b91-8ed9-6e0a12d56f73,2,Potentially Available,0,Does Not Provide This Service,0,Does Not Provide This Service
aa36e1d8-f3d9-4e1a-86e7-906cd2a58b06,0,Does Not Provide This Service,0,Does Not Provide This Service,0,Does Not Provide This Service
aa4c5fed-a40e-4882-8872-0f4b19e88b9a,2,Potentially Available,0,Does Not Provide This Service,0,Does Not Provide This Service
aa4d0a87-b70c-43d6-83bc-8550dba3a686,2,Potentially Available,0,Does Not Provide This Service,0,Does Not Provide This Service
aa585f2e-fedd-4e28-93a3-09ba4b010be1,2,Potentially Available,0,Does Not Provide This Service,0,Does Not Provide This Service
aa5a6d78-ad0e-44cb-9976-7147bc69b665,0,Does Not Provide This Service,0,Does Not Provide This Service,0,Does Not Provide This Service
aa5f8704-fd62-4b0a-b9f4-b2ae524594d9,2,Potentially Available,0,Does Not Provide This Service,0,Does Not Provide This Service
aa66b6b6-7a02-4435-ba59-0c41b8a5b3a2,2,Potentially Available,0,Does Not Provide This Service,0,Does Not Provide This Service
aa66d40a-4e65-44ee-ae4f-e13d34bc4e36,2,Potentially Available,0,Does Not Provide This Service,0,Does Not Provide This Service
aa74b5e3-ce04-4329-a504-f698e0336980,2,Potentially Available,0,Does Not Provide This Service,0,Does Not Provide This Service
aa839ef2-c277-4e35-9e8d-4518c4356c1b,2,Potentially Available,0,Does Not Provide This Service,0,Does Not Provide This Service
aa8be022-e187-4940-baae-ba20b4601a7f,0,Does Not Provide This Service,0,Does Not Provide This Service,0,Does Not Provide This Service
aaa4ca2a-dbb0-4d79-acf1-92b868bd09e8,0,Does Not Provide This Service,0,Does Not Provide This Service,0,Does Not Provide This Service
aab6f4e2-7b13-40b3-8657-d0fab7c1ab14,0,Does Not Provide This Service,0,Does Not Provide This Service,0,Does Not Provide This Service
aab8c358-cba7-4a73-9565-f585d2a4b3b8,0,Does Not Provide This Service,0,Does Not Provide This Service,0,Does Not Provide This Service
aabfc38b-4eac-4e8e-95ef-84857ed12a1a,2,Potentially Available,0,Does Not Provide This Service,0,Does Not Provide This Service
aaccd68f-f551-4258-9a3d-1937bc1623f8,0,Does Not Provide This Service,0,Does Not Provide This Service,0,Does Not Provide This Service
aade47e1-0e29-4d98-8bef-bfcf21934939,2,Potentially Available,0,Does Not Provide This Service,0,Does Not Provide This Service
aaf8b8a0-9c68-4894-a977-ae4281cc0dc4,2,Potentially Available,0,Does Not Provide This Service,0,Does Not Provide This Service
aaffc141-f742-441c-80cf-2175c81cd1fb,2,Potentially Available,0,Does Not Provide This Service,0,Does Not Provide This Service
ab0458cf-e4f6-4ce0-a187-6398b8b8e61a,2,Potentially Available,0,Does Not Provide This Service,0,Does Not Provide This Service
ab21f91a-00a4-4ce4-aa67-74213008d34a,2,Potentially Available,0,Does Not Provide This Service,0,Does Not Provide This Service
ab323dcc-263c-449f-93cb-51b782edb74a,2,Potentially Available,5,Highly Constrained,0,Does Not Provide This Service
ab46bfe4-eb4f-46ac-97a6-0fc93f3f2983,2,Potentially Available,0,Does Not Provide This Service,0,Does Not Provide This Service
ab4b999b-43e0-4e26-b662-17d88e7b7d5d,0,Does Not Provide This Service,0,Does Not Provide This Service,0,Does Not Provide This Service
ab5282d7-302f-4008-8707-b8006ed1c899,2,Potentially Available,0,Does Not Provide This Service,0,Does Not Provide This Service
ab5892a4-5615-46c6-a42c-bff99cf2c63c,0,Does Not Provide This Service,0,Does Not Provide This Service,0,Does Not Provide This Service
ab5b7cfe-e45e-41c7-b371-65325f959ec6,2,Potentially Available,0,Does Not Provide This Service,0,Does Not Provide This Service
ab731bf4-b747-4881-a0ae-dc328d4daefe,2,Potentially Available,0,Does Not Provide This Service,0,Does Not Provide This Service
ab7e0f63-c9d0-4bcc-b856-71054a8a9282,2,Potentially Available,0,Does Not Provide This Service,0,Does Not Provide This Service
ab81f593-c4f6-4a4f-9ff3-d40980dc59a6,2,Potentially Available,0,Does Not Provide This Service,0,Does Not Provide This Service
ab8baf6b-f68e-454c-adb7-57a01d8a4e7e,0,Does Not Provide This Service,0,Does Not Provide This Service,0,Does Not Provide This Service
ab8d47ca-9308-44b0-bd52-3997a225b5bb,2,Potentially Available,0,Does Not Provide This Service,0,Does Not Provide This Service
abe9412c-62e8-41f5-904d-883e6481d017,2,Potentially Available,0,Does Not Provide This Service,0,Does Not Provide This Service
abeebd1f-d37f-43b2-bffb-85b081c61cd8,0,Does Not Provide This Service,0,Does Not Provide This Service,0,Does Not Provide This Service
abf522f5-b631-4162-abf9-cb4a3dd32352,2,Potentially Available,0,Does Not Provide This Service,0,Does Not Provide This Service
abf79e46-3ade-4c92-8a0c-adb265e0f3f4,2,Potentially Available,0,Does Not Provide This Service,0,Does Not Provide This Service
ac08ff3d-aa78-42de-946f-1b04c72cd21e,2,Potentially Available,0,Does Not Provide This Service,0,Does Not Provide This Service
ac0d7cfd-9709-4a07-9fe7-f21574dd97f3,0,Does Not Provide This Service,0,Does Not Provide This Service,0,Does Not Provide This Service
ac17881a-58f8-4863-b8e0-0de6bb0d895b,0,Does Not Provide This Service,0,Does Not Provide This Service,0,Does Not Provide This Service
ac1de968-dd48-49c7-8c7a-aab0b032c961,2,Potentially Available,0,Does Not Provide This Service,0,Does Not Provide This Service
ac299ab9-4387-48c0-ab61-6dbef2a36613,2,Potentially Available,0,Does Not Provide This Service,0,Does Not Provide This Service
ac32729e-70b9-4076-b21f-1a515fbdf109,2,Potentially Available,0,Does Not Provide This Service,0,Does Not Provide This Service
ac41d38d-ffae-4c40-96db-a785878a660e,2,Potentially Available,0,Does Not Provide This Service,0,Does Not Provide This Service
ac42b099-144e-412f-a75e-f6a8b87caf50,0,Does Not Provide This Service,0,Does Not Provide This Service,0,Does Not Provide This Service
ac4d87a9-ca70-4477-90b8-044a97bd676b,2,Potentially Available,0,Does Not Provide This Service,0,Does Not Provide This Service
ac571689-75f4-4ab5-945e-4024fe7639b2,2,Potentially Available,0,Does Not Provide This Service,0,Does Not Provide This Service
ac62df02-988b-42f9-8b0e-ba44a00be00f,0,Does Not Provide This Service,0,Does Not Provide This Service,0,Does Not Provide This Service
ac63bffb-6e11-46da-9e38-943eae84cb31,0,Does Not Provide This Service,0,Does Not Provide This Service,0,Does Not Provide This Service
ac64cad4-2683-4193-b040-eeaf17f805d4,0,Does Not Provide This Service,0,Does Not Provide This Service,0,Does Not Provide This Service
ac6b3aba-eb93-4842-b645-853ab22620aa,0,Does Not Provide This Service,0,Does Not Provide This Service,0,Does Not Provide This Service
ac7ab345-fc0b-4c6b-a4f8-9b3729f1d6dc,2,Potentially Available,0,Does Not Provide This Service,0,Does Not Provide This Service
ac7f40b8-a523-451f-b058-1731efefbfa9,2,Potentially Available,0,Does Not Provide This Service,0,Does Not Provide This Service
ac80ca00-c091-40dc-a8ea-a729d1c5ec67,0,Does Not Provide This Service,0,Does Not Provide This Service,1,Likely Available
ac902726-69e4-4b71-a573-dea86b1c6cbe,0,Does Not Provide This Service,0,Does Not Provide This Service,0,Does Not Provide This Service
ac95b6c3-119c-44f2-bf3d-14f127f89d60,0,Does Not Provide This Service,0,Does Not Provide This Service,0,Does Not Provide This Service
acab585f-c97f-40ad-bbc5-ba46a21569e9,0,Does Not Provide This Service,0,Does Not Provide This Service,0,Does Not Provide This Service
acb69f1b-ed8e-4710-959d-ae380d8369f5,0,Does Not Provide This Service,0,Does Not Provide This Service,0,Does Not Provide This Service
acc64590-5f47-4f19-a614-d329ae6279da,0,Does Not Provide This Service,0,Does Not Provide This Service,0,Does Not Provide This Service
accc11e2-9759-419f-9cc9-db36adc84f10,2,Potentially Available,0,Does Not Provide This Service,0,Does Not Provide This Service
acf0981a-bc5e-4eea-9a07-a0ef4e7c311c,0,Does Not Provide This Service,0,Does Not Provide This Service,0,Does Not Provide This Service
acf5a91b-6ed9-49bf-8a56-162ecd60f5ae,0,Does Not Provide This Service,0,Does Not Provide This Service,0,Does Not Provide This Service
acf64759-ac56-47e5-81fd-6965785eb144,2,Potentially Available,0,Does Not Provide This Service,0,Does Not Provide This Service
ad00272f-cb10-4bd3-bae8-590fd77e95cd,0,Does Not Provide This Service,0,Does Not Provide This Service,0,Does Not Provide This Service
ad037957-9814-4cc5-b090-3f0370434cf8,0,Does Not Provide This Service,0,Does Not Provide This Service,0,Does Not Provide This Service
ad2a15e6-f392-42c7-a0a6-30dc3b560231,2,Potentially Available,0,Does Not Provide This Service,0,Does Not Provide This Service
ad2a56c0-c709-4716-b389-271434cf0f9e,0,Does Not Provide This Service,0,Does Not Provide This Service,0,Does Not Provide This Service
ad375533-a90c-4574-843b-02708b894a10,0,Does Not Provide This Service,0,Does Not Provide This Service,0,Does Not Provide This Service
ad3cc18f-f5c5-4e9a-b751-3f227da43115,0,Does Not Provide This Service,0,Does Not Provide This Service,0,Does Not Provide This Service
ad4539e6-b232-4cd7-b98e-2dda2171b1a6,2,Potentially Available,0,Does Not Provide This Service,0,Does Not Provide This Service
ad64f0de-0463-4fb4-b3bb-9248ef84b0a0,0,Does Not Provide This Service,0,Does Not Provide This Service,0,Does Not Provide This Service
ad71900b-dc15-4014-9e5f-e782c5ab3dfa,0,Does Not Provide This Service,0,Does Not Provide This Service,0,Does Not Provide This Service
ad7e0824-b6da-45c3-9189-b28e8a15dc68,2,Potentially Available,0,Does Not Provide This Service,0,Does Not Provide This Service
ad956a5b-9b88-4347-966c-d46b395d693c,2,Potentially Available,0,Does Not Provide This Service,0,Does Not Provide This Service
ad96a81a-cee0-4fc3-8d06-d1ab705fef52,2,Potentially Available,0,Does Not Provide This Service,0,Does Not Provide This Service
adb968e6-dde1-4a51-868f-16db24d5030f,2,Potentially Available,0,Does Not Provide This Service,0,Does Not Provide This Service
adbfd8c5-9764-4750-9553-d61e0702fd83,0,Does Not Provide This Service,0,Does Not Provide This Service,0,Does Not Provide This Service
add04b23-bb9e-4c96-8b68-dc28be49c68c,2,Potentially Available,0,Does Not Provide This Service,0,Does Not Provide This Service
add76996-ee67-478a-b24e-bf9d41507393,0,Does Not Provide This Service,0,Does Not Provide This Service,0,Does Not Provide This Service
ae0ce5b6-adc1-4bc9-9f79-7a92cab35a61,0,Does Not Provide This Service,0,Does Not Provide This Service,0,Does Not Provide This Service
ae137875-0681-48f5-b5e8-458f32a0a4a4,2,Potentially Available,0,Does Not Provide This Service,0,Does Not Provide This Service
ae2d6e8a-883f-4ddd-8b87-ef2c36baab52,0,Does Not Provide This Service,0,Does Not Provide This Service,0,Does Not Provide This Service
ae2fd46a-306e-4920-a385-104d92284fc7,0,Does Not Provide This Service,0,Does Not Provide This Service,0,Does Not Provide This Service
ae381f16-1954-4b67-a671-2f7473caa229,2,Potentially Available,0,Does Not Provide This Service,0,Does Not Provide This Service
ae580de2-8330-48a3-9cdd-9964832c7b2e,0,Does Not Provide This Service,0,Does Not Provide This Service,0,Does Not Provide This Service
ae58d6b2-08b7-4d36-ba56-1f4624b1d18e,0,Does Not Provide This Service,0,Does Not Provide This Service,0,Does Not Provide This Service
ae597b04-64bb-4da7-a439-e33983760767,0,Does Not Provide This Service,0,Does Not Provide This Service,0,Does Not Provide This Service
ae61155b-9651-4258-8dae-154319a4bf10,2,Potentially Available,0,Does Not Provide This Service,0,Does Not Provide This Service
ae72ec16-ce83-4a21-b00a-3b59acb3ec08,0,Does Not Provide This Service,0,Does Not Provide This Service,0,Does Not Provide This Service
ae93c0aa-fa5f-49d5-9b59-3d846ff5ebef,2,Potentially Available,0,Does Not Provide This Service,0,Does Not Provide This Service
aeb3a859-7e4e-4b20-82e2-5c92bd7d740d,0,Does Not Provide This Service,0,Does Not Provide This Service,0,Does Not Provide This Service
aeb6e2be-1ce9-4bf2-9e50-0c85f21e62a6,1,Likely Available,1,Likely Available,0,Does Not Provide This Service
aebc570a-7e4d-4ab4-9ac5-1e9268feb8ec,2,Potentially Available,0,Does Not Provide This Service,0,Does Not Provide This Service
aec20a94-4fba-46e2-aee6-885c274f9a0f,2,Potentially Available,0,Does Not Provide This Service,0,Does Not Provide This Service
aeccb945-29c1-43bf-82e9-7484c659049e,2,Potentially Available,0,Does Not Provide This Service,0,Does Not Provide This Service
aecef734-e39e-4a82-a868-8f589b811362,2,Potentially Available,0,Does Not Provide This Service,0,Does Not Provide This Service
aed78fae-351e-4122-ae56-e6998d199266,0,Does Not Provide This Service,0,Does Not Provide This Service,0,Does Not Provide This Service
aee0aa1b-5eeb-445a-b94b-f20fe0dc57a8,2,Potentially Available,0,Does Not Provide This Service,0,Does Not Provide This Service
aee11710-db07-42bb-bf41-548647af7028,0,Does Not Provide This Service,0,Does Not Provide This Service,0,Does Not Provide This Service
aef04247-7409-48cd-8f5a-815bcc81e390,2,Potentially Available,0,Does Not Provide This Service,0,Does Not Provide This Service
af064a2b-7c10-4f94-bb54-77a5cfbf7724,2,Potentially Available,0,Does Not Provide This Service,0,Does Not Provide This Service
af087bb8-cb29-4c29-a1d7-cc3323a2a31e,2,Potentially Available,0,Does Not Provide This Service,0,Does Not Provide This Service
af09fb71-0839-4074-a23f-764598979efb,0,Does Not Provide This Service,0,Does Not Provide This Service,4,Constrained by Market
af11a147-371b-482b-adc9-87cfd811d3a2,0,Does Not Provide This Service,0,Does Not Provide This Service,0,Does Not Provide This Service
af2269b4-0c29-4b19-bfce-e9f3c504e65d,2,Potentially Available,0,Does Not Provide This Service,0,Does Not Provide This Service
af267fd8-a912-4c66-88a3-b0d3b2c0b977,0,Does Not Provide This Service,0,Does Not Provide This Service,0,Does Not Provide This Service
af2d694d-7e98-4621-ae61-c0e7cdd31b7e,0,Does Not Provide This Service,0,Does Not Provide This Service,0,Does Not Provide This Service
af3bf1a0-8f5f-4638-8d31-a7b64791a568,2,Potentially Available,0,Does Not Provide This Service,0,Does Not Provide This Service
af416239-b08e-49ee-a64f-4eb047d7d3ba,2,Potentially Available,0,Does Not Provide This Service,0,Does Not Provide This Service
af42e174-3046-445a-9d42-f0453a3b1103,2,Potentially Available,0,Does Not Provide This Service,0,Does Not Provide This Service
af4502c2-4bce-480f-ab13-f567a0d75051,0,Does Not Provide This Service,0,Does Not Provide This Service,0,Does Not Provide This Service
af477980-80d6-4a82-a883-c97c5da5816b,0,Does Not Provide This Service,0,Does Not Provide This Service,0,Does Not Provide This Service
af485cc7-ca3b-4b37-b9d5-a67490c5fc6c,2,Potentially Available,0,Does Not Provide This Service,0,Does Not Provide This Service
af66c217-6aff-4452-bdbd-3d4e327fe0ad,2,Potentially Available,0,Does Not Provide This Service,0,Does Not Provide This Service
af8f243e-d6a6-4557-a762-627e764f1772,2,Potentially Available,0,Does Not Provide This Service,0,Does Not Provide This Service
af994a11-35ad-4576-9bfd-169b466939e9,2,Potentially Available,0,Does Not Provide This Service,0,Does Not Provide This Service
afaafdd8-d103-44a7-bb67-16985cad8fe0,2,Potentially Available,0,Does Not Provide This Service,0,Does Not Provide This Service
afabf3a9-7b75-4a14-a7cf-61841ee6f541,0,Does Not Provide This Service,0,Does Not Provide This Service,0,Does Not Provide This Service
afc70ad4-1b22-4676-8fad-e45a72ccb4b9,0,Does Not Provide This Service,0,Does Not Provide This Service,0,Does Not Provide This Service
afcc0a17-a02e-4713-afcb-0358a6ca40d9,0,Does Not Provide This Service,0,Does Not Provide This Service,0,Does Not Provide This Service
afd1c518-347f-43cb-bd14-2ab458c429ec,2,Potentially Available,0,Does Not Provide This Service,0,Does Not Provide This Service
afe66887-72cc-407d-854a-11970bcf1256,0,Does Not Provide This Service,0,Does Not Provide This Service,0,Does Not Provide This Service
afe8d643-e4a7-4652-9cc6-9f87710e3c98,2,Potentially Available,0,Does Not Provide This Service,0,Does Not Provide This Service
b00abab1-c85f-44cc-b032-d0a7d11314ae,2,Potentially Available,0,Does Not Provide This Service,0,Does Not Provide This Service
b00e04d0-1166-4657-93fc-a513fd830221,1,Likely Available,1,Likely Available,0,Does Not Provide This Service
b0186094-60ba-4ae5-992c-9347ca59f9e9,2,Potentially Available,0,Does Not Provide This Service,0,Does Not Provide This Service
b01c79d7-f059-49dd-b9bd-94ac5e226612,2,Potentially Available,0,Does Not Provide This Service,0,Does Not Provide This Service
b01c7f2a-990d-4d6b-9408-e8e23afa2818,2,Potentially Available,0,Does Not Provide This Service,0,Does Not Provide This Service
b0237379-40b9-41d2-a0c8-16d16eae484e,2,Potentially Available,0,Does Not Provide This Service,0,Does Not Provide This Service
b027ea0e-d8ce-40aa-a7a7-e394997ddd72,2,Potentially Available,0,Does Not Provide This Service,0,Does Not Provide This Service
b04be1d1-9c17-4f32-bacd-f30256a5b50a,2,Potentially Available,0,Does Not Provide This Service,0,Does Not Provide This Service
b052ffc6-3854-4331-993f-ebdabd3f0b59,0,Does Not Provide This Service,0,Does Not Provide This Service,0,Does Not Provide This Service
b056fac4-83e2-42ea-b184-968ec308004a,0,Does Not Provide This Service,0,Does Not Provide This Service,0,Does Not Provide This Service
b06f5bef-2db2-41d8-b1b6-d05f23ff7c39,0,Does Not Provide This Service,0,Does Not Provide This Service,0,Does Not Provide This Service
b0778d5a-359a-469c-9cc1-b8f03b6da423,0,Does Not Provide This Service,0,Does Not Provide This Service,0,Does Not Provide This Service
b078fcc1-cc51-4284-b0ed-84d60dbc5282,0,Does Not Provide This Service,0,Does Not Provide This Service,0,Does Not Provide This Service
b0910fb0-8a52-4898-abfe-2ecc91b1fee7,2,Potentially Available,0,Does Not Provide This Service,0,Does Not Provide This Service
b095c630-fc82-4c44-9af3-c644951ce2ad,2,Potentially Available,0,Does Not Provide This Service,0,Does Not Provide This Service
b09d2861-c685-42bb-8b4c-3b7def82f7bd,2,Potentially Available,0,Does Not Provide This Service,0,Does Not Provide This Service
b0a03794-4e13-4dd6-ad47-663179d1ed6a,2,Potentially Available,0,Does Not Provide This Service,0,Does Not Provide This Service
b0b20d5e-f6f4-4865-916a-833243449116,2,Potentially Available,0,Does Not Provide This Service,0,Does Not Provide This Service
b0b62613-7d2b-4b43-8127-f380251a6d66,0,Does Not Provide This Service,0,Does Not Provide This Service,0,Does Not Provide This Service
b0b6f43c-9904-4a24-a327-fffcc8bff4e3,2,Potentially Available,0,Does Not Provide This Service,0,Does Not Provide This Service
b0bf90d1-6a24-44ef-bf19-cd30aa22aea0,2,Potentially Available,0,Does Not Provide This Service,0,Does Not Provide This Service
b0bf915d-b5d6-476d-98a3-4a4ab7577f4b,2,Potentially Available,0,Does Not Provide This Service,0,Does Not Provide This Service
b0c6f5a3-3180-4235-97cd-7efd51005703,2,Potentially Available,0,Does Not Provide This Service,0,Does Not Provide This Service
b0cf33be-bf5a-4fdf-a967-d8a9842c40fd,2,Potentially Available,0,Does Not Provide This Service,0,Does Not Provide This Service
b0db34e2-f392-4c91-b8bd-6b367c12b1b9,0,Does Not Provide This Service,0,Does Not Provide This Service,0,Does Not Provide This Service
b0e54f17-6157-40ed-8d30-a90449ee4d2a,0,Does Not Provide This Service,0,Does Not Provide This Service,0,Does Not Provide This Service
b0e94e0e-7e0a-428f-9b0b-97dee1b6471e,2,Potentially Available,0,Does Not Provide This Service,0,Does Not Provide This Service
b0fa497d-3189-4431-9d4b-99214ae2ed90,0,Does Not Provide This Service,0,Does Not Provide This Service,1,Likely Available
b1165908-af9d-421e-be3e-3e97833d825f,0,Does Not Provide This Service,0,Does Not Provide This Service,0,Does Not Provide This Service
b119c119-cfd7-40dd-bbf6-127c7ccd65b9,1,Likely Available,0,Does Not Provide This Service,0,Does Not Provide This Service
b11d89f2-673a-455c-a492-c906e976059f,0,Does Not Provide This Service,0,Does Not Provide This Service,0,Does Not Provide This Service
b13188d3-01b1-4501-8362-8468ba151e39,2,Potentially Available,0,Does Not Provide This Service,0,Does Not Provide This Service
b162c81e-cd9e-4ee3-8347-873ec7ff8f1d,0,Does Not Provide This Service,0,Does Not Provide This Service,0,Does Not Provide This Service
b170cbf4-5373-48f0-87bd-4e40b5f955e1,0,Does Not Provide This Service,0,Does Not Provide This Service,3,Constrained by Size
b1717434-7f41-435f-846e-3e1671ff7541,2,Potentially Available,0,Does Not Provide This Service,0,Does Not Provide This Service
b176fa0c-ea24-4768-9eb0-ffaf9bd1b757,0,Does Not Provide This Service,0,Does Not Provide This Service,0,Does Not Provide This Service
b17fd022-5302-40aa-8bd6-09fc24c78539,0,Does Not Provide This Service,0,Does Not Provide This Service,0,Does Not Provide This Service
b19093e7-a102-49a6-8818-0509ab789efc,0,Does Not Provide This Service,0,Does Not Provide This Service,0,Does Not Provide This Service
b196014d-7105-47df-96a5-f0e558eb4a1f,0,Does Not Provide This Service,0,Does Not Provide This Service,0,Does Not Provide This Service
b1b4c137-f562-4a2a-a825-47901637f7cf,2,Potentially Available,0,Does Not Provide This Service,0,Does Not Provide This Service
b1c7e37a-cf2a-40bc-b20c-e60133822345,2,Potentially Available,0,Does Not Provide This Service,0,Does Not Provide This Service
b1ca0fb1-0030-4589-9b76-a461508af766,0,Does Not Provide This Service,0,Does Not Provide This Service,0,Does Not Provide This Service
b1eec123-8313-4f88-90a1-8f0317dda13e,2,Potentially Available,0,Does Not Provide This Service,0,Does Not Provide This Service
b1f4cd17-d122-4f2e-add5-221a46d0a7cb,2,Potentially Available,0,Does Not Provide This Service,0,Does Not Provide This Service
b1fc97f3-319b-4744-9ee9-0c8735c7ae06,0,Does Not Provide This Service,0,Does Not Provide This Service,0,Does Not Provide This Service
b1fea1df-7461-427d-b26d-f7719aaff0ae,2,Potentially Available,0,Does Not Provide This Service,0,Does Not Provide This Service
b21e81db-a041-4573-842d-b448732c52eb,2,Potentially Available,0,Does Not Provide This Service,0,Does Not Provide This Service
b222cddc-1211-4b61-9021-7d13f731d50a,2,Potentially Available,0,Does Not Provide This Service,0,Does Not Provide This Service
b227023c-5bab-4c8d-b673-e65079a61291,2,Potentially Available,0,Does Not Provide This Service,0,Does Not Provide This Service
b22f779d-c9f8-4e75-ac12-eb104e1eb6b2,0,Does Not Provide This Service,0,Does Not Provide This Service,0,Does Not Provide This Service
b239a38b-0917-4294-a4c5-c70d0aae7b47,0,Does Not Provide This Service,0,Does Not Provide This Service,0,Does Not Provide This Service
b23dcc86-ea55-4159-845d-e52dc166c746,2,Potentially Available,0,Does Not Provide This Service,0,Does Not Provide This Service
b23fd305-aed9-4add-96d2-d8c6664144bb,1,Likely Available,0,Does Not Provide This Service,0,Does Not Provide This Service
b253fd7e-0249-4f02-8819-20d90e5c5248,2,Potentially Available,0,Does Not Provide This Service,0,Does Not Provide This Service
b259f0e6-5b5d-48cb-90a7-ab240e26c8fb,0,Does Not Provide This Service,0,Does Not Provide This Service,0,Does Not Provide This Service
b26d1a95-8a20-4fca-83f9-c56cac158d18,0,Does Not Provide This Service,0,Does Not Provide This Service,0,Does Not Provide This Service
b2796a20-8c1f-45cb-90cc-d52aa5c02694,0,Does Not Provide This Service,0,Does Not Provide This Service,0,Does Not Provide This Service
b281f389-cffe-4c30-97d9-dccad6b17320,2,Potentially Available,0,Does Not Provide This Service,0,Does Not Provide This Service
b2a26ff9-839f-4e9a-b40a-ca8bbdc1f13e,2,Potentially Available,0,Does Not Provide This Service,0,Does Not Provide This Service
b2bd7806-84f1-4a9b-8faf-1e6e59554a55,0,Does Not Provide This Service,0,Does Not Provide This Service,0,Does Not Provide This Service
b2bffede-9625-424c-b094-e7c4829f162c,0,Does Not Provide This Service,0,Does Not Provide This Service,0,Does Not Provide This Service
b2dccad0-f2e2-4de9-bcc6-32f2fa04377e,2,Potentially Available,0,Does Not Provide This Service,0,Does Not Provide This Service
b2de864f-3827-4524-a5d3-7111f13192cb,0,Does Not Provide This Service,0,Does Not Provide This Service,0,Does Not Provide This Service
b2ec6660-b7fd-4b0e-a088-6525f6f52f89,2,Potentially Available,0,Does Not Provide This Service,0,Does Not Provide This Service
b2ee016e-259f-4c36-a48f-189dc3c453bc,0,Does Not Provide This Service,0,Does Not Provide This Service,0,Does Not Provide This Service
b2f01654-6a78-448f-b782-e33a3466e732,2,Potentially Available,0,Does Not Provide This Service,0,Does Not Provide This Service
b2f2adb8-25ec-4df2-b9c0-2b8aa5454f5f,2,Potentially Available,0,Does Not Provide This Service,0,Does Not Provide This Service
b2f2f645-b3da-4984-8878-b343caf91c65,0,Does Not Provide This Service,0,Does Not Provide This Service,0,Does Not Provide This Service
b30ac690-8744-4d12-8c8c-0d7b38f5850c,0,Does Not Provide This Service,0,Does Not Provide This Service,0,Does Not Provide This Service
b310f450-f553-4318-9921-ebe97f14c70a,2,Potentially Available,0,Does Not Provide This Service,0,Does Not Provide This Service
b31887f5-a1de-4c89-98a0-d12d8704ffa1,2,Potentially Available,0,Does Not Provide This Service,0,Does Not Provide This Service
b31b7846-57dc-4e60-b7b1-42b29a88b26a,0,Does Not Provide This Service,0,Does Not Provide This Service,0,Does Not Provide This Service
b31cad20-d7b0-4724-bf50-eff7e0cd9891,0,Does Not Provide This Service,0,Does Not Provide This Service,0,Does Not Provide This Service
b32a343e-0b6c-44d4-aae5-54de049dd7e2,0,Does Not Provide This Service,0,Does Not Provide This Service,1,Likely Available
b3397c66-4994-4f60-81c4-5b4da1e5aa36,2,Potentially Available,0,Does Not Provide This Service,0,Does Not Provide This Service
b33c8dfb-291c-4a86-a945-aae672b43094,2,Potentially Available,0,Does Not Provide This Service,0,Does Not Provide This Service
b3415267-a948-4875-af5b-ab040f429457,2,Potentially Available,0,Does Not Provide This Service,0,Does Not Provide This Service
b343d706-4b29-4c6c-a029-8bba47e73eb8,2,Potentially Available,0,Does Not Provide This Service,0,Does Not Provide This Service
b34658c9-33ae-4023-b1a5-019996200f98,0,Does Not Provide This Service,0,Does Not Provide This Service,0,Does Not Provide This Service
b34873a7-062f-477c-b0d1-9efd5d576df5,0,Does Not Provide This Service,0,Does Not Provide This Service,0,Does Not Provide This Service
b34f21c6-f05f-4d89-8b8e-dd0d978ebc25,2,Potentially Available,0,Does Not Provide This Service,0,Does Not Provide This Service
b36346d3-dd54-4850-a3c7-cbda10a615a4,0,Does Not Provide This Service,0,Does Not Provide This Service,0,Does Not Provide This Service
b3644eb2-dded-411e-a234-d0bc611ce791,2,Potentially Available,0,Does Not Provide This Service,0,Does Not Provide This Service
b3732653-a150-4df2-969d-32bec4e72692,2,Potentially Available,0,Does Not Provide This Service,0,Does Not Provide This Service
b37abe13-8ed0-400a-b578-ad9d31a4da2a,0,Does Not Provide This Service,0,Does Not Provide This Service,0,Does Not Provide This Service
b383c5fa-90ed-4fea-86f2-fe77c9a1a6ec,0,Does Not Provide This Service,0,Does Not Provide This Service,0,Does Not Provide This Service
b3864231-f4fb-4387-a363-5e275c5b36fc,0,Does Not Provide This Service,0,Does Not Provide This Service,0,Does Not Provide This Service
b38bd039-db77-48c5-8954-e79ff5cbff82,2,Potentially Available,0,Does Not Provide This Service,0,Does Not Provide This Service
b394ba18-ca10-454b-9981-d6b06341e9f9,2,Potentially Available,0,Does Not Provide This Service,0,Does Not Provide This Service
b3c17f04-184e-4a76-a309-09d268ea6918,0,Does Not Provide This Service,0,Does Not Provide This Service,0,Does Not Provide This Service
b3d01a5e-e3e3-45e6-97f9-a2b476032f63,2,Potentially Available,0,Does Not Provide This Service,0,Does Not Provide This Service
b3df0eba-0a5a-4ac4-ad19-418fc3623d62,2,Potentially Available,0,Does Not Provide This Service,0,Does Not Provide This Service
b3e257ce-770b-4c6c-97d5-90489a951b12,2,Potentially Available,0,Does Not Provide This Service,0,Does Not Provide This Service
b3f6e19b-8674-46c7-91f4-c9d2f8a910b8,0,Does Not Provide This Service,0,Does Not Provide This Service,0,Does Not Provide This Service
b3faa93a-cf92-4c13-8e8b-0116b81b8056,2,Potentially Available,0,Does Not Provide This Service,0,Does Not Provide This Service
b3fd19ac-1052-43f9-ab88-e85fb3fbabdb,2,Potentially Available,0,Does Not Provide This Service,0,Does Not Provide This Service
b3ff1405-e697-48d6-8829-bf7173fd8c5b,0,Does Not Provide This Service,0,Does Not Provide This Service,0,Does Not Provide This Service
b40015d4-7a43-4321-9dcd-09e3b923e320,0,Does Not Provide This Service,0,Does Not Provide This Service,0,Does Not Provide This Service
b40884e6-341f-4b81-89a7-182bc3089a7a,2,Potentially Available,0,Does Not Provide This Service,0,Does Not Provide This Service
b41d58fb-0aa6-42cf-a6ec-531d072cf53b,0,Does Not Provide This Service,0,Does Not Provide This Service,0,Does Not Provide This Service
b41ef91b-0957-42f9-91d5-0a61cce91068,0,Does Not Provide This Service,0,Does Not Provide This Service,0,Does Not Provide This Service
b428f368-cba7-4870-b0b8-4fadb7c9b04f,0,Does Not Provide This Service,0,Does Not Provide This Service,0,Does Not Provide This Service
b43308c6-6071-4e93-8f12-8ee1b06a309a,2,Potentially Available,0,Does Not Provide This Service,0,Does Not Provide This Service
b43aa7b3-be23-48ea-8971-9554944d8ac6,2,Potentially Available,0,Does Not Provide This Service,0,Does Not Provide This Service
b4484e88-09c7-43bd-8a48-703a911873fe,0,Does Not Provide This Service,0,Does Not Provide This Service,0,Does Not Provide This Service
b45b25cd-5a7d-4724-a5ae-50509283a9e9,2,Potentially Available,0,Does Not Provide This Service,0,Does Not Provide This Service
b4682450-9ff5-462b-b2b3-da66289f6d74,0,Does Not Provide This Service,0,Does Not Provide This Service,0,Does Not Provide This Service
b483fcfe-d631-4d72-bf5d-b5a9a4d939fe,0,Does Not Provide This Service,0,Does Not Provide This Service,0,Does Not Provide This Service
b484cd47-b297-4bed-99e4-dc6df78b7b14,2,Potentially Available,5,Highly Constrained,0,Does Not Provide This Service
b48f1e66-d135-46d5-86d0-cce19f804c2f,2,Potentially Available,0,Does Not Provide This Service,0,Does Not Provide This Service
b4b66949-4d19-4ca9-a72d-c93ceab0fccc,0,Does Not Provide This Service,0,Does Not Provide This Service,0,Does Not Provide This Service
b4cfa10f-1711-40cb-9d52-472bb6c3abef,2,Potentially Available,0,Does Not Provide This Service,0,Does Not Provide This Service
b4dc3f3e-f060-45f7-ac33-9b6ba803d751,2,Potentially Available,0,Does Not Provide This Service,0,Does Not Provide This Service
b4f481c3-48a9-4714-9f2d-0d989f10b32a,2,Potentially Available,0,Does Not Provide This Service,0,Does Not Provide This Service
b4f90298-378f-4e22-81b6-871740edab19,0,Does Not Provide This Service,0,Does Not Provide This Service,0,Does Not Provide This Service
b4fe23ed-289c-4cd2-b5cb-0386513f9952,2,Potentially Available,3,Constrained by Size,0,Does Not Provide This Service
b52199ea-be7f-4108-a853-1c39b44b99b1,0,Does Not Provide This Service,0,Does Not Provide This Service,1,Likely Available
b52e416c-bfff-480b-899b-43f8b9606df0,2,Potentially Available,0,Does Not Provide This Service,0,Does Not Provide This Service
b5300509-229f-4b00-994d-29f62b7ed7a8,2,Potentially Available,0,Does Not Provide This Service,0,Does Not Provide This Service
b5483d34-2950-4e0b-a19a-6374997fcf9d,2,Potentially Available,0,Does Not Provide This Service,0,Does Not Provide This Service
b55057f7-e7ff-4ee4-a022-ae6d5132c70c,2,Potentially Available,0,Does Not Provide This Service,0,Does Not Provide This Service
b570f0c6-5400-418f-b691-40682585dc74,2,Potentially Available,0,Does Not Provide This Service,0,Does Not Provide This Service
b57671a6-5b09-48eb-95c2-44f6108f6cb4,2,Potentially Available,0,Does Not Provide This Service,0,Does Not Provide This Service
b5786fe1-91a5-4b00-8c95-75dfa13c198a,0,Does Not Provide This Service,0,Does Not Provide This Service,0,Does Not Provide This Service
b57afd5f-c664-444b-95e0-468d37593c2b,0,Does Not Provide This Service,0,Does Not Provide This Service,4,Constrained by Market
b57edd45-5c38-4440-8b48-aaeea6fef633,2,Potentially Available,0,Does Not Provide This Service,0,Does Not Provide This Service
b5807c0e-cdff-4898-8f01-3188de404e89,2,Potentially Available,0,Does Not Provide This Service,0,Does Not Provide This Service
b58a6a30-2bd0-4c5e-8d2a-c8493df8f974,0,Does Not Provide This Service,0,Does Not Provide This Service,0,Does Not Provide This Service
b594e629-6c0a-409b-9768-95c30f736471,0,Does Not Provide This Service,0,Does Not Provide This Service,0,Does Not Provide This Service
b5a6d429-27f5-486b-ab02-f8f24f65a27b,2,Potentially Available,0,Does Not Provide This Service,0,Does Not Provide This Service
b5b63741-a92a-4699-a1c2-380ee5abd773,0,Does Not Provide This Service,0,Does Not Provide This Service,0,Does Not Provide This Service
b5cac1ba-58be-49a4-8fd8-86b4195ddbd3,2,Potentially Available,0,Does Not Provide This Service,0,Does Not Provide This Service
b5e98a6f-94ca-43ef-a424-a2f46825d346,0,Does Not Provide This Service,0,Does Not Provide This Service,0,Does Not Provide This Service
b5fa23c8-6d08-4b43-ba04-ee3402e920bc,2,Potentially Available,0,Does Not Provide This Service,0,Does Not Provide This Service
b5fb2ab1-3c6e-4171-a3d2-8b993027f25b,2,Potentially Available,0,Does Not Provide This Service,0,Does Not Provide This Service
b601494b-c282-498e-8b77-d316a5be6934,2,Potentially Available,0,Does Not Provide This Service,0,Does Not Provide This Service
b602ee2c-a01e-4474-9e05-6cdb36a4b59a,2,Potentially Available,0,Does Not Provide This Service,0,Does Not Provide This Service
b611f72f-751b-4638-a433-c0aa5747e931,2,Potentially Available,0,Does Not Provide This Service,0,Does Not Provide This Service
b61643f8-1713-4fca-a44a-eae5ead5000a,2,Potentially Available,0,Does Not Provide This Service,0,Does Not Provide This Service
b61920fa-f4b3-44a7-8e2b-f181288cc8bb,2,Potentially Available,0,Does Not Provide This Service,0,Does Not Provide This Service
b637354f-7b97-4957-bc8a-4122b08c30e5,2,Potentially Available,1,Likely Available,0,Does Not Provide This Service
b63b444a-47c4-450b-84bc-cee72637f639,2,Potentially Available,0,Does Not Provide This Service,0,Does Not Provide This Service
b63e0e2f-473f-4644-93a1-8aa592492d99,0,Does Not Provide This Service,0,Does Not Provide This Service,0,Does Not Provide This Service
b655b066-cad2-43b1-bc09-2fa4f7891d89,0,Does Not Provide This Service,0,Does Not Provide This Service,4,Constrained by Market
b65a6d11-657e-4240-b483-2d0a23fc9d19,2,Potentially Available,0,Does Not Provide This Service,0,Does Not Provide This Service
b6690f90-0e27-4e03-aaa1-c3936457e01d,0,Does Not Provide This Service,0,Does Not Provide This Service,0,Does Not Provide This Service
b677e22e-1210-420f-a949-3e61531b1c77,0,Does Not Provide This Service,0,Does Not Provide This Service,0,Does Not Provide This Service
b691491c-9e22-4143-81b6-a76bee02a8c2,0,Does Not Provide This Service,0,Does Not Provide This Service,0,Does Not Provide This Service
b694203f-4f0d-4960-a2bd-fd98bcb57856,0,Does Not Provide This Service,0,Does Not Provide This Service,0,Does Not Provide This Service
b69e0480-db8e-44df-adf1-99638d957e1d,2,Potentially Available,0,Does Not Provide This Service,0,Does Not Provide This Service
b6ab48e9-748b-4ca1-b072-ee779de0f0cd,0,Does Not Provide This Service,0,Does Not Provide This Service,0,Does Not Provide This Service
b6bdef41-ca8e-4543-90f9-81d3ed066579,0,Does Not Provide This Service,0,Does Not Provide This Service,0,Does Not Provide This Service
b6d7d281-dbb5-4eed-b1fc-dd16395eb33b,2,Potentially Available,0,Does Not Provide This Service,0,Does Not Provide This Service
b6dcc006-eb30-4906-864e-83fd37f9593e,2,Potentially Available,0,Does Not Provide This Service,0,Does Not Provide This Service
b6e410e7-5bb2-44f4-8817-7e83e747ac0a,0,Does Not Provide This Service,0,Does Not Provide This Service,0,Does Not Provide This Service
b6f0b72d-28dd-42b4-9c05-256dc2366559,2,Potentially Available,0,Does Not Provide This Service,0,Does Not Provide This Service
b6f1f0b2-90a6-42d4-8688-a2b659452c11,0,Does Not Provide This Service,0,Does Not Provide This Service,0,Does Not Provide This Service
b6ffcd6f-2924-4265-960d-0468866c4743,0,Does Not Provide This Service,0,Does Not Provide This Service,0,Does Not Provide This Service
b7165d69-865d-4eff-8b4c-6a734912b32a,2,Potentially Available,0,Does Not Provide This Service,0,Does Not Provide This Service
b71d4137-8bf3-45f5-baca-d01c2374c1bc,2,Potentially Available,0,Does Not Provide This Service,0,Does Not Provide This Service
b720c346-335e-41bc-ba4a-7af2e00dd6ce,2,Potentially Available,0,Does Not Provide This Service,0,Does Not Provide This Service
b7389609-5483-44b5-86dc-3abef85a09ee,1,Likely Available,1,Likely Available,0,Does Not Provide This Service
b73b0208-cb91-4461-ac4a-0f95aba08908,2,Potentially Available,0,Does Not Provide This Service,0,Does Not Provide This Service
b75d0f0c-4b0b-486a-a294-884084e2d895,0,Does Not Provide This Service,0,Does Not Provide This Service,0,Does Not Provide This Service
b7626ac0-28db-46c8-870f-0c0c3c2ea6f5,2,Potentially Available,0,Does Not Provide This Service,0,Does Not Provide This Service
b765c59f-3073-46c4-b22a-4ecdf4ac9d0a,2,Potentially Available,0,Does Not Provide This Service,0,Does Not Provide This Service
b776b807-3d95-4861-ba76-61b905b29950,2,Potentially Available,0,Does Not Provide This Service,0,Does Not Provide This Service
b776f1e0-caa6-4a5a-abf8-a79d0c62c479,0,Does Not Provide This Service,0,Does Not Provide This Service,0,Does Not Provide This Service
b77c13e8-ce50-4ecb-8e9a-d076c2856a0a,1,Likely Available,1,Likely Available,0,Does Not Provide This Service
b783168c-7610-47b2-a232-6b3d8d6c1813,0,Does Not Provide This Service,0,Does Not Provide This Service,0,Does Not Provide This Service
b7a2f800-6ddf-4cd6-9569-a0acb6c7e05b,0,Does Not Provide This Service,0,Does Not Provide This Service,0,Does Not Provide This Service
b7a68919-9491-4370-b45b-48188c0c0f7f,0,Does Not Provide This Service,0,Does Not Provide This Service,0,Does Not Provide This Service
b7bcd5d4-dfef-41c6-a4c7-3b9d9b118c5a,2,Potentially Available,0,Does Not Provide This Service,0,Does Not Provide This Service
b7c5f4e5-c9eb-45a4-a9da-2b4a79f68273,2,Potentially Available,0,Does Not Provide This Service,0,Does Not Provide This Service
b7d05b92-e6a5-4be2-adc4-15f926a8ad54,2,Potentially Available,0,Does Not Provide This Service,0,Does Not Provide This Service
b7d32198-4a26-465f-b451-ee865378f2b1,0,Does Not Provide This Service,0,Does Not Provide This Service,0,Does Not Provide This Service
b7d8f327-278b-4d1d-ad41-d35702852523,2,Potentially Available,0,Does Not Provide This Service,0,Does Not Provide This Service
b7f4ac48-f06b-4d48-8484-8db5372f9e3d,0,Does Not Provide This Service,0,Does Not Provide This Service,0,Does Not Provide This Service
b7ff704d-2153-479b-9c9a-81567238e5fe,0,Does Not Provide This Service,0,Does Not Provide This Service,0,Does Not Provide This Service
b810e259-169a-4e88-b944-379e92a59068,2,Potentially Available,0,Does Not Provide This Service,0,Does Not Provide This Service
b8112afe-3381-46d1-a6a6-c4505f90630a,2,Potentially Available,0,Does Not Provide This Service,0,Does Not Provide This Service
b812f459-a777-4b4a-a096-9740c417b43f,2,Potentially Available,0,Does Not Provide This Service,0,Does Not Provide This Service
b822bd46-b298-4df4-838d-6d44e9f08e14,0,Does Not Provide This Service,0,Does Not Provide This Service,0,Does Not Provide This Service
b8233451-201a-4f80-9f75-e9ef5cc407d6,0,Does Not Provide This Service,0,Does Not Provide This Service,0,Does Not Provide This Service
b82c7ee0-872b-4c50-8b3a-eefd3bd0c71f,2,Potentially Available,0,Does Not Provide This Service,0,Does Not Provide This Service
b837133a-5319-4840-af64-cf3924170fb8,0,Does Not Provide This Service,0,Does Not Provide This Service,0,Does Not Provide This Service
b862fe4f-7cef-4920-8154-82b797f44923,0,Does Not Provide This Service,0,Does Not Provide This Service,0,Does Not Provide This Service
b880ea28-f8f1-41ed-9f31-304674816694,0,Does Not Provide This Service,0,Does Not Provide This Service,0,Does Not Provide This Service
b88dcb00-2959-4f5b-ac1d-7cbb903063ab,2,Potentially Available,0,Does Not Provide This Service,0,Does Not Provide This Service
b8960c8f-d743-44a5-989c-8dee35cbf380,2,Potentially Available,0,Does Not Provide This Service,0,Does Not Provide This Service
b8bc8522-62d0-4b01-9b68-d47a1b290294,0,Does Not Provide This Service,0,Does Not Provide This Service,0,Does Not Provide This Service
b8c54006-c13b-4cda-b0b7-258099db9f82,2,Potentially Available,0,Does Not Provide This Service,0,Does Not Provide This Service
b8c80f66-cfa1-48e2-9210-12bffd6bc77a,2,Potentially Available,0,Does Not Provide This Service,0,Does Not Provide This Service
b8c98f8f-aae3-4ec5-996c-6c07504a0cd8,1,Likely Available,3,Constrained by Size,0,Does Not Provide This Service
b8e884c3-07f5-458f-9e5e-a9c30bd8c763,2,Potentially Available,0,Does Not Provide This Service,0,Does Not Provide This Service
b8edeb7b-e4d5-459f-8e82-909b0928d738,0,Does Not Provide This Service,0,Does Not Provide This Service,0,Does Not Provide This Service
b8f23514-a2bb-44bd-8231-a0d4a30f763b,0,Does Not Provide This Service,0,Does Not Provide This Service,0,Does Not Provide This Service
b8f4afed-bf17-4c17-8609-2c513667e4bf,2,Potentially Available,0,Does Not Provide This Service,0,Does Not Provide This Service
b8f7e816-d18c-4079-8c10-c71e2853b65d,0,Does Not Provide This Service,0,Does Not Provide This Service,0,Does Not Provide This Service
b9009322-6eb6-46b5-a6c3-6a44d49721ce,0,Does Not Provide This Service,0,Does Not Provide This Service,0,Does Not Provide This Service
b91021cd-8933-43c1-aad1-83f361f90d87,0,Does Not Provide This Service,0,Does Not Provide This Service,0,Does Not Provide This Service
b918d0c1-0a10-4e6d-a677-ff4461121245,0,Does Not Provide This Service,0,Does Not Provide This Service,0,Does Not Provide This Service
b91cec30-9c6b-4f7e-9eb5-da5c4598eb70,0,Does Not Provide This Service,0,Does Not Provide This Service,0,Does Not Provide This Service
b91ed0e3-cb5b-4c59-9590-ff596d795120,2,Potentially Available,0,Does Not Provide This Service,0,Does Not Provide This Service
b9299f6c-8920-4edf-9406-86210dc5a5ba,0,Does Not Provide This Service,0,Does Not Provide This Service,0,Does Not Provide This Service
b92dfb7c-44d6-4fe2-86bd-d2ea94b47d03,2,Potentially Available,0,Does Not Provide This Service,0,Does Not Provide This Service
b933d7ea-2aae-4604-8688-6f41f9f75caf,0,Does Not Provide This Service,0,Does Not Provide This Service,0,Does Not Provide This Service
b94386e0-96dd-497b-a5b8-4b42c5d463cb,1,Likely Available,1,Likely Available,0,Does Not Provide This Service
b97543d5-c4dd-462c-82e3-a21f6c7f078e,2,Potentially Available,0,Does Not Provide This Service,0,Does Not Provide This Service
b978e268-013f-4650-bbf6-c301badffda7,0,Does Not Provide This Service,0,Does Not Provide This Service,0,Does Not Provide This Service
b99817bc-cf65-412a-a4ad-153a4af3378d,0,Does Not Provide This Service,0,Does Not Provide This Service,0,Does Not Provide This Service
b99acf6d-0f12-45e3-8f2f-6ce67ebc8a48,0,Does Not Provide This Service,0,Does Not Provide This Service,0,Does Not Provide This Service
b9a67b1e-23d8-4ed3-9be0-38038b563268,0,Does Not Provide This Service,0,Does Not Provide This Service,0,Does Not Provide This Service
b9b35325-bcb5-4f3c-92db-0dc517b5404d,2,Potentially Available,0,Does Not Provide This Service,0,Does Not Provide This Service
b9b7fa9b-dcd6-43e0-b5cc-821cb0c41822,2,Potentially Available,0,Does Not Provide This Service,0,Does Not Provide This Service
b9b9d953-286e-4566-9b5c-a92e696ac085,2,Potentially Available,0,Does Not Provide This Service,0,Does Not Provide This Service
b9bda0ad-67e7-4cb8-8733-cde4cb5f267b,0,Does Not Provide This Service,0,Does Not Provide This Service,0,Does Not Provide This Service
b9c7188a-43bc-4ccc-ae97-7f63d392d754,0,Does Not Provide This Service,0,Does Not Provide This Service,0,Does Not Provide This Service
b9c9cb4b-7bc1-444c-a710-d645492ef1ae,2,Potentially Available,0,Does Not Provide This Service,0,Does Not Provide This Service
b9e2b8fe-5a71-4cf2-8d25-5007e7f77dd4,0,Does Not Provide This Service,0,Does Not Provide This Service,0,Does Not Provide This Service
b9f7b209-65db-4ca0-bdea-1c8570a93cf2,0,Does Not Provide This Service,0,Does Not Provide This Service,0,Does Not Provide This Service
ba05f096-3161-4ea8-a6ef-88dc70012745,0,Does Not Provide This Service,0,Does Not Provide This Service,0,Does Not Provide This Service
ba3b8b24-c4d0-43f1-8369-8402bc239f29,2,Potentially Available,0,Does Not Provide This Service,0,Does Not Provide This Service
ba41e54a-3c18-4f5a-a603-d8e20b449dda,0,Does Not Provide This Service,0,Does Not Provide This Service,0,Does Not Provide This Service
ba48503e-fada-4ad5-bb39-841504a974bc,2,Potentially Available,0,Does Not Provide This Service,0,Does Not Provide This Service
ba55c182-5f6a-4048-8a08-942db4ff95e6,0,Does Not Provide This Service,0,Does Not Provide This Service,0,Does Not Provide This Service
ba5a1e29-a8a4-41ad-a6da-22cec7cb3bca,2,Potentially Available,0,Does Not Provide This Service,0,Does Not Provide This Service
ba6112bd-e8d4-4f73-b792-92dbeb094c96,0,Does Not Provide This Service,0,Does Not Provide This Service,0,Does Not Provide This Service
ba8144c1-cf14-4964-9b95-3089518483bc,2,Potentially Available,0,Does Not Provide This Service,0,Does Not Provide This Service
ba81c7ab-154a-49c4-b198-0238958dc52c,2,Potentially Available,0,Does Not Provide This Service,0,Does Not Provide This Service
ba8422c0-a094-47a8-a443-9a21da99f2af,2,Potentially Available,0,Does Not Provide This Service,0,Does Not Provide This Service
baa2ca3c-9326-4c1d-a036-1470bada8502,2,Potentially Available,0,Does Not Provide This Service,0,Does Not Provide This Service
baad8896-a471-4233-9430-5f1240df4711,0,Does Not Provide This Service,0,Does Not Provide This Service,0,Does Not Provide This Service
babfd093-2039-4057-a1e0-50c8246e71b3,2,Potentially Available,0,Does Not Provide This Service,0,Does Not Provide This Service
badc90ce-8cb6-4585-8c76-8c558cab6f75,2,Potentially Available,0,Does Not Provide This Service,0,Does Not Provide This Service
baee186d-b508-450e-a2e5-1fbbd42c439f,0,Does Not Provide This Service,0,Does Not Provide This Service,0,Does Not Provide This Service
bb0538ae-27d3-4c75-9a82-971f98515e42,0,Does Not Provide This Service,0,Does Not Provide This Service,1,Likely Available
bb07a444-b472-41d6-b925-899fb8020513,0,Does Not Provide This Service,0,Does Not Provide This Service,0,Does Not Provide This Service
bb0e8798-03b2-4085-b824-f0beac683dd5,2,Potentially Available,0,Does Not Provide This Service,0,Does Not Provide This Service
bb18bc22-0108-49e2-8a25-441aaac42a6e,2,Potentially Available,0,Does Not Provide This Service,0,Does Not Provide This Service
bb1a9187-65b1-4ae4-a7fd-1ea3d66d1fa7,0,Does Not Provide This Service,0,Does Not Provide This Service,0,Does Not Provide This Service
bb213cfb-3691-49db-a583-58802df64a47,2,Potentially Available,0,Does Not Provide This Service,0,Does Not Provide This Service
bb217235-bf29-4ffc-9806-49fb74399781,2,Potentially Available,0,Does Not Provide This Service,0,Does Not Provide This Service
bb28bcd7-6dc4-4388-855a-3a4d9f8b0ffc,2,Potentially Available,0,Does Not Provide This Service,0,Does Not Provide This Service
bb47b345-2ce7-4a2e-8842-5f1c29c1105a,2,Potentially Available,0,Does Not Provide This Service,0,Does Not Provide This Service
bb589f93-ea68-4a06-be2c-26d8f70cd00e,2,Potentially Available,0,Does Not Provide This Service,0,Does Not Provide This Service
bb6698b7-21ff-4f39-9f60-40ebc0253a36,2,Potentially Available,0,Does Not Provide This Service,0,Does Not Provide This Service
bb6d92ca-1fb7-4f47-b4ff-20216ec76ba8,2,Potentially Available,0,Does Not Provide This Service,0,Does Not Provide This Service
bb7397ef-05b7-43a5-aebd-26416e457a4c,2,Potentially Available,0,Does Not Provide This Service,0,Does Not Provide This Service
bb866443-34b9-484e-ab12-2f5292078ede,0,Does Not Provide This Service,0,Does Not Provide This Service,0,Does Not Provide This Service
bb9d7c8a-572a-4a22-99a9-4a461394eb6a,0,Does Not Provide This Service,0,Does Not Provide This Service,0,Does Not Provide This Service
bba1a27f-d8f9-4650-afa6-27aece121f1d,0,Does Not Provide This Service,0,Does Not Provide This Service,0,Does Not Provide This Service
bba205cb-f943-4efb-8085-ab091b421e79,0,Does Not Provide This Service,0,Does Not Provide This Service,0,Does Not Provide This Service
bbac248e-b723-47fb-895a-cb5f72ac3fa1,0,Does Not Provide This Service,0,Does Not Provide This Service,0,Does Not Provide This Service
bbace864-6168-4628-ac57-18c70354e420,2,Potentially Available,0,Does Not Provide This Service,0,Does Not Provide This Service
bbb82180-db2e-457d-89e2-fbc641e92264,0,Does Not Provide This Service,0,Does Not Provide This Service,0,Does Not Provide This Service
bbc7b9ca-3152-424a-a243-66433ea79a76,0,Does Not Provide This Service,0,Does Not Provide This Service,0,Does Not Provide This Service
bbf8b7c9-e260-4b8b-9ce0-5a04acf1ae9b,0,Does Not Provide This Service,0,Does Not Provide This Service,0,Does Not Provide This Service
bbfd94a5-1b9f-4db7-825b-ebf87fd98ceb,0,Does Not Provide This Service,0,Does Not Provide This Service,0,Does Not Provide This Service
bc03d91a-2915-4840-aa3e-4488c562b100,0,Does Not Provide This Service,0,Does Not Provide This Service,0,Does Not Provide This Service
bc064db7-8567-4275-96ed-91dda884bfbb,2,Potentially Available,0,Does Not Provide This Service,0,Does Not Provide This Service
bc17b2f8-949f-4d5f-a6ec-8072b155616d,2,Potentially Available,0,Does Not Provide This Service,0,Does Not Provide This Service
bc1db7ee-b93f-4657-a9f2-10ac99aba704,2,Potentially Available,0,Does Not Provide This Service,0,Does Not Provide This Service
bc253fcc-a2dd-4209-bb14-ff728f89c028,0,Does Not Provide This Service,0,Does Not Provide This Service,0,Does Not Provide This Service
bc25b82f-69f0-4fd5-9e61-5c04e5a402fd,2,Potentially Available,0,Does Not Provide This Service,0,Does Not Provide This Service
bc368072-a017-4d6a-b1f1-bd51a9556a1a,0,Does Not Provide This Service,0,Does Not Provide This Service,0,Does Not Provide This Service
bc48fdb9-ec1a-44a7-9771-7cbec0a21504,0,Does Not Provide This Service,0,Does Not Provide This Service,0,Does Not Provide This Service
bc56167a-fcf5-42e1-9464-68a68dd8b582,2,Potentially Available,0,Does Not Provide This Service,0,Does Not Provide This Service
bc5e7739-884f-4eaa-be21-a5789fd4f583,0,Does Not Provide This Service,0,Does Not Provide This Service,0,Does Not Provide This Service
bc6eb948-1e7d-48a4-98e5-85ebaabc7fb2,0,Does Not Provide This Service,0,Does Not Provide This Service,0,Does Not Provide This Service
bc786ede-c16a-4a35-a39e-c24d01a0ccf7,2,Potentially Available,0,Does Not Provide This Service,0,Does Not Provide This Service
bc7b19cb-918d-4d3a-a646-e8fd1b7e879f,0,Does Not Provide This Service,0,Does Not Provide This Service,0,Does Not Provide This Service
bc8b7b3f-6d16-4b41-9ad7-a75c9d6418a3,2,Potentially Available,0,Does Not Provide This Service,0,Does Not Provide This Service
bc8ebec5-74a0-4d96-92c7-a80eec910b7e,2,Potentially Available,0,Does Not Provide This Service,0,Does Not Provide This Service
bc9cf17d-c2c4-4e1a-80b8-91ae1fe5e79e,0,Does Not Provide This Service,0,Does Not Provide This Service,0,Does Not Provide This Service
bcaf253d-0dda-43a6-9008-ddba0fd831ba,2,Potentially Available,0,Does Not Provide This Service,0,Does Not Provide This Service
bcb07599-e82f-4e0b-8bba-e220b210e5fe,0,Does Not Provide This Service,0,Does Not Provide This Service,0,Does Not Provide This Service
bcb2a1e1-f899-4bca-8c72-f22e4d3d6343,2,Potentially Available,0,Does Not Provide This Service,0,Does Not Provide This Service
bcbb212b-3739-4006-bb48-621daaf8d689,2,Potentially Available,0,Does Not Provide This Service,0,Does Not Provide This Service
bccd8f9b-1d0a-43f3-9798-46139579c2d9,2,Potentially Available,0,Does Not Provide This Service,0,Does Not Provide This Service
bcd575c1-e6c2-4c2c-aa48-54e19fbbad6a,2,Potentially Available,0,Does Not Provide This Service,0,Does Not Provide This Service
bcefda5b-9f9d-453a-945f-57c860937196,1,Likely Available,1,Likely Available,0,Does Not Provide This Service
bd0c3d2f-7f6c-4e93-b0d3-b2fa71a74520,0,Does Not Provide This Service,0,Does Not Provide This Service,0,Does Not Provide This Service
bd0d51f8-9c5b-4a8e-af60-ad939a5327bc,0,Does Not Provide This Service,0,Does Not Provide This Service,0,Does Not Provide This Service
bd1364d0-46fd-4573-b530-76a59b224289,0,Does Not Provide This Service,0,Does Not Provide This Service,2,Potentially Available
bd147511-abb2-49a0-bf6b-3a4392166d95,2,Potentially Available,0,Does Not Provide This Service,0,Does Not Provide This Service
bd22d744-5827-43e6-8c20-41634950e822,2,Potentially Available,0,Does Not Provide This Service,0,Does Not Provide This Service
bd272d44-3914-4c5c-bc7c-f385d5015585,2,Potentially Available,0,Does Not Provide This Service,0,Does Not Provide This Service
bd34d440-d507-4ed5-90d6-120412e52ef9,0,Does Not Provide This Service,0,Does Not Provide This Service,0,Does Not Provide This Service
bd375a81-1b80-4bc9-966c-e2d44da00e8b,0,Does Not Provide This Service,0,Does Not Provide This Service,0,Does Not Provide This Service
bd3be6b4-dc21-4b4c-a8e2-4452c91bf6f8,0,Does Not Provide This Service,0,Does Not Provide This Service,0,Does Not Provide This Service
bd3cf3e2-51ac-49f0-adbd-8b4555c80a16,0,Does Not Provide This Service,0,Does Not Provide This Service,0,Does Not Provide This Service
bd4b937e-6f42-4cda-9273-aa46f5ec14c7,0,Does Not Provide This Service,0,Does Not Provide This Service,0,Does Not Provide This Service
bd4ef76c-bff3-4ea3-a36a-543c79baea07,2,Potentially Available,0,Does Not Provide This Service,0,Does Not Provide This Service
bd57b5d0-6faa-4ce8-8a0c-c11afd04b463,2,Potentially Available,0,Does Not Provide This Service,0,Does Not Provide This Service
bd60845b-5c33-44f1-851b-ed135e8fe490,2,Potentially Available,0,Does Not Provide This Service,0,Does Not Provide This Service
bd844e13-b7b6-44d7-8cd1-b005af53e840,0,Does Not Provide This Service,0,Does Not Provide This Service,0,Does Not Provide This Service
bd8572c7-cd65-4053-8088-9aaabb527808,2,Potentially Available,0,Does Not Provide This Service,0,Does Not Provide This Service
bd9121b4-d328-4dfd-9a0c-e475f9214e38,2,Potentially Available,0,Does Not Provide This Service,0,Does Not Provide This Service
bda199f5-9d4a-42dc-9607-25adc58f8c82,2,Potentially Available,0,Does Not Provide This Service,0,Does Not Provide This Service
bdab81d1-d69d-49d9-b8fc-2fbbff11c3e3,0,Does Not Provide This Service,0,Does Not Provide This Service,0,Does Not Provide This Service
bdadf5e6-c581-46a9-87ad-ff2d14e424bd,2,Potentially Available,0,Does Not Provide This Service,0,Does Not Provide This Service
bdce394c-8669-4723-834b-910be5831065,2,Potentially Available,0,Does Not Provide This Service,0,Does Not Provide This Service
bdd225aa-67b0-449e-890e-35d526b30875,2,Potentially Available,0,Does Not Provide This Service,0,Does Not Provide This Service
bdd718e0-711f-4d22-b6c2-efd9e9f449b4,0,Does Not Provide This Service,0,Does Not Provide This Service,0,Does Not Provide This Service
bddb7597-6f80-48f9-9ec3-50b73c9f59ee,2,Potentially Available,0,Does Not Provide This Service,0,Does Not Provide This Service
be0235b8-e465-4304-bace-da16ae26e1c6,2,Potentially Available,0,Does Not Provide This Service,0,Does Not Provide This Service
be09fd50-c458-4635-8a59-76f800be7c93,0,Does Not Provide This Service,0,Does Not Provide This Service,0,Does Not Provide This Service
be104b02-b970-4499-a61a-d68692d261cf,2,Potentially Available,0,Does Not Provide This Service,0,Does Not Provide This Service
be243227-f059-47a2-8090-859efe95f295,0,Does Not Provide This Service,1,Likely Available,0,Does Not Provide This Service
be497dbc-ef4a-4348-9920-91019e47c44b,0,Does Not Provide This Service,0,Does Not Provide This Service,0,Does Not Provide This Service
be4a6c57-021e-4965-a56f-e4b1fcdb54d0,2,Potentially Available,0,Does Not Provide This Service,0,Does Not Provide This Service
be53c4ed-0668-4f63-8f23-64323b391e89,0,Does Not Provide This Service,0,Does Not Provide This Service,0,Does Not Provide This Service
be6dcf7a-e02b-49e0-9a1e-ca7c8a6bcf5d,2,Potentially Available,0,Does Not Provide This Service,0,Does Not Provide This Service
be7da3c6-3b17-41a0-949a-0325925bb9e3,0,Does Not Provide This Service,0,Does Not Provide This Service,0,Does Not Provide This Service
be822cc4-2354-42d8-a78c-51af937f459b,2,Potentially Available,0,Does Not Provide This Service,0,Does Not Provide This Service
be90ac57-c6dc-4958-9b87-00e6550c2ea6,2,Potentially Available,0,Does Not Provide This Service,0,Does Not Provide This Service
be96ca09-0995-430a-9663-9cc124629a85,0,Does Not Provide This Service,0,Does Not Provide This Service,0,Does Not Provide This Service
beb700c8-208e-4c2d-bd5e-cacdc608a56e,0,Does Not Provide This Service,0,Does Not Provide This Service,0,Does Not Provide This Service
bed3068b-74c3-432f-b4f0-54538201fda3,2,Potentially Available,0,Does Not Provide This Service,0,Does Not Provide This Service
bed58804-5068-4161-8518-3e21e415ee69,2,Potentially Available,0,Does Not Provide This Service,0,Does Not Provide This Service
bed69f8e-58df-47eb-997a-320d681f352f,2,Potentially Available,0,Does Not Provide This Service,0,Does Not Provide This Service
bedb57b6-bbd0-4d06-a1c2-7e8aac285dae,0,Does Not Provide This Service,0,Does Not Provide This Service,0,Does Not Provide This Service
bee8d4f7-c4df-4681-8e28-c192ef7649b9,0,Does Not Provide This Service,0,Does Not Provide This Service,0,Does Not Provide This Service
bee96a37-9dd7-4de9-9d04-e82b99b51117,0,Does Not Provide This Service,0,Does Not Provide This Service,0,Does Not Provide This Service
bf0deada-0f44-446e-b492-3f67847fbd93,0,Does Not Provide This Service,0,Does Not Provide This Service,0,Does Not Provide This Service
bf2f4f92-a93d-4977-9cb3-83c3e6635883,2,Potentially Available,5,Highly Constrained,0,Does Not Provide This Service
bf35adb2-4d9b-4013-b732-8a955fc08b4d,2,Potentially Available,0,Does Not Provide This Service,0,Does Not Provide This Service
bf3ce66e-1867-4f56-92c0-9683859e4d6f,0,Does Not Provide This Service,0,Does Not Provide This Service,0,Does Not Provide This Service
bf3e4993-5706-4284-8ca1-4107d66c80f9,0,Does Not Provide This Service,0,Does Not Provide This Service,0,Does Not Provide This Service
bf3f7e30-1004-474e-9f40-fd23cd3a92e8,2,Potentially Available,0,Does Not Provide This Service,0,Does Not Provide This Service
bf42aa5e-94eb-4945-9001-2ccf6a56df64,2,Potentially Available,0,Does Not Provide This Service,0,Does Not Provide This Service
bf447745-ca21-48aa-9827-f7fa73e499b0,0,Does Not Provide This Service,0,Does Not Provide This Service,5,Highly Constrained
bf46720b-ee69-4680-9fbe-ce58c2ed94fa,2,Potentially Available,0,Does Not Provide This Service,0,Does Not Provide This Service
bf6a759a-764e-4839-90ed-3c5ef688261e,2,Potentially Available,0,Does Not Provide This Service,0,Does Not Provide This Service
bf6b180e-a796-4c93-a1e7-a17ba99dbb04,2,Potentially Available,0,Does Not Provide This Service,0,Does Not Provide This Service
bf72af01-e1ed-41e1-b03a-6bcd789c2ba0,2,Potentially Available,0,Does Not Provide This Service,0,Does Not Provide This Service
bf7303fd-e86b-47ff-849c-298c6bf1dfae,2,Potentially Available,0,Does Not Provide This Service,0,Does Not Provide This Service
bf78838b-3fca-4ee9-9959-d86b64d8aab2,2,Potentially Available,0,Does Not Provide This Service,0,Does Not Provide This Service
bf8aadd7-689a-4094-a099-7128bb7d10f4,2,Potentially Available,0,Does Not Provide This Service,0,Does Not Provide This Service
bf970c11-2c76-418f-a83f-840cf92b3f8b,0,Does Not Provide This Service,0,Does Not Provide This Service,0,Does Not Provide This Service
bfa21010-4c1d-49e5-a268-43da4d31fc21,0,Does Not Provide This Service,0,Does Not Provide This Service,0,Does Not Provide This Service
bfa34c71-be9b-4b87-a39a-5f743c6af3bd,2,Potentially Available,0,Does Not Provide This Service,0,Does Not Provide This Service
bfa78597-01f9-4f46-b860-a236f868d0d2,0,Does Not Provide This Service,0,Does Not Provide This Service,0,Does Not Provide This Service
bfab85b4-a5c8-47fd-a02e-a414ca508d26,0,Does Not Provide This Service,0,Does Not Provide This Service,0,Does Not Provide This Service
bfabdf78-9901-44a5-9a42-c46b5df5ff6f,2,Potentially Available,0,Does Not Provide This Service,0,Does Not Provide This Service
bfb13669-bb25-49e6-bbb8-64d80a9fa1a4,2,Potentially Available,0,Does Not Provide This Service,0,Does Not Provide This Service
bfb31cb7-072b-4f1c-a08f-85a53af533d4,2,Potentially Available,0,Does Not Provide This Service,0,Does Not Provide This Service
bfe12c24-ed70-4fb4-af26-f64eb2f81cce,0,Does Not Provide This Service,0,Does Not Provide This Service,0,Does Not Provide This Service
bfe4c51a-4949-4b77-875a-9b30d0c8b8b7,0,Does Not Provide This Service,0,Does Not Provide This Service,0,Does Not Provide This Service
bfefad26-f5a8-48bc-9827-9eb9f65a9578,2,Potentially Available,0,Does Not Provide This Service,0,Does Not Provide This Service
bff47064-b1c9-4652-8301-3a41db9d8496,2,Potentially Available,0,Does Not Provide This Service,0,Does Not Provide This Service
c01be537-2156-4122-8a4f-fffef4a19330,0,Does Not Provide This Service,0,Does Not Provide This Service,0,Does Not Provide This Service
c034cf6d-11c5-4a4c-8b7d-4241224fb94a,0,Does Not Provide This Service,0,Does Not Provide This Service,0,Does Not Provide This Service
c04cd447-40ff-42cc-8c0c-02f1bcf52987,2,Potentially Available,0,Does Not Provide This Service,0,Does Not Provide This Service
c04cd5f0-9f0e-4486-b16c-b799161cf2b4,0,Does Not Provide This Service,0,Does Not Provide This Service,0,Does Not Provide This Service
c05284e7-75c7-4984-b2cf-2c4d69c3fbc5,0,Does Not Provide This Service,0,Does Not Provide This Service,0,Does Not Provide This Service
c06169fa-9f27-4a98-8c40-a371058dc842,0,Does Not Provide This Service,0,Does Not Provide This Service,0,Does Not Provide This Service
c06f46b5-e2a2-409c-a4de-f56a952af0e9,0,Does Not Provide This Service,0,Does Not Provide This Service,0,Does Not Provide This Service
c07b248f-dabb-488d-b617-8b84b78328a6,2,Potentially Available,0,Does Not Provide This Service,0,Does Not Provide This Service
c07e1b06-d552-42e5-be65-b1061880cf2d,2,Potentially Available,0,Does Not Provide This Service,0,Does Not Provide This Service
c0840dc9-4b81-4701-811c-99956fe1741f,1,Likely Available,1,Likely Available,0,Does Not Provide This Service
c099fb15-6330-413d-af6a-222605eb15ce,0,Does Not Provide This Service,0,Does Not Provide This Service,0,Does Not Provide This Service
c0a74729-f40c-47d4-aa94-19a4e50fedc6,0,Does Not Provide This Service,0,Does Not Provide This Service,0,Does Not Provide This Service
c0bbf74e-afed-48ce-8583-cdfe4f75a58e,0,Does Not Provide This Service,0,Does Not Provide This Service,0,Does Not Provide This Service
c0e28619-a454-438c-bd87-994a1c9ab272,0,Does Not Provide This Service,0,Does Not Provide This Service,0,Does Not Provide This Service
c0e72ac2-1da0-478a-9c2c-a07186c6f350,2,Potentially Available,0,Does Not Provide This Service,0,Does Not Provide This Service
c0f6ae5e-7dd9-468c-9415-d33dde734cca,1,Likely Available,0,Does Not Provide This Service,0,Does Not Provide This Service
c0fd02fb-b9a3-4853-b4c8-032431e60fc1,2,Potentially Available,0,Does Not Provide This Service,0,Does Not Provide This Service
c129a927-59a2-478c-af84-cc1169534b54,0,Does Not Provide This Service,0,Does Not Provide This Service,0,Does Not Provide This Service
c12fee48-2c3a-49b2-993b-188a7bdb8b57,0,Does Not Provide This Service,0,Does Not Provide This Service,0,Does Not Provide This Service
c132ea09-bced-4539-8fbe-b9e8a8ca84a8,2,Potentially Available,0,Does Not Provide This Service,0,Does Not Provide This Service
c1399f37-6b91-4266-b7d6-da7b687847f9,2,Potentially Available,0,Does Not Provide This Service,0,Does Not Provide This Service
c13af9d8-cca2-49ba-8dfb-c569e23d63b9,2,Potentially Available,0,Does Not Provide This Service,0,Does Not Provide This Service
c148ef7d-dfea-4a4d-b45a-dd4cab8f2729,0,Does Not Provide This Service,0,Does Not Provide This Service,0,Does Not Provide This Service
c1490e4c-78cb-470d-9aab-640106f55b21,2,Potentially Available,0,Does Not Provide This Service,0,Does Not Provide This Service
c14932f7-05f9-4675-a10b-6e2859091c9e,0,Does Not Provide This Service,0,Does Not Provide This Service,0,Does Not Provide This Service
c15904cb-2c4c-4b2b-bf4f-f353f178bfea,2,Potentially Available,0,Does Not Provide This Service,0,Does Not Provide This Service
c16926bb-cb51-438b-8996-467428166e2f,2,Potentially Available,0,Does Not Provide This Service,0,Does Not Provide This Service
c16d4fb1-a6aa-465d-a6e1-fac4f04f26ce,2,Potentially Available,5,Highly Constrained,0,Does Not Provide This Service
c18abbdf-f550-4e5a-936d-2185ce288ef0,0,Does Not Provide This Service,0,Does Not Provide This Service,0,Does Not Provide This Service
c1942c7f-18d2-4b79-b545-f216cf78926d,2,Potentially Available,0,Does Not Provide This Service,0,Does Not Provide This Service
c19f0668-65fc-4865-8604-43df0e614fab,0,Does Not Provide This Service,0,Does Not Provide This Service,0,Does Not Provide This Service
c1a5751f-82ae-4dc5-90ce-cb1514a12988,0,Does Not Provide This Service,0,Does Not Provide This Service,0,Does Not Provide This Service
c1c026ca-88c2-4382-96b7-9814c3963445,0,Does Not Provide This Service,0,Does Not Provide This Service,0,Does Not Provide This Service
c1c5d52a-9b60-40c1-9882-7ca50394ef6f,2,Potentially Available,0,Does Not Provide This Service,0,Does Not Provide This Service
c1c894fc-17b7-4b72-87ff-c5deb55dbdeb,2,Potentially Available,0,Does Not Provide This Service,0,Does Not Provide This Service
c1c95aee-6ce0-45ff-939b-5bfe2752e3ff,0,Does Not Provide This Service,0,Does Not Provide This Service,0,Does Not Provide This Service
c1c9e743-5254-4072-8bb5-de20cba2744c,2,Potentially Available,0,Does Not Provide This Service,0,Does Not Provide This Service
c1d1d3e9-a280-42ba-8692-64c71bc9aa85,2,Potentially Available,0,Does Not Provide This Service,0,Does Not Provide This Service
c1d8cbea-14eb-45b0-a8de-7360b2d8c342,2,Potentially Available,0,Does Not Provide This Service,0,Does Not Provide This Service
c1dba8e1-0855-464d-80a6-aaf27702dbc6,2,Potentially Available,0,Does Not Provide This Service,0,Does Not Provide This Service
c1dc5bb5-1ec8-47b5-952c-9216c8fe3ced,2,Potentially Available,0,Does Not Provide This Service,0,Does Not Provide This Service
c1eb6da6-67f4-43ad-a92d-28d6039a4909,2,Potentially Available,0,Does Not Provide This Service,0,Does Not Provide This Service
c1f9fd75-e598-4458-a1d2-dd89c4d53410,2,Potentially Available,0,Does Not Provide This Service,0,Does Not Provide This Service
c1fb9233-6f9f-45c2-8ea2-26ce17df6e5d,0,Does Not Provide This Service,0,Does Not Provide This Service,0,Does Not Provide This Service
c209e629-f659-4e2f-9661-af0ca546ffda,2,Potentially Available,0,Does Not Provide This Service,0,Does Not Provide This Service
c20e574a-e28a-4311-a14f-d5c49defe31e,0,Does Not Provide This Service,0,Does Not Provide This Service,0,Does Not Provide This Service
c212692f-ba67-445c-9617-58729380f1b8,2,Potentially Available,0,Does Not Provide This Service,0,Does Not Provide This Service
c21302ee-fbc1-49d4-8890-40807f8d2a08,2,Potentially Available,0,Does Not Provide This Service,0,Does Not Provide This Service
c224ddd2-a340-4942-8eef-71991ed6b9e0,2,Potentially Available,0,Does Not Provide This Service,0,Does Not Provide This Service
c232879d-0b5c-4597-a03c-2fa755a2e66f,2,Potentially Available,0,Does Not Provide This Service,0,Does Not Provide This Service
c2356b79-92be-4c56-a66a-aa49377fe4a7,0,Does Not Provide This Service,0,Does Not Provide This Service,0,Does Not Provide This Service
c23a8a82-9ffb-433a-8d20-34246dd8279b,2,Potentially Available,0,Does Not Provide This Service,0,Does Not Provide This Service
c245a71f-62a4-47f4-91e3-63d4788908c1,2,Potentially Available,0,Does Not Provide This Service,0,Does Not Provide This Service
c2554998-62be-41d5-bbbf-13742a1176fc,2,Potentially Available,0,Does Not Provide This Service,0,Does Not Provide This Service
c27399be-4464-42a6-a3ce-e0f12eb992e3,0,Does Not Provide This Service,0,Does Not Provide This Service,0,Does Not Provide This Service
c2755ff4-8109-4f92-b8c8-751585e31c0c,0,Does Not Provide This Service,0,Does Not Provide This Service,0,Does Not Provide This Service
c27c6e35-2cd8-4426-9f29-58b699b4a338,0,Does Not Provide This Service,0,Does Not Provide This Service,0,Does Not Provide This Service
c27d19e6-a65b-40f0-8a87-64fc12201f43,2,Potentially Available,0,Does Not Provide This Service,0,Does Not Provide This Service
c28f6bc0-1f25-46ce-8f2a-ae54ddc32e8c,0,Does Not Provide This Service,0,Does Not Provide This Service,0,Does Not Provide This Service
c2a59e68-ed5c-4238-a09f-30134529d234,0,Does Not Provide This Service,0,Does Not Provide This Service,0,Does Not Provide This Service
c2a83dcc-38f7-467c-8984-61463226259f,2,Potentially Available,0,Does Not Provide This Service,0,Does Not Provide This Service
c2b2eabf-ef5d-40b8-8248-c9d414ca5a9c,2,Potentially Available,0,Does Not Provide This Service,0,Does Not Provide This Service
c2c5e2e3-4271-437b-b424-7db9314b9d2a,2,Potentially Available,0,Does Not Provide This Service,0,Does Not Provide This Service
c2cf5073-d7c3-4fbe-a61f-7eec0f7caea3,2,Potentially Available,0,Does Not Provide This Service,0,Does Not Provide This Service
c2d98a19-f383-4c1f-8b12-2435e9f6c019,2,Potentially Available,0,Does Not Provide This Service,0,Does Not Provide This Service
c2da267d-8960-42f3-aafa-d8ec28682aea,2,Potentially Available,0,Does Not Provide This Service,0,Does Not Provide This Service
c2e4b96b-520b-4d79-bfb8-f53439b41581,2,Potentially Available,0,Does Not Provide This Service,0,Does Not Provide This Service
c2ea3720-c22a-4f59-b4ec-301791f2b226,2,Potentially Available,0,Does Not Provide This Service,0,Does Not Provide This Service
c2f06be2-4ab9-4955-8b9d-04a1af1c6c69,0,Does Not Provide This Service,0,Does Not Provide This Service,0,Does Not Provide This Service
c3100b29-e93c-43dc-a990-737a1d830803,2,Potentially Available,0,Does Not Provide This Service,0,Does Not Provide This Service
c32b5070-a978-4634-a32e-20c433c01d29,2,Potentially Available,0,Does Not Provide This Service,0,Does Not Provide This Service
c333fa6c-e1a0-4ed5-9865-0245ae6a9af0,2,Potentially Available,0,Does Not Provide This Service,0,Does Not Provide This Service
c336d036-1cf0-442c-b920-0653f7e611fa,2,Potentially Available,0,Does Not Provide This Service,0,Does Not Provide This Service
c339c692-d743-4efd-bc1d-7ffd5ff25fac,2,Potentially Available,0,Does Not Provide This Service,0,Does Not Provide This Service
c3443270-386c-4a2e-a85d-a6f6d7d2e4e1,0,Does Not Provide This Service,0,Does Not Provide This Service,0,Does Not Provide This Service
c34937f2-0064-48f7-8e39-be43550588d0,0,Does Not Provide This Service,0,Does Not Provide This Service,0,Does Not Provide This Service
c35d995f-9811-4ff5-902d-434bcdaf0cd6,2,Potentially Available,0,Does Not Provide This Service,0,Does Not Provide This Service
c36ace30-fc1a-4d79-a63d-20e4c712765c,2,Potentially Available,0,Does Not Provide This Service,0,Does Not Provide This Service
c3a53e7d-1355-441e-9547-c19c908b090c,2,Potentially Available,0,Does Not Provide This Service,0,Does Not Provide This Service
c3a7bd36-202d-45be-982d-4038481fb415,0,Does Not Provide This Service,0,Does Not Provide This Service,0,Does Not Provide This Service
c3ba3d12-dc50-4c23-8b4d-7e26a8bc1709,0,Does Not Provide This Service,0,Does Not Provide This Service,4,Constrained by Market
c3bfb466-d037-4ee5-b0e8-64f5f13cf78d,2,Potentially Available,0,Does Not Provide This Service,0,Does Not Provide This Service
c3c5a9b0-2512-413b-ae38-c255548aa7b3,0,Does Not Provide This Service,0,Does Not Provide This Service,0,Does Not Provide This Service
c3c5b175-5f62-4368-93c5-f2bd6e2ede9d,0,Does Not Provide This Service,0,Does Not Provide This Service,0,Does Not Provide This Service
c3cc8f70-ff8c-435e-995b-da7b22de7625,0,Does Not Provide This Service,0,Does Not Provide This Service,0,Does Not Provide This Service
c3d6c21a-3f7b-4719-85c0-d4c7c69a0bf4,0,Does Not Provide This Service,0,Does Not Provide This Service,0,Does Not Provide This Service
c3de8913-4da9-4e23-b0d1-e85bd96ae985,2,Potentially Available,0,Does Not Provide This Service,0,Does Not Provide This Service
c3e63257-3a26-471f-97fe-9ae5a1a4df53,1,Likely Available,0,Does Not Provide This Service,0,Does Not Provide This Service
c3f4e498-b6b3-46e1-800a-d7e70ebd1f88,2,Potentially Available,0,Does Not Provide This Service,0,Does Not Provide This Service
c4152c5c-4b72-4b43-8419-c9db191fc14f,2,Potentially Available,0,Does Not Provide This Service,0,Does Not Provide This Service
c42f0a7a-1ad3-47ea-954a-598e21442c27,2,Potentially Available,0,Does Not Provide This Service,0,Does Not Provide This Service
c4301c13-48ee-4d6d-96d1-042a748c66e6,2,Potentially Available,0,Does Not Provide This Service,0,Does Not Provide This Service
c43b04c1-8af4-4761-b88a-0161709b9f9e,2,Potentially Available,0,Does Not Provide This Service,0,Does Not Provide This Service
c43f6be9-fd5f-4f37-89bc-b20f4d59c9f3,2,Potentially Available,0,Does Not Provide This Service,0,Does Not Provide This Service
c44298a2-9cdd-4964-940f-0d97246c6945,2,Potentially Available,0,Does Not Provide This Service,0,Does Not Provide This Service
c4567c7f-903d-4131-8af9-223d73472a94,0,Does Not Provide This Service,0,Does Not Provide This Service,0,Does Not Provide This Service
c46e814d-2704-478c-abd3-8da8e54ceba4,2,Potentially Available,0,Does Not Provide This Service,0,Does Not Provide This Service
c4778cf9-8aaf-4462-8c62-26d08ba17703,2,Potentially Available,0,Does Not Provide This Service,0,Does Not Provide This Service
c48a4d64-8e7a-44d5-8fcf-9c7e0732f9b2,2,Potentially Available,0,Does Not Provide This Service,0,Does Not Provide This Service
c49b2311-9228-47d7-b1ca-183fe6bbd5fa,0,Does Not Provide This Service,0,Does Not Provide This Service,0,Does Not Provide This Service
c4a5a902-2896-4207-9b6e-5b88bd3c558c,0,Does Not Provide This Service,0,Does Not Provide This Service,0,Does Not Provide This Service
c4c2503e-25bb-414a-9534-60d5494a793c,0,Does Not Provide This Service,0,Does Not Provide This Service,0,Does Not Provide This Service
c4c99f13-9654-4b6f-9b04-b9f0a9a3c3a9,0,Does Not Provide This Service,0,Does Not Provide This Service,0,Does Not Provide This Service
c4ca9171-1105-4a76-9363-aeca157db19a,2,Potentially Available,0,Does Not Provide This Service,0,Does Not Provide This Service
c4d7a1e5-a528-4c46-9de3-cc9b248da904,0,Does Not Provide This Service,0,Does Not Provide This Service,0,Does Not Provide This Service
c4e750b5-a519-4e53-9ced-a899542b00ab,2,Potentially Available,0,Does Not Provide This Service,0,Does Not Provide This Service
c4f839f1-2047-4dad-8560-ff4afbdc4c55,2,Potentially Available,0,Does Not Provide This Service,0,Does Not Provide This Service
c508aa88-1004-40e4-bf96-5a4e19f3bbc6,0,Does Not Provide This Service,0,Does Not Provide This Service,0,Does Not Provide This Service
c508e323-2edf-424f-b44a-8bd6dda17867,2,Potentially Available,0,Does Not Provide This Service,0,Does Not Provide This Service
c50964e6-7c43-4478-acc2-afb844244c88,2,Potentially Available,0,Does Not Provide This Service,0,Does Not Provide This Service
c50ea7b5-1085-4dd4-82ea-d8dd888f161e,2,Potentially Available,0,Does Not Provide This Service,0,Does Not Provide This Service
c51359e9-8822-45c6-9842-bf559d0268e9,2,Potentially Available,0,Does Not Provide This Service,0,Does Not Provide This Service
c5189c1d-e282-49f5-9be1-53174a467916,0,Does Not Provide This Service,0,Does Not Provide This Service,0,Does Not Provide This Service
c523db97-d843-43e7-9e1f-51ebab1fb96e,0,Does Not Provide This Service,0,Does Not Provide This Service,3,Constrained by Size
c5273814-4985-478a-9593-bb722aecc32f,2,Potentially Available,0,Does Not Provide This Service,0,Does Not Provide This Service
c5498f8d-6bdd-4617-a4e2-224b53ed3352,0,Does Not Provide This Service,0,Does Not Provide This Service,0,Does Not Provide This Service
c56db5d9-9a0b-4e6c-bdce-819457e7dee9,2,Potentially Available,0,Does Not Provide This Service,0,Does Not Provide This Service
c5717144-defd-4eb0-af36-9836c5d520dd,2,Potentially Available,0,Does Not Provide This Service,0,Does Not Provide This Service
c57f33a0-2b42-427e-9451-411f8dbb4138,2,Potentially Available,0,Does Not Provide This Service,0,Does Not Provide This Service
c58f78f4-7cd0-402e-9bde-19b47af8686d,0,Does Not Provide This Service,0,Does Not Provide This Service,0,Does Not Provide This Service
c5928af7-ae41-4c99-97f8-ed5781cc7e7f,0,Does Not Provide This Service,4,Constrained by Market,0,Does Not Provide This Service
c594fef3-6401-4231-a2bd-63543e931733,2,Potentially Available,0,Does Not Provide This Service,0,Does Not Provide This Service
c5add1ca-1abb-4667-8edd-384bc77abaa2,2,Potentially Available,0,Does Not Provide This Service,0,Does Not Provide This Service
c5bff73b-f657-4c78-9737-17aacbd0a4ee,2,Potentially Available,0,Does Not Provide This Service,0,Does Not Provide This Service
c5e1ea93-1030-4340-88a5-82e9b9dd2c9f,2,Potentially Available,0,Does Not Provide This Service,0,Does Not Provide This Service
c5e467e2-54fc-40b2-93c7-2bb6e986d65c,0,Does Not Provide This Service,0,Does Not Provide This Service,0,Does Not Provide This Service
c5e7f951-d61e-4693-beee-6a08d98a2c22,2,Potentially Available,0,Does Not Provide This Service,0,Does Not Provide This Service
c5f5924a-fb8b-42a5-9316-2673e480b15d,2,Potentially Available,0,Does Not Provide This Service,0,Does Not Provide This Service
c612a532-edb6-4f8d-aac7-8b33e37b47b0,2,Potentially Available,0,Does Not Provide This Service,0,Does Not Provide This Service
c619e6f5-7cac-4005-b6e3-f86b3dceee24,0,Does Not Provide This Service,0,Does Not Provide This Service,0,Does Not Provide This Service
c61d68b2-5343-464f-9f36-ee5512a5cef4,0,Does Not Provide This Service,0,Does Not Provide This Service,0,Does Not Provide This Service
c651d1e3-b769-4734-8a18-09eadaf0472d,0,Does Not Provide This Service,0,Does Not Provide This Service,0,Does Not Provide This Service
c65d1276-77cd-4da4-98c9-cfc029a21464,0,Does Not Provide This Service,0,Does Not Provide This Service,0,Does Not Provide This Service
c66ce3d5-4c67-4d5e-bc74-7cad523ba5bb,2,Potentially Available,0,Does Not Provide This Service,0,Does Not Provide This Service
c683c584-4191-480d-a2f9-41e2a356a591,0,Does Not Provide This Service,0,Does Not Provide This Service,0,Does Not Provide This Service
c69470f4-6f81-485a-aea6-525f12bc3cbe,2,Potentially Available,0,Does Not Provide This Service,0,Does Not Provide This Service
c696739c-0c44-4392-925c-ddbcc583997f,2,Potentially Available,0,Does Not Provide This Service,0,Does Not Provide This Service
c6b64007-e721-415d-ad2a-ed1ee8f4f72a,2,Potentially Available,0,Does Not Provide This Service,0,Does Not Provide This Service
c6b92717-987a-4671-8129-2452f582ce6b,2,Potentially Available,0,Does Not Provide This Service,0,Does Not Provide This Service
c6c17ee4-d1fd-40b9-a9e9-e8e73ddf2d4a,2,Potentially Available,0,Does Not Provide This Service,0,Does Not Provide This Service
c6d7359b-95b8-484d-ba04-71fd49854f46,2,Potentially Available,0,Does Not Provide This Service,0,Does Not Provide This Service
c6ddc946-eeb3-4e5a-b7bf-469795249b26,2,Potentially Available,0,Does Not Provide This Service,0,Does Not Provide This Service
c6e0ff86-b010-4be9-a166-ed49879b4024,0,Does Not Provide This Service,3,Constrained by Size,0,Does Not Provide This Service
c6fb90e7-e195-4b42-b9c1-7b659d0e2714,0,Does Not Provide This Service,0,Does Not Provide This Service,1,Likely Available
c6fc03bc-421b-452c-a748-847e1e622667,0,Does Not Provide This Service,0,Does Not Provide This Service,0,Does Not Provide This Service
c7163c74-3669-4d9b-9e42-c4f515f87227,2,Potentially Available,0,Does Not Provide This Service,0,Does Not Provide This Service
c71ba5ec-f74f-480b-a2d3-698a8c46fd79,2,Potentially Available,0,Does Not Provide This Service,0,Does Not Provide This Service
c728d1f0-66f6-4149-ab80-bb0a55837654,0,Does Not Provide This Service,0,Does Not Provide This Service,0,Does Not Provide This Service
c729ee98-22fa-4ad0-ad9a-c11a33025426,0,Does Not Provide This Service,0,Does Not Provide This Service,0,Does Not Provide This Service
c7412ae0-be96-4de5-a7ba-59c65726ba62,0,Does Not Provide This Service,0,Does Not Provide This Service,0,Does Not Provide This Service
c747c8bd-7045-4bef-829c-a1edcb723cd0,0,Does Not Provide This Service,0,Does Not Provide This Service,0,Does Not Provide This Service
c74cd18f-66b9-4bde-a1e5-cd91145140ab,0,Does Not Provide This Service,0,Does Not Provide This Service,5,Highly Constrained
c766947f-5594-4e86-ad2b-b38ca04ff34e,2,Potentially Available,0,Does Not Provide This Service,0,Does Not Provide This Service
c77619bc-01f3-492d-b081-e98a4de945ac,0,Does Not Provide This Service,0,Does Not Provide This Service,0,Does Not Provide This Service
c780a35d-ff6d-4210-8b64-119e7c8a8907,0,Does Not Provide This Service,0,Does Not Provide This Service,1,Likely Available
c79d441c-faa3-4e69-8f62-23f56a9fcd4d,0,Does Not Provide This Service,0,Does Not Provide This Service,0,Does Not Provide This Service
c79e816d-5395-433b-a404-8f922da4a30f,2,Potentially Available,0,Does Not Provide This Service,0,Does Not Provide This Service
c7a04ec0-a0a5-4237-af0a-92bf1606e2ec,0,Does Not Provide This Service,0,Does Not Provide This Service,0,Does Not Provide This Service
c7c75037-4fa6-4a02-ad0c-bee9c58e1779,0,Does Not Provide This Service,0,Does Not Provide This Service,0,Does Not Provide This Service
c7c8a9a2-63cf-4876-b3de-1d87b6cb2846,0,Does Not Provide This Service,0,Does Not Provide This Service,0,Does Not Provide This Service
c7c90a31-ad8f-430b-b7f5-3e37f4915e64,2,Potentially Available,0,Does Not Provide This Service,0,Does Not Provide This Service
c7debb4f-e23e-407e-ac58-70e1ec75d481,0,Does Not Provide This Service,0,Does Not Provide This Service,0,Does Not Provide This Service
c7e07d26-068c-4fc7-bb39-b47f13843096,2,Potentially Available,0,Does Not Provide This Service,0,Does Not Provide This Service
c7ef34f1-b600-424f-85f9-a53cbe87a7e3,0,Does Not Provide This Service,0,Does Not Provide This Service,0,Does Not Provide This Service
c7f041af-f0b9-436a-85b0-c4d1f1312731,0,Does Not Provide This Service,0,Does Not Provide This Service,4,Constrained by Market
c7f62702-715c-4e82-9d24-a98a26acf545,2,Potentially Available,0,Does Not Provide This Service,0,Does Not Provide This Service
c80e77e8-b000-4fec-aec7-859fb8c348d6,0,Does Not Provide This Service,0,Does Not Provide This Service,0,Does Not Provide This Service
c817641b-9c4d-4462-b54e-b54931bc797a,0,Does Not Provide This Service,0,Does Not Provide This Service,0,Does Not Provide This Service
c82f79f7-c9c5-4d1b-848d-7f0fd1747ca7,2,Potentially Available,0,Does Not Provide This Service,0,Does Not Provide This Service
c841ede3-6faa-4f3d-8a47-a54ad4052566,2,Potentially Available,0,Does Not Provide This Service,0,Does Not Provide This Service
c85227c2-2573-46cf-80ca-c993248cef84,2,Potentially Available,0,Does Not Provide This Service,0,Does Not Provide This Service
c85bb59c-ac39-4e8f-9184-25ca46dc1761,0,Does Not Provide This Service,0,Does Not Provide This Service,0,Does Not Provide This Service
c86037e1-6a19-4a65-9227-6f89a3e49598,2,Potentially Available,0,Does Not Provide This Service,0,Does Not Provide This Service
c866a33c-7201-4828-b030-a1c8c7f422e4,2,Potentially Available,0,Does Not Provide This Service,0,Does Not Provide This Service
c87beffa-239d-41ec-b35a-734f943211e0,0,Does Not Provide This Service,0,Does Not Provide This Service,0,Does Not Provide This Service
c8908fb8-0ac2-40bc-8a5b-4d7d18980356,2,Potentially Available,0,Does Not Provide This Service,0,Does Not Provide This Service
c89b6b37-31b4-4d1c-83ff-38907acd2aff,2,Potentially Available,0,Does Not Provide This Service,0,Does Not Provide This Service
c8a19180-abe4-4d4e-956c-6f7efd5d1433,0,Does Not Provide This Service,0,Does Not Provide This Service,0,Does Not Provide This Service
c8a45610-a668-4cc5-b1c7-bbfab7b68632,0,Does Not Provide This Service,0,Does Not Provide This Service,0,Does Not Provide This Service
c8a65b04-0cb3-43fe-8370-07a4b16dc397,0,Does Not Provide This Service,0,Does Not Provide This Service,0,Does Not Provide This Service
c8aa2a68-7a27-4af4-831b-72127f82593f,2,Potentially Available,0,Does Not Provide This Service,0,Does Not Provide This Service
c8b3dc7c-a04c-48e8-b9c1-70d7bfe8186c,0,Does Not Provide This Service,0,Does Not Provide This Service,1,Likely Available
c8b662c4-c0ca-49f4-b306-b55a16987677,0,Does Not Provide This Service,0,Does Not Provide This Service,1,Likely Available
c8bccc30-9af3-4893-a98f-3d9764c80e5f,0,Does Not Provide This Service,4,Constrained by Market,0,Does Not Provide This Service
c8c48ce4-f456-4e1c-a8e1-caf2ca48889d,2,Potentially Available,0,Does Not Provide This Service,0,Does Not Provide This Service
c8c71563-1f57-4aa7-93ea-9f47c584bf69,2,Potentially Available,0,Does Not Provide This Service,0,Does Not Provide This Service
c8ca04ce-edd6-4538-811b-fc0d6c0ac25a,0,Does Not Provide This Service,0,Does Not Provide This Service,0,Does Not Provide This Service
c8de23d6-85f1-4b6a-b798-5053fae1ca11,0,Does Not Provide This Service,0,Does Not Provide This Service,0,Does Not Provide This Service
c8e8933f-a4e4-4671-89df-9c8a63b4a297,2,Potentially Available,0,Does Not Provide This Service,0,Does Not Provide This Service
c8ee3aef-771b-4807-8f19-8b4973e0ab5c,2,Potentially Available,0,Does Not Provide This Service,0,Does Not Provide This Service
c8ef7634-819b-464f-848f-cc6d13670738,2,Potentially Available,0,Does Not Provide This Service,0,Does Not Provide This Service
c9173047-9df3-4b68-8776-4ee4d4aa3f71,0,Does Not Provide This Service,0,Does Not Provide This Service,0,Does Not Provide This Service
c924045a-9c9d-4148-ac2c-026ce2f3f8cb,0,Does Not Provide This Service,0,Does Not Provide This Service,0,Does Not Provide This Service
c92bca19-f595-4545-803b-5458c807a9e7,0,Does Not Provide This Service,0,Does Not Provide This Service,0,Does Not Provide This Service
c96c425c-3701-4106-82f4-cc6797c628b7,2,Potentially Available,0,Does Not Provide This Service,0,Does Not Provide This Service
c9854cd8-6db6-49e2-8465-91700782c927,2,Potentially Available,0,Does Not Provide This Service,0,Does Not Provide This Service
c9869b9c-86ae-4764-ae65-83d763bdb523,2,Potentially Available,0,Does Not Provide This Service,0,Does Not Provide This Service
c98feb66-66e7-4f43-a19b-81375340478c,2,Potentially Available,0,Does Not Provide This Service,0,Does Not Provide This Service
c9910d29-92d0-4696-92e9-0bdacc3d2217,0,Does Not Provide This Service,0,Does Not Provide This Service,0,Does Not Provide This Service
c992e032-020f-454d-a348-6b7e28a76832,0,Does Not Provide This Service,0,Does Not Provide This Service,0,Does Not Provide This Service
c9a5107e-b774-4a36-9d52-eb6a579259b6,0,Does Not Provide This Service,0,Does Not Provide This Service,0,Does Not Provide This Service
c9a813ca-c5e4-4514-9595-0a570863aa3b,0,Does Not Provide This Service,0,Does Not Provide This Service,0,Does Not Provide This Service
c9a9ac2c-6542-4afa-8ce1-c052520b6199,2,Potentially Available,0,Does Not Provide This Service,0,Does Not Provide This Service
c9c99905-75b0-43e7-bbe1-dfff3dca408c,0,Does Not Provide This Service,0,Does Not Provide This Service,0,Does Not Provide This Service
c9cc272d-7719-4c72-bdc7-5f430a82c91a,2,Potentially Available,0,Does Not Provide This Service,0,Does Not Provide This Service
c9cfec01-b732-4d6e-b575-dfcee6d75dd7,2,Potentially Available,0,Does Not Provide This Service,0,Does Not Provide This Service
c9d175e8-daba-4eb1-95ae-cb0121fdf698,2,Potentially Available,0,Does Not Provide This Service,0,Does Not Provide This Service
c9e77303-419a-457c-a698-a2efa32c00d1,2,Potentially Available,0,Does Not Provide This Service,0,Does Not Provide This Service
c9e8291b-065f-410c-9315-d7b300a5394a,2,Potentially Available,0,Does Not Provide This Service,0,Does Not Provide This Service
c9eb39fd-f397-4b8f-ada4-1b2593c32139,2,Potentially Available,0,Does Not Provide This Service,0,Does Not Provide This Service
c9fc06fa-0274-4ea9-b4b5-357e1feb62b5,2,Potentially Available,0,Does Not Provide This Service,0,Does Not Provide This Service
ca0b7475-d624-4923-b44c-3d432fa6bf93,0,Does Not Provide This Service,0,Does Not Provide This Service,0,Does Not Provide This Service
ca0d7503-7d7f-49f2-98ca-2c954705faec,2,Potentially Available,0,Does Not Provide This Service,0,Does Not Provide This Service
ca1355ec-e2b9-4414-bbd6-bafdeee75245,2,Potentially Available,0,Does Not Provide This Service,0,Does Not Provide This Service
ca157c67-09e2-4dc2-8ea8-b0b2534f01fd,0,Does Not Provide This Service,0,Does Not Provide This Service,0,Does Not Provide This Service
ca1a9305-3a8c-4d46-99f5-572dad6f940e,2,Potentially Available,0,Does Not Provide This Service,0,Does Not Provide This Service
ca21c90f-149f-474f-b1d0-b30d6cd7e917,0,Does Not Provide This Service,0,Does Not Provide This Service,0,Does Not Provide This Service
ca21e181-e436-41c5-9073-89440f85bef7,0,Does Not Provide This Service,0,Does Not Provide This Service,0,Does Not Provide This Service
ca262519-97b7-46dd-8a2b-ef3c92f4f273,2,Potentially Available,0,Does Not Provide This Service,0,Does Not Provide This Service
ca2ceeaf-fd17-4cc6-97d8-9918986a5946,0,Does Not Provide This Service,0,Does Not Provide This Service,0,Does Not Provide This Service
ca3e03ab-229e-4348-955b-6ab8a77ae5f3,0,Does Not Provide This Service,0,Does Not Provide This Service,0,Does Not Provide This Service
ca45bf7c-acc1-491f-b0be-6a79c689455d,0,Does Not Provide This Service,0,Does Not Provide This Service,0,Does Not Provide This Service
ca49634b-bf9c-4954-b454-fd1f2e6dc376,0,Does Not Provide This Service,0,Does Not Provide This Service,0,Does Not Provide This Service
ca4974ce-8803-46af-8c19-61776a63deaf,2,Potentially Available,0,Does Not Provide This Service,0,Does Not Provide This Service
ca68528f-fc88-4b6e-b014-40370580556a,2,Potentially Available,0,Does Not Provide This Service,0,Does Not Provide This Service
ca68eb16-3952-45f4-adf5-b78803f5bb26,2,Potentially Available,0,Does Not Provide This Service,0,Does Not Provide This Service
ca6d7c46-a99a-4028-916b-86a98d47b5b3,0,Does Not Provide This Service,0,Does Not Provide This Service,0,Does Not Provide This Service
ca71f340-41cd-4f12-8ef4-e02139169ca5,2,Potentially Available,0,Does Not Provide This Service,0,Does Not Provide This Service
ca787ad5-86d3-4a1c-a446-34794e8d9a64,0,Does Not Provide This Service,0,Does Not Provide This Service,0,Does Not Provide This Service
ca864c34-dd88-4f29-97d4-fc3d24e3888c,0,Does Not Provide This Service,0,Does Not Provide This Service,0,Does Not Provide This Service
ca9dfafb-165e-4b18-8a8d-2f25ea29e83e,2,Potentially Available,0,Does Not Provide This Service,0,Does Not Provide This Service
ca9f546c-12b7-47c6-8f97-ef565c62247c,0,Does Not Provide This Service,0,Does Not Provide This Service,0,Does Not Provide This Service
ca9f6af0-357b-4a09-a33b-b9ea17ba1300,0,Does Not Provide This Service,0,Does Not Provide This Service,0,Does Not Provide This Service
caa9194a-16a6-4afd-ab2a-199efd8b2105,0,Does Not Provide This Service,0,Does Not Provide This Service,0,Does Not Provide This Service
cab49229-02ea-4558-88de-23b84424af55,2,Potentially Available,0,Does Not Provide This Service,0,Does Not Provide This Service
cae28b9b-34ae-499e-a45b-de1024b51059,2,Potentially Available,0,Does Not Provide This Service,0,Does Not Provide This Service
cae35878-53e2-4ede-8108-1d43ea8af124,2,Potentially Available,0,Does Not Provide This Service,0,Does Not Provide This Service
cae46e02-7a88-4753-a411-78618699a380,0,Does Not Provide This Service,0,Does Not Provide This Service,0,Does Not Provide This Service
cae5a127-3fce-4c18-9cf9-b369cffdbb34,0,Does Not Provide This Service,0,Does Not Provide This Service,0,Does Not Provide This Service
cb01962d-5d89-4930-a362-49a4c2b382e8,2,Potentially Available,0,Does Not Provide This Service,0,Does Not Provide This Service
cb03e7f5-131c-4a04-ad27-38bf7e7138b1,2,Potentially Available,0,Does Not Provide This Service,0,Does Not Provide This Service
cb138395-9666-48a7-a1a6-399dc1af9ce7,0,Does Not Provide This Service,0,Does Not Provide This Service,0,Does Not Provide This Service
cb3002ac-cfbe-4927-b89a-094d553cc1bc,0,Does Not Provide This Service,0,Does Not Provide This Service,0,Does Not Provide This Service
cb460ea2-f7e6-4612-a7b6-6be09c14ddef,2,Potentially Available,0,Does Not Provide This Service,0,Does Not Provide This Service
cb685170-bb9b-4cd1-b771-71cded3c0839,2,Potentially Available,0,Does Not Provide This Service,0,Does Not Provide This Service
cb6d6628-a9db-4130-8f2c-7d001c4d5e49,2,Potentially Available,0,Does Not Provide This Service,0,Does Not Provide This Service
cb772073-7c09-4fa6-88f0-0364471476d1,0,Does Not Provide This Service,0,Does Not Provide This Service,0,Does Not Provide This Service
cb784d87-c50b-45bc-a84a-e036d97680ae,2,Potentially Available,0,Does Not Provide This Service,0,Does Not Provide This Service
cb7c8346-942b-4229-a78d-17370f667c4d,0,Does Not Provide This Service,0,Does Not Provide This Service,0,Does Not Provide This Service
cb81019c-61ff-4dc5-9f69-d822bbb3c71d,0,Does Not Provide This Service,0,Does Not Provide This Service,2,Potentially Available
cb8b058d-60d4-470d-af7c-d1058d0a4ebb,2,Potentially Available,0,Does Not Provide This Service,0,Does Not Provide This Service
cb92451e-5909-4721-a935-9484ff03fa0e,2,Potentially Available,0,Does Not Provide This Service,0,Does Not Provide This Service
cba5346c-1867-405a-8399-a733679c0ad7,2,Potentially Available,0,Does Not Provide This Service,0,Does Not Provide This Service
cba7d20a-0c55-43f9-8c4c-816b983f36c8,0,Does Not Provide This Service,0,Does Not Provide This Service,0,Does Not Provide This Service
cba9b35e-2d55-45a7-9ec3-ef74d971202c,0,Does Not Provide This Service,0,Does Not Provide This Service,0,Does Not Provide This Service
cbd85e72-0b82-499e-b5ee-263eea563cdf,0,Does Not Provide This Service,0,Does Not Provide This Service,3,Constrained by Size
cbd8e218-797f-4296-92b8-610a616cf763,0,Does Not Provide This Service,0,Does Not Provide This Service,1,Likely Available
cbf37dd7-ba69-4258-a34c-dcff8e8f4411,2,Potentially Available,0,Does Not Provide This Service,0,Does Not Provide This Service
cbfa26d2-f9be-4fab-8840-e59737431fa3,0,Does Not Provide This Service,0,Does Not Provide This Service,0,Does Not Provide This Service
cbfdc8a1-eae3-4b4e-bb37-667bb73d6fa8,2,Potentially Available,0,Does Not Provide This Service,0,Does Not Provide This Service
cbfeefeb-2545-4469-a4e4-22e1954a6178,2,Potentially Available,0,Does Not Provide This Service,0,Does Not Provide This Service
cc069748-3353-44e6-b9ba-871bb07ae6f4,0,Does Not Provide This Service,0,Does Not Provide This Service,4,Constrained by Market
cc1dcc29-a987-4d62-8580-8559b9ddebc7,0,Does Not Provide This Service,0,Does Not Provide This Service,0,Does Not Provide This Service
cc1e80c7-c5c5-41eb-b7ef-5eb02212f9a4,0,Does Not Provide This Service,0,Does Not Provide This Service,0,Does Not Provide This Service
cc295167-77b9-4f4d-9664-ad49b928fcb7,0,Does Not Provide This Service,0,Does Not Provide This Service,0,Does Not Provide This Service
cc324f79-9201-4167-9fda-5b745ce40592,0,Does Not Provide This Service,0,Does Not Provide This Service,0,Does Not Provide This Service
cc385c86-96cb-47e9-9b44-7eee2388711a,2,Potentially Available,0,Does Not Provide This Service,0,Does Not Provide This Service
cc45306b-48b9-4bd7-8f28-df28d73529fc,0,Does Not Provide This Service,0,Does Not Provide This Service,0,Does Not Provide This Service
cc5264e0-a0ed-49ce-81df-fd6359079872,0,Does Not Provide This Service,0,Does Not Provide This Service,0,Does Not Provide This Service
cc5fd5aa-1954-44f3-8d33-99ce6c69d0fa,2,Potentially Available,0,Does Not Provide This Service,0,Does Not Provide This Service
cc6dfad9-d131-48f2-a958-ad99641e151a,0,Does Not Provide This Service,0,Does Not Provide This Service,0,Does Not Provide This Service
cc739601-3f2c-412c-98aa-28d45aced2ce,0,Does Not Provide This Service,0,Does Not Provide This Service,0,Does Not Provide This Service
cc81b997-91ff-4477-bdf6-8dbe6117bc14,0,Does Not Provide This Service,0,Does Not Provide This Service,0,Does Not Provide This Service
cc842701-b654-4731-8fe6-8c5bb34dda73,2,Potentially Available,0,Does Not Provide This Service,0,Does Not Provide This Service
cc8aa5a0-cd9c-4d61-812b-b3af2e13422b,0,Does Not Provide This Service,0,Does Not Provide This Service,0,Does Not Provide This Service
cc94efd8-1808-46fe-bcea-a50076d40ef8,2,Potentially Available,0,Does Not Provide This Service,0,Does Not Provide This Service
ccaa7228-fb59-416c-9990-b4bb340bbfe7,2,Potentially Available,0,Does Not Provide This Service,0,Does Not Provide This Service
ccaba7f7-766c-4a0f-8c82-cb42201f2746,2,Potentially Available,0,Does Not Provide This Service,0,Does Not Provide This Service
ccbf1c0c-37db-40e0-89d0-cf4f2a6f6198,2,Potentially Available,0,Does Not Provide This Service,0,Does Not Provide This Service
ccc0cd0f-d193-4619-974c-21a9224aeff4,2,Potentially Available,0,Does Not Provide This Service,0,Does Not Provide This Service
ccef5d66-d39d-4ae9-b025-aa1fc18e0a8c,0,Does Not Provide This Service,0,Does Not Provide This Service,0,Does Not Provide This Service
ccfb2380-9f06-4f0d-8a0b-50b127a743d7,0,Does Not Provide This Service,0,Does Not Provide This Service,0,Does Not Provide This Service
cd01badd-6ab8-404c-8ec1-d611731b428c,0,Does Not Provide This Service,0,Does Not Provide This Service,0,Does Not Provide This Service
cd23ef49-ab59-4de0-ac63-480f44354352,2,Potentially Available,0,Does Not Provide This Service,0,Does Not Provide This Service
cd3c0ce3-8fd4-4e06-94dc-3da8e7c5d2a4,2,Potentially Available,0,Does Not Provide This Service,0,Does Not Provide This Service
cd4aeca9-d61b-4efe-8eaa-fa926c560c37,2,Potentially Available,0,Does Not Provide This Service,0,Does Not Provide This Service
cd4d7691-4c9a-4b79-b48c-49ae0b8175f2,0,Does Not Provide This Service,0,Does Not Provide This Service,1,Likely Available
cd4ed711-24f6-4288-af70-69ae4b0ad596,2,Potentially Available,0,Does Not Provide This Service,0,Does Not Provide This Service
cd60e17e-f2c2-4746-b452-741818f2f626,2,Potentially Available,0,Does Not Provide This Service,0,Does Not Provide This Service
cd741f66-af63-4764-b132-246e98b36a26,2,Potentially Available,0,Does Not Provide This Service,0,Does Not Provide This Service
cd75cc2b-0a62-488b-93be-617d94f6b18a,0,Does Not Provide This Service,0,Does Not Provide This Service,0,Does Not Provide This Service
cd7d4ecd-7e3e-4a7e-9ce2-99979bfb7053,0,Does Not Provide This Service,0,Does Not Provide This Service,0,Does Not Provide This Service
cdbebc09-7729-422c-89e8-f626d023955e,0,Does Not Provide This Service,0,Does Not Provide This Service,2,Potentially Available
cdd916a8-ca34-4b33-a094-9180e48a0115,0,Does Not Provide This Service,0,Does Not Provide This Service,2,Potentially Available
cde0800f-26cd-4b04-a14a-7115219a8126,0,Does Not Provide This Service,0,Does Not Provide This Service,0,Does Not Provide This Service
cde35fb4-f8f2-4bf5-ad06-a5798cb4c9d2,2,Potentially Available,0,Does Not Provide This Service,0,Does Not Provide This Service
cdf09881-a731-40f5-a126-51417eabac72,2,Potentially Available,0,Does Not Provide This Service,0,Does Not Provide This Service
ce02acd2-bf43-4e72-80ee-a33e689d240a,0,Does Not Provide This Service,0,Does Not Provide This Service,0,Does Not Provide This Service
ce03599d-e370-4f96-bedd-f739651fa04f,0,Does Not Provide This Service,0,Does Not Provide This Service,0,Does Not Provide This Service
ce0bb552-c6c5-4e05-8f54-04237cbc87ec,1,Likely Available,1,Likely Available,0,Does Not Provide This Service
ce20e436-6eaa-4b5c-8374-3016597a714d,0,Does Not Provide This Service,0,Does Not Provide This Service,3,Constrained by Size
ce311ee4-d6a0-432f-883a-92185d9ab59f,0,Does Not Provide This Service,0,Does Not Provide This Service,0,Does Not Provide This Service
ce389089-f0ba-44ab-83f8-39a34e9bb80c,2,Potentially Available,0,Does Not Provide This Service,0,Does Not Provide This Service
ce550815-d9b4-4a6c-86d0-5726299fba4e,0,Does Not Provide This Service,0,Does Not Provide This Service,0,Does Not Provide This Service
ce57dac8-f8f8-4e5a-9ec5-afa28721e2ed,0,Does Not Provide This Service,0,Does Not Provide This Service,0,Does Not Provide This Service
ce62f266-2e85-4cc0-8856-49cb843f3efa,2,Potentially Available,0,Does Not Provide This Service,0,Does Not Provide This Service
ce64cc58-55a1-486a-afbd-4bc3269fc91f,2,Potentially Available,0,Does Not Provide This Service,0,Does Not Provide This Service
ce676f13-f83d-4ae2-944a-f5f97b834429,0,Does Not Provide This Service,0,Does Not Provide This Service,4,Constrained by Market
ce7a04d8-174d-4254-8bd5-bb53c49f760c,2,Potentially Available,0,Does Not Provide This Service,0,Does Not Provide This Service
ce855d83-0b13-47c4-b295-8e3e9a87487d,0,Does Not Provide This Service,0,Does Not Provide This Service,0,Does Not Provide This Service
ce8e0ada-ce49-4a1b-8dbb-a383023778bd,2,Potentially Available,0,Does Not Provide This Service,0,Does Not Provide This Service
cebc69d3-e228-4991-b620-5075807c51f4,2,Potentially Available,0,Does Not Provide This Service,0,Does Not Provide This Service
ced1a632-6067-48fd-9116-75f1ca871954,2,Potentially Available,0,Does Not Provide This Service,0,Does Not Provide This Service
ced524ab-8bdb-4f6d-be26-b482342b08a5,2,Potentially Available,0,Does Not Provide This Service,0,Does Not Provide This Service
ced7330a-80f9-4f90-a570-54a00d290bd5,0,Does Not Provide This Service,0,Does Not Provide This Service,0,Does Not Provide This Service
ceeb4007-0d95-423e-ae4d-d9427b50d99d,2,Potentially Available,0,Does Not Provide This Service,0,Does Not Provide This Service
ceecac22-4f84-4915-b1fb-391287a6aa32,0,Does Not Provide This Service,0,Does Not Provide This Service,2,Potentially Available
cef7e4c9-75a6-432c-8807-8180addfdaeb,0,Does Not Provide This Service,0,Does Not Provide This Service,0,Does Not Provide This Service
cefaae99-0108-4607-8544-d45fb5b3279f,0,Does Not Provide This Service,0,Does Not Provide This Service,0,Does Not Provide This Service
cf038269-d496-43f1-877f-600361bc5d7d,2,Potentially Available,0,Does Not Provide This Service,0,Does Not Provide This Service
cf1bd1e2-11ca-43d8-8234-aa0c0cee9a44,2,Potentially Available,0,Does Not Provide This Service,0,Does Not Provide This Service
cf21e635-a376-43cb-8dce-8158a3597db7,2,Potentially Available,0,Does Not Provide This Service,0,Does Not Provide This Service
cf281847-9cd0-4a45-a1c3-e5aecbc0f6b5,2,Potentially Available,0,Does Not Provide This Service,0,Does Not Provide This Service
cf29b686-80bc-48cd-8e80-2bee9532e0be,2,Potentially Available,0,Does Not Provide This Service,0,Does Not Provide This Service
cf2ac606-bfb4-444f-8e0c-5730f62e0551,0,Does Not Provide This Service,0,Does Not Provide This Service,1,Likely Available
cf39a79a-2e0e-4685-9639-fcbbaad21fa6,0,Does Not Provide This Service,0,Does Not Provide This Service,0,Does Not Provide This Service
cf3a34e8-9d47-41a8-99a4-cb9fee0a69e3,2,Potentially Available,0,Does Not Provide This Service,0,Does Not Provide This Service
cf3c0096-8d60-478f-a71a-43545d0c36e8,2,Potentially Available,0,Does Not Provide This Service,0,Does Not Provide This Service
cf5523d9-880b-480a-89ff-0043a3ff5777,0,Does Not Provide This Service,0,Does Not Provide This Service,0,Does Not Provide This Service
cf5b92f9-2ad3-434b-83f3-5aa8ee004eba,0,Does Not Provide This Service,0,Does Not Provide This Service,0,Does Not Provide This Service
cf63403e-7cf9-4b94-a85d-4a8a40f088f9,2,Potentially Available,0,Does Not Provide This Service,0,Does Not Provide This Service
cf6f21d2-aa19-4a70-a7c2-1c93c7aef980,0,Does Not Provide This Service,0,Does Not Provide This Service,0,Does Not Provide This Service
cf6fbe36-d55b-4c57-b0c5-3102174c3886,0,Does Not Provide This Service,0,Does Not Provide This Service,0,Does Not Provide This Service
cf70a40d-2987-43fd-a6d3-0fbce70554e2,2,Potentially Available,0,Does Not Provide This Service,0,Does Not Provide This Service
cf75f7a2-adac-4f6d-a847-a7441fc5cfea,0,Does Not Provide This Service,0,Does Not Provide This Service,0,Does Not Provide This Service
cf7d5c36-c894-43ed-8a54-a25becec84e4,0,Does Not Provide This Service,0,Does Not Provide This Service,0,Does Not Provide This Service
cf807da0-f195-4508-9134-7d82b896facf,0,Does Not Provide This Service,0,Does Not Provide This Service,0,Does Not Provide This Service
cf866b4e-bf1c-4eed-94e7-80feff21a373,0,Does Not Provide This Service,0,Does Not Provide This Service,0,Does Not Provide This Service
cf8f31cb-580c-4c4b-8020-f5eaee7fb8cd,0,Does Not Provide This Service,0,Does Not Provide This Service,0,Does Not Provide This Service
cf95e0e4-6c7f-4d4c-97eb-8479de0ae458,2,Potentially Available,0,Does Not Provide This Service,0,Does Not Provide This Service
cfa8d9a9-909b-4c2d-afb3-065c1ab9f0f3,0,Does Not Provide This Service,0,Does Not Provide This Service,0,Does Not Provide This Service
cfc46c38-3941-4dea-aadd-ed7b662767dc,2,Potentially Available,0,Does Not Provide This Service,0,Does Not Provide This Service
cfd17ec6-153f-407f-8940-fb0b652f64cc,0,Does Not Provide This Service,0,Does Not Provide This Service,0,Does Not Provide This Service
cfd2d4cb-8347-41fc-8e7c-8f4c147d0c35,2,Potentially Available,0,Does Not Provide This Service,0,Does Not Provide This Service
cfdb2a4f-c892-4a01-bc12-dc7268aa42f7,2,Potentially Available,0,Does Not Provide This Service,0,Does Not Provide This Service
cff235a3-7178-4a50-a0fa-aa9b505f2737,0,Does Not Provide This Service,0,Does Not Provide This Service,0,Does Not Provide This Service
cfff9dc3-cb31-480e-9be4-7c7f2b6cffb4,0,Does Not Provide This Service,0,Does Not Provide This Service,2,Potentially Available
d00151c4-06cf-433c-be2c-b7119afcc29f,2,Potentially Available,0,Does Not Provide This Service,0,Does Not Provide This Service
d002cb24-b624-48c6-a6d2-28156a165fbe,2,Potentially Available,0,Does Not Provide This Service,0,Does Not Provide This Service
d01ea9e1-f54c-4d55-97de-1473d3f1b882,0,Does Not Provide This Service,0,Does Not Provide This Service,0,Does Not Provide This Service
d02be4b2-0b37-4e55-b5ee-91b7d5cfb842,0,Does Not Provide This Service,0,Does Not Provide This Service,0,Does Not Provide This Service
d03d4f2c-7791-4825-a163-0c8bf426fecd,0,Does Not Provide This Service,0,Does Not Provide This Service,0,Does Not Provide This Service
d04a6294-4437-4577-a1ee-1af85c1a0851,0,Does Not Provide This Service,0,Does Not Provide This Service,1,Likely Available
d056638d-c6f3-42ff-bf6a-0743f644a601,2,Potentially Available,0,Does Not Provide This Service,0,Does Not Provide This Service
d05999ee-04be-4f48-ab5e-d1287d67c1cb,1,Likely Available,1,Likely Available,0,Does Not Provide This Service
d05f411f-4019-419d-ab6c-18b4b48d860c,0,Does Not Provide This Service,0,Does Not Provide This Service,0,Does Not Provide This Service
d065b3e0-b951-454d-bc32-06e25f06d65d,0,Does Not Provide This Service,0,Does Not Provide This Service,0,Does Not Provide This Service
d0673159-a4ca-497e-98af-dd50ce41c2ca,0,Does Not Provide This Service,0,Does Not Provide This Service,2,Potentially Available
d06e6aec-1a58-4150-ab58-0ad06c061228,2,Potentially Available,0,Does Not Provide This Service,0,Does Not Provide This Service
d0730c42-3e1d-4f28-bb42-36f9eca2f0ed,0,Does Not Provide This Service,0,Does Not Provide This Service,0,Does Not Provide This Service
d08b8e9e-6a51-4bde-ae16-3487c615b15e,2,Potentially Available,0,Does Not Provide This Service,0,Does Not Provide This Service
d093e6df-faab-4031-8399-0f2bdcb86b27,0,Does Not Provide This Service,0,Does Not Provide This Service,0,Does Not Provide This Service
d09438ff-89ed-449f-b3b3-d36fe2de1059,2,Potentially Available,0,Does Not Provide This Service,0,Does Not Provide This Service
d0958110-1640-4324-b1ce-fd07a5831be8,0,Does Not Provide This Service,0,Does Not Provide This Service,0,Does Not Provide This Service
d09bf8b9-2567-4f71-84e0-12ef3e789353,2,Potentially Available,0,Does Not Provide This Service,0,Does Not Provide This Service
d0a525df-f18f-43aa-9d6e-0652bd7cdf39,0,Does Not Provide This Service,0,Does Not Provide This Service,0,Does Not Provide This Service
d0ad35a6-d792-4d4f-b897-47616abf0ead,2,Potentially Available,0,Does Not Provide This Service,0,Does Not Provide This Service
d0cd8171-a2e1-40ff-9283-d405226d8961,2,Potentially Available,0,Does Not Provide This Service,0,Does Not Provide This Service
d0e30c7d-705b-45ea-9567-5c77ff5c8418,2,Potentially Available,0,Does Not Provide This Service,0,Does Not Provide This Service
d0eec39a-1af3-4d54-b07e-a88cb94713f8,0,Does Not Provide This Service,0,Does Not Provide This Service,0,Does Not Provide This Service
d1188992-1494-4a2c-9a07-0827087f3467,2,Potentially Available,0,Does Not Provide This Service,0,Does Not Provide This Service
d12b2c89-8ae0-4a6f-8cd7-c77ca10eb1d3,2,Potentially Available,0,Does Not Provide This Service,0,Does Not Provide This Service
d12c5c4e-a672-4f30-a889-9d6fb6593b48,0,Does Not Provide This Service,0,Does Not Provide This Service,0,Does Not Provide This Service
d12f963c-c72e-41d0-8be8-0675a81dc2e6,0,Does Not Provide This Service,0,Does Not Provide This Service,0,Does Not Provide This Service
d14a8816-8874-4775-a173-af7c8cfe4f41,0,Does Not Provide This Service,0,Does Not Provide This Service,0,Does Not Provide This Service
d14be81b-5201-48a5-af17-d88e33150d7e,0,Does Not Provide This Service,0,Does Not Provide This Service,0,Does Not Provide This Service
d14c6652-71c6-4da9-a04c-d846306e3336,0,Does Not Provide This Service,0,Does Not Provide This Service,1,Likely Available
d14d117c-72e5-4658-9991-a9a13dc67e39,0,Does Not Provide This Service,0,Does Not Provide This Service,0,Does Not Provide This Service
d1500041-79aa-4c30-bdd8-d38545d4b16c,0,Does Not Provide This Service,0,Does Not Provide This Service,0,Does Not Provide This Service
d152d796-2e2b-49ab-aec2-4d72ec103996,2,Potentially Available,0,Does Not Provide This Service,0,Does Not Provide This Service
d153b7ba-7d51-43b8-a423-38df0ceee180,0,Does Not Provide This Service,0,Does Not Provide This Service,0,Does Not Provide This Service
d177989c-e8a2-453e-a4e9-c8427179948a,0,Does Not Provide This Service,0,Does Not Provide This Service,0,Does Not Provide This Service
d181f3be-fa96-4c43-8a95-e8856fbb2331,2,Potentially Available,0,Does Not Provide This Service,0,Does Not Provide This Service
d19bbb16-4710-4ff5-989d-30535cfda7cc,0,Does Not Provide This Service,0,Does Not Provide This Service,1,Likely Available
d1b386f8-8038-4551-935b-815179c83d2d,2,Potentially Available,0,Does Not Provide This Service,0,Does Not Provide This Service
d1b3ff6b-9380-4076-9619-1240eb11429d,2,Potentially Available,0,Does Not Provide This Service,0,Does Not Provide This Service
d1b9b87c-f7c8-43b4-a3f2-c823f621e6be,0,Does Not Provide This Service,0,Does Not Provide This Service,0,Does Not Provide This Service
d1bbcc56-1f57-40fc-817a-bc0c7ea6d82c,0,Does Not Provide This Service,0,Does Not Provide This Service,0,Does Not Provide This Service
d1d3702e-4af4-40b1-84f0-463262c54693,0,Does Not Provide This Service,0,Does Not Provide This Service,0,Does Not Provide This Service
d1d5734e-9720-4751-b2b1-409b3cfc1a1f,0,Does Not Provide This Service,0,Does Not Provide This Service,0,Does Not Provide This Service
d1deb75d-5134-4083-985e-32a2a862e91d,0,Does Not Provide This Service,0,Does Not Provide This Service,0,Does Not Provide This Service
d1ea776b-32d0-452c-a9b4-6359901fe4e2,0,Does Not Provide This Service,0,Does Not Provide This Service,0,Does Not Provide This Service
d1ff8e8b-2581-4be2-98e4-831e5379a6a5,2,Potentially Available,0,Does Not Provide This Service,0,Does Not Provide This Service
d202734f-33a9-4e51-bb3a-f272f5b71683,0,Does Not Provide This Service,0,Does Not Provide This Service,0,Does Not Provide This Service
d217a506-ff45-468b-8974-0977103a0369,0,Does Not Provide This Service,0,Does Not Provide This Service,0,Does Not Provide This Service
d23e582f-6352-446d-980a-d389e4b6425e,2,Potentially Available,0,Does Not Provide This Service,0,Does Not Provide This Service
d23ea79f-cc48-4396-8cc1-bee187137daf,0,Does Not Provide This Service,0,Does Not Provide This Service,0,Does Not Provide This Service
d2470218-39ed-4742-980c-ae4f259e6e02,0,Does Not Provide This Service,0,Does Not Provide This Service,0,Does Not Provide This Service
d249e807-cfe4-4edf-9ac7-858f05a59cd6,0,Does Not Provide This Service,0,Does Not Provide This Service,0,Does Not Provide This Service
d24d7644-5d2b-4ae5-9354-832f69c0fd90,0,Does Not Provide This Service,0,Does Not Provide This Service,0,Does Not Provide This Service
d2628e0d-f7c9-40fa-828a-6d36a8a40e57,0,Does Not Provide This Service,0,Does Not Provide This Service,0,Does Not Provide This Service
d269404e-27b0-4491-b82c-9576c7091369,0,Does Not Provide This Service,0,Does Not Provide This Service,0,Does Not Provide This Service
d27111ac-05dd-4924-944e-b3bb3611133a,2,Potentially Available,0,Does Not Provide This Service,0,Does Not Provide This Service
d278c9fa-422e-4af4-9cf1-676a54a8eb41,2,Potentially Available,0,Does Not Provide This Service,0,Does Not Provide This Service
d289ada9-9db8-4c93-9745-b9d399b08288,2,Potentially Available,0,Does Not Provide This Service,0,Does Not Provide This Service
d2a1c29f-1988-4360-bb1c-4ece1d4e86b4,0,Does Not Provide This Service,0,Does Not Provide This Service,1,Likely Available
d2b7b06b-a789-4c61-8a34-574569b72d02,0,Does Not Provide This Service,0,Does Not Provide This Service,0,Does Not Provide This Service
d2c4a836-7c31-4eb5-97d9-9a88048e49ff,1,Likely Available,0,Does Not Provide This Service,0,Does Not Provide This Service
d2cba703-1fd5-41ae-bd24-10e73c496c7c,0,Does Not Provide This Service,0,Does Not Provide This Service,0,Does Not Provide This Service
d2d67684-4125-4ff0-a592-de80909fa232,0,Does Not Provide This Service,0,Does Not Provide This Service,0,Does Not Provide This Service
d2d6f39b-e658-4dad-a3e8-bc0c8de5ddbc,2,Potentially Available,0,Does Not Provide This Service,0,Does Not Provide This Service
d2ef0a34-3f5e-4c66-9d83-4d533a0cf68d,0,Does Not Provide This Service,0,Does Not Provide This Service,0,Does Not Provide This Service
d32505c3-04a5-48ee-a46d-5feafac0d956,2,Potentially Available,0,Does Not Provide This Service,0,Does Not Provide This Service
d32985cc-de07-4e63-a2a4-fe6b2ae0f425,2,Potentially Available,0,Does Not Provide This Service,0,Does Not Provide This Service
d336ccb4-4ba3-49ab-884c-3d1805ecdfde,2,Potentially Available,0,Does Not Provide This Service,0,Does Not Provide This Service
d336efb9-50d1-46bc-ab1e-e383d68a0c66,2,Potentially Available,0,Does Not Provide This Service,0,Does Not Provide This Service
d340fa0e-ca23-4346-920a-651b09a34c77,2,Potentially Available,0,Does Not Provide This Service,0,Does Not Provide This Service
d3437ca6-f1f1-4e9a-8a41-9be6294535a8,2,Potentially Available,0,Does Not Provide This Service,0,Does Not Provide This Service
d3497daf-12fe-4961-84b4-ef718123722b,0,Does Not Provide This Service,0,Does Not Provide This Service,0,Does Not Provide This Service
d353fc6e-c6cb-427f-ad03-13f2efa9343b,2,Potentially Available,0,Does Not Provide This Service,0,Does Not Provide This Service
d35d2bb8-c267-4b27-b00c-835f29909103,0,Does Not Provide This Service,0,Does Not Provide This Service,0,Does Not Provide This Service
d361e4ae-6a99-4ced-b193-6aee1b622c8f,0,Does Not Provide This Service,0,Does Not Provide This Service,0,Does Not Provide This Service
d3624a53-5156-43f8-a66e-822487a96de5,2,Potentially Available,0,Does Not Provide This Service,0,Does Not Provide This Service
d37c4e4a-c0fd-4a49-bb2a-7022da547957,2,Potentially Available,0,Does Not Provide This Service,0,Does Not Provide This Service
d380ac64-21ed-48f2-868e-c5e9194db07d,2,Potentially Available,0,Does Not Provide This Service,0,Does Not Provide This Service
d380c4d8-0cdb-4c0e-8419-e89d48a46566,0,Does Not Provide This Service,0,Does Not Provide This Service,5,Highly Constrained
d3820960-8575-4189-826a-65ad8742b76c,0,Does Not Provide This Service,0,Does Not Provide This Service,0,Does Not Provide This Service
d384f644-4f5d-4f20-81aa-23c633bc9043,0,Does Not Provide This Service,0,Does Not Provide This Service,0,Does Not Provide This Service
d396940c-69a2-4c22-ae4b-7a5f91e01384,2,Potentially Available,0,Does Not Provide This Service,0,Does Not Provide This Service
d39907b2-0718-482b-96c9-8babba29dd78,1,Likely Available,0,Does Not Provide This Service,0,Does Not Provide This Service
d3a5658b-78d3-4d71-8b63-0f3400d98526,2,Potentially Available,0,Does Not Provide This Service,0,Does Not Provide This Service
d3ac8858-e0f0-4400-9257-5de4e2695ecb,2,Potentially Available,0,Does Not Provide This Service,0,Does Not Provide This Service
d3c2eff7-3e32-44d3-bd09-52fbd7415888,2,Potentially Available,0,Does Not Provide This Service,0,Does Not Provide This Service
d3d5be78-be56-4801-8ea3-2fe98d3e7c05,2,Potentially Available,0,Does Not Provide This Service,0,Does Not Provide This Service
d3f6a766-7f8d-4237-8d99-c7c38d6feafa,0,Does Not Provide This Service,0,Does Not Provide This Service,0,Does Not Provide This Service
d40aafce-432a-48ee-8068-70d530b91950,0,Does Not Provide This Service,0,Does Not Provide This Service,2,Potentially Available
d4127590-4e66-437d-88e4-949063319bb6,0,Does Not Provide This Service,0,Does Not Provide This Service,0,Does Not Provide This Service
d41c5c00-d470-4755-9392-41c6f06ca1c6,2,Potentially Available,0,Does Not Provide This Service,0,Does Not Provide This Service
d4597b63-c220-4b02-84fb-b3f04028e54a,0,Does Not Provide This Service,0,Does Not Provide This Service,0,Does Not Provide This Service
d4761d69-9769-4e66-a259-b7db5a4adb2e,2,Potentially Available,0,Does Not Provide This Service,0,Does Not Provide This Service
d480b808-8623-408b-9a24-14fa827a2e4e,2,Potentially Available,0,Does Not Provide This Service,0,Does Not Provide This Service
d4848f95-b6f2-438f-a035-86b52e226fa8,0,Does Not Provide This Service,0,Does Not Provide This Service,1,Likely Available
d4970f53-674b-42b6-a45f-ed4ac83f79b1,0,Does Not Provide This Service,0,Does Not Provide This Service,0,Does Not Provide This Service
d49a8875-aa89-4035-8444-a8914260431d,0,Does Not Provide This Service,0,Does Not Provide This Service,0,Does Not Provide This Service
d4b379fc-acca-4d21-b239-d711e6ba82ab,0,Does Not Provide This Service,0,Does Not Provide This Service,0,Does Not Provide This Service
d4bcdc9a-38fd-4b83-b3ad-4d57771799ad,2,Potentially Available,0,Does Not Provide This Service,0,Does Not Provide This Service
d4c4c0d2-2626-44a9-9ae4-ec669a0aa03a,2,Potentially Available,0,Does Not Provide This Service,0,Does Not Provide This Service
d4d42426-62d7-44b8-9ae7-2fde1d689da7,2,Potentially Available,0,Does Not Provide This Service,0,Does Not Provide This Service
d4da3008-05b9-48f1-bfb2-6c7fc266a30b,0,Does Not Provide This Service,0,Does Not Provide This Service,0,Does Not Provide This Service
d4de523f-cd57-43b0-a7a3-c7758c50e097,0,Does Not Provide This Service,0,Does Not Provide This Service,0,Does Not Provide This Service
d4e577d9-4c34-45fb-95a7-ceefb173f798,0,Does Not Provide This Service,0,Does Not Provide This Service,0,Does Not Provide This Service
d4e85849-397d-407e-9e89-83c35addd948,0,Does Not Provide This Service,0,Does Not Provide This Service,0,Does Not Provide This Service
d4fca3a2-468e-4490-b1ff-500febb1f9cb,2,Potentially Available,4,Constrained by Market,0,Does Not Provide This Service
d50150d6-c1a0-4f73-b343-818f6c8d7a4f,0,Does Not Provide This Service,0,Does Not Provide This Service,0,Does Not Provide This Service
d50b7711-9ee0-4298-bddf-d42b4ec8c993,0,Does Not Provide This Service,0,Does Not Provide This Service,0,Does Not Provide This Service
d51095c3-aaef-464d-a27c-5697adde3fa4,0,Does Not Provide This Service,0,Does Not Provide This Service,0,Does Not Provide This Service
d5137b00-2a53-40e7-87fa-38fddded43ec,2,Potentially Available,0,Does Not Provide This Service,0,Does Not Provide This Service
d52504e3-edb5-405e-9327-5013deb221c2,2,Potentially Available,0,Does Not Provide This Service,0,Does Not Provide This Service
d52c62c8-de3b-4374-b4fa-9b61f8c50358,0,Does Not Provide This Service,0,Does Not Provide This Service,0,Does Not Provide This Service
d52ef55a-3aae-4a92-94d4-39e02d4673bb,0,Does Not Provide This Service,0,Does Not Provide This Service,0,Does Not Provide This Service
d53aeb96-65cf-4c96-a088-92a8e436dade,0,Does Not Provide This Service,0,Does Not Provide This Service,0,Does Not Provide This Service
d571e213-0444-4411-b89e-ddc43e4b3514,2,Potentially Available,0,Does Not Provide This Service,0,Does Not Provide This Service
d5778e2c-bb74-4dea-a0dd-be9e6cb70ec2,2,Potentially Available,0,Does Not Provide This Service,0,Does Not Provide This Service
d57e7170-7521-44df-a884-61ffa002f0d6,0,Does Not Provide This Service,0,Does Not Provide This Service,0,Does Not Provide This Service
d59c7f2d-4040-4442-948c-4d098a0113d5,0,Does Not Provide This Service,0,Does Not Provide This Service,0,Does Not Provide This Service
d59cbda3-b1a4-4386-8054-2f1378a38cbd,2,Potentially Available,0,Does Not Provide This Service,0,Does Not Provide This Service
d5b71026-a4d7-4bc7-b76f-149176f5b89d,2,Potentially Available,0,Does Not Provide This Service,0,Does Not Provide This Service
d5b8b8ad-ff35-4980-9664-73b4c3373407,0,Does Not Provide This Service,0,Does Not Provide This Service,0,Does Not Provide This Service
d6012b5d-6a27-4af6-b323-79ecc7204192,0,Does Not Provide This Service,0,Does Not Provide This Service,0,Does Not Provide This Service
d602fc1a-1fd8-4c85-b96f-e4b8d39ca77c,2,Potentially Available,0,Does Not Provide This Service,0,Does Not Provide This Service
d6128662-98d0-402f-94fa-ad721490f5f3,2,Potentially Available,0,Does Not Provide This Service,0,Does Not Provide This Service
d61c30bc-94b4-4c89-a77a-dce292864bb1,0,Does Not Provide This Service,0,Does Not Provide This Service,0,Does Not Provide This Service
d61ee045-eb8e-42d1-b34a-4a01235783f5,2,Potentially Available,0,Does Not Provide This Service,0,Does Not Provide This Service
d6302ece-fb1f-4cc1-8f3d-5b7d7f7c9aa1,2,Potentially Available,0,Does Not Provide This Service,0,Does Not Provide This Service
d63289aa-85a7-4317-83de-4fad07ec2113,2,Potentially Available,0,Does Not Provide This Service,0,Does Not Provide This Service
d6577a04-37ba-47c3-aade-83117a13cee2,2,Potentially Available,0,Does Not Provide This Service,0,Does Not Provide This Service
d658ebb4-be18-4281-b247-004965c69d62,2,Potentially Available,0,Does Not Provide This Service,0,Does Not Provide This Service
d65a362e-ae48-4efd-872f-d75925508cc4,2,Potentially Available,0,Does Not Provide This Service,0,Does Not Provide This Service
d6608966-9576-4642-ade2-f7519e40d959,0,Does Not Provide This Service,0,Does Not Provide This Service,0,Does Not Provide This Service
d683b663-ac53-456b-856e-0a249a46afc7,0,Does Not Provide This Service,0,Does Not Provide This Service,0,Does Not Provide This Service
d68d8dba-8d63-4cc1-b441-b2ca74fb59ff,0,Does Not Provide This Service,0,Does Not Provide This Service,0,Does Not Provide This Service
d6912dfc-292e-48e0-94ef-24309b42ca6d,2,Potentially Available,0,Does Not Provide This Service,0,Does Not Provide This Service
d6943a96-61bf-4ae2-8ee3-1b7ad99faba9,2,Potentially Available,0,Does Not Provide This Service,0,Does Not Provide This Service
d695f92e-c6d6-45f3-919b-3fb830f94681,0,Does Not Provide This Service,0,Does Not Provide This Service,0,Does Not Provide This Service
d6a593a8-d29a-4423-b2f5-0abb29863905,0,Does Not Provide This Service,0,Does Not Provide This Service,0,Does Not Provide This Service
d6b66135-ffc5-4d35-ab19-a43b2fdbe381,0,Does Not Provide This Service,0,Does Not Provide This Service,0,Does Not Provide This Service
d6ba1cee-2cfa-47bb-9a92-36624dd214a1,2,Potentially Available,0,Does Not Provide This Service,0,Does Not Provide This Service
d6bc9a2c-2162-4bb4-ad41-71d592c2fe59,0,Does Not Provide This Service,0,Does Not Provide This Service,0,Does Not Provide This Service
d6bd074b-d0a6-4ec9-8f39-047892447e1d,2,Potentially Available,0,Does Not Provide This Service,0,Does Not Provide This Service
d6c1ee46-8eb9-4e02-ac34-455c96850870,2,Potentially Available,0,Does Not Provide This Service,0,Does Not Provide This Service
d6ede063-74c7-4459-a23f-155f17f4f268,0,Does Not Provide This Service,0,Does Not Provide This Service,0,Does Not Provide This Service
d6fcd2df-fbf9-42b1-991d-f98872327aca,0,Does Not Provide This Service,0,Does Not Provide This Service,0,Does Not Provide This Service
d6fe5a91-54ae-4754-a47c-13ee174b7157,2,Potentially Available,0,Does Not Provide This Service,0,Does Not Provide This Service
d70a1b84-75a0-4ef7-97e5-bd56f3a1ef13,2,Potentially Available,0,Does Not Provide This Service,0,Does Not Provide This Service
d72985ac-e406-44a8-886b-c4d2da00091a,2,Potentially Available,0,Does Not Provide This Service,0,Does Not Provide This Service
d735a077-7899-4b1a-ab04-399066dbd098,0,Does Not Provide This Service,0,Does Not Provide This Service,0,Does Not Provide This Service
d7423f66-c680-4ea4-8451-504795151ca8,0,Does Not Provide This Service,0,Does Not Provide This Service,0,Does Not Provide This Service
d74cd486-f6db-401b-b23f-1880e9d69dc1,2,Potentially Available,0,Does Not Provide This Service,0,Does Not Provide This Service
d751121a-4d05-46ae-b7d8-388dcd23e205,2,Potentially Available,0,Does Not Provide This Service,0,Does Not Provide This Service
d7666816-a66b-45f4-936f-6385bae014d6,0,Does Not Provide This Service,0,Does Not Provide This Service,0,Does Not Provide This Service
d7668e64-107d-403e-9c14-b4861b03318c,2,Potentially Available,0,Does Not Provide This Service,0,Does Not Provide This Service
d767198e-9b11-4d32-949d-aadf632c67b4,2,Potentially Available,0,Does Not Provide This Service,0,Does Not Provide This Service
d76e714f-4a55-4dd7-83e1-ce70e301825a,0,Does Not Provide This Service,0,Does Not Provide This Service,0,Does Not Provide This Service
d7736edb-34cd-42cf-9bec-8b6e8e44ce6f,2,Potentially Available,0,Does Not Provide This Service,0,Does Not Provide This Service
d786ac57-c84d-4140-8c11-8b5f34db7123,2,Potentially Available,0,Does Not Provide This Service,0,Does Not Provide This Service
d7a4e62e-90f5-4ec1-82fd-a0aa5157ee5b,2,Potentially Available,0,Does Not Provide This Service,0,Does Not Provide This Service
d7b2299e-f7c3-41f1-8364-6864db201517,2,Potentially Available,0,Does Not Provide This Service,0,Does Not Provide This Service
d7cfc22b-a670-40d7-8022-a32b9983bcba,0,Does Not Provide This Service,0,Does Not Provide This Service,0,Does Not Provide This Service
d7e5af5f-fead-41f2-be5b-3f84b43178f2,2,Potentially Available,0,Does Not Provide This Service,0,Does Not Provide This Service
d7e93954-ef33-45a1-8c22-1824f56fe835,2,Potentially Available,0,Does Not Provide This Service,0,Does Not Provide This Service
d7fb7056-2848-4778-b188-5165ac6b2418,0,Does Not Provide This Service,0,Does Not Provide This Service,0,Does Not Provide This Service
d80bd344-56f5-429a-8f50-cb89c4d18a73,2,Potentially Available,0,Does Not Provide This Service,0,Does Not Provide This Service
d80e3cbd-0e77-4786-9ba3-6e75290b7d1c,2,Potentially Available,0,Does Not Provide This Service,0,Does Not Provide This Service
d8193460-e23a-4910-987f-d64e9bab942e,0,Does Not Provide This Service,0,Does Not Provide This Service,0,Does Not Provide This Service
d826198f-c154-4c79-a664-284f5354d3d9,0,Does Not Provide This Service,0,Does Not Provide This Service,0,Does Not Provide This Service
d84821a2-543c-4ad9-8c88-add6eeef5b8b,2,Potentially Available,0,Does Not Provide This Service,0,Does Not Provide This Service
d84e2860-ded8-44fc-9ebd-d6b3b6d62fe6,2,Potentially Available,0,Does Not Provide This Service,0,Does Not Provide This Service
d858c201-49df-481a-98fb-e21aa7cf6797,0,Does Not Provide This Service,0,Does Not Provide This Service,0,Does Not Provide This Service
d8752024-8213-44be-bf1a-06dbd2205657,2,Potentially Available,0,Does Not Provide This Service,0,Does Not Provide This Service
d8938519-a842-45a0-96a6-85a89fd9b20e,2,Potentially Available,0,Does Not Provide This Service,0,Does Not Provide This Service
d89ddd3b-d05c-429b-92b6-e4716264b9d5,0,Does Not Provide This Service,0,Does Not Provide This Service,0,Does Not Provide This Service
d89fe02c-5dc0-46e5-83af-9c8e5cdaba32,0,Does Not Provide This Service,0,Does Not Provide This Service,0,Does Not Provide This Service
d8ae0ceb-af3a-4335-9c77-4a032203d621,0,Does Not Provide This Service,0,Does Not Provide This Service,0,Does Not Provide This Service
d8b27dbf-a5e7-4c7d-8a6c-f8bdbd9b1ddf,2,Potentially Available,0,Does Not Provide This Service,0,Does Not Provide This Service
d8b36881-9ae6-4f6b-836a-9b399b7c1fab,2,Potentially Available,0,Does Not Provide This Service,0,Does Not Provide This Service
d8bbe4a3-47fd-412d-b4d7-65fa03c0ae2a,2,Potentially Available,0,Does Not Provide This Service,0,Does Not Provide This Service
d8cd326c-7090-4dd4-bb34-61ee02da3af7,2,Potentially Available,0,Does Not Provide This Service,0,Does Not Provide This Service
d8cf04bf-8dee-40fd-81f2-6f5351d3bc19,2,Potentially Available,0,Does Not Provide This Service,0,Does Not Provide This Service
d8dfa8c8-7575-4ef0-bddc-cb9a4bca0bed,0,Does Not Provide This Service,0,Does Not Provide This Service,0,Does Not Provide This Service
d8e279fd-9723-4f30-81d6-045a05bc5580,2,Potentially Available,0,Does Not Provide This Service,0,Does Not Provide This Service
d8ebe0ce-3e2e-4d08-bd3c-ea403eb87be3,2,Potentially Available,0,Does Not Provide This Service,0,Does Not Provide This Service
d8f1fd95-3555-4c54-b49d-e1beb6cd10f3,2,Potentially Available,0,Does Not Provide This Service,0,Does Not Provide This Service
d90256ea-0c5e-44ad-8c4d-df3a4cf4f895,1,Likely Available,0,Does Not Provide This Service,0,Does Not Provide This Service
d90ed67e-2110-49b3-8799-91c704ef1132,2,Potentially Available,0,Does Not Provide This Service,0,Does Not Provide This Service
d90f7aa0-253c-4057-981f-9337f08ba562,2,Potentially Available,0,Does Not Provide This Service,0,Does Not Provide This Service
d913b395-d763-423b-9c7e-81ef278f6b34,2,Potentially Available,0,Does Not Provide This Service,0,Does Not Provide This Service
d9140225-484c-4e35-9082-0cabcff025e9,0,Does Not Provide This Service,0,Does Not Provide This Service,0,Does Not Provide This Service
d9164ea7-72c3-4302-bd2e-382870fd7059,2,Potentially Available,0,Does Not Provide This Service,0,Does Not Provide This Service
d93dce8b-92fe-4698-9632-0d81e69b11ee,0,Does Not Provide This Service,0,Does Not Provide This Service,0,Does Not Provide This Service
d94bbd08-8848-48eb-8367-741740b5a45d,2,Potentially Available,0,Does Not Provide This Service,0,Does Not Provide This Service
d94dcfc7-0b55-45f7-8c62-284c673b4586,2,Potentially Available,0,Does Not Provide This Service,0,Does Not Provide This Service
d95899e7-e264-4c07-9d00-b8647259a35d,2,Potentially Available,0,Does Not Provide This Service,0,Does Not Provide This Service
d95c6e1f-95ff-4671-8a93-56f52328bb7d,2,Potentially Available,0,Does Not Provide This Service,0,Does Not Provide This Service
d95d75f8-d68d-4e5c-918a-447fe7d17c6c,0,Does Not Provide This Service,0,Does Not Provide This Service,0,Does Not Provide This Service
d95eaaeb-d894-41f1-86ee-784d397926a7,0,Does Not Provide This Service,0,Does Not Provide This Service,1,Likely Available
d9600795-bf2d-4c8d-9547-bcf290404e30,2,Potentially Available,0,Does Not Provide This Service,0,Does Not Provide This Service
d9622da7-2b70-4c83-96b3-854186d81a94,2,Potentially Available,0,Does Not Provide This Service,0,Does Not Provide This Service
d96e6406-c6b9-467f-9137-6e26d8617ab1,2,Potentially Available,0,Does Not Provide This Service,0,Does Not Provide This Service
d972e5da-58aa-4451-bbff-f84f3b3e54dd,2,Potentially Available,0,Does Not Provide This Service,0,Does Not Provide This Service
d9b56916-9779-4060-b6b2-7fe0d1453a33,2,Potentially Available,0,Does Not Provide This Service,0,Does Not Provide This Service
d9baa8e1-8553-4eac-9480-87ae474cc246,0,Does Not Provide This Service,0,Does Not Provide This Service,0,Does Not Provide This Service
d9bbcee3-6ba9-4783-989f-3e9099ddc9bf,0,Does Not Provide This Service,0,Does Not Provide This Service,0,Does Not Provide This Service
d9c9f40c-d720-499c-866c-aa560fcbedc1,2,Potentially Available,0,Does Not Provide This Service,0,Does Not Provide This Service
d9e154c5-c24b-4a2a-a494-136a0aa5b24c,2,Potentially Available,0,Does Not Provide This Service,0,Does Not Provide This Service
d9e28187-b725-436a-8c4e-cc6a3ae54d32,2,Potentially Available,0,Does Not Provide This Service,0,Does Not Provide This Service
d9e3f303-05d7-455d-9df1-04eadf1bae20,0,Does Not Provide This Service,0,Does Not Provide This Service,0,Does Not Provide This Service
d9f4c9aa-a2da-4e2b-a491-eee068324daf,2,Potentially Available,0,Does Not Provide This Service,0,Does Not Provide This Service
d9f96571-91c7-491d-a784-ab2c5e94bb2d,0,Does Not Provide This Service,0,Does Not Provide This Service,0,Does Not Provide This Service
da030d26-4ede-44a3-9439-eef9c59f3067,0,Does Not Provide This Service,0,Does Not Provide This Service,0,Does Not Provide This Service
da0582c1-3a14-4813-b78d-28de9b8d6b6b,0,Does Not Provide This Service,0,Does Not Provide This Service,1,Likely Available
da287a65-9682-4f99-ba31-642b819da801,0,Does Not Provide This Service,0,Does Not Provide This Service,0,Does Not Provide This Service
da2c0e31-4e7d-4747-88ee-c577680b78d1,2,Potentially Available,0,Does Not Provide This Service,0,Does Not Provide This Service
da3cf6f6-bbeb-4f3e-b0e0-1ef349130829,2,Potentially Available,0,Does Not Provide This Service,0,Does Not Provide This Service
da3f1b55-ef4a-4742-9b9e-21cafc055802,2,Potentially Available,0,Does Not Provide This Service,0,Does Not Provide This Service
da59b35b-e5c0-4329-8a09-35409ed4b61f,0,Does Not Provide This Service,0,Does Not Provide This Service,0,Does Not Provide This Service
da651bd9-ef31-43cd-a14f-4d2837b5e5bc,2,Potentially Available,0,Does Not Provide This Service,0,Does Not Provide This Service
da7ec909-78f6-45ad-a8f3-e3184a1adf73,2,Potentially Available,0,Does Not Provide This Service,0,Does Not Provide This Service
da7efaa8-5895-4ae2-ac78-d63187452658,2,Potentially Available,0,Does Not Provide This Service,0,Does Not Provide This Service
da8af9e3-494f-4e40-9f5b-8bca5c535d84,2,Potentially Available,0,Does Not Provide This Service,0,Does Not Provide This Service
da8b4471-8ae3-4e72-a35a-042ce8933fd3,2,Potentially Available,0,Does Not Provide This Service,0,Does Not Provide This Service
da8ca0da-b8ba-4de3-8207-3f60be0baffb,2,Potentially Available,0,Does Not Provide This Service,0,Does Not Provide This Service
da940427-54e7-4c98-afce-0dcba296947d,0,Does Not Provide This Service,0,Does Not Provide This Service,0,Does Not Provide This Service
da941f2a-50a6-4f17-b306-a886ceb1cce4,2,Potentially Available,0,Does Not Provide This Service,0,Does Not Provide This Service
dab7ade7-a637-4827-bac6-23263aec2758,2,Potentially Available,0,Does Not Provide This Service,0,Does Not Provide This Service
dac734e0-6aa0-4f2b-abca-a7d23ec90e66,0,Does Not Provide This Service,0,Does Not Provide This Service,0,Does Not Provide This Service
dac7a5ac-88ec-419f-865c-195d644ce2a5,2,Potentially Available,0,Does Not Provide This Service,0,Does Not Provide This Service
dac9d977-d63b-40c1-95ce-a76f1ff228e6,0,Does Not Provide This Service,0,Does Not Provide This Service,0,Does Not Provide This Service
dacba4d0-a4eb-4cad-b835-3ec0fba648c6,2,Potentially Available,0,Does Not Provide This Service,0,Does Not Provide This Service
dacce77b-7d57-4a9b-ad88-9a6fa654e94f,2,Potentially Available,0,Does Not Provide This Service,0,Does Not Provide This Service
dad15bed-a02a-44e8-a1f3-0f5b4cf35fcf,0,Does Not Provide This Service,0,Does Not Provide This Service,0,Does Not Provide This Service
dad6399c-a86f-409b-bef8-bee86bb4e9ff,2,Potentially Available,0,Does Not Provide This Service,0,Does Not Provide This Service
dade9d7d-b312-481c-82c9-340ac826047d,2,Potentially Available,0,Does Not Provide This Service,0,Does Not Provide This Service
dae0a688-8268-40dd-a611-702b6aeaf150,2,Potentially Available,0,Does Not Provide This Service,0,Does Not Provide This Service
dae563b6-3a51-4ca1-9e60-75255fcb878d,2,Potentially Available,0,Does Not Provide This Service,0,Does Not Provide This Service
daf16fcb-1e25-4bcb-9d75-c6a4853fcd03,0,Does Not Provide This Service,0,Does Not Provide This Service,0,Does Not Provide This Service
daf7b2a6-83e4-460d-b09a-b2f0dc448652,2,Potentially Available,1,Likely Available,0,Does Not Provide This Service
db000ed0-d1a1-4d0b-9e3d-9b288ce2cc4e,2,Potentially Available,0,Does Not Provide This Service,0,Does Not Provide This Service
db044bd9-5338-4757-9f0e-2b12d95abf6a,2,Potentially Available,0,Does Not Provide This Service,0,Does Not Provide This Service
db0711a7-a4be-4441-9b8f-c194bcefef45,0,Does Not Provide This Service,0,Does Not Provide This Service,0,Does Not Provide This Service
db075e9a-6da3-478e-9b31-f6957d46cca3,0,Does Not Provide This Service,0,Does Not Provide This Service,0,Does Not Provide This Service
db098c54-1678-41a3-915a-a17ca019ab2f,0,Does Not Provide This Service,0,Does Not Provide This Service,0,Does Not Provide This Service
db20d9ca-3235-45d2-9e7c-ced5b6853c45,0,Does Not Provide This Service,0,Does Not Provide This Service,0,Does Not Provide This Service
db248540-4484-4bb0-b57a-724a3f3b02da,0,Does Not Provide This Service,0,Does Not Provide This Service,0,Does Not Provide This Service
db45d02e-0e32-4a24-b88a-dd00bd0d0d30,2,Potentially Available,0,Does Not Provide This Service,0,Does Not Provide This Service
db69344c-319a-4fec-87c4-8df38db05573,0,Does Not Provide This Service,0,Does Not Provide This Service,0,Does Not Provide This Service
db71b73a-87b4-410f-8537-742ad014435c,2,Potentially Available,0,Does Not Provide This Service,0,Does Not Provide This Service
db7e96d8-2b44-482b-b675-f4b1f5fdd994,0,Does Not Provide This Service,0,Does Not Provide This Service,0,Does Not Provide This Service
db8d5a0e-19e1-4f2b-8a8f-694770fce738,0,Does Not Provide This Service,0,Does Not Provide This Service,0,Does Not Provide This Service
db9b4945-384f-409f-acf8-ad08ac5e4b84,2,Potentially Available,0,Does Not Provide This Service,0,Does Not Provide This Service
db9b8059-48ec-43db-99bd-5c9907f56065,0,Does Not Provide This Service,0,Does Not Provide This Service,0,Does Not Provide This Service
dba3a851-dd9a-4752-b2b5-437ada95ff2a,0,Does Not Provide This Service,0,Does Not Provide This Service,0,Does Not Provide This Service
dbadf591-a28c-4714-8ce3-2e2b5e6d4f6f,0,Does Not Provide This Service,0,Does Not Provide This Service,0,Does Not Provide This Service
dbb0c86b-379f-46f8-b499-e0ff5297c4ea,0,Does Not Provide This Service,0,Does Not Provide This Service,0,Does Not Provide This Service
dbd2434d-6027-488b-bc17-ab2448774bf6,0,Does Not Provide This Service,0,Does Not Provide This Service,0,Does Not Provide This Service
dbd84d4d-21c7-4beb-8747-6477a2dfbe41,2,Potentially Available,0,Does Not Provide This Service,0,Does Not Provide This Service
dbdadd28-c06b-41ec-af7e-e5ebaa668bde,2,Potentially Available,0,Does Not Provide This Service,0,Does Not Provide This Service
dbdda0a7-4be5-4e64-899c-da87b3d02f46,0,Does Not Provide This Service,0,Does Not Provide This Service,0,Does Not Provide This Service
dbe6bc77-158f-42b7-990d-49fbeb7645e8,0,Does Not Provide This Service,0,Does Not Provide This Service,0,Does Not Provide This Service
dbed016a-bc44-4219-91a8-83c648fc1767,0,Does Not Provide This Service,0,Does Not Provide This Service,0,Does Not Provide This Service
dbfd5535-a470-4184-986f-4219e8f9054d,2,Potentially Available,0,Does Not Provide This Service,0,Does Not Provide This Service
dc1c7a8f-0205-4a83-98d4-bdcbf1da19f1,0,Does Not Provide This Service,0,Does Not Provide This Service,0,Does Not Provide This Service
dc25165e-7346-4d7b-8ae2-fec3884dbfe2,0,Does Not Provide This Service,0,Does Not Provide This Service,0,Does Not Provide This Service
dc583862-67b3-437c-8676-eeaa6f96e4e5,0,Does Not Provide This Service,0,Does Not Provide This Service,0,Does Not Provide This Service
dc69a7a7-f5da-4311-90cf-65a663afcf10,0,Does Not Provide This Service,1,Likely Available,0,Does Not Provide This Service
dc8f10e4-2467-49e3-9fc8-3e871587f34a,0,Does Not Provide This Service,0,Does Not Provide This Service,0,Does Not Provide This Service
dca9bc57-660a-4819-8b48-404828f960a6,2,Potentially Available,0,Does Not Provide This Service,0,Does Not Provide This Service
dcab4447-a3d3-458f-b9ae-ce68fbc5ab29,0,Does Not Provide This Service,0,Does Not Provide This Service,0,Does Not Provide This Service
dcb62c56-deba-43e2-ab7f-e78be49e8745,0,Does Not Provide This Service,0,Does Not Provide This Service,0,Does Not Provide This Service
dcc773a2-8662-49d5-a59b-ca1280df5c6b,2,Potentially Available,0,Does Not Provide This Service,0,Does Not Provide This Service
dcc836d9-5199-48be-a262-e3600dd10e18,0,Does Not Provide This Service,0,Does Not Provide This Service,0,Does Not Provide This Service
dcce1b71-18c7-478d-91a0-1c2ce0141021,2,Potentially Available,0,Does Not Provide This Service,0,Does Not Provide This Service
dcd762fa-d76e-4046-a823-e1f1dae379f4,2,Potentially Available,0,Does Not Provide This Service,0,Does Not Provide This Service
dcddb844-886d-4278-a8da-7bcf21c0f09a,0,Does Not Provide This Service,0,Does Not Provide This Service,2,Potentially Available
dce840d4-c545-43fd-b460-0e2554b00935,0,Does Not Provide This Service,0,Does Not Provide This Service,0,Does Not Provide This Service
dcf17e68-e440-423f-9293-77c2814b92ac,0,Does Not Provide This Service,0,Does Not Provide This Service,0,Does Not Provide This Service
dcf289f3-26d1-4ba1-aa9c-064538f71ad0,0,Does Not Provide This Service,0,Does Not Provide This Service,0,Does Not Provide This Service
dcf94532-b904-4589-b543-98741d464897,2,Potentially Available,0,Does Not Provide This Service,0,Does Not Provide This Service
dd133ab8-ff29-477f-90a4-9861776f80f4,2,Potentially Available,0,Does Not Provide This Service,0,Does Not Provide This Service
dd192c8c-283c-4b96-89de-589e0f41a033,0,Does Not Provide This Service,0,Does Not Provide This Service,1,Likely Available
dd203eff-3a47-4eb4-8baf-8f6abcf9a983,0,Does Not Provide This Service,0,Does Not Provide This Service,0,Does Not Provide This Service
dd2d9bd0-36fa-4d06-bcb1-2c777b10746d,0,Does Not Provide This Service,0,Does Not Provide This Service,0,Does Not Provide This Service
dd40c94a-e1b4-40be-96b9-96827a7ee327,2,Potentially Available,0,Does Not Provide This Service,0,Does Not Provide This Service
dd5e3209-e776-4b5c-931d-3caa733fcc8f,0,Does Not Provide This Service,0,Does Not Provide This Service,0,Does Not Provide This Service
dd9acaa8-beb4-4577-a947-d020e4411d79,2,Potentially Available,0,Does Not Provide This Service,0,Does Not Provide This Service
dda5aa8b-1bc8-4b12-badd-9b4d8ebf3bdd,2,Potentially Available,0,Does Not Provide This Service,0,Does Not Provide This Service
dda7f665-92a6-4758-a614-5d9320cd5401,0,Does Not Provide This Service,0,Does Not Provide This Service,0,Does Not Provide This Service
ddc1ca8f-17f4-42dc-8296-3adc0a55e123,0,Does Not Provide This Service,0,Does Not Provide This Service,0,Does Not Provide This Service
ddc62b9f-d0ae-4f20-ac16-520045ee8c66,0,Does Not Provide This Service,0,Does Not Provide This Service,0,Does Not Provide This Service
ddcc5070-b271-4e71-855b-4f3e404f3761,2,Potentially Available,0,Does Not Provide This Service,0,Does Not Provide This Service
ddedf14a-1bdc-4ff9-9adb-34e6e115e7ab,0,Does Not Provide This Service,0,Does Not Provide This Service,0,Does Not Provide This Service
ddf25c1e-22d9-4c63-9361-f14ea3270718,2,Potentially Available,0,Does Not Provide This Service,0,Does Not Provide This Service
de050621-d56c-4dbb-a6ed-7a9091d46651,0,Does Not Provide This Service,0,Does Not Provide This Service,0,Does Not Provide This Service
de0bfc33-4db9-486c-950f-a4ad4d85ec58,0,Does Not Provide This Service,0,Does Not Provide This Service,3,Constrained by Size
de1a3a3a-a250-4b53-99a4-78f36208ce66,0,Does Not Provide This Service,0,Does Not Provide This Service,0,Does Not Provide This Service
de2fd565-654b-4582-8a93-bb2b41d43318,2,Potentially Available,0,Does Not Provide This Service,0,Does Not Provide This Service
de401487-6906-492b-8454-af7e25148a1b,0,Does Not Provide This Service,0,Does Not Provide This Service,0,Does Not Provide This Service
de7a6386-9c84-4cea-8c1c-84daf0d323b4,0,Does Not Provide This Service,0,Does Not Provide This Service,0,Does Not Provide This Service
de89b181-d01f-407c-839f-364885f0f72c,0,Does Not Provide This Service,0,Does Not Provide This Service,0,Does Not Provide This Service
de8c27d0-fa15-44a8-9a0e-de6bd023cb4b,0,Does Not Provide This Service,0,Does Not Provide This Service,0,Does Not Provide This Service
de8db064-50c4-4e26-9446-51f317cce504,2,Potentially Available,0,Does Not Provide This Service,0,Does Not Provide This Service
de9d99d7-0d2e-4c97-afff-cb08a6895a08,2,Potentially Available,0,Does Not Provide This Service,0,Does Not Provide This Service
deacbecd-4fc2-40cb-b082-2f912e8b81f6,2,Potentially Available,0,Does Not Provide This Service,0,Does Not Provide This Service
deafc98e-907c-4db1-aeb3-eac9ea49142a,2,Potentially Available,0,Does Not Provide This Service,0,Does Not Provide This Service
decb3a4c-99ac-40ef-b4fa-482fcbc18ad2,2,Potentially Available,0,Does Not Provide This Service,0,Does Not Provide This Service
ded51fa4-789e-4426-aa5a-38d98e64362e,2,Potentially Available,0,Does Not Provide This Service,0,Does Not Provide This Service
ded599d5-556a-4c24-9739-b7d3bed66f07,2,Potentially Available,0,Does Not Provide This Service,0,Does Not Provide This Service
deda53f4-2d04-414c-bf73-101cb0d92a1c,0,Does Not Provide This Service,0,Does Not Provide This Service,0,Does Not Provide This Service
deddb90d-ccef-49c0-8d7f-569a672066ad,1,Likely Available,0,Does Not Provide This Service,0,Does Not Provide This Service
deec1da9-1f51-4ad7-93e4-1ae65a8778ea,2,Potentially Available,0,Does Not Provide This Service,0,Does Not Provide This Service
deef9fc6-3b0e-4072-bd04-def6c93b78c5,0,Does Not Provide This Service,0,Does Not Provide This Service,0,Does Not Provide This Service
def2d021-b352-43be-8bb8-9fbbbb229b22,0,Does Not Provide This Service,0,Does Not Provide This Service,0,Does Not Provide This Service
def710c0-5e96-49c3-9116-1cea71fbfa2a,2,Potentially Available,0,Does Not Provide This Service,0,Does Not Provide This Service
defe52fb-c9b2-435c-a0af-aace8b0dace9,0,Does Not Provide This Service,0,Does Not Provide This Service,0,Does Not Provide This Service
df2c52aa-f9cf-44a2-9676-29766a1617d4,2,Potentially Available,0,Does Not Provide This Service,0,Does Not Provide This Service
df36ae33-7230-4cda-9fe7-2916da8dd491,0,Does Not Provide This Service,0,Does Not Provide This Service,0,Does Not Provide This Service
df39a633-9e6f-4417-9e6d-8e67c2b9fb7f,2,Potentially Available,0,Does Not Provide This Service,0,Does Not Provide This Service
df408580-7428-4385-9ea4-dd18db97d682,0,Does Not Provide This Service,0,Does Not Provide This Service,0,Does Not Provide This Service
df4708c4-9a25-48e0-9156-b67c5f67a0fe,0,Does Not Provide This Service,0,Does Not Provide This Service,5,Highly Constrained
df483777-e0ba-4572-8736-f97196f3cdfb,0,Does Not Provide This Service,0,Does Not Provide This Service,0,Does Not Provide This Service
df4b10b9-f1a0-4cd0-99c5-b335bb391219,2,Potentially Available,0,Does Not Provide This Service,0,Does Not Provide This Service
df4e8ed3-8fc9-4bf4-946c-abaf451a662d,0,Does Not Provide This Service,0,Does Not Provide This Service,0,Does Not Provide This Service
df4f57fb-3cb8-41bd-97f8-aee101d72653,0,Does Not Provide This Service,0,Does Not Provide This Service,0,Does Not Provide This Service
df6fa65a-7e66-4cc5-8833-6bbbffc637be,0,Does Not Provide This Service,0,Does Not Provide This Service,0,Does Not Provide This Service
df72a31f-61f0-426c-9ce5-e995641cdcae,0,Does Not Provide This Service,0,Does Not Provide This Service,0,Does Not Provide This Service
df8e719b-6ecd-4a8e-a996-315b3eded17f,2,Potentially Available,0,Does Not Provide This Service,0,Does Not Provide This Service
df93e0cd-4694-4270-93f0-7c187bac1c6c,0,Does Not Provide This Service,0,Does Not Provide This Service,0,Does Not Provide This Service
df985cd2-2858-4918-b6b9-abb686f66605,0,Does Not Provide This Service,0,Does Not Provide This Service,0,Does Not Provide This Service
dfa11cd1-70e1-4854-9f66-351dd41456db,0,Does Not Provide This Service,0,Does Not Provide This Service,0,Does Not Provide This Service
dfd75b96-b2c3-439e-989f-9d2b98829328,0,Does Not Provide This Service,0,Does Not Provide This Service,0,Does Not Provide This Service
dfd83b18-b4b5-4fcb-a8a8-eb5d18b9698f,2,Potentially Available,0,Does Not Provide This Service,0,Does Not Provide This Service
dfe20e33-a8ab-4e3c-991b-781d792c6aea,2,Potentially Available,0,Does Not Provide This Service,0,Does Not Provide This Service
dfebcd55-c704-4eff-be0f-db67f07ffa89,2,Potentially Available,0,Does Not Provide This Service,0,Does Not Provide This Service
dfebff73-acbe-402a-85d6-b066e79e84fe,2,Potentially Available,0,Does Not Provide This Service,0,Does Not Provide This Service
dffae4fa-341b-4e43-ada0-263cd97a3f12,0,Does Not Provide This Service,0,Does Not Provide This Service,0,Does Not Provide This Service
e00baf41-b1b1-4643-bf5f-ecb61bb307f5,2,Potentially Available,0,Does Not Provide This Service,0,Does Not Provide This Service
e012c648-4d48-4b27-a0da-0efb9cc74588,0,Does Not Provide This Service,0,Does Not Provide This Service,0,Does Not Provide This Service
e0170c77-7a32-42d5-ad6f-7e32744510b0,1,Likely Available,1,Likely Available,0,Does Not Provide This Service
e043fc00-685a-4ec1-a638-753d79dcc651,0,Does Not Provide This Service,0,Does Not Provide This Service,0,Does Not Provide This Service
e04804f4-017c-46c1-b142-73b49b761f52,0,Does Not Provide This Service,0,Does Not Provide This Service,5,Highly Constrained
e05870fe-b80f-4ab3-b3c2-c653e5757992,0,Does Not Provide This Service,0,Does Not Provide This Service,0,Does Not Provide This Service
e07ae897-2856-43b0-a420-b09fe0a836f5,2,Potentially Available,0,Does Not Provide This Service,0,Does Not Provide This Service
e088b03c-cfb7-4988-9351-08b375b734c5,2,Potentially Available,0,Does Not Provide This Service,0,Does Not Provide This Service
e0a1d5fd-b28d-45ae-81f1-9813ed5c4308,0,Does Not Provide This Service,0,Does Not Provide This Service,0,Does Not Provide This Service
e0b8370d-9be9-4192-9009-64b76c55d1a1,2,Potentially Available,0,Does Not Provide This Service,0,Does Not Provide This Service
e0c5cd23-9fc4-4551-8d9c-d475c553336b,2,Potentially Available,0,Does Not Provide This Service,0,Does Not Provide This Service
e0c88b8f-ae6b-487b-8900-6cbb1f167d86,2,Potentially Available,0,Does Not Provide This Service,0,Does Not Provide This Service
e0e390c6-ed97-4245-9918-42b6e37eded0,0,Does Not Provide This Service,0,Does Not Provide This Service,0,Does Not Provide This Service
e0f4c48e-b43c-42ee-b2da-7f4ee76f7af4,2,Potentially Available,0,Does Not Provide This Service,0,Does Not Provide This Service
e0fd6441-b7f5-48bb-84ba-98910834db61,2,Potentially Available,0,Does Not Provide This Service,0,Does Not Provide This Service
e1056ae1-1f95-466a-95d1-8e70630f43aa,2,Potentially Available,0,Does Not Provide This Service,0,Does Not Provide This Service
e108dad1-2c50-4ee5-ad90-5164d8adcf01,2,Potentially Available,0,Does Not Provide This Service,0,Does Not Provide This Service
e1354ebb-2216-47f4-8e60-519b03343e1c,0,Does Not Provide This Service,0,Does Not Provide This Service,0,Does Not Provide This Service
e136c0e4-f344-4174-9697-06486bdb79b4,2,Potentially Available,0,Does Not Provide This Service,0,Does Not Provide This Service
e1386271-0f78-4f06-808c-11e35fd7d469,2,Potentially Available,0,Does Not Provide This Service,0,Does Not Provide This Service
e140dea6-a71e-4857-9378-9e3e39c2def8,0,Does Not Provide This Service,0,Does Not Provide This Service,0,Does Not Provide This Service
e14f4eb8-537d-403b-aa38-90449b6554c3,2,Potentially Available,0,Does Not Provide This Service,0,Does Not Provide This Service
e159d745-42c7-4f56-9b56-3cf598423492,2,Potentially Available,0,Does Not Provide This Service,0,Does Not Provide This Service
e15bb898-799c-4133-9196-193e55d4fd00,0,Does Not Provide This Service,0,Does Not Provide This Service,0,Does Not Provide This Service
e16fdad4-feb1-4719-82ba-f678fecca74a,2,Potentially Available,0,Does Not Provide This Service,0,Does Not Provide This Service
e1704895-d8a2-4adb-a783-aa80541ab1d5,2,Potentially Available,0,Does Not Provide This Service,0,Does Not Provide This Service
e17c90b6-981e-40b7-b3d6-527e3bbe6b71,2,Potentially Available,0,Does Not Provide This Service,0,Does Not Provide This Service
e188b63b-f22a-4943-81fd-99e21e1277cd,2,Potentially Available,0,Does Not Provide This Service,0,Does Not Provide This Service
e19245db-cead-4355-8160-823b69d39438,0,Does Not Provide This Service,0,Does Not Provide This Service,0,Does Not Provide This Service
e1941a31-55b1-4b5d-957a-4cadd676c731,2,Potentially Available,0,Does Not Provide This Service,0,Does Not Provide This Service
e1a096ef-568f-4e70-943f-aa3019a10335,1,Likely Available,1,Likely Available,0,Does Not Provide This Service
e1ad1349-fe9e-49b8-b29e-01f9c2d21edb,0,Does Not Provide This Service,0,Does Not Provide This Service,0,Does Not Provide This Service
e1b388a9-7a92-4efb-9a92-367585b6a114,0,Does Not Provide This Service,0,Does Not Provide This Service,0,Does Not Provide This Service
e1b56bcf-c5b3-42cb-9200-98e9b61835ef,0,Does Not Provide This Service,0,Does Not Provide This Service,0,Does Not Provide This Service
e1bf6094-7bca-4cd8-b6e8-c6cd8b0eb685,0,Does Not Provide This Service,0,Does Not Provide This Service,0,Does Not Provide This Service
e1cd16a7-20ae-473a-8b5e-6d9a25ee35ae,0,Does Not Provide This Service,0,Does Not Provide This Service,0,Does Not Provide This Service
e1cea289-c8ff-46e9-9e3d-e45ffa7d2586,2,Potentially Available,0,Does Not Provide This Service,0,Does Not Provide This Service
e1fe3f74-c6b8-4566-829d-8ef4fec6b410,2,Potentially Available,0,Does Not Provide This Service,0,Does Not Provide This Service
e2062269-769c-4e69-a5e4-e374cde057d9,0,Does Not Provide This Service,0,Does Not Provide This Service,0,Does Not Provide This Service
e216a930-11c1-4ec6-bdb9-5e844afab3f9,0,Does Not Provide This Service,0,Does Not Provide This Service,0,Does Not Provide This Service
e221ec5a-5838-420e-ba55-ae3433137105,2,Potentially Available,0,Does Not Provide This Service,0,Does Not Provide This Service
e235aa45-5f04-4dba-ae6d-7249c88cf0fd,2,Potentially Available,0,Does Not Provide This Service,0,Does Not Provide This Service
e2416ce5-488d-408b-b441-7c337eddc23a,2,Potentially Available,0,Does Not Provide This Service,0,Does Not Provide This Service
e25515ab-f32f-493d-9bec-c4f36bb0cf8d,2,Potentially Available,0,Does Not Provide This Service,0,Does Not Provide This Service
e25677bb-3575-46ed-8631-d040e774bd35,2,Potentially Available,0,Does Not Provide This Service,0,Does Not Provide This Service
e2598fec-1bef-4c49-9dab-7619243052b2,0,Does Not Provide This Service,0,Does Not Provide This Service,0,Does Not Provide This Service
e27e01ea-a847-45d4-8132-6d2cbbcefbe1,1,Likely Available,4,Constrained by Market,0,Does Not Provide This Service
e29b3893-e42c-4154-a4ef-6f786da523f2,2,Potentially Available,0,Does Not Provide This Service,0,Does Not Provide This Service
e2add9b8-3e8b-4805-a3d9-8cbd0bc9dec5,0,Does Not Provide This Service,0,Does Not Provide This Service,0,Does Not Provide This Service
e2af41a4-7b6f-40b3-8676-220fbbe16640,0,Does Not Provide This Service,0,Does Not Provide This Service,0,Does Not Provide This Service
e2b4c293-f869-4812-82ed-8a8028be2b95,0,Does Not Provide This Service,0,Does Not Provide This Service,0,Does Not Provide This Service
e2bf9c6b-5744-4624-bc36-f8d246b2afff,2,Potentially Available,0,Does Not Provide This Service,0,Does Not Provide This Service
e2cfd045-e56d-4bee-95a1-81a986970491,0,Does Not Provide This Service,0,Does Not Provide This Service,0,Does Not Provide This Service
e2d3fda2-2281-46d1-8deb-392f180795f6,2,Potentially Available,0,Does Not Provide This Service,0,Does Not Provide This Service
e2dc44d0-845e-4da0-838b-51994211e994,0,Does Not Provide This Service,0,Does Not Provide This Service,0,Does Not Provide This Service
e2e890e4-4f92-47b7-bfbf-d7d08727845e,2,Potentially Available,0,Does Not Provide This Service,0,Does Not Provide This Service
e304e429-ab88-4c7e-aa15-8c12988f6279,2,Potentially Available,0,Does Not Provide This Service,0,Does Not Provide This Service
e306b286-9af1-4cca-9138-7fa74c9e78a2,0,Does Not Provide This Service,0,Does Not Provide This Service,0,Does Not Provide This Service
e31ea57b-e979-4bab-aea3-802b2692ba49,2,Potentially Available,0,Does Not Provide This Service,0,Does Not Provide This Service
e31ff4ed-f71f-4394-9204-db74ea037380,2,Potentially Available,0,Does Not Provide This Service,0,Does Not Provide This Service
e327b7df-6038-4819-aa3c-6ffd24da64e8,0,Does Not Provide This Service,0,Does Not Provide This Service,0,Does Not Provide This Service
e32b141e-e754-4afc-acbb-a677bc04ac36,0,Does Not Provide This Service,0,Does Not Provide This Service,0,Does Not Provide This Service
e33049a8-3577-4f80-87aa-c89ab56b718d,2,Potentially Available,0,Does Not Provide This Service,0,Does Not Provide This Service
e34ad5a5-b4dd-4c28-a1cc-32a1fcd73369,0,Does Not Provide This Service,0,Does Not Provide This Service,3,Constrained by Size
e35a09b7-1376-42d8-aaa5-c777c6e08027,2,Potentially Available,0,Does Not Provide This Service,0,Does Not Provide This Service
e3606e16-c149-46b5-94ae-8403daae8297,0,Does Not Provide This Service,0,Does Not Provide This Service,0,Does Not Provide This Service
e3657b93-1575-4786-8b40-4ed587d1b1e0,0,Does Not Provide This Service,0,Does Not Provide This Service,2,Potentially Available
e382720b-c7b5-48f4-a9d0-e32a35eca4b6,2,Potentially Available,0,Does Not Provide This Service,0,Does Not Provide This Service
e383b818-af81-472c-b8d3-a7e817c624e8,2,Potentially Available,0,Does Not Provide This Service,0,Does Not Provide This Service
e3a48cd3-81e2-4145-a22b-8c72b52b9f13,2,Potentially Available,0,Does Not Provide This Service,0,Does Not Provide This Service
e3c0215c-e1b5-420a-8eae-2ee0aaaf31c3,2,Potentially Available,0,Does Not Provide This Service,0,Does Not Provide This Service
e3d10d10-a7c2-43ce-aa90-33e111c8da8d,0,Does Not Provide This Service,0,Does Not Provide This Service,0,Does Not Provide This Service
e4007107-e325-4e44-9f34-c876a7b6bced,0,Does Not Provide This Service,0,Does Not Provide This Service,0,Does Not Provide This Service
e400857a-0375-4d01-a142-1a5e75c60865,2,Potentially Available,0,Does Not Provide This Service,0,Does Not Provide This Service
e40c4d1f-e941-4545-8f6b-ff2b309a99e1,0,Does Not Provide This Service,0,Does Not Provide This Service,0,Does Not Provide This Service
e40ff165-ba9c-445d-b22a-14e437e594a9,0,Does Not Provide This Service,0,Does Not Provide This Service,0,Does Not Provide This Service
e4147e1e-7172-4b22-a552-7b20cd115dcb,2,Potentially Available,0,Does Not Provide This Service,0,Does Not Provide This Service
e4157e41-304c-4fe8-8301-88207c4dacef,0,Does Not Provide This Service,0,Does Not Provide This Service,0,Does Not Provide This Service
e41655a4-f41c-4e67-a5d6-11839cf8b538,0,Does Not Provide This Service,0,Does Not Provide This Service,0,Does Not Provide This Service
e432cfaf-5aaa-4429-b0ec-5e93f7a6107e,0,Does Not Provide This Service,0,Does Not Provide This Service,0,Does Not Provide This Service
e457b5e8-09de-4712-b3bb-2fd5678950d7,0,Does Not Provide This Service,0,Does Not Provide This Service,0,Does Not Provide This Service
e4621280-30d9-4699-b685-afdbddd3f5ad,2,Potentially Available,0,Does Not Provide This Service,0,Does Not Provide This Service
e4675449-5b00-4a5d-97e1-24de9bfe2d4a,0,Does Not Provide This Service,0,Does Not Provide This Service,0,Does Not Provide This Service
e472d16c-06ca-4c1f-a43b-3b40bf80dd18,1,Likely Available,1,Likely Available,0,Does Not Provide This Service
e486051f-fc7c-43b9-8de7-8e1638a462a8,2,Potentially Available,0,Does Not Provide This Service,0,Does Not Provide This Service
e48b59a6-3646-4b63-ae86-3151eb816cbe,0,Does Not Provide This Service,0,Does Not Provide This Service,0,Does Not Provide This Service
e4925ca7-889d-412b-8280-65441a8319af,2,Potentially Available,0,Does Not Provide This Service,0,Does Not Provide This Service
e4abfec7-b384-46eb-aff0-cc11b2183126,2,Potentially Available,0,Does Not Provide This Service,0,Does Not Provide This Service
e4ba7567-5a2c-40c6-91f6-511185b435c6,2,Potentially Available,0,Does Not Provide This Service,0,Does Not Provide This Service
e4cc2532-cbf2-4783-a6bb-39d8b9990aad,2,Potentially Available,0,Does Not Provide This Service,0,Does Not Provide This Service
e4ddcfaa-dbd1-41f8-b707-88128de0b7c9,2,Potentially Available,0,Does Not Provide This Service,0,Does Not Provide This Service
e4de8074-11a8-42e8-b264-b0328bd86d25,0,Does Not Provide This Service,0,Does Not Provide This Service,0,Does Not Provide This Service
e4ea93be-5f9a-498f-a824-0715139d9e30,0,Does Not Provide This Service,0,Does Not Provide This Service,0,Does Not Provide This Service
e4ef164e-ab5f-41b1-8624-c3b11a22ca3f,2,Potentially Available,0,Does Not Provide This Service,0,Does Not Provide This Service
e4f67396-8cec-4910-a9d1-f6f7986f950d,0,Does Not Provide This Service,0,Does Not Provide This Service,0,Does Not Provide This Service
e4f9400a-d854-411e-b60e-ea5b334a2836,0,Does Not Provide This Service,0,Does Not Provide This Service,3,Constrained by Size
e51071dc-a2fc-48d3-ac1c-61f110405b5f,2,Potentially Available,0,Does Not Provide This Service,0,Does Not Provide This Service
e541e487-4769-47b5-ae3e-84d79aebb058,2,Potentially Available,0,Does Not Provide This Service,0,Does Not Provide This Service
e54df986-f353-4283-90b7-76f45e8f9d8a,0,Does Not Provide This Service,0,Does Not Provide This Service,0,Does Not Provide This Service
e55d87c8-069f-4f08-8c1f-1d84f30fd5a9,0,Does Not Provide This Service,0,Does Not Provide This Service,0,Does Not Provide This Service
e55f0805-f91e-43fe-a6ee-12d09775850c,2,Potentially Available,0,Does Not Provide This Service,0,Does Not Provide This Service
e56ce232-bce3-45eb-b1e4-8857e5705448,2,Potentially Available,0,Does Not Provide This Service,0,Does Not Provide This Service
e57fb199-def7-4fed-84b0-9526a21c3a32,0,Does Not Provide This Service,0,Does Not Provide This Service,0,Does Not Provide This Service
e5842085-7454-4b92-841e-f9c718415def,0,Does Not Provide This Service,0,Does Not Provide This Service,0,Does Not Provide This Service
e584a93d-9456-4eeb-994d-58591602ba3d,0,Does Not Provide This Service,0,Does Not Provide This Service,0,Does Not Provide This Service
e589bc14-0a1e-4b69-86a5-16c9b120134d,2,Potentially Available,0,Does Not Provide This Service,0,Does Not Provide This Service
e589e47f-597d-4d70-bb56-a52e6b45a41e,0,Does Not Provide This Service,0,Does Not Provide This Service,0,Does Not Provide This Service
e595e63a-203f-4970-8eba-bf861e8d1437,0,Does Not Provide This Service,0,Does Not Provide This Service,1,Likely Available
e59c7a1f-f4cf-4940-bbdd-2b2d00d84931,2,Potentially Available,0,Does Not Provide This Service,0,Does Not Provide This Service
e5a791e5-5d42-4619-8bae-6c088507b4dd,0,Does Not Provide This Service,0,Does Not Provide This Service,1,Likely Available
e5b08f7b-902b-4013-8ff0-53e9686ffc0d,2,Potentially Available,0,Does Not Provide This Service,0,Does Not Provide This Service
e5bcf4c9-f419-49e8-af10-38fbe329495c,0,Does Not Provide This Service,0,Does Not Provide This Service,0,Does Not Provide This Service
e5c22ad5-f1ad-441c-9817-4d9bec6151f0,0,Does Not Provide This Service,0,Does Not Provide This Service,0,Does Not Provide This Service
e5d09885-d25d-477e-9677-52db876df6ab,2,Potentially Available,0,Does Not Provide This Service,0,Does Not Provide This Service
e5e07397-11f0-4733-8383-7dfa17dd3e4d,0,Does Not Provide This Service,0,Does Not Provide This Service,0,Does Not Provide This Service
e5e3ee8b-5248-48f2-b009-3ed3ed791790,2,Potentially Available,0,Does Not Provide This Service,0,Does Not Provide This Service
e5fd1396-9079-4886-b629-adab5418d6ec,0,Does Not Provide This Service,0,Does Not Provide This Service,0,Does Not Provide This Service
e6030acf-17e1-4a4a-a122-f37d1b5e2da4,2,Potentially Available,0,Does Not Provide This Service,0,Does Not Provide This Service
e60e598c-6323-42ae-a6bb-779da0b58316,0,Does Not Provide This Service,0,Does Not Provide This Service,0,Does Not Provide This Service
e62eecbd-8a1b-4833-906c-a2c51503075b,2,Potentially Available,0,Does Not Provide This Service,0,Does Not Provide This Service
e63c9723-7361-46fc-8358-663b3d1d6c24,2,Potentially Available,0,Does Not Provide This Service,0,Does Not Provide This Service
e6424f92-1871-45dd-ac2f-1cd1ef08e00f,0,Does Not Provide This Service,0,Does Not Provide This Service,0,Does Not Provide This Service
e646b6d3-844f-4620-bf18-e8bafba25635,0,Does Not Provide This Service,0,Does Not Provide This Service,0,Does Not Provide This Service
e655c4ce-038e-4c71-bb0c-6be372c213cb,0,Does Not Provide This Service,0,Does Not Provide This Service,0,Does Not Provide This Service
e65eed4e-a221-4232-9607-982ce4973590,2,Potentially Available,0,Does Not Provide This Service,0,Does Not Provide This Service
e676557e-7ba4-449c-81c8-78c57a81683d,2,Potentially Available,0,Does Not Provide This Service,0,Does Not Provide This Service
e6831d2e-9b85-4507-86ff-d5156e315417,2,Potentially Available,0,Does Not Provide This Service,0,Does Not Provide This Service
e68e374b-2c13-49d8-b017-a84c6c7e69ce,0,Does Not Provide This Service,0,Does Not Provide This Service,0,Does Not Provide This Service
e6906f06-40f5-4190-98a9-8ff363301ac0,0,Does Not Provide This Service,0,Does Not Provide This Service,0,Does Not Provide This Service
e695a4e8-e57c-49b7-803c-3d22df67f47a,2,Potentially Available,0,Does Not Provide This Service,0,Does Not Provide This Service
e698589e-10ff-447a-b155-b83c4bef64b3,2,Potentially Available,0,Does Not Provide This Service,0,Does Not Provide This Service
e69f85ce-c331-4e54-8de0-40de055188ce,0,Does Not Provide This Service,0,Does Not Provide This Service,0,Does Not Provide This Service
e6adbea6-3c75-41ba-a366-f3d0150b9ad6,2,Potentially Available,0,Does Not Provide This Service,0,Does Not Provide This Service
e6c4ba96-679b-4008-bfc2-798e3eab25e7,0,Does Not Provide This Service,0,Does Not Provide This Service,0,Does Not Provide This Service
e6ed6820-29c8-4eaa-9025-1eac195b42ba,0,Does Not Provide This Service,0,Does Not Provide This Service,0,Does Not Provide This Service
e6f3b882-6331-4645-b6c7-dad45cdb1a5f,2,Potentially Available,0,Does Not Provide This Service,0,Does Not Provide This Service
e6fcb14a-21bc-4749-9960-a7259a89e1b4,2,Potentially Available,0,Does Not Provide This Service,0,Does Not Provide This Service
e704571b-a19d-4879-92a3-1b48fc6e19f3,2,Potentially Available,0,Does Not Provide This Service,0,Does Not Provide This Service
e70c933d-aa50-492c-a48d-85e714b2e47f,0,Does Not Provide This Service,0,Does Not Provide This Service,0,Does Not Provide This Service
e7138d61-56b0-4588-aaa6-ccc51bde369a,2,Potentially Available,0,Does Not Provide This Service,0,Does Not Provide This Service
e7213005-e581-4d5b-8dfd-e646f5dad7db,2,Potentially Available,0,Does Not Provide This Service,0,Does Not Provide This Service
e72f8258-f51f-45f6-997d-0977355426d8,2,Potentially Available,0,Does Not Provide This Service,0,Does Not Provide This Service
e730ba89-293b-4d5d-9a6a-4e9fd367ab81,2,Potentially Available,0,Does Not Provide This Service,0,Does Not Provide This Service
e73bdcf3-d1d2-49d9-b377-448725d68b74,0,Does Not Provide This Service,0,Does Not Provide This Service,0,Does Not Provide This Service
e73e5be3-7a07-4619-aa52-3639f89fb389,0,Does Not Provide This Service,0,Does Not Provide This Service,0,Does Not Provide This Service
e7402da4-f46f-44fb-a84f-a87e12be1a1b,0,Does Not Provide This Service,0,Does Not Provide This Service,0,Does Not Provide This Service
e7421f82-5974-45c4-ae30-83baddceca1d,0,Does Not Provide This Service,0,Does Not Provide This Service,0,Does Not Provide This Service
e75138cd-d4f7-4638-8be5-2ff930f406fd,0,Does Not Provide This Service,0,Does Not Provide This Service,0,Does Not Provide This Service
e75a0dc7-ecc9-4399-98eb-12bd729767d5,2,Potentially Available,0,Does Not Provide This Service,0,Does Not Provide This Service
e75f5494-0beb-4e4d-bf50-790c2866252f,0,Does Not Provide This Service,0,Does Not Provide This Service,0,Does Not Provide This Service
e76b3649-ef7d-4920-aff8-2273547b47dd,0,Does Not Provide This Service,0,Does Not Provide This Service,0,Does Not Provide This Service
e781c71d-92ac-42ad-9ea4-cb26429cbad1,2,Potentially Available,0,Does Not Provide This Service,0,Does Not Provide This Service
e78cf596-4205-44ef-b5f8-999a94faa6e3,2,Potentially Available,0,Does Not Provide This Service,0,Does Not Provide This Service
e797381f-9945-465e-9563-fed7dc87f765,2,Potentially Available,0,Does Not Provide This Service,0,Does Not Provide This Service
e7a34160-8380-4386-942a-350e4a291fc6,2,Potentially Available,0,Does Not Provide This Service,0,Does Not Provide This Service
e7b1ab3c-8206-4f3b-9720-8b23490eaff5,2,Potentially Available,0,Does Not Provide This Service,0,Does Not Provide This Service
e7b9af85-dbce-4329-a8d4-00f730863592,0,Does Not Provide This Service,0,Does Not Provide This Service,0,Does Not Provide This Service
e7b9c47b-2629-4370-80eb-858130d843a3,2,Potentially Available,0,Does Not Provide This Service,0,Does Not Provide This Service
e7bc2e3c-a9b5-445e-91de-28353a8d2cdd,2,Potentially Available,0,Does Not Provide This Service,0,Does Not Provide This Service
e7cb7058-16c8-4285-bef6-ec50940b2d16,2,Potentially Available,0,Does Not Provide This Service,0,Does Not Provide This Service
e7d0d3ca-4db7-43db-adef-27160c219c52,2,Potentially Available,0,Does Not Provide This Service,0,Does Not Provide This Service
e7d56cde-dae2-41da-86f8-d1f1706dbc1b,2,Potentially Available,0,Does Not Provide This Service,0,Does Not Provide This Service
e7dfb7c2-4b99-493b-8c4e-4d923b78b684,0,Does Not Provide This Service,0,Does Not Provide This Service,0,Does Not Provide This Service
e7f660dd-0b18-44c5-a23e-d46b08b579e0,0,Does Not Provide This Service,0,Does Not Provide This Service,0,Does Not Provide This Service
e8097439-707d-406e-b465-1e5b3605bb6a,0,Does Not Provide This Service,0,Does Not Provide This Service,0,Does Not Provide This Service
e8112642-aabc-4bee-83bc-dcf485fc9c6c,0,Does Not Provide This Service,0,Does Not Provide This Service,0,Does Not Provide This Service
e816549d-bbc0-4907-9ac9-6800d47862cc,0,Does Not Provide This Service,0,Does Not Provide This Service,0,Does Not Provide This Service
e8221d25-d775-4bd0-b019-156ae978b7f1,2,Potentially Available,0,Does Not Provide This Service,0,Does Not Provide This Service
e8230450-5a00-4f92-88b7-3e49e2873e0e,0,Does Not Provide This Service,0,Does Not Provide This Service,0,Does Not Provide This Service
e8243af6-84f3-463d-9cc6-d7b0dd15874b,2,Potentially Available,0,Does Not Provide This Service,0,Does Not Provide This Service
e82898a9-6829-40a1-ba3a-c5ee5236a424,0,Does Not Provide This Service,0,Does Not Provide This Service,0,Does Not Provide This Service
e829b18e-8727-4e4b-b5ed-6cdccf8d4a74,0,Does Not Provide This Service,0,Does Not Provide This Service,0,Does Not Provide This Service
e83fd18a-7185-4d86-ab67-ad57498f738a,2,Potentially Available,0,Does Not Provide This Service,0,Does Not Provide This Service
e843d815-9537-47d0-86a6-638706c170ce,2,Potentially Available,0,Does Not Provide This Service,0,Does Not Provide This Service
e8452bd6-f3ca-49ef-853b-5f6f79be3245,2,Potentially Available,0,Does Not Provide This Service,0,Does Not Provide This Service
e85113e7-525a-4845-911b-bd3fa50952b7,0,Does Not Provide This Service,0,Does Not Provide This Service,0,Does Not Provide This Service
e854202c-feda-4342-bf3f-29f0d35f7399,2,Potentially Available,0,Does Not Provide This Service,0,Does Not Provide This Service
e859de57-3142-4652-aa87-3ef2748590bd,0,Does Not Provide This Service,0,Does Not Provide This Service,0,Does Not Provide This Service
e867e20f-3f27-41aa-9cfe-b262356fa593,2,Potentially Available,0,Does Not Provide This Service,0,Does Not Provide This Service
e8793201-1abb-4ed6-b7d7-2dc85fcb7fd6,2,Potentially Available,0,Does Not Provide This Service,0,Does Not Provide This Service
e87bcda8-4c7f-41f5-ac6a-0bcd7edba374,0,Does Not Provide This Service,0,Does Not Provide This Service,0,Does Not Provide This Service
e88beb86-0f6d-4949-aa9b-e802063f612f,0,Does Not Provide This Service,0,Does Not Provide This Service,0,Does Not Provide This Service
e8900cc0-a70a-4992-9e86-cfcd06c6e150,2,Potentially Available,0,Does Not Provide This Service,0,Does Not Provide This Service
e893b7d0-a155-4562-832b-6aa8ee114f81,0,Does Not Provide This Service,0,Does Not Provide This Service,0,Does Not Provide This Service
e89de009-c29a-43ab-b993-f18d21a9af39,2,Potentially Available,0,Does Not Provide This Service,0,Does Not Provide This Service
e8c40647-3c23-4b02-9800-08aa93113538,2,Potentially Available,0,Does Not Provide This Service,0,Does Not Provide This Service
e8c5cd7b-5f7a-46fe-b81a-d93859c4866c,2,Potentially Available,0,Does Not Provide This Service,0,Does Not Provide This Service
e8d8d4e4-2932-4e5a-9f99-24cc192c91b8,2,Potentially Available,0,Does Not Provide This Service,0,Does Not Provide This Service
e8df5c51-7d98-4c7b-a650-8a56e18539ed,0,Does Not Provide This Service,0,Does Not Provide This Service,0,Does Not Provide This Service
e8ebbd05-8345-4bde-8439-821b2225e75b,2,Potentially Available,0,Does Not Provide This Service,0,Does Not Provide This Service
e8edb24f-a0e4-4f49-a2eb-b6dbdd874f04,2,Potentially Available,0,Does Not Provide This Service,0,Does Not Provide This Service
e90299c6-09fb-4d53-a75d-96a599e91522,2,Potentially Available,0,Does Not Provide This Service,0,Does Not Provide This Service
e908cd4e-8d22-4228-bc05-29870a5c78c4,0,Does Not Provide This Service,0,Does Not Provide This Service,0,Does Not Provide This Service
e9120787-408b-4aa8-9d25-d3536f861cbb,0,Does Not Provide This Service,0,Does Not Provide This Service,0,Does Not Provide This Service
e91593cd-3996-425d-9097-1351c0649c83,2,Potentially Available,0,Does Not Provide This Service,0,Does Not Provide This Service
e91770ce-923c-4545-95e6-c4ffc1d4a8a5,2,Potentially Available,0,Does Not Provide This Service,0,Does Not Provide This Service
e918771e-a5f9-494f-a5ac-02dcec98dfeb,0,Does Not Provide This Service,0,Does Not Provide This Service,0,Does Not Provide This Service
e91982a9-6451-4ce8-90ba-6fbada377456,2,Potentially Available,0,Does Not Provide This Service,0,Does Not Provide This Service
e91e37ce-0b7c-45c2-831d-a965b495d8ad,2,Potentially Available,0,Does Not Provide This Service,0,Does Not Provide This Service
e926baee-e5cb-4ee1-ac2b-1baaded2a586,0,Does Not Provide This Service,0,Does Not Provide This Service,0,Does Not Provide This Service
e92a9811-00b2-4068-b65b-c879ad6c59cb,2,Potentially Available,0,Does Not Provide This Service,0,Does Not Provide This Service
e92cd0de-dd08-4829-8afe-de7863adcc35,0,Does Not Provide This Service,0,Does Not Provide This Service,0,Does Not Provide This Service
e934b1b5-ab7d-4d8e-a917-0bcde006e6fa,2,Potentially Available,0,Does Not Provide This Service,0,Does Not Provide This Service
e95a8640-8fcf-4543-9430-65014e287ca7,2,Potentially Available,0,Does Not Provide This Service,0,Does Not Provide This Service
e970bbc8-7f0d-44f3-b2b0-0d2a38030456,2,Potentially Available,0,Does Not Provide This Service,0,Does Not Provide This Service
e97947b0-a945-46a4-8e44-68d6ba6baa3a,0,Does Not Provide This Service,0,Does Not Provide This Service,0,Does Not Provide This Service
e982e7e5-7c06-4a5a-a072-18551ba53f5d,0,Does Not Provide This Service,0,Does Not Provide This Service,0,Does Not Provide This Service
e98ff8b4-5e02-48d8-8257-9cbef4438766,0,Does Not Provide This Service,0,Does Not Provide This Service,0,Does Not Provide This Service
e99ae3c3-7204-4680-9829-b875b8abfda9,0,Does Not Provide This Service,0,Does Not Provide This Service,0,Does Not Provide This Service
e9a31cce-ddde-4c03-881b-486d44d6c626,2,Potentially Available,0,Does Not Provide This Service,0,Does Not Provide This Service
e9a39f1a-80c3-48ff-8a87-a8c82e5a02d5,2,Potentially Available,0,Does Not Provide This Service,0,Does Not Provide This Service
e9abe75c-2ab2-4d2f-a355-eabdeab149b3,2,Potentially Available,0,Does Not Provide This Service,0,Does Not Provide This Service
e9c3501d-eb3f-42d2-a3d1-23cbe8a6f40d,0,Does Not Provide This Service,0,Does Not Provide This Service,2,Potentially Available
e9d5a41d-3d7a-43e2-90d7-07ecfa826aad,0,Does Not Provide This Service,0,Does Not Provide This Service,0,Does Not Provide This Service
e9d7aaf3-5103-4ecc-b2a5-0881882efc2a,2,Potentially Available,0,Does Not Provide This Service,0,Does Not Provide This Service
e9d9faaa-6e6e-4fc6-a5b3-e016517408e0,2,Potentially Available,0,Does Not Provide This Service,0,Does Not Provide This Service
e9e17a3e-51ca-4967-b24e-d000843a9a08,0,Does Not Provide This Service,0,Does Not Provide This Service,0,Does Not Provide This Service
e9e4e21f-b65f-4a95-acf5-7262c100cf3a,2,Potentially Available,0,Does Not Provide This Service,0,Does Not Provide This Service
e9ec9901-98d6-4175-86b6-b8355778ea3b,2,Potentially Available,0,Does Not Provide This Service,0,Does Not Provide This Service
ea1e1085-00cb-4c1c-84b9-35c9803787b3,0,Does Not Provide This Service,0,Does Not Provide This Service,0,Does Not Provide This Service
ea282dca-4d99-4354-8339-0a2085b681c5,2,Potentially Available,0,Does Not Provide This Service,0,Does Not Provide This Service
ea2a8dea-361f-4578-acf6-174ab2e52443,0,Does Not Provide This Service,0,Does Not Provide This Service,0,Does Not Provide This Service
ea2d31ee-48bf-45ff-b69a-56fb99e7e10e,2,Potentially Available,0,Does Not Provide This Service,0,Does Not Provide This Service
ea61960f-ae46-4e95-81e1-7f41ed0578d5,0,Does Not Provide This Service,0,Does Not Provide This Service,0,Does Not Provide This Service
ea68a763-810e-4a5b-8bf8-073631810b63,2,Potentially Available,0,Does Not Provide This Service,0,Does Not Provide This Service
ea6c853f-5e16-4b88-9ae6-b81647312988,0,Does Not Provide This Service,0,Does Not Provide This Service,0,Does Not Provide This Service
ea9581fd-3f3b-4e82-8973-fca2b82a3eaf,2,Potentially Available,0,Does Not Provide This Service,0,Does Not Provide This Service
eaa107f3-9afb-4ec7-9033-4dcad00afdc9,0,Does Not Provide This Service,0,Does Not Provide This Service,0,Does Not Provide This Service
eaa1475a-e140-4c68-b7ff-9f3e2523d0ca,0,Does Not Provide This Service,0,Does Not Provide This Service,0,Does Not Provide This Service
eaa2df88-ad37-4d8e-89f2-c13124294653,0,Does Not Provide This Service,0,Does Not Provide This Service,0,Does Not Provide This Service
eaa352f2-e78b-4b56-b47e-e5ae8547add9,2,Potentially Available,0,Does Not Provide This Service,0,Does Not Provide This Service
eabd807b-526c-416b-9769-a792bd4a09bd,2,Potentially Available,0,Does Not Provide This Service,0,Does Not Provide This Service
eac4b736-314a-4982-b975-ef9eab9de807,0,Does Not Provide This Service,0,Does Not Provide This Service,0,Does Not Provide This Service
eac8d83a-f4dd-4a2a-be35-2a9ef4cdd6be,2,Potentially Available,0,Does Not Provide This Service,0,Does Not Provide This Service
eacb118d-e2e0-4609-8995-604a156008e5,0,Does Not Provide This Service,0,Does Not Provide This Service,0,Does Not Provide This Service
eace7a81-44ae-4c77-9100-a6be39aedffe,2,Potentially Available,0,Does Not Provide This Service,0,Does Not Provide This Service
eacf1dd3-85f2-4dae-8e9f-7e35441b9426,0,Does Not Provide This Service,0,Does Not Provide This Service,0,Does Not Provide This Service
eaebc59e-40d1-4061-938b-e213f4ac723c,2,Potentially Available,0,Does Not Provide This Service,0,Does Not Provide This Service
eaee280d-abfe-4708-ae1f-eb9abbc2a911,0,Does Not Provide This Service,0,Does Not Provide This Service,0,Does Not Provide This Service
eb121706-9510-4133-925e-b1e1eed46e69,2,Potentially Available,0,Does Not Provide This Service,0,Does Not Provide This Service
eb225262-bf7b-47d1-8e0f-49ec611de4b1,2,Potentially Available,0,Does Not Provide This Service,0,Does Not Provide This Service
eb30670c-f92f-4966-a5ba-b2de39a75db1,2,Potentially Available,0,Does Not Provide This Service,0,Does Not Provide This Service
eb3a4e7d-83f5-4dc7-a25c-375a8e92b27c,2,Potentially Available,0,Does Not Provide This Service,0,Does Not Provide This Service
eb3f676b-18c8-49a4-ae05-48be5e97dbff,2,Potentially Available,0,Does Not Provide This Service,0,Does Not Provide This Service
eb443b7e-a43a-4004-843f-3b374a93b6ac,2,Potentially Available,0,Does Not Provide This Service,0,Does Not Provide This Service
eb4a1fda-eacd-40f9-8798-456600cc5b51,2,Potentially Available,3,Constrained by Size,0,Does Not Provide This Service
eb4f0695-e2a5-4c18-8431-fc5645d3120a,0,Does Not Provide This Service,0,Does Not Provide This Service,0,Does Not Provide This Service
eb51022e-f4ab-447f-95c3-f0f0fb0d299f,2,Potentially Available,0,Does Not Provide This Service,0,Does Not Provide This Service
eb651712-f24a-4551-aeae-05d179fccc2b,2,Potentially Available,0,Does Not Provide This Service,0,Does Not Provide This Service
eb68e52a-e81e-442b-939d-f3fabbb61a3e,2,Potentially Available,0,Does Not Provide This Service,0,Does Not Provide This Service
eb788f2a-7f51-4c0c-8013-a882b63c097f,0,Does Not Provide This Service,0,Does Not Provide This Service,0,Does Not Provide This Service
eb79a2df-e650-4fb1-a713-35c59c52594f,2,Potentially Available,0,Does Not Provide This Service,0,Does Not Provide This Service
eb7b9296-8354-4a37-8cbd-6567b5689e7f,2,Potentially Available,0,Does Not Provide This Service,0,Does Not Provide This Service
eb855a05-aa05-47c8-a7dc-0108a417c30c,2,Potentially Available,0,Does Not Provide This Service,0,Does Not Provide This Service
eb8b1e4d-b599-4f0c-8460-e71838990b75,2,Potentially Available,0,Does Not Provide This Service,0,Does Not Provide This Service
eb981600-0c6b-4842-8762-893d02accba0,0,Does Not Provide This Service,0,Does Not Provide This Service,0,Does Not Provide This Service
eb9f8295-f48c-4d7e-90ce-6cd78f4544af,0,Does Not Provide This Service,0,Does Not Provide This Service,0,Does Not Provide This Service
ebbb5758-add9-49c7-89e1-a99a75f0e7f9,1,Likely Available,1,Likely Available,0,Does Not Provide This Service
ebcf9e73-f482-44cd-b4fe-2e318b7e9561,2,Potentially Available,0,Does Not Provide This Service,0,Does Not Provide This Service
ebdd6845-3be1-43a7-b4e0-8cd3342e254d,0,Does Not Provide This Service,0,Does Not Provide This Service,0,Does Not Provide This Service
ebdd908c-ea23-4cc6-92ac-77428781cfde,2,Potentially Available,0,Does Not Provide This Service,0,Does Not Provide This Service
ebe40ab7-8169-4e2b-8848-a4eb2d2f8974,0,Does Not Provide This Service,0,Does Not Provide This Service,1,Likely Available
ec04bd4e-bd62-4865-9281-56f09b2b1c45,0,Does Not Provide This Service,0,Does Not Provide This Service,0,Does Not Provide This Service
ec0af03c-623b-49b4-b82b-f74bb3638abc,2,Potentially Available,0,Does Not Provide This Service,0,Does Not Provide This Service
ec195d36-4d1e-44c8-8475-b2f5002de768,2,Potentially Available,0,Does Not Provide This Service,0,Does Not Provide This Service
ec21c53d-ead4-40df-9b44-1502d1286a4f,0,Does Not Provide This Service,0,Does Not Provide This Service,0,Does Not Provide This Service
ec43eaf3-a6d8-4113-84c5-697369e9f300,2,Potentially Available,0,Does Not Provide This Service,0,Does Not Provide This Service
ec4fc6be-db2d-4122-b8d3-00cacea2e1a9,0,Does Not Provide This Service,0,Does Not Provide This Service,0,Does Not Provide This Service
ec54c826-4c61-41f4-b0f2-852ba074fadf,0,Does Not Provide This Service,0,Does Not Provide This Service,0,Does Not Provide This Service
ec5a6cb5-c370-4454-aab2-66467445f1a3,0,Does Not Provide This Service,0,Does Not Provide This Service,0,Does Not Provide This Service
ec5f3bcb-642a-4ea1-97dd-fb1b1c345a7c,2,Potentially Available,0,Does Not Provide This Service,0,Does Not Provide This Service
ec686440-31c9-489e-b28b-0fb2ecc2afac,0,Does Not Provide This Service,0,Does Not Provide This Service,0,Does Not Provide This Service
ec6ea898-5ec4-4939-991b-a55fca012404,0,Does Not Provide This Service,0,Does Not Provide This Service,0,Does Not Provide This Service
ec8747a2-7009-4645-8b11-97a7382751e6,0,Does Not Provide This Service,0,Does Not Provide This Service,0,Does Not Provide This Service
ec97bbf3-a104-4ccc-8e6b-c9c1b424175e,2,Potentially Available,0,Does Not Provide This Service,0,Does Not Provide This Service
eca4049d-a5ab-4f5f-9659-8973ab36407c,0,Does Not Provide This Service,0,Does Not Provide This Service,1,Likely Available
ecb51ef1-1666-4cba-adfb-acbd08de2c4d,0,Does Not Provide This Service,0,Does Not Provide This Service,0,Does Not Provide This Service
ecb7b668-f0c5-4a64-9506-aeb721b636e8,0,Does Not Provide This Service,0,Does Not Provide This Service,0,Does Not Provide This Service
ecb9c981-0691-4187-99af-40421e4d0177,2,Potentially Available,0,Does Not Provide This Service,0,Does Not Provide This Service
ecba35d6-d6be-447c-8d8a-117a7eaa7c48,2,Potentially Available,0,Does Not Provide This Service,0,Does Not Provide This Service
ecc36add-30ac-42b4-af30-dc5cb0580605,2,Potentially Available,0,Does Not Provide This Service,0,Does Not Provide This Service
ecc97aef-dd07-4ebd-ab87-01115b9dd4fc,0,Does Not Provide This Service,0,Does Not Provide This Service,0,Does Not Provide This Service
ecd8a541-6dd4-4eaf-9761-32f9aa88cc27,2,Potentially Available,0,Does Not Provide This Service,0,Does Not Provide This Service
ecd8c0bf-8648-4a78-9641-7c449369183b,0,Does Not Provide This Service,0,Does Not Provide This Service,0,Does Not Provide This Service
ece18dc3-c206-4db9-860c-ebf009660551,0,Does Not Provide This Service,0,Does Not Provide This Service,0,Does Not Provide This Service
ece478af-0dd3-464f-a3e8-d2a0dc97f796,2,Potentially Available,0,Does Not Provide This Service,0,Does Not Provide This Service
eceeedbe-1c61-42ea-9e3f-a223d47f9436,2,Potentially Available,0,Does Not Provide This Service,0,Does Not Provide This Service
ecf9491e-70f1-418b-9fd8-045f8803a20d,0,Does Not Provide This Service,1,Likely Available,0,Does Not Provide This Service
ed1a0f42-de64-4406-8cc4-1df6dbba0017,2,Potentially Available,0,Does Not Provide This Service,0,Does Not Provide This Service
ed2d9bd2-7ce7-494a-b155-f84b930e9c5f,0,Does Not Provide This Service,0,Does Not Provide This Service,0,Does Not Provide This Service
ed3b0084-6ba0-4555-97f8-93877d6af565,0,Does Not Provide This Service,0,Does Not Provide This Service,0,Does Not Provide This Service
ed40d7b4-aca0-49e4-976b-9a185ac7cd1e,2,Potentially Available,0,Does Not Provide This Service,0,Does Not Provide This Service
ed4b0093-ec95-4fc8-9423-55b6f344219d,2,Potentially Available,0,Does Not Provide This Service,0,Does Not Provide This Service
ed528862-65d9-4276-9d60-cd0e113a8aa8,0,Does Not Provide This Service,0,Does Not Provide This Service,4,Constrained by Market
ed53a002-c8b8-44a0-969e-f36c2ada4adb,0,Does Not Provide This Service,0,Does Not Provide This Service,0,Does Not Provide This Service
ed6715cc-42ff-4923-9040-df35437a61d5,0,Does Not Provide This Service,0,Does Not Provide This Service,0,Does Not Provide This Service
ed8674c3-b991-4c2a-ab70-79ba2a7da6f9,0,Does Not Provide This Service,0,Does Not Provide This Service,0,Does Not Provide This Service
ed89a347-f056-4dd1-a51f-c97e5538bc29,2,Potentially Available,0,Does Not Provide This Service,0,Does Not Provide This Service
ed8b4c18-5ec9-4aaf-8934-2decd53636e7,0,Does Not Provide This Service,0,Does Not Provide This Service,0,Does Not Provide This Service
eda6f2c2-6838-4103-995a-50cedaea8668,2,Potentially Available,0,Does Not Provide This Service,0,Does Not Provide This Service
edc6afad-f8d4-47f8-bc6b-ff9d6144c7e9,0,Does Not Provide This Service,0,Does Not Provide This Service,5,Highly Constrained
edcd9efa-b4f4-4cf8-bf9e-7a912b843a30,2,Potentially Available,0,Does Not Provide This Service,0,Does Not Provide This Service
edcdae62-7002-4f36-9e81-cbc793416007,2,Potentially Available,0,Does Not Provide This Service,0,Does Not Provide This Service
edd291ef-ddb1-4fb1-bbf1-485a1df254d6,2,Potentially Available,0,Does Not Provide This Service,0,Does Not Provide This Service
edd738b3-cb58-4a64-afcb-0c88be5edb27,0,Does Not Provide This Service,0,Does Not Provide This Service,0,Does Not Provide This Service
edddbaf4-8181-48f9-a4f4-d371ba3b5789,0,Does Not Provide This Service,0,Does Not Provide This Service,0,Does Not Provide This Service
eddee6a3-f3d9-4991-8952-3b00c54eafe4,2,Potentially Available,0,Does Not Provide This Service,0,Does Not Provide This Service
eddfaea9-115b-479d-ac21-c8f1c428712e,2,Potentially Available,0,Does Not Provide This Service,0,Does Not Provide This Service
edea817c-4936-4bda-89ab-d7429a7f066c,2,Potentially Available,0,Does Not Provide This Service,0,Does Not Provide This Service
edf46058-e763-40cc-98b0-21ace1e641ce,2,Potentially Available,0,Does Not Provide This Service,0,Does Not Provide This Service
ee102d6e-44dc-4fa1-836d-01615131201f,2,Potentially Available,0,Does Not Provide This Service,0,Does Not Provide This Service
ee143d62-612d-438c-9d19-4fa96c13509f,2,Potentially Available,0,Does Not Provide This Service,0,Does Not Provide This Service
ee167ada-f87a-4755-9382-736e2af1ed49,0,Does Not Provide This Service,0,Does Not Provide This Service,0,Does Not Provide This Service
ee4a4f87-810a-441e-92ae-4ac5ff5d2ed3,2,Potentially Available,0,Does Not Provide This Service,0,Does Not Provide This Service
ee55428c-7ece-4973-beff-4f95be441b2c,2,Potentially Available,0,Does Not Provide This Service,0,Does Not Provide This Service
ee5ebd03-1f34-4dea-b0c5-ab3cc13ef31c,0,Does Not Provide This Service,0,Does Not Provide This Service,0,Does Not Provide This Service
ee76abf2-2cb0-4d69-bee1-c5499d59847c,2,Potentially Available,0,Does Not Provide This Service,0,Does Not Provide This Service
ee8251b5-9821-430a-be5c-b3e7393c7b9d,0,Does Not Provide This Service,0,Does Not Provide This Service,0,Does Not Provide This Service
ee9a834a-8ca5-497f-9075-80d2fd8cd69e,0,Does Not Provide This Service,0,Does Not Provide This Service,0,Does Not Provide This Service
ee9b5470-da60-459f-b07c-a42648610bc3,0,Does Not Provide This Service,0,Does Not Provide This Service,0,Does Not Provide This Service
eeb783bc-54eb-4871-ba3d-b21f9d0c25b3,0,Does Not Provide This Service,0,Does Not Provide This Service,0,Does Not Provide This Service
eebceca2-e04e-4cbf-b5a8-3863f23525ef,0,Does Not Provide This Service,0,Does Not Provide This Service,0,Does Not Provide This Service
eec49c97-e8c8-4a8d-9e83-80cad11dfed2,2,Potentially Available,0,Does Not Provide This Service,0,Does Not Provide This Service
eeedfeaf-e676-4f8f-95ea-fbd123b073d2,0,Does Not Provide This Service,0,Does Not Provide This Service,0,Does Not Provide This Service
ef0a9a9b-cc9a-4941-9799-8b74c57dbe4d,2,Potentially Available,0,Does Not Provide This Service,0,Does Not Provide This Service
ef15af3f-6c74-40b0-9ee3-e3be63834602,2,Potentially Available,0,Does Not Provide This Service,0,Does Not Provide This Service
ef32aee7-8ca5-41a0-8dcf-bbaf22e171e9,0,Does Not Provide This Service,0,Does Not Provide This Service,5,Highly Constrained
ef40459b-3bb6-4ddb-9ed8-f10f039db243,2,Potentially Available,0,Does Not Provide This Service,0,Does Not Provide This Service
ef40bf69-ba65-4759-bd4f-5a50eeeeceaa,0,Does Not Provide This Service,0,Does Not Provide This Service,0,Does Not Provide This Service
ef48edb8-fdb2-4968-a560-e5656d72b533,0,Does Not Provide This Service,0,Does Not Provide This Service,0,Does Not Provide This Service
ef4c2099-d4c3-4f50-8e90-8df71a61aabc,2,Potentially Available,0,Does Not Provide This Service,0,Does Not Provide This Service
ef65d4cb-0480-47f2-90e0-151d1ea13a95,2,Potentially Available,0,Does Not Provide This Service,0,Does Not Provide This Service
ef69ea88-97d8-4ae8-914c-e8fd0bbd8a61,2,Potentially Available,0,Does Not Provide This Service,0,Does Not Provide This Service
ef95b799-4969-4d9f-a0d6-46dbcbfc52f4,0,Does Not Provide This Service,0,Does Not Provide This Service,0,Does Not Provide This Service
ef9a2e6d-f305-454a-bd67-0b3e3b91e25f,2,Potentially Available,0,Does Not Provide This Service,0,Does Not Provide This Service
efa61888-01ed-43a3-8355-164caa8c9342,2,Potentially Available,0,Does Not Provide This Service,0,Does Not Provide This Service
efa6d11f-e398-46e7-afcc-3881de9b9b72,0,Does Not Provide This Service,0,Does Not Provide This Service,0,Does Not Provide This Service
efacb7de-d61d-4713-a62e-4b8504e678f2,2,Potentially Available,0,Does Not Provide This Service,0,Does Not Provide This Service
efbe40c8-f1b0-4245-86e7-dc38998cf089,2,Potentially Available,0,Does Not Provide This Service,0,Does Not Provide This Service
efc7ee81-9795-451b-9a15-627ce59d8cd5,2,Potentially Available,0,Does Not Provide This Service,0,Does Not Provide This Service
efd31925-0bdb-4ba5-ac44-5410eaded68e,2,Potentially Available,0,Does Not Provide This Service,0,Does Not Provide This Service
efdb4c1c-0415-43c8-9815-ddb2316499ec,2,Potentially Available,0,Does Not Provide This Service,0,Does Not Provide This Service
efde0c5f-73b6-4cb5-b813-f99c4f695502,0,Does Not Provide This Service,0,Does Not Provide This Service,0,Does Not Provide This Service
efe33565-61b1-4a42-bd9e-fe35b2ccf3ef,0,Does Not Provide This Service,0,Does Not Provide This Service,0,Does Not Provide This Service
efe57174-ad81-4345-97df-3f08ffe4b516,2,Potentially Available,0,Does Not Provide This Service,0,Does Not Provide This Service
f01e1029-922c-4d47-8d37-bba8b74f9f29,0,Does Not Provide This Service,0,Does Not Provide This Service,0,Does Not Provide This Service
f02568c9-bbbe-4596-97d4-4900f9ac23c0,0,Does Not Provide This Service,0,Does Not Provide This Service,0,Does Not Provide This Service
f0261f2d-b47f-484d-8d87-070e63597494,0,Does Not Provide This Service,0,Does Not Provide This Service,0,Does Not Provide This Service
f02635dd-a4db-46e6-ab6f-17bf788f62ea,2,Potentially Available,0,Does Not Provide This Service,0,Does Not Provide This Service
f02f3c03-87e9-4795-a507-43c5b08c9237,0,Does Not Provide This Service,0,Does Not Provide This Service,1,Likely Available
f037574c-17e6-4165-9c8f-222f98f41d3e,0,Does Not Provide This Service,0,Does Not Provide This Service,0,Does Not Provide This Service
f06cef0f-713e-4d6c-9681-8d6afee11414,0,Does Not Provide This Service,0,Does Not Provide This Service,0,Does Not Provide This Service
f077912c-52fe-4a6c-98c3-3808ffd32be2,2,Potentially Available,0,Does Not Provide This Service,0,Does Not Provide This Service
f086928b-c87c-4d01-8745-38e53b3995aa,2,Potentially Available,0,Does Not Provide This Service,0,Does Not Provide This Service
f08de9c1-d124-49f9-b80d-16ddf1ef29c8,0,Does Not Provide This Service,0,Does Not Provide This Service,0,Does Not Provide This Service
f09a0ad6-c70c-4ede-9e39-fc9f4a9e19df,2,Potentially Available,0,Does Not Provide This Service,0,Does Not Provide This Service
f0a39314-0f36-4fc0-bbda-ed15e391f4d9,2,Potentially Available,0,Does Not Provide This Service,0,Does Not Provide This Service
f0a5e067-8725-4faa-830e-ae3333264fe2,2,Potentially Available,0,Does Not Provide This Service,0,Does Not Provide This Service
f0b77a37-9dd2-402d-bf8b-1bb1816a9e68,0,Does Not Provide This Service,0,Does Not Provide This Service,0,Does Not Provide This Service
f0baedaf-b646-40b6-914c-383b08745a29,0,Does Not Provide This Service,0,Does Not Provide This Service,0,Does Not Provide This Service
f0d608d2-0678-4751-91f5-367ac5820cca,0,Does Not Provide This Service,0,Does Not Provide This Service,0,Does Not Provide This Service
f0e98998-5be6-407b-b44a-fe13d67b6a5a,0,Does Not Provide This Service,0,Does Not Provide This Service,0,Does Not Provide This Service
f0ea65b2-e09d-413f-b228-e5f05d3a4d01,0,Does Not Provide This Service,0,Does Not Provide This Service,0,Does Not Provide This Service
f0f10780-51d5-4203-b516-1555d7cce92d,2,Potentially Available,0,Does Not Provide This Service,0,Does Not Provide This Service
f0f266bb-6862-4dec-ad2c-f089410284bb,2,Potentially Available,0,Does Not Provide This Service,0,Does Not Provide This Service
f1032e3b-aac8-4809-8847-b3cc3f39187d,2,Potentially Available,0,Does Not Provide This Service,0,Does Not Provide This Service
f10db7bb-52bd-4532-b02c-fe62d2d475b2,0,Does Not Provide This Service,0,Does Not Provide This Service,0,Does Not Provide This Service
f13a217e-e892-4f0f-a35a-311b1f754985,2,Potentially Available,0,Does Not Provide This Service,0,Does Not Provide This Service
f13e42f8-7008-4172-a767-6c47e0a981c7,2,Potentially Available,0,Does Not Provide This Service,0,Does Not Provide This Service
f145c509-7d9f-48fa-a5a6-73669cad151d,2,Potentially Available,0,Does Not Provide This Service,0,Does Not Provide This Service
f1472014-879d-494e-a99d-3ca385e9e6e5,2,Potentially Available,0,Does Not Provide This Service,0,Does Not Provide This Service
f16cba75-d2a8-4735-8c9e-eb8f891729bd,2,Potentially Available,0,Does Not Provide This Service,0,Does Not Provide This Service
f17cf10f-7ed5-49e6-aff2-6d62d903d8c4,0,Does Not Provide This Service,0,Does Not Provide This Service,5,Highly Constrained
f1968d40-1433-41fa-9a72-fa691f1a7813,2,Potentially Available,0,Does Not Provide This Service,0,Does Not Provide This Service
f198bcfd-1007-4838-bb4b-029eff76c862,0,Does Not Provide This Service,0,Does Not Provide This Service,0,Does Not Provide This Service
f19b6ea4-471b-472d-b140-60b72bc4aa6c,2,Potentially Available,0,Does Not Provide This Service,0,Does Not Provide This Service
f19f7f22-c8a2-4499-b464-f0a79c6d15c1,2,Potentially Available,0,Does Not Provide This Service,0,Does Not Provide This Service
f1bd8411-7d2a-475b-8f3e-d4bc70bffcc0,0,Does Not Provide This Service,0,Does Not Provide This Service,0,Does Not Provide This Service
f1c33506-c972-4e2d-8080-4119b4edf15d,0,Does Not Provide This Service,0,Does Not Provide This Service,0,Does Not Provide This Service
f1cb0264-a517-482d-a248-aeb61d61e148,0,Does Not Provide This Service,0,Does Not Provide This Service,0,Does Not Provide This Service
f1cdca00-7c48-416f-aa0b-8db5218525e6,2,Potentially Available,0,Does Not Provide This Service,0,Does Not Provide This Service
f1d62407-bf5c-4cb7-82ff-debf437dc4b0,2,Potentially Available,0,Does Not Provide This Service,0,Does Not Provide This Service
f1d7dcbb-7789-43b8-a6e4-36f9151ba913,0,Does Not Provide This Service,4,Constrained by Market,0,Does Not Provide This Service
f1e8d40f-1893-4e14-a6a4-8bb82a0c1714,0,Does Not Provide This Service,0,Does Not Provide This Service,0,Does Not Provide This Service
f20842bf-fded-48d7-910b-abc37229afbb,2,Potentially Available,0,Does Not Provide This Service,0,Does Not Provide This Service
f20fcd73-6783-4e19-b010-e19f9890f2d7,0,Does Not Provide This Service,0,Does Not Provide This Service,0,Does Not Provide This Service
f21c6735-370a-4209-a3f8-178fd11f5a22,2,Potentially Available,0,Does Not Provide This Service,0,Does Not Provide This Service
f21e9a52-b0e7-42cf-aadb-e15083d69e44,2,Potentially Available,0,Does Not Provide This Service,0,Does Not Provide This Service
f231f925-f5b9-4130-8e6f-5da354f4cf13,1,Likely Available,0,Does Not Provide This Service,0,Does Not Provide This Service
f23f4ca1-45c0-4caa-a443-979ca1f39248,0,Does Not Provide This Service,0,Does Not Provide This Service,0,Does Not Provide This Service
f24987bb-ca12-45ae-9e7f-deb3da831bea,2,Potentially Available,0,Does Not Provide This Service,0,Does Not Provide This Service
f24fe021-bedc-48c2-b6f5-ccc575f05017,2,Potentially Available,0,Does Not Provide This Service,0,Does Not Provide This Service
f2584ec2-f1d5-452f-ad21-6be8ae03784d,0,Does Not Provide This Service,0,Does Not Provide This Service,0,Does Not Provide This Service
f258eb5a-642f-4809-9890-c3e12a49ecdd,0,Does Not Provide This Service,0,Does Not Provide This Service,3,Constrained by Size
f2632072-1be1-400b-9fe3-29a62fe58169,0,Does Not Provide This Service,0,Does Not Provide This Service,0,Does Not Provide This Service
f26433c8-1fe4-42f8-ad71-be943fa1e497,2,Potentially Available,0,Does Not Provide This Service,0,Does Not Provide This Service
f278b2c2-00d4-4cea-a0e4-3ee77ad3cd58,0,Does Not Provide This Service,0,Does Not Provide This Service,0,Does Not Provide This Service
f2873765-2825-415d-89cb-4170b97f4ca3,0,Does Not Provide This Service,0,Does Not Provide This Service,0,Does Not Provide This Service
f2a65a11-f716-44a8-9dd7-d412e2ca33ae,2,Potentially Available,0,Does Not Provide This Service,0,Does Not Provide This Service
f2bc53a8-4d88-49c3-b34d-5ad54fdbab58,2,Potentially Available,4,Constrained by Market,0,Does Not Provide This Service
f2c19c4e-2c14-43bc-8d29-c73804a8325a,2,Potentially Available,0,Does Not Provide This Service,0,Does Not Provide This Service
f2d182e5-3fe7-4036-956a-e0cedf2695bb,2,Potentially Available,0,Does Not Provide This Service,0,Does Not Provide This Service
f2d60857-aa2a-4e58-8e7a-cd8f749633e5,0,Does Not Provide This Service,0,Does Not Provide This Service,0,Does Not Provide This Service
f2d966c9-07af-4e39-8159-c613234c5bd7,0,Does Not Provide This Service,0,Does Not Provide This Service,0,Does Not Provide This Service
f2e4e889-32fc-45d5-b84b-36fd9044c720,0,Does Not Provide This Service,0,Does Not Provide This Service,0,Does Not Provide This Service
f2f096c2-60f0-41eb-b078-bb2ca822337f,2,Potentially Available,0,Does Not Provide This Service,0,Does Not Provide This Service
f2f735d5-ce7a-4b75-86db-b7a9846422ba,2,Potentially Available,0,Does Not Provide This Service,0,Does Not Provide This Service
f306117f-bbbd-447f-bdbb-e93c165dffed,0,Does Not Provide This Service,0,Does Not Provide This Service,0,Does Not Provide This Service
f32f1f0f-3705-4d0e-ab61-f95ac00bbd4e,0,Does Not Provide This Service,0,Does Not Provide This Service,0,Does Not Provide This Service
f33d5594-95d1-4431-8c2b-523123cb9b79,0,Does Not Provide This Service,0,Does Not Provide This Service,0,Does Not Provide This Service
f348bd06-5297-447e-8daf-c6b26f3e2852,2,Potentially Available,0,Does Not Provide This Service,0,Does Not Provide This Service
f35369ef-10b1-46ac-a8c9-2a66c9c91aec,0,Does Not Provide This Service,0,Does Not Provide This Service,0,Does Not Provide This Service
f35619df-fc01-46ab-91d5-67774de0f6ec,0,Does Not Provide This Service,0,Does Not Provide This Service,0,Does Not Provide This Service
f35c60af-a0e7-4c34-8c12-2f2a0769469b,0,Does Not Provide This Service,0,Does Not Provide This Service,0,Does Not Provide This Service
f367ba49-5bac-44ee-98e7-1ebebce79848,0,Does Not Provide This Service,0,Does Not Provide This Service,0,Does Not Provide This Service
f367bd99-59cd-4cd2-81bf-2929ece14837,2,Potentially Available,0,Does Not Provide This Service,0,Does Not Provide This Service
f36d2b3a-0d0c-4092-90f3-f036f7971f35,2,Potentially Available,0,Does Not Provide This Service,0,Does Not Provide This Service
f37d5bdd-5275-4c81-bb5e-18c5fbdb0ff4,0,Does Not Provide This Service,0,Does Not Provide This Service,0,Does Not Provide This Service
f3811985-c8a7-45d4-8425-5f180a7c66f7,0,Does Not Provide This Service,0,Does Not Provide This Service,0,Does Not Provide This Service
f38d8b73-2703-444d-8819-8a3b3da6a5cc,0,Does Not Provide This Service,0,Does Not Provide This Service,0,Does Not Provide This Service
f3910b68-630f-4247-9217-ec67d0f2f331,2,Potentially Available,0,Does Not Provide This Service,0,Does Not Provide This Service
f3af9293-6fef-4be1-9926-1d7e642c757b,2,Potentially Available,0,Does Not Provide This Service,0,Does Not Provide This Service
f3ca7f14-3a6d-4709-8513-68b2310bbded,2,Potentially Available,0,Does Not Provide This Service,0,Does Not Provide This Service
f40ff005-7e6d-47e0-a9fa-cfa140f3b8ae,2,Potentially Available,0,Does Not Provide This Service,0,Does Not Provide This Service
f41cbab1-b62e-4393-a867-5df6ce22bb24,0,Does Not Provide This Service,0,Does Not Provide This Service,0,Does Not Provide This Service
f42106b6-38f6-4e4e-998c-d723d2f97a05,0,Does Not Provide This Service,0,Does Not Provide This Service,0,Does Not Provide This Service
f4292ebd-211c-4b7c-a7a5-c40b43631bf1,2,Potentially Available,0,Does Not Provide This Service,0,Does Not Provide This Service
f42e2cff-58d3-4386-a3ba-6f52f604e6d0,2,Potentially Available,0,Does Not Provide This Service,0,Does Not Provide This Service
f441c89b-6dd8-44e1-ad47-b9d7c6d99743,2,Potentially Available,0,Does Not Provide This Service,0,Does Not Provide This Service
f441edd3-5ea8-402c-a2be-f8711030640c,0,Does Not Provide This Service,0,Does Not Provide This Service,0,Does Not Provide This Service
f44426ea-d638-40ef-9287-f9df3965a518,2,Potentially Available,0,Does Not Provide This Service,0,Does Not Provide This Service
f444eee1-1d91-45fe-b946-c62ab0e5bfe9,0,Does Not Provide This Service,1,Likely Available,0,Does Not Provide This Service
f469fed9-8ea7-4eb4-85a5-e781afdb938b,2,Potentially Available,0,Does Not Provide This Service,0,Does Not Provide This Service
f4730f4c-e12f-4203-b24b-09a5308fe6ba,0,Does Not Provide This Service,0,Does Not Provide This Service,0,Does Not Provide This Service
f4765eaf-688b-47db-aa0b-8190b00792aa,2,Potentially Available,0,Does Not Provide This Service,0,Does Not Provide This Service
f47e7fe0-3648-497d-9be7-1d8b21457e47,2,Potentially Available,0,Does Not Provide This Service,0,Does Not Provide This Service
f4903b05-8cfd-43e1-b5bb-430a0f428bb9,2,Potentially Available,0,Does Not Provide This Service,0,Does Not Provide This Service
f49fc237-4137-489b-b743-fce514568c84,0,Does Not Provide This Service,0,Does Not Provide This Service,0,Does Not Provide This Service
f4a31a06-6cda-4825-98d9-23dbb0471f54,2,Potentially Available,0,Does Not Provide This Service,0,Does Not Provide This Service
f4b40895-c8c0-4770-8d9c-93599cf79cea,2,Potentially Available,0,Does Not Provide This Service,0,Does Not Provide This Service
f4b6e986-9433-48c2-b087-2395b55001fd,2,Potentially Available,0,Does Not Provide This Service,0,Does Not Provide This Service
f4b85902-1d3b-49f7-ba76-f70c19d8c224,2,Potentially Available,0,Does Not Provide This Service,0,Does Not Provide This Service
f4b8ef3b-bee9-42d4-a11a-0bb610d21052,2,Potentially Available,0,Does Not Provide This Service,0,Does Not Provide This Service
f4c0dd19-a06b-4ee1-aa87-681e9cdc8e31,0,Does Not Provide This Service,0,Does Not Provide This Service,0,Does Not Provide This Service
f4cd9d6d-11c3-4f17-8748-c6ad93cb67c4,2,Potentially Available,0,Does Not Provide This Service,0,Does Not Provide This Service
f4d290ae-1f4f-4115-bcb8-adafe916e1bf,2,Potentially Available,0,Does Not Provide This Service,0,Does Not Provide This Service
f4d4ca6e-a2c9-4825-a3c1-7029076bdd48,0,Does Not Provide This Service,0,Does Not Provide This Service,0,Does Not Provide This Service
f4e5d893-7924-4058-9bec-5295998995d8,2,Potentially Available,0,Does Not Provide This Service,0,Does Not Provide This Service
f50a7296-84fd-4589-a7c4-e8044c103974,0,Does Not Provide This Service,0,Does Not Provide This Service,0,Does Not Provide This Service
f5108307-5f8b-4ef1-a065-23e23c0f51a4,0,Does Not Provide This Service,0,Does Not Provide This Service,0,Does Not Provide This Service
f519cf33-992c-40bd-a28e-027ce9dd17fa,0,Does Not Provide This Service,0,Does Not Provide This Service,0,Does Not Provide This Service
f52839f6-aad1-4530-a1b9-be65b55db10a,2,Potentially Available,5,Highly Constrained,0,Does Not Provide This Service
f53072a6-2456-4306-926b-22d07d188a33,0,Does Not Provide This Service,0,Does Not Provide This Service,0,Does Not Provide This Service
f55f45bb-90c5-47b3-987d-9d8ac6640a01,0,Does Not Provide This Service,0,Does Not Provide This Service,0,Does Not Provide This Service
f569d635-6ba6-4f7c-874f-a46186011620,0,Does Not Provide This Service,0,Does Not Provide This Service,0,Does Not Provide This Service
f57d10cc-afc7-430d-a8f1-22778dd5c77d,2,Potentially Available,0,Does Not Provide This Service,0,Does Not Provide This Service
f58db6bf-5929-4a45-a492-f02ef1f4bd18,0,Does Not Provide This Service,0,Does Not Provide This Service,0,Does Not Provide This Service
f594d9ba-c43b-4293-9e2f-8b95738ba527,2,Potentially Available,0,Does Not Provide This Service,0,Does Not Provide This Service
f5a827f1-8beb-461d-973f-1395593e1c3f,2,Potentially Available,0,Does Not Provide This Service,0,Does Not Provide This Service
f5ae7e92-b018-4777-8229-8f7b6527373a,2,Potentially Available,0,Does Not Provide This Service,0,Does Not Provide This Service
f5b06bd0-0879-4ac2-af21-b83911314dc0,2,Potentially Available,0,Does Not Provide This Service,0,Does Not Provide This Service
f5cd153b-fcc8-4f6f-bfab-36a249b2378e,2,Potentially Available,0,Does Not Provide This Service,0,Does Not Provide This Service
f5d4a44a-3ac9-4743-a46f-8ceaa8fc2e46,2,Potentially Available,0,Does Not Provide This Service,0,Does Not Provide This Service
f5dd6d67-304c-4191-867a-a03f55ecd5d8,2,Potentially Available,0,Does Not Provide This Service,0,Does Not Provide This Service
f5e5b707-3fc4-469b-9128-28e8f9dc0229,1,Likely Available,0,Does Not Provide This Service,0,Does Not Provide This Service
f5f397ab-bd9c-4434-8f12-10f2014b750b,0,Does Not Provide This Service,0,Does Not Provide This Service,0,Does Not Provide This Service
f5fb9e30-1dd8-4c5a-96f4-18357448d223,2,Potentially Available,0,Does Not Provide This Service,0,Does Not Provide This Service
f608babe-ec45-4ac8-9c82-5ec592e98767,2,Potentially Available,0,Does Not Provide This Service,0,Does Not Provide This Service
f625d9f9-eafe-43bd-bf4f-006d670248c4,2,Potentially Available,0,Does Not Provide This Service,0,Does Not Provide This Service
f634edcf-fd63-445f-a6a4-51d5b4ee46ef,2,Potentially Available,0,Does Not Provide This Service,0,Does Not Provide This Service
f6368623-3a16-475e-a106-e108d32d5e51,2,Potentially Available,0,Does Not Provide This Service,0,Does Not Provide This Service
f636c8aa-57a8-40b6-8885-e34abf7af6ff,2,Potentially Available,0,Does Not Provide This Service,0,Does Not Provide This Service
f642aa5a-5014-4e6a-81ed-2ef33412d0cf,2,Potentially Available,0,Does Not Provide This Service,0,Does Not Provide This Service
f65de2fa-4fc4-4a42-88d3-ecb755e18e4d,2,Potentially Available,0,Does Not Provide This Service,0,Does Not Provide This Service
f6677277-3001-4133-9b23-8c9246d23170,0,Does Not Provide This Service,0,Does Not Provide This Service,0,Does Not Provide This Service
f68ed86c-4a3e-4dbe-979d-63971af2f5f2,2,Potentially Available,0,Does Not Provide This Service,0,Does Not Provide This Service
f68fd721-b0bf-4f22-b8fd-59d1863683b4,0,Does Not Provide This Service,0,Does Not Provide This Service,0,Does Not Provide This Service
f6914121-c3ff-46cb-acc3-a3a5afa9e3ca,0,Does Not Provide This Service,0,Does Not Provide This Service,0,Does Not Provide This Service
f69837ee-19ea-4ae2-9bfc-de35281df85b,0,Does Not Provide This Service,0,Does Not Provide This Service,0,Does Not Provide This Service
f6a08736-0088-4957-b284-4f195e63769d,2,Potentially Available,0,Does Not Provide This Service,0,Does Not Provide This Service
f6ab8db1-fdeb-41d9-8c0e-36f8eaa23681,2,Potentially Available,0,Does Not Provide This Service,0,Does Not Provide This Service
f6b5b704-8118-4182-a2e5-2791b8fb322e,2,Potentially Available,0,Does Not Provide This Service,0,Does Not Provide This Service
f6d5722e-0a92-4fbf-8d58-384b3353a2ad,0,Does Not Provide This Service,0,Does Not Provide This Service,0,Does Not Provide This Service
f6de3a27-5048-42e5-a582-2e7efc10816a,1,Likely Available,1,Likely Available,0,Does Not Provide This Service
f6e5c3f6-26b9-45e0-ab51-c44daad61699,0,Does Not Provide This Service,0,Does Not Provide This Service,0,Does Not Provide This Service
f6e5c784-0bf7-47fd-9952-85e7864ce5c8,0,Does Not Provide This Service,0,Does Not Provide This Service,0,Does Not Provide This Service
f6f28565-1d0e-4f14-9a16-eebca20b6b4a,2,Potentially Available,0,Does Not Provide This Service,0,Does Not Provide This Service
f7051b78-dc2d-4f3d-9a3f-3c5c04ff7d89,2,Potentially Available,0,Does Not Provide This Service,0,Does Not Provide This Service
f723cbd8-f5f0-4aeb-b876-b7dda97159a7,2,Potentially Available,0,Does Not Provide This Service,0,Does Not Provide This Service
f7369bb8-a18a-4b9c-a418-bc2f7d2b093d,0,Does Not Provide This Service,0,Does Not Provide This Service,0,Does Not Provide This Service
f73d2bbf-f3af-4da6-b41f-ec9d8f8b960b,0,Does Not Provide This Service,0,Does Not Provide This Service,0,Does Not Provide This Service
f74247df-e96f-4246-9e01-3f6d2f0631c0,2,Potentially Available,0,Does Not Provide This Service,0,Does Not Provide This Service
f750a428-cea8-4899-ba25-69f769dc8fd8,0,Does Not Provide This Service,0,Does Not Provide This Service,0,Does Not Provide This Service
f7614382-a098-4482-b115-e0031e7d1c7f,0,Does Not Provide This Service,0,Does Not Provide This Service,0,Does Not Provide This Service
f781c9fd-a95e-41fa-b45f-0df5dfec5337,0,Does Not Provide This Service,0,Does Not Provide This Service,0,Does Not Provide This Service
f78be191-e17e-4b72-9d75-7285189c00b7,0,Does Not Provide This Service,0,Does Not Provide This Service,0,Does Not Provide This Service
f78cf645-ee9b-44e2-b54c-d7aa665aff04,2,Potentially Available,0,Does Not Provide This Service,0,Does Not Provide This Service
f792df7e-254e-4be4-a8e9-f41449aeee13,0,Does Not Provide This Service,0,Does Not Provide This Service,0,Does Not Provide This Service
f7a4c1cc-a3db-4641-975d-d062e18044f1,2,Potentially Available,0,Does Not Provide This Service,0,Does Not Provide This Service
f7d8aea4-d6d7-4a16-9d00-6eb6a1aa0939,2,Potentially Available,0,Does Not Provide This Service,0,Does Not Provide This Service
f7e104c4-1d89-43bc-b416-73610ddf73db,0,Does Not Provide This Service,0,Does Not Provide This Service,0,Does Not Provide This Service
f7ede5a9-9079-43f8-9aa3-a47776d6d5d6,2,Potentially Available,1,Likely Available,0,Does Not Provide This Service
f7f1c155-7b7a-4a4a-bb03-8b8dcc350f44,2,Potentially Available,0,Does Not Provide This Service,0,Does Not Provide This Service
f80cd251-eddf-4a63-ab88-351a3688913f,0,Does Not Provide This Service,0,Does Not Provide This Service,5,Highly Constrained
f814cc4e-e037-4263-a6e1-62c0e9f1a36f,0,Does Not Provide This Service,0,Does Not Provide This Service,0,Does Not Provide This Service
f818aa03-fa36-4979-af2d-67db53ad4574,0,Does Not Provide This Service,0,Does Not Provide This Service,0,Does Not Provide This Service
f81fe5e7-c6ee-4e7d-92c8-acf2d525641d,0,Does Not Provide This Service,0,Does Not Provide This Service,0,Does Not Provide This Service
f8208dda-97c1-4846-a8b2-e2baeaba7c5e,0,Does Not Provide This Service,0,Does Not Provide This Service,0,Does Not Provide This Service
f8222511-c393-4a2c-89c3-8250cad2a9e4,2,Potentially Available,0,Does Not Provide This Service,0,Does Not Provide This Service
f82d2619-4873-4ae6-bcf8-b4f0f8c2a51c,0,Does Not Provide This Service,0,Does Not Provide This Service,0,Does Not Provide This Service
f838e052-89c8-46fd-9a0c-6f0ffc75dfc0,2,Potentially Available,0,Does Not Provide This Service,0,Does Not Provide This Service
f84210c7-bad4-4c83-b2be-eb848850144d,2,Potentially Available,0,Does Not Provide This Service,0,Does Not Provide This Service
f845590e-cd71-49df-a7d4-d31e32464008,2,Potentially Available,0,Does Not Provide This Service,0,Does Not Provide This Service
f845c93a-c52b-46fb-86fa-b390cdabd4f2,2,Potentially Available,0,Does Not Provide This Service,0,Does Not Provide This Service
f8548bd8-10e9-4a1a-8d1d-d0773e9c2fa2,2,Potentially Available,0,Does Not Provide This Service,0,Does Not Provide This Service
f8872b04-973c-4c3c-950a-3148b23e481e,0,Does Not Provide This Service,0,Does Not Provide This Service,3,Constrained by Size
f8aacaf1-bd0b-4ce1-9df4-4d935f7967d5,2,Potentially Available,0,Does Not Provide This Service,0,Does Not Provide This Service
f8b40e4f-994b-4837-8fda-ecf00d9d38b8,2,Potentially Available,0,Does Not Provide This Service,0,Does Not Provide This Service
f8b4827a-fc97-4cdc-be1a-b4b145f21b2c,0,Does Not Provide This Service,0,Does Not Provide This Service,0,Does Not Provide This Service
f8b7c2f3-9641-4330-9dc8-a32ab7ba143e,2,Potentially Available,0,Does Not Provide This Service,0,Does Not Provide This Service
f8bd642d-03b1-4d21-89c5-176aefe510ee,0,Does Not Provide This Service,0,Does Not Provide This Service,0,Does Not Provide This Service
f8c35b35-bf8c-43b4-94fa-c5242864535f,0,Does Not Provide This Service,0,Does Not Provide This Service,0,Does Not Provide This Service
f9004a78-9c1e-4747-912a-39ae928a0fd8,0,Does Not Provide This Service,0,Does Not Provide This Service,0,Does Not Provide This Service
f9136406-3b73-4b40-8590-734fadf66ea8,2,Potentially Available,0,Does Not Provide This Service,0,Does Not Provide This Service
f918245f-e0af-4e44-905b-e366f3a25623,2,Potentially Available,0,Does Not Provide This Service,0,Does Not Provide This Service
f918f5db-4173-49e3-a1b3-fe0928b1d9df,2,Potentially Available,0,Does Not Provide This Service,0,Does Not Provide This Service
f932034a-9a83-4e9c-843b-ff170254e7c7,2,Potentially Available,0,Does Not Provide This Service,0,Does Not Provide This Service
f9352202-68d3-496d-ba52-88c905f0ac2e,0,Does Not Provide This Service,0,Does Not Provide This Service,0,Does Not Provide This Service
f9447ea3-91d5-4974-9613-1e8b2c664365,2,Potentially Available,0,Does Not Provide This Service,0,Does Not Provide This Service
f94a5692-af43-4af8-89da-011a08cc4d92,0,Does Not Provide This Service,0,Does Not Provide This Service,0,Does Not Provide This Service
f972d3c2-f77e-449e-9f73-3d33ee6bec62,0,Does Not Provide This Service,0,Does Not Provide This Service,2,Potentially Available
f97d5c84-974e-4b31-9cfb-bb11edfa42ca,2,Potentially Available,0,Does Not Provide This Service,0,Does Not Provide This Service
f9828fd1-ed60-4ec3-a2b4-e05c5d9081e4,2,Potentially Available,0,Does Not Provide This Service,0,Does Not Provide This Service
f98481d9-0e54-446b-a9d2-122f446edf2a,0,Does Not Provide This Service,0,Does Not Provide This Service,0,Does Not Provide This Service
f99cd454-feb8-40cd-94e1-d9eeae2e5bd8,0,Does Not Provide This Service,0,Does Not Provide This Service,5,Highly Constrained
f99da2fb-fac1-40cb-9e62-ca4fcc3da578,2,Potentially Available,0,Does Not Provide This Service,0,Does Not Provide This Service
f9a975f9-d1cf-4c50-a3ac-dee185c34a56,2,Potentially Available,0,Does Not Provide This Service,0,Does Not Provide This Service
f9af1fef-c717-4b37-9236-fe37117f0f0a,2,Potentially Available,0,Does Not Provide This Service,0,Does Not Provide This Service
f9afc9ac-6136-4b45-b404-0091839e6641,0,Does Not Provide This Service,0,Does Not Provide This Service,5,Highly Constrained
f9b1f0f8-9326-4c43-ae3f-fa2a8be4af98,0,Does Not Provide This Service,0,Does Not Provide This Service,0,Does Not Provide This Service
f9b5578f-19ba-46da-b0b3-0539f16caa67,2,Potentially Available,0,Does Not Provide This Service,0,Does Not Provide This Service
f9b85c91-45db-41b7-bef3-e6f555574b22,2,Potentially Available,0,Does Not Provide This Service,0,Does Not Provide This Service
f9bedcc6-ba8d-4d1c-958b-877ccec69146,0,Does Not Provide This Service,0,Does Not Provide This Service,0,Does Not Provide This Service
f9dc84d5-3f7f-4102-95d8-fd5f76087eb4,2,Potentially Available,0,Does Not Provide This Service,0,Does Not Provide This Service
f9e045b0-c13b-48e5-85af-d97a1fb71d7a,0,Does Not Provide This Service,0,Does Not Provide This Service,0,Does Not Provide This Service
fa06bfb7-592d-48bc-95db-aedba249ee31,2,Potentially Available,0,Does Not Provide This Service,0,Does Not Provide This Service
fa0db80f-96b5-4113-be4d-6d9898c6fd0c,0,Does Not Provide This Service,0,Does Not Provide This Service,0,Does Not Provide This Service
fa267362-e7df-40b9-ac43-79815db80bc0,2,Potentially Available,0,Does Not Provide This Service,0,Does Not Provide This Service
fa3980be-466f-483c-ad42-a4143a5087b2,0,Does Not Provide This Service,0,Does Not Provide This Service,0,Does Not Provide This Service
fa4f1821-1d2b-41d9-aedd-5dd34f9c8ce4,2,Potentially Available,0,Does Not Provide This Service,0,Does Not Provide This Service
fa53485e-2921-468d-aa40-470ed510337c,2,Potentially Available,0,Does Not Provide This Service,0,Does Not Provide This Service
fa59c587-c412-4b09-81b3-48b9af4f289e,0,Does Not Provide This Service,0,Does Not Provide This Service,0,Does Not Provide This Service
fa6399f2-d15c-4a21-9af9-d3dcccbe0575,2,Potentially Available,0,Does Not Provide This Service,0,Does Not Provide This Service
fa6b50a1-e0fb-4bd2-96a5-23d43406ccbd,2,Potentially Available,0,Does Not Provide This Service,0,Does Not Provide This Service
fa8b279d-a00e-4c7b-9380-62d2301be68b,0,Does Not Provide This Service,0,Does Not Provide This Service,0,Does Not Provide This Service
fa8b79c9-2ca9-45a8-8677-4ff97507d4ec,2,Potentially Available,0,Does Not Provide This Service,0,Does Not Provide This Service
faa57104-1b96-4b6d-979a-53cd8e8b556b,2,Potentially Available,0,Does Not Provide This Service,0,Does Not Provide This Service
faaa700d-5a70-4b1e-bc86-4485562a0e42,2,Potentially Available,0,Does Not Provide This Service,0,Does Not Provide This Service
fab1fb73-ab34-4f8f-a761-14597b3cf68f,2,Potentially Available,0,Does Not Provide This Service,0,Does Not Provide This Service
fabf8148-b152-4057-ba2f-9c670a0ec09a,2,Potentially Available,0,Does Not Provide This Service,0,Does Not Provide This Service
fac2abb8-24df-455a-b3c6-4365ac3715cb,0,Does Not Provide This Service,0,Does Not Provide This Service,0,Does Not Provide This Service
fac8292a-74fc-475e-a089-78ae0e90935c,2,Potentially Available,0,Does Not Provide This Service,0,Does Not Provide This Service
facb3a25-2d27-4f2e-94a5-d14a4a25e1a2,2,Potentially Available,0,Does Not Provide This Service,0,Does Not Provide This Service
faf22228-1b5f-4a65-846d-2f3325334140,2,Potentially Available,0,Does Not Provide This Service,0,Does Not Provide This Service
faf6b84a-d896-43cc-9462-dbcfdf27bc37,0,Does Not Provide This Service,0,Does Not Provide This Service,0,Does Not Provide This Service
fb02264f-e114-4bba-a1eb-c161febd4a42,2,Potentially Available,0,Does Not Provide This Service,0,Does Not Provide This Service
fb0c2ec4-2c24-4a6c-83b9-5e92f66e991d,0,Does Not Provide This Service,0,Does Not Provide This Service,0,Does Not Provide This Service
fb162e5e-964f-43f2-a539-1fffd2ff97e1,0,Does Not Provide This Service,0,Does Not Provide This Service,0,Does Not Provide This Service
fb18d13b-38b0-4410-88a8-9949b37a06f2,0,Does Not Provide This Service,0,Does Not Provide This Service,0,Does Not Provide This Service
fb32da9f-0729-4ed3-9a80-3d5212bf172a,2,Potentially Available,0,Does Not Provide This Service,0,Does Not Provide This Service
fb5d1837-f7f7-445c-af60-e87f318c4207,0,Does Not Provide This Service,0,Does Not Provide This Service,0,Does Not Provide This Service
fb6e836c-a652-4f52-9f77-517104bd27e1,2,Potentially Available,0,Does Not Provide This Service,0,Does Not Provide This Service
fb7ec8c1-331a-4e18-a4ec-8ea9a8f240d2,2,Potentially Available,0,Does Not Provide This Service,0,Does Not Provide This Service
fb8aed0c-8ba4-4f07-a47f-47b5cb2ae822,0,Does Not Provide This Service,0,Does Not Provide This Service,0,Does Not Provide This Service
fb8c9919-f5a9-494d-aedb-4477bd7ab104,2,Potentially Available,0,Does Not Provide This Service,0,Does Not Provide This Service
fb91d924-76fb-465c-bf29-e54782683025,0,Does Not Provide This Service,0,Does Not Provide This Service,0,Does Not Provide This Service
fb94aeff-84d7-4a77-9546-7e1f06a24664,0,Does Not Provide This Service,0,Does Not Provide This Service,0,Does Not Provide This Service
fb96947c-2669-48c9-afb8-a501b9efe98c,2,Potentially Available,0,Does Not Provide This Service,0,Does Not Provide This Service
fb98bb46-4e62-432e-8904-4b5c3f7c2ebb,1,Likely Available,1,Likely Available,0,Does Not Provide This Service
fb9a5fbe-4f9b-4c43-816e-6d28628833ba,0,Does Not Provide This Service,0,Does Not Provide This Service,0,Does Not Provide This Service
fb9a97a9-ea24-4e36-a54b-7a1aa4cb11e2,2,Potentially Available,0,Does Not Provide This Service,0,Does Not Provide This Service
fba1aa33-bf9b-4001-a4ca-023f5aac444a,0,Does Not Provide This Service,0,Does Not Provide This Service,0,Does Not Provide This Service
fbab169a-04ae-435f-a495-5d6c0c1a1e70,2,Potentially Available,0,Does Not Provide This Service,0,Does Not Provide This Service
fbb44a0c-573a-492c-bbe3-f5dac1d2ddf6,2,Potentially Available,5,Highly Constrained,0,Does Not Provide This Service
fbb66326-5d0c-483e-aad4-a8bae4c8eb0f,0,Does Not Provide This Service,0,Does Not Provide This Service,3,Constrained by Size
fbc19a71-bf78-48b1-97f1-0efe7d8d0e9b,2,Potentially Available,0,Does Not Provide This Service,0,Does Not Provide This Service
fbd02ba7-720e-4996-9b8f-954ea6d90f17,2,Potentially Available,0,Does Not Provide This Service,0,Does Not Provide This Service
fbd3fcb9-461b-40c7-bd06-bc3a2dbb9863,0,Does Not Provide This Service,0,Does Not Provide This Service,0,Does Not Provide This Service
fbe5a9c7-646a-401f-8e1d-a37be3ea22d6,0,Does Not Provide This Service,0,Does Not Provide This Service,0,Does Not Provide This Service
fbed5ef5-5180-4743-9afe-a23638ac1ce8,0,Does Not Provide This Service,0,Does Not Provide This Service,0,Does Not Provide This Service
fbff6898-30ea-47ed-8394-259cf942d02f,2,Potentially Available,0,Does Not Provide This Service,0,Does Not Provide This Service
fc25fd92-8d57-4e39-bb71-1fffa21f96fc,0,Does Not Provide This Service,0,Does Not Provide This Service,0,Does Not Provide This Service
fc29615b-043f-4243-8a45-257cd6a4162f,0,Does Not Provide This Service,0,Does Not Provide This Service,0,Does Not Provide This Service
fc3a1aa0-5367-4bda-84a3-88bd7a57d862,2,Potentially Available,0,Does Not Provide This Service,0,Does Not Provide This Service
fc3c7ca7-2b62-49a4-b006-597ab87ea5e8,0,Does Not Provide This Service,0,Does Not Provide This Service,0,Does Not Provide This Service
fc58d744-3f0d-4cb5-a6c2-2217ea213b6b,1,Likely Available,1,Likely Available,0,Does Not Provide This Service
fc5a0af4-fa15-469a-952b-94df0e2a149c,0,Does Not Provide This Service,0,Does Not Provide This Service,0,Does Not Provide This Service
fc5d3ae6-30ed-42a3-ab1c-7e275e281c81,2,Potentially Available,0,Does Not Provide This Service,0,Does Not Provide This Service
fc614a39-f183-4c43-bfe3-335fff3c4304,0,Does Not Provide This Service,0,Does Not Provide This Service,0,Does Not Provide This Service
fc65850f-6ff8-4224-95b9-b4d051c73692,0,Does Not Provide This Service,0,Does Not Provide This Service,0,Does Not Provide This Service
fc73de4a-7cef-435f-a05b-7f71f89155dc,2,Potentially Available,0,Does Not Provide This Service,0,Does Not Provide This Service
fca8cc24-b183-42ad-b31e-93b98a8c4fa5,0,Does Not Provide This Service,0,Does Not Provide This Service,0,Does Not Provide This Service
fcabb844-ef15-43ab-917b-c4e06335d26b,0,Does Not Provide This Service,0,Does Not Provide This Service,0,Does Not Provide This Service
fcd06537-dade-478f-8563-ee529c188939,0,Does Not Provide This Service,0,Does Not Provide This Service,3,Constrained by Size
fd050bea-e6aa-42ce-a09d-060e3cc31ae7,0,Does Not Provide This Service,0,Does Not Provide This Service,0,Does Not Provide This Service
fd0e0022-2b23-4813-bfcd-f12ceee13789,0,Does Not Provide This Service,0,Does Not Provide This Service,0,Does Not Provide This Service
fd2496c8-89c1-4a1b-90eb-8c5928420cad,2,Potentially Available,0,Does Not Provide This Service,0,Does Not Provide This Service
fd32381d-a0ee-4f8c-bab3-08cdae56adcd,2,Potentially Available,0,Does Not Provide This Service,0,Does Not Provide This Service
fd371717-459f-459a-883b-4615a4bf5af0,2,Potentially Available,0,Does Not Provide This Service,0,Does Not Provide This Service
fd46a7f9-5f75-41f1-a0c5-67c23d10c346,0,Does Not Provide This Service,0,Does Not Provide This Service,0,Does Not Provide This Service
fd4799c5-cb5f-4446-82bb-75fec6d370ec,0,Does Not Provide This Service,0,Does Not Provide This Service,0,Does Not Provide This Service
fd4802cc-0f5d-4273-8a19-7db711de9877,2,Potentially Available,0,Does Not Provide This Service,0,Does Not Provide This Service
fd6dcc49-1811-4f63-8e27-7a82a0d9c046,2,Potentially Available,0,Does Not Provide This Service,0,Does Not Provide This Service
fd8e3f72-680d-46a1-bbae-5f39b92b13a9,0,Does Not Provide This Service,0,Does Not Provide This Service,0,Does Not Provide This Service
fd926dcb-77e2-4759-a553-068601e0eeb8,0,Does Not Provide This Service,0,Does Not Provide This Service,0,Does Not Provide This Service
fd9bce5d-36a0-4022-bf0c-59a11c5a844c,2,Potentially Available,0,Does Not Provide This Service,0,Does Not Provide This Service
fdbac526-af7c-40b4-81fe-9f569aa33b5d,0,Does Not Provide This Service,0,Does Not Provide This Service,0,Does Not Provide This Service
fdc3631e-f63d-40f9-a57a-7daf7cf2889f,0,Does Not Provide This Service,0,Does Not Provide This Service,0,Does Not Provide This Service
fdc90aea-665e-4074-a752-fc0fad542768,2,Potentially Available,0,Does Not Provide This Service,0,Does Not Provide This Service
fdd2394f-93f9-4a77-ba89-608c8a62fcc1,0,Does Not Provide This Service,0,Does Not Provide This Service,0,Does Not Provide This Service
fddbaf68-f4ed-4d9b-93b4-b866d8bef271,0,Does Not Provide This Service,0,Does Not Provide This Service,0,Does Not Provide This Service
fde4646e-bb04-4219-b2d9-97ee132c7d2a,2,Potentially Available,0,Does Not Provide This Service,0,Does Not Provide This Service
fde539a8-ce32-4326-a764-10cac04c6ab4,2,Potentially Available,0,Does Not Provide This Service,0,Does Not Provide This Service
fded5aff-c683-43c0-8576-860bcdf10db4,0,Does Not Provide This Service,0,Does Not Provide This Service,0,Does Not Provide This Service
fdf35132-b446-45f8-b774-62244db163cc,0,Does Not Provide This Service,0,Does Not Provide This Service,0,Does Not Provide This Service
fdff8cd8-4e54-44a2-a5e7-430c22541774,2,Potentially Available,0,Does Not Provide This Service,0,Does Not Provide This Service
fe0efd82-2e06-4226-9700-5131b4a01192,0,Does Not Provide This Service,0,Does Not Provide This Service,0,Does Not Provide This Service
fe1b9111-d6d4-4783-b328-4ac1eef3e9fe,0,Does Not Provide This Service,0,Does Not Provide This Service,0,Does Not Provide This Service
fe29f50d-1ff8-45f1-912f-74b24e5993b3,2,Potentially Available,0,Does Not Provide This Service,0,Does Not Provide This Service
fe32212f-4e74-4024-8c6a-5f81de442e46,2,Potentially Available,0,Does Not Provide This Service,0,Does Not Provide This Service
fe34ac85-e06c-4ed6-8c3e-fce0d6ffe7d7,0,Does Not Provide This Service,0,Does Not Provide This Service,0,Does Not Provide This Service
fe3c04c7-2967-4e5f-a039-4ba22afc7698,2,Potentially Available,0,Does Not Provide This Service,0,Does Not Provide This Service
fe41808a-9f01-4772-944b-a1cc1ce46159,0,Does Not Provide This Service,0,Does Not Provide This Service,0,Does Not Provide This Service
fe61d039-e569-4eeb-8307-e554197d8518,2,Potentially Available,0,Does Not Provide This Service,0,Does Not Provide This Service
fe6c77d9-fb44-4c6e-8813-d7244fcdabdf,0,Does Not Provide This Service,0,Does Not Provide This Service,0,Does Not Provide This Service
fe6f1ea8-4fad-4c9e-93b6-64fd33035969,2,Potentially Available,0,Does Not Provide This Service,0,Does Not Provide This Service
fe76cc4e-0147-4386-ac16-f3eb2e2c40b8,2,Potentially Available,0,Does Not Provide This Service,0,Does Not Provide This Service
fe786fb8-5829-4874-9e0a-8a116a6afd27,2,Potentially Available,0,Does Not Provide This Service,0,Does Not Provide This Service
fe7bd3ba-c6f6-41f4-9692-a05d49b8d36c,2,Potentially Available,0,Does Not Provide This Service,0,Does Not Provide This Service
fe7c422d-5245-4d9c-92a0-5b89e0adbb26,2,Potentially Available,0,Does Not Provide This Service,0,Does Not Provide This Service
fe7dcfbc-4e16-4630-9c24-4910c9bc9742,2,Potentially Available,0,Does Not Provide This Service,0,Does Not Provide This Service
fe84b940-265d-4e4b-8fd1-7598b47cf498,2,Potentially Available,0,Does Not Provide This Service,0,Does Not Provide This Service
fe8da2f5-f603-4ba9-9c5d-cdd72a4fea52,1,Likely Available,1,Likely Available,0,Does Not Provide This Service
feb7b978-e0b9-414e-b998-836860cfb327,2,Potentially Available,0,Does Not Provide This Service,0,Does Not Provide This Service
feb948ac-add5-461b-9fa4-c13023a684aa,2,Potentially Available,0,Does Not Provide This Service,0,Does Not Provide This Service
feba42d3-1615-42af-86a5-8dacec51d082,2,Potentially Available,0,Does Not Provide This Service,0,Does Not Provide This Service
febe346e-fa60-44b2-b863-39914f1e46eb,2,Potentially Available,0,Does Not Provide This Service,0,Does Not Provide This Service
fec4cfbc-64f0-4c3c-b0c6-0ef17d3d2a7c,2,Potentially Available,0,Does Not Provide This Service,0,Does Not Provide This Service
fed5354f-54cc-4af4-ae94-633a425e0480,2,Potentially Available,0,Does Not Provide This Service,0,Does Not Provide This Service
fed9ffd6-106c-44c3-8056-613261ec8ef7,2,Potentially Available,0,Does Not Provide This Service,0,Does Not Provide This Service
fee116bf-f50b-466e-9a34-6bf61f57ee6c,2,Potentially Available,0,Does Not Provide This Service,0,Does Not Provide This Service
fee5e752-034e-4c2e-b9f3-6f6c41c62c71,0,Does Not Provide This Service,0,Does Not Provide This Service,4,Constrained by Market
feee8ab2-1eff-4062-89df-24dbf21472b2,0,Does Not Provide This Service,0,Does Not Provide This Service,0,Does Not Provide This Service
fefe7b5a-c8cb-4b30-af87-4b061fe70a8f,2,Potentially Available,0,Does Not Provide This Service,0,Does Not Provide This Service
ff1051b6-cc23-49f2-9830-4b9315ca5850,2,Potentially Available,0,Does Not Provide This Service,0,Does Not Provide This Service
ff127382-234a-43c1-a439-50fcc98a78eb,0,Does Not Provide This Service,0,Does Not Provide This Service,0,Does Not Provide This Service
ff2687d5-ab62-4031-941d-de14f1770200,0,Does Not Provide This Service,0,Does Not Provide This Service,0,Does Not Provide This Service
ff3974fc-baad-4f81-8dc9-77ce75a47aad,2,Potentially Available,0,Does Not Provide This Service,0,Does Not Provide This Service
ff4164c8-2fb2-4956-922e-a5c91835cb12,2,Potentially Available,0,Does Not Provide This Service,0,Does Not Provide This Service
ff4d0d0f-912f-4847-8c4a-c4ec745b4e5b,0,Does Not Provide This Service,0,Does Not Provide This Service,0,Does Not Provide This Service
ff4d9ea3-fc6f-486a-ae2a-d38a8a2411e0,0,Does Not Provide This Service,0,Does Not Provide This Service,0,Does Not Provide This Service
ff522b0e-ca6a-4618-9db0-32d6bc275517,2,Potentially Available,0,Does Not Provide This Service,0,Does Not Provide This Service
ff531830-575a-401c-b3aa-bce72a74100d,0,Does Not Provide This Service,0,Does Not Provide This Service,0,Does Not Provide This Service
ff570e4f-6cd7-49a6-b7ce-2fea026621e0,0,Does Not Provide This Service,0,Does Not Provide This Service,0,Does Not Provide This Service
ff5ab2b1-b33f-422a-b28e-52da2e70073f,2,Potentially Available,0,Does Not Provide This Service,0,Does Not Provide This Service
ff5dc704-106c-485e-96ed-b3b778122ce7,2,Potentially Available,0,Does Not Provide This Service,0,Does Not Provide This Service
ff6df550-9f6d-4842-8a7d-e5fad15af33d,2,Potentially Available,0,Does Not Provide This Service,0,Does Not Provide This Service
ff6e1b26-1914-4234-b139-2a8bcff78c67,2,Potentially Available,0,Does Not Provide This Service,0,Does Not Provide This Service
ff700ce2-d6f4-47a5-bd9a-ab3455aceeb7,2,Potentially Available,0,Does Not Provide This Service,0,Does Not Provide This Service
ff7a2559-568f-4518-9db6-000f9706980a,0,Does Not Provide This Service,0,Does Not Provide This Service,0,Does Not Provide This Service
ff88dc81-ee3e-4dc5-885b-f78be81ac92d,0,Does Not Provide This Service,0,Does Not Provide This Service,0,Does Not Provide This Service
ff937375-fb94-4bba-92f1-b3ebab27cfa1,2,Potentially Available,0,Does Not Provide This Service,0,Does Not Provide This Service
ff977cc4-289a-41a6-b97f-68f11c43be3c,0,Does Not Provide This Service,0,Does Not Provide This Service,0,Does Not Provide This Service
ffaa76e5-ce68-423e-84a8-75f990a06cf4,2,Potentially Available,0,Does Not Provide This Service,0,Does Not Provide This Service
ffb85444-c9f1-4ab3-a692-761d33c0b9a8,2,Potentially Available,0,Does Not Provide This Service,0,Does Not Provide This Service
ffbb113a-3f95-4c88-9fa7-f525eef0e1dc,0,Does Not Provide This Service,0,Does Not Provide This Service,0,Does Not Provide This Service
ffc2fc70-ff0c-4ec3-b34e-b1d19ee796d6,0,Does Not Provide This Service,0,Does Not Provide This Service,0,Does Not Provide This Service
ffc7c640-4dea-474e-aeed-be49bda5192a,2,Potentially Available,0,Does Not Provide This Service,0,Does Not Provide This Service
ffd084ef-79d8-44f7-a6cf-136485598a40,2,Potentially Available,0,Does Not Provide This Service,0,Does Not Provide This Service
ffd4498a-2c3a-47eb-a295-18f8ddc6c6e0,0,Does Not Provide This Service,0,Does Not Provide This Service,0,Does Not Provide This Service
ffdf7591-5e12-4636-960a-a9c6cf73b8a8,2,Potentially Available,0,Does Not Provide This Service,0,Does Not Provide This Service
