facility_id,residential_label_id,residential_label_name,home_care_label_id,home_care_label_name,restorative_care_label_id,restorative_care_label_name
001085ed-daf6-48a5-9029-ac890675c5c1,1,Likely Available,1,Likely Available,0,Does Not Provide This Service
001efff7-26d9-46e6-8a51-a8de7efe201e,4,Constrained by Market,0,Does Not Provide This Service,0,Does Not Provide This Service
0022f30c-0cc0-4ccd-a59d-4ef20a1409f7,5,Highly Constrained,0,Does Not Provide This Service,0,Does Not Provide This Service
00351956-40c3-4b61-9855-9917e3f21967,4,Constrained by Market,0,Does Not Provide This Service,0,Does Not Provide This Service
0038e720-09b6-4cef-84cc-3b6f8a634de7,5,Highly Constrained,0,Does Not Provide This Service,0,Does Not Provide This Service
00412780-fa68-4015-953f-566e2336d1de,4,Constrained by Market,0,Does Not Provide This Service,0,Does Not Provide This Service
00463b83-c852-4e50-9b04-db566711d2ce,2,Potentially Available,0,Does Not Provide This Service,0,Does Not Provide This Service
00492bb7-9142-49f7-a7c6-6504f1e17002,3,Constrained by Size,0,Does Not Provide This Service,0,Does Not Provide This Service
0063068c-0bc9-484a-bea9-dfe2e63cce63,5,Highly Constrained,0,Does Not Provide This Service,0,Does Not Provide This Service
0085f391-b605-45ea-8f33-53ce2f390230,4,Constrained by Market,0,Does Not Provide This Service,0,Does Not Provide This Service
00c4611d-8693-4e7f-a7f7-cb8d071ad97a,4,Constrained by Market,0,Does Not Provide This Service,0,Does Not Provide This Service
00e0a8b1-1443-42cc-a8d1-b3b9a6e64c19,2,Potentially Available,0,Does Not Provide This Service,0,Does Not Provide This Service
00eaf4e6-64ae-4aba-a0cd-8fc868cb4663,5,Highly Constrained,0,Does Not Provide This Service,0,Does Not Provide This Service
00ec440e-2238-4d1f-8f62-7aac929b5aee,1,Likely Available,0,Does Not Provide This Service,0,Does Not Provide This Service
00ee34db-1e22-4e18-b502-56ffd0521631,5,Highly Constrained,0,Does Not Provide This Service,0,Does Not Provide This Service
00f322eb-2cf5-459c-b799-f5ac3f7caa96,2,Potentially Available,0,Does Not Provide This Service,0,Does Not Provide This Service
0106697c-f77f-4027-9b7a-7af3735d09a4,5,Highly Constrained,0,Does Not Provide This Service,0,Does Not Provide This Service
011f2a82-57e3-485e-815d-a80dc14006fc,4,Constrained by Market,0,Does Not Provide This Service,0,Does Not Provide This Service
0124c524-72e6-4f27-aab6-11c759bdde3e,5,Highly Constrained,0,Does Not Provide This Service,0,Does Not Provide This Service
01404c1f-44be-4bdf-8c8f-58001e17f663,0,Does Not Provide This Service,0,Does Not Provide This Service,3,Constrained by Size
01949f76-9b7d-471f-b411-d7af012bf929,4,Constrained by Market,0,Does Not Provide This Service,0,Does Not Provide This Service
01b2368b-5fd7-4366-a5b3-fa07ee0295ac,4,Constrained by Market,0,Does Not Provide This Service,0,Does Not Provide This Service
01bce66f-abed-4b5e-a373-ac253a97a4e8,4,Constrained by Market,0,Does Not Provide This Service,0,Does Not Provide This Service
02118e5d-fc8d-4c7d-bfa9-ab7be81b5a67,4,Constrained by Market,0,Does Not Provide This Service,0,Does Not Provide This Service
0233808d-9f88-4878-8705-ea73a809e36c,5,Highly Constrained,0,Does Not Provide This Service,0,Does Not Provide This Service
0243a6d1-7a1f-4510-a0f6-7fbc34887340,3,Constrained by Size,0,Does Not Provide This Service,0,Does Not Provide This Service
0272dab0-4df5-4a36-b74d-96d7b1fed25f,4,Constrained by Market,0,Does Not Provide This Service,0,Does Not Provide This Service
027d9db0-ff8a-4960-9959-455f7343fced,5,Highly Constrained,0,Does Not Provide This Service,0,Does Not Provide This Service
0294b774-268c-47d1-b321-ac7e8f53867e,0,Does Not Provide This Service,0,Does Not Provide This Service,2,Potentially Available
02a88649-532a-4325-b08c-cf1d2c6fd6bd,5,Highly Constrained,0,Does Not Provide This Service,0,Does Not Provide This Service
02bdede4-d160-4498-848e-b3d58544280d,0,Does Not Provide This Service,0,Does Not Provide This Service,1,Likely Available
02c5ba6c-4d2f-424c-bca3-874c5daaccf1,0,Does Not Provide This Service,0,Does Not Provide This Service,3,Constrained by Size
02c67ec0-280f-4f82-999e-a1ad880d63d1,3,Constrained by Size,0,Does Not Provide This Service,0,Does Not Provide This Service
02e13429-de0d-4eff-b20b-cafa53e9f3ca,4,Constrained by Market,0,Does Not Provide This Service,0,Does Not Provide This Service
02e36d88-c5cf-410e-ae71-77a51a644433,5,Highly Constrained,0,Does Not Provide This Service,0,Does Not Provide This Service
02ee5089-22c9-4f4f-96a0-ff95feff5932,4,Constrained by Market,0,Does Not Provide This Service,0,Does Not Provide This Service
02f22ecf-e4f4-447d-8271-746a1946e2e6,4,Constrained by Market,0,Does Not Provide This Service,0,Does Not Provide This Service
03502bb8-7269-4494-99d3-c45048383692,3,Constrained by Size,0,Does Not Provide This Service,0,Does Not Provide This Service
038cd013-fb11-400c-8cf2-e9c57a7f6cd0,5,Highly Constrained,0,Does Not Provide This Service,0,Does Not Provide This Service
03947070-d556-4df9-bd0a-2088fe7de18e,4,Constrained by Market,0,Does Not Provide This Service,0,Does Not Provide This Service
03c0beeb-3585-4aad-9f49-9d33faaf9595,5,Highly Constrained,0,Does Not Provide This Service,0,Does Not Provide This Service
03ca73e2-1c56-4352-a78d-2496464f1a5f,5,Highly Constrained,0,Does Not Provide This Service,0,Does Not Provide This Service
03db6f30-5e84-4ec8-b80f-861b5ccee4ad,0,Does Not Provide This Service,0,Does Not Provide This Service,3,Constrained by Size
03e7f44a-dd40-4015-b6a0-47906785a097,3,Constrained by Size,0,Does Not Provide This Service,0,Does Not Provide This Service
03f02f71-bc8b-46f5-80cd-3c633892fa7f,2,Potentially Available,0,Does Not Provide This Service,0,Does Not Provide This Service
03f84b3c-6aaa-4aea-8a5c-1100565cda9b,4,Constrained by Market,0,Does Not Provide This Service,0,Does Not Provide This Service
043b217b-d0de-44c8-af75-136eea975c74,5,Highly Constrained,0,Does Not Provide This Service,0,Does Not Provide This Service
046847c1-24cb-4f15-8cc4-b752bbebddb6,4,Constrained by Market,0,Does Not Provide This Service,0,Does Not Provide This Service
0479d907-7f55-4fc6-b73b-561e8f0d12b5,5,Highly Constrained,0,Does Not Provide This Service,0,Does Not Provide This Service
04b76f6c-b570-4b43-9901-72259723ed0a,1,Likely Available,1,Likely Available,0,Does Not Provide This Service
04d2da77-38df-4e31-b350-3f3752cfef26,5,Highly Constrained,0,Does Not Provide This Service,0,Does Not Provide This Service
04e83d37-9501-4336-9705-588985201ec0,4,Constrained by Market,0,Does Not Provide This Service,0,Does Not Provide This Service
04eb08f7-04f8-4e3d-90e9-7a549fba21b8,5,Highly Constrained,0,Does Not Provide This Service,0,Does Not Provide This Service
04f25c26-6502-426f-aaf5-80e1130ed87a,3,Constrained by Size,0,Does Not Provide This Service,0,Does Not Provide This Service
04fabc9a-41b1-4405-9b69-344c1ca1e192,5,Highly Constrained,0,Does Not Provide This Service,0,Does Not Provide This Service
05161791-972d-4437-9aa4-b848b96ea4a3,4,Constrained by Market,0,Does Not Provide This Service,0,Does Not Provide This Service
051b7a91-9c4a-40f8-9494-17fc4977edbf,1,Likely Available,1,Likely Available,0,Does Not Provide This Service
05203a46-9359-4b68-a790-25c52af453f8,4,Constrained by Market,0,Does Not Provide This Service,0,Does Not Provide This Service
0554edf8-4073-4eb3-9f20-303aaaab32c0,5,Highly Constrained,0,Does Not Provide This Service,0,Does Not Provide This Service
05794935-080d-4b6c-bf34-c29dc2498461,4,Constrained by Market,0,Does Not Provide This Service,0,Does Not Provide This Service
05f8d74e-4630-4b89-8bbc-8d8c8135b72d,5,Highly Constrained,0,Does Not Provide This Service,0,Does Not Provide This Service
0634b91b-9ea5-46f6-804e-d2c46c137094,4,Constrained by Market,0,Does Not Provide This Service,0,Does Not Provide This Service
064932c2-c634-4cdb-80d7-f82ad9ae622f,3,Constrained by Size,0,Does Not Provide This Service,0,Does Not Provide This Service
065f1185-6bd8-434b-be9d-e3c4bacee889,4,Constrained by Market,0,Does Not Provide This Service,0,Does Not Provide This Service
0684b7ee-9b87-46fb-b293-c1b50df529e5,4,Constrained by Market,0,Does Not Provide This Service,0,Does Not Provide This Service
06850055-f68d-4263-bbc1-1a80a311765c,4,Constrained by Market,0,Does Not Provide This Service,0,Does Not Provide This Service
0685ef8b-24ad-4145-8c84-ab8fce8582c3,4,Constrained by Market,0,Does Not Provide This Service,0,Does Not Provide This Service
06a37972-215c-4069-ab0b-e166333e83ca,5,Highly Constrained,0,Does Not Provide This Service,0,Does Not Provide This Service
06a3aa63-f27d-444e-a838-d3f3e87e9545,2,Potentially Available,0,Does Not Provide This Service,0,Does Not Provide This Service
06caac53-9637-436f-9c18-8787416280f0,4,Constrained by Market,0,Does Not Provide This Service,0,Does Not Provide This Service
07048a77-c998-448f-83d2-19a4eef1f45b,0,Does Not Provide This Service,0,Does Not Provide This Service,5,Highly Constrained
070dc27d-bd29-4bfb-9884-6e89b755cf66,4,Constrained by Market,0,Does Not Provide This Service,0,Does Not Provide This Service
0768f8cd-98f9-4063-be98-f41db646207f,4,Constrained by Market,0,Does Not Provide This Service,0,Does Not Provide This Service
07896338-b6db-4926-8707-e46d93d91f40,2,Potentially Available,0,Does Not Provide This Service,0,Does Not Provide This Service
078e5f63-a7ab-4161-8d01-4cdbad3a63f9,4,Constrained by Market,0,Does Not Provide This Service,0,Does Not Provide This Service
07a9495f-8ba5-4c99-a3f4-03dbb7b9593e,5,Highly Constrained,0,Does Not Provide This Service,0,Does Not Provide This Service
07b82d9c-a590-4424-b29b-b51e55b24129,2,Potentially Available,0,Does Not Provide This Service,0,Does Not Provide This Service
07cc0d07-c70c-480e-bda4-4aa224cf7b6a,5,Highly Constrained,0,Does Not Provide This Service,0,Does Not Provide This Service
07dbe0a5-97bd-4dbf-9a04-a598503acf8a,2,Potentially Available,0,Does Not Provide This Service,0,Does Not Provide This Service
07f944af-4943-4fa8-a2b1-d485f82105b5,4,Constrained by Market,0,Does Not Provide This Service,0,Does Not Provide This Service
08260e80-72a6-459c-b17f-7290e9f266a1,4,Constrained by Market,0,Does Not Provide This Service,0,Does Not Provide This Service
085b9ab3-185f-4aea-b79e-4c673c61f6e0,5,Highly Constrained,0,Does Not Provide This Service,0,Does Not Provide This Service
08667338-42ea-4221-a58c-675ee97b2437,5,Highly Constrained,0,Does Not Provide This Service,0,Does Not Provide This Service
08694788-5fb6-4736-b83d-c10b3e9b172a,3,Constrained by Size,1,Likely Available,0,Does Not Provide This Service
088c1ea9-650d-405e-9358-dfdf6d5a4fe8,5,Highly Constrained,0,Does Not Provide This Service,0,Does Not Provide This Service
0897659a-2237-4731-9a11-59fb4995b7de,4,Constrained by Market,0,Does Not Provide This Service,0,Does Not Provide This Service
089c9e7e-c317-4314-9e0d-4b8ce40761eb,4,Constrained by Market,0,Does Not Provide This Service,0,Does Not Provide This Service
08a38a75-90e1-4a98-81a7-539c445ca67d,4,Constrained by Market,0,Does Not Provide This Service,0,Does Not Provide This Service
08aeef24-072a-4759-bea1-80d8af06e75b,5,Highly Constrained,0,Does Not Provide This Service,0,Does Not Provide This Service
08da7602-a922-40c5-970d-c492c899606b,4,Constrained by Market,0,Does Not Provide This Service,0,Does Not Provide This Service
08df650a-0e6e-4358-b271-bd7497039232,4,Constrained by Market,0,Does Not Provide This Service,0,Does Not Provide This Service
09260381-c36a-4842-8b61-158f0cbca65e,4,Constrained by Market,0,Does Not Provide This Service,0,Does Not Provide This Service
092c8038-2dfb-494b-bdd4-9725dd3eda38,2,Potentially Available,0,Does Not Provide This Service,0,Does Not Provide This Service
094640dc-1b5e-44dc-9eab-85687791f1f4,5,Highly Constrained,0,Does Not Provide This Service,0,Does Not Provide This Service
0946ffc0-86d3-4777-a674-2be6457a31d2,5,Highly Constrained,0,Does Not Provide This Service,0,Does Not Provide This Service
0948284a-2ee7-438c-a15a-7e5b504f2aaf,4,Constrained by Market,0,Does Not Provide This Service,0,Does Not Provide This Service
0966c164-f176-4be7-981c-5c4fe6209b8e,4,Constrained by Market,0,Does Not Provide This Service,0,Does Not Provide This Service
099c3aad-eb90-4cee-a139-d935c6e7524c,4,Constrained by Market,0,Does Not Provide This Service,0,Does Not Provide This Service
09ae760e-89cc-436a-9734-2b855baccfb7,0,Does Not Provide This Service,0,Does Not Provide This Service,4,Constrained by Market
09c3450e-5c2e-4a5e-b7ee-116ae3c71172,5,Highly Constrained,0,Does Not Provide This Service,0,Does Not Provide This Service
09d0c41e-c821-4e36-80ce-4a6ea7e569a4,4,Constrained by Market,0,Does Not Provide This Service,0,Does Not Provide This Service
09d82866-d2cb-418f-b6b9-0745ee4f392f,4,Constrained by Market,0,Does Not Provide This Service,0,Does Not Provide This Service
09d892ef-a8fd-413b-8484-ecb403b01e67,5,Highly Constrained,0,Does Not Provide This Service,0,Does Not Provide This Service
09e11aae-5e4f-478e-b8c9-4add9c4a2c63,5,Highly Constrained,0,Does Not Provide This Service,0,Does Not Provide This Service
09eff5ff-28ba-4936-a1a6-b8853e45aaae,4,Constrained by Market,0,Does Not Provide This Service,0,Does Not Provide This Service
0a2e6452-9bf3-41c5-ab58-c1ef0f6cd444,5,Highly Constrained,0,Does Not Provide This Service,0,Does Not Provide This Service
0a30ff97-ca6d-4e8a-878e-ab2e98e6d8e3,5,Highly Constrained,0,Does Not Provide This Service,0,Does Not Provide This Service
0a6ae054-c746-431c-8ab2-7f9e1d021556,4,Constrained by Market,0,Does Not Provide This Service,0,Does Not Provide This Service
0a918135-b3d5-4ab6-9669-bd8946c0423c,5,Highly Constrained,0,Does Not Provide This Service,0,Does Not Provide This Service
0ab07a8a-e7b4-4c30-bc06-691ba5a87a4f,4,Constrained by Market,0,Does Not Provide This Service,0,Does Not Provide This Service
0acad282-a9a1-4cf1-aa04-55d53d9da7ce,3,Constrained by Size,0,Does Not Provide This Service,0,Does Not Provide This Service
0acc47fd-0b14-44d3-b414-199735285296,5,Highly Constrained,0,Does Not Provide This Service,0,Does Not Provide This Service
0aec67f2-38be-41e9-9b18-a1654ba6ce78,3,Constrained by Size,0,Does Not Provide This Service,0,Does Not Provide This Service
0af8d926-d2f4-47db-8a1a-3d0857becd18,4,Constrained by Market,0,Does Not Provide This Service,0,Does Not Provide This Service
0b20335a-3165-49e4-b456-f84407f67d9b,5,Highly Constrained,0,Does Not Provide This Service,0,Does Not Provide This Service
0b3e46ad-74d6-4f80-9ec7-efdf1636ac0e,2,Potentially Available,0,Does Not Provide This Service,0,Does Not Provide This Service
0b55e314-80e4-4594-9f01-2eb49aefd944,5,Highly Constrained,0,Does Not Provide This Service,0,Does Not Provide This Service
0b952fe5-93dd-474d-8f61-5ce5d3b047dd,4,Constrained by Market,0,Does Not Provide This Service,0,Does Not Provide This Service
0bbc4b8a-a887-48ce-bd1f-78e6c84dd883,4,Constrained by Market,0,Does Not Provide This Service,0,Does Not Provide This Service
0be6e46f-1da9-4a62-b62e-0fe4180f826e,4,Constrained by Market,0,Does Not Provide This Service,0,Does Not Provide This Service
0bea08fa-b5be-4df0-9ecb-706b1749a39d,4,Constrained by Market,0,Does Not Provide This Service,0,Does Not Provide This Service
0bf8ac0e-a72f-4a79-8303-39c05aef587e,2,Potentially Available,0,Does Not Provide This Service,0,Does Not Provide This Service
0c327d6e-93dc-423f-b956-2e16e146a539,4,Constrained by Market,0,Does Not Provide This Service,0,Does Not Provide This Service
0c480233-12aa-485d-bab3-ea3fb080b45c,4,Constrained by Market,0,Does Not Provide This Service,0,Does Not Provide This Service
0c4a581c-6351-4cc4-9f3f-d2cda2d42596,0,Does Not Provide This Service,0,Does Not Provide This Service,1,Likely Available
0c4a5e47-f4b2-4a53-a631-a36a4c3a4d31,4,Constrained by Market,0,Does Not Provide This Service,0,Does Not Provide This Service
0c4a98c1-e0bb-4615-bd4b-4232da0d8316,4,Constrained by Market,0,Does Not Provide This Service,0,Does Not Provide This Service
0c714ff2-41ab-4fc2-b916-93c7e1cd0f55,5,Highly Constrained,0,Does Not Provide This Service,0,Does Not Provide This Service
0c92a7d2-8af8-4389-954c-a13a97a6551c,5,Highly Constrained,0,Does Not Provide This Service,0,Does Not Provide This Service
0c9a37ed-c99b-4602-b6ed-20463ed089fe,4,Constrained by Market,0,Does Not Provide This Service,0,Does Not Provide This Service
0cae7c92-0493-4bfb-95fa-a9c3dba66da6,5,Highly Constrained,0,Does Not Provide This Service,0,Does Not Provide This Service
0d14d3f3-4c31-4555-a24e-3b6f72a3e326,5,Highly Constrained,0,Does Not Provide This Service,0,Does Not Provide This Service
0d1679f1-32d0-480e-b55f-15b1d4caa915,4,Constrained by Market,0,Does Not Provide This Service,0,Does Not Provide This Service
0d17c65a-b06d-4df8-bc9b-235371b4881d,4,Constrained by Market,0,Does Not Provide This Service,0,Does Not Provide This Service
0d5142e2-ca76-4f1d-b8ec-1ea807a7f579,0,Does Not Provide This Service,4,Constrained by Market,0,Does Not Provide This Service
0d62d3d6-6f75-4667-a84f-630f4c0ad538,4,Constrained by Market,0,Does Not Provide This Service,0,Does Not Provide This Service
0d7c4cf5-2688-4501-bfb1-578aeb4332a6,4,Constrained by Market,0,Does Not Provide This Service,0,Does Not Provide This Service
0d7c8124-7e33-4624-a8c2-dccc6c87b487,4,Constrained by Market,0,Does Not Provide This Service,0,Does Not Provide This Service
0db47169-232f-4837-82f0-256424cb3bf3,3,Constrained by Size,3,Constrained by Size,0,Does Not Provide This Service
0dbc14ff-13bc-43bc-a5af-9fe8d0dd77ac,5,Highly Constrained,0,Does Not Provide This Service,0,Does Not Provide This Service
0df63141-27d1-4591-b408-c5ca3ca74a11,4,Constrained by Market,0,Does Not Provide This Service,0,Does Not Provide This Service
0dfc390f-b951-45b3-8e5d-e5f7bc95c3c6,5,Highly Constrained,0,Does Not Provide This Service,0,Does Not Provide This Service
0dfee873-2465-4179-bfe2-6873ccb92dc2,4,Constrained by Market,0,Does Not Provide This Service,0,Does Not Provide This Service
0e5f59c2-4cde-44a6-bcb3-6215ac0241a2,5,Highly Constrained,0,Does Not Provide This Service,0,Does Not Provide This Service
0e679190-5d04-491c-995c-36b95d6e5e68,5,Highly Constrained,0,Does Not Provide This Service,0,Does Not Provide This Service
0e6b746e-ffb3-452a-9b9a-1fc0cba6c36f,4,Constrained by Market,0,Does Not Provide This Service,0,Does Not Provide This Service
0e89e8ae-9ab6-4bca-bbf0-eda8f364a861,5,Highly Constrained,0,Does Not Provide This Service,0,Does Not Provide This Service
0e8e2068-9306-4739-b0da-92a160dbae31,5,Highly Constrained,0,Does Not Provide This Service,0,Does Not Provide This Service
0eba323d-ae0a-4c41-8709-e4afa78f4c7d,4,Constrained by Market,0,Does Not Provide This Service,0,Does Not Provide This Service
0ee19ccf-4b6d-44a9-a5cc-56cd84a60844,4,Constrained by Market,0,Does Not Provide This Service,0,Does Not Provide This Service
0f45a8a5-9f06-4423-a9d8-d9a62631cd2d,4,Constrained by Market,0,Does Not Provide This Service,0,Does Not Provide This Service
0f69318d-b88f-4e20-88c2-32d7021a3248,0,Does Not Provide This Service,0,Does Not Provide This Service,4,Constrained by Market
0f73badb-ff0f-433f-baa7-3e5fda7b0d56,0,Does Not Provide This Service,0,Does Not Provide This Service,1,Likely Available
0f7e02bc-e46e-4a7f-9f93-6ac9a9ddeaf9,5,Highly Constrained,0,Does Not Provide This Service,0,Does Not Provide This Service
0f825b22-d0d7-4d6e-a42a-7b0e610b903d,2,Potentially Available,0,Does Not Provide This Service,0,Does Not Provide This Service
0f90e91a-7ccf-475c-8a5a-472d6ab78287,2,Potentially Available,0,Does Not Provide This Service,0,Does Not Provide This Service
0f9bb7ac-c613-4da7-9413-a092e5033613,3,Constrained by Size,0,Does Not Provide This Service,0,Does Not Provide This Service
0fa0ac44-b950-4e80-bbd0-8390389c6bc5,4,Constrained by Market,0,Does Not Provide This Service,0,Does Not Provide This Service
0fa679cf-c064-4923-8d9e-edc3ce265863,4,Constrained by Market,0,Does Not Provide This Service,0,Does Not Provide This Service
0faac811-8260-4bcc-9ae1-04f7ed41545d,5,Highly Constrained,0,Does Not Provide This Service,0,Does Not Provide This Service
0fd9d1d2-be93-4666-a67c-a76c9a34ae26,0,Does Not Provide This Service,0,Does Not Provide This Service,3,Constrained by Size
0fda4f14-ad56-4455-9b38-9cba3be214fa,4,Constrained by Market,0,Does Not Provide This Service,0,Does Not Provide This Service
0fe660de-fb90-441d-b72d-e0426c780def,4,Constrained by Market,0,Does Not Provide This Service,0,Does Not Provide This Service
0ff2fc94-468b-4ff6-911a-374eb716aef8,5,Highly Constrained,0,Does Not Provide This Service,0,Does Not Provide This Service
1016c9de-7ed7-477f-a886-3382b7a254f3,5,Highly Constrained,0,Does Not Provide This Service,0,Does Not Provide This Service
102c366f-53aa-43e2-8e2b-f1c9a0b1fb60,4,Constrained by Market,0,Does Not Provide This Service,0,Does Not Provide This Service
1055beea-cd67-450e-a8da-555762020db5,5,Highly Constrained,0,Does Not Provide This Service,0,Does Not Provide This Service
10584264-0b12-4a9e-8dd7-6fda9eb9ee7c,0,Does Not Provide This Service,0,Does Not Provide This Service,3,Constrained by Size
105b2ccb-4081-4796-a6ee-0d3f74c057f5,5,Highly Constrained,0,Does Not Provide This Service,0,Does Not Provide This Service
1061d0c3-c8c7-4302-abba-139d79de04d8,4,Constrained by Market,0,Does Not Provide This Service,0,Does Not Provide This Service
106f66da-8354-4b6a-90ff-1bf67a5a1dde,5,Highly Constrained,0,Does Not Provide This Service,0,Does Not Provide This Service
107a85d2-da0b-4f28-a4d2-652633f05870,2,Potentially Available,0,Does Not Provide This Service,0,Does Not Provide This Service
10a42ee8-5376-42f0-bbb8-d6bf16fc3d4f,0,Does Not Provide This Service,0,Does Not Provide This Service,1,Likely Available
10ae2e45-2d83-4f88-b85d-23486c78bf62,4,Constrained by Market,0,Does Not Provide This Service,0,Does Not Provide This Service
10afd5ff-7c48-47b4-b052-cc7fccfe9980,3,Constrained by Size,0,Does Not Provide This Service,0,Does Not Provide This Service
10c961e5-8349-4e76-8beb-d5304d458ea6,5,Highly Constrained,0,Does Not Provide This Service,0,Does Not Provide This Service
10ef8ebc-e13e-4e84-bac1-40edb1dc022a,4,Constrained by Market,0,Does Not Provide This Service,0,Does Not Provide This Service
10fce102-f5c4-47f1-b721-82fe40c3cccd,5,Highly Constrained,0,Does Not Provide This Service,0,Does Not Provide This Service
11141274-0a14-4692-9005-823f6e353df7,4,Constrained by Market,0,Does Not Provide This Service,0,Does Not Provide This Service
1114d94b-ed74-4019-8c22-2b674d3e2d07,5,Highly Constrained,0,Does Not Provide This Service,0,Does Not Provide This Service
11379aa9-0b19-4fac-a572-14c0b5cad243,5,Highly Constrained,0,Does Not Provide This Service,0,Does Not Provide This Service
113a42fb-561d-4c56-8bfb-5d3b1042fa9e,4,Constrained by Market,0,Does Not Provide This Service,0,Does Not Provide This Service
113ffb30-91ea-442d-8830-efa89a9b1c7f,3,Constrained by Size,0,Does Not Provide This Service,0,Does Not Provide This Service
114030f1-e3f0-4d5f-a4ff-c4df645d7063,5,Highly Constrained,0,Does Not Provide This Service,0,Does Not Provide This Service
11797ed7-379e-49f3-aa14-f0fb139a7b79,5,Highly Constrained,0,Does Not Provide This Service,0,Does Not Provide This Service
118a2934-7db5-4d10-87b9-3132ec204bc9,4,Constrained by Market,0,Does Not Provide This Service,0,Does Not Provide This Service
11a02880-16af-410b-9633-ec21c86c6273,4,Constrained by Market,0,Does Not Provide This Service,0,Does Not Provide This Service
11a565e4-2a8b-4538-9e8e-ec9b9d7b0569,5,Highly Constrained,0,Does Not Provide This Service,0,Does Not Provide This Service
11af3703-cec8-4902-8774-e90f53efe4fc,3,Constrained by Size,4,Constrained by Market,0,Does Not Provide This Service
11c0163c-10be-4479-84c8-4dfa98f5127d,4,Constrained by Market,0,Does Not Provide This Service,0,Does Not Provide This Service
11dba035-971a-4a2a-91f5-7d649fdd2d9f,4,Constrained by Market,0,Does Not Provide This Service,0,Does Not Provide This Service
12443171-e2a8-4334-8274-d175d3e4c8f4,0,Does Not Provide This Service,0,Does Not Provide This Service,4,Constrained by Market
1247115a-f53f-4b1b-a539-7d34e7fba6a1,0,Does Not Provide This Service,0,Does Not Provide This Service,5,Highly Constrained
12496c26-61da-4f68-9824-12d0e31ff88e,4,Constrained by Market,0,Does Not Provide This Service,0,Does Not Provide This Service
125af005-938c-4b26-b812-a83689401d2c,4,Constrained by Market,0,Does Not Provide This Service,0,Does Not Provide This Service
12659306-1adb-4f8c-a9fb-bf2835d7ca75,5,Highly Constrained,0,Does Not Provide This Service,0,Does Not Provide This Service
12686db9-6d2e-40a1-b9a6-b1db810f26eb,4,Constrained by Market,0,Does Not Provide This Service,0,Does Not Provide This Service
1299cfdb-ca64-4c42-b6a1-0d3002d4954f,5,Highly Constrained,0,Does Not Provide This Service,0,Does Not Provide This Service
129ae258-052f-430e-8f9f-c16f5d0f29a4,4,Constrained by Market,0,Does Not Provide This Service,0,Does Not Provide This Service
12bce58b-7983-4d76-bd6f-d56821622258,5,Highly Constrained,0,Does Not Provide This Service,0,Does Not Provide This Service
12e3ca17-772b-4291-b828-89ded71c6fb3,5,Highly Constrained,0,Does Not Provide This Service,0,Does Not Provide This Service
12e6eab2-1afc-4f5f-a96a-0b49810fb616,5,Highly Constrained,0,Does Not Provide This Service,0,Does Not Provide This Service
12f3c874-c4d1-4218-84a1-88cd5d28269d,3,Constrained by Size,3,Constrained by Size,0,Does Not Provide This Service
132ce497-fe7f-4686-a66c-48b1f157a188,4,Constrained by Market,0,Does Not Provide This Service,0,Does Not Provide This Service
134446ef-4f1f-4712-8b79-d5c9907a3776,3,Constrained by Size,4,Constrained by Market,0,Does Not Provide This Service
13474e0f-ad75-4fbf-8796-420ea2673720,4,Constrained by Market,0,Does Not Provide This Service,0,Does Not Provide This Service
1367229a-5ac7-471f-aa6a-0868d5c80b36,4,Constrained by Market,0,Does Not Provide This Service,0,Does Not Provide This Service
1370f5ba-5c4d-4b0b-bf07-e41885828edc,4,Constrained by Market,0,Does Not Provide This Service,0,Does Not Provide This Service
139c3ec6-65fb-460d-8d46-ada44354ac6d,4,Constrained by Market,0,Does Not Provide This Service,0,Does Not Provide This Service
13ca4859-465a-4f55-904c-bdb25e464331,4,Constrained by Market,0,Does Not Provide This Service,0,Does Not Provide This Service
13d0807d-2e90-4fdc-aeac-f71f59abc623,5,Highly Constrained,0,Does Not Provide This Service,0,Does Not Provide This Service
13de14c9-004d-46d0-ba5d-fdef98b564d1,3,Constrained by Size,5,Highly Constrained,0,Does Not Provide This Service
140e17ce-6fe4-447d-a972-a7280d46b346,4,Constrained by Market,0,Does Not Provide This Service,0,Does Not Provide This Service
14131af3-d529-45bd-9586-dada17c3683d,4,Constrained by Market,0,Does Not Provide This Service,0,Does Not Provide This Service
14155929-2d1f-4aa6-a372-7fd035baf3df,4,Constrained by Market,0,Does Not Provide This Service,0,Does Not Provide This Service
14271d35-f0fc-49f6-9709-a5a2949f0abc,5,Highly Constrained,0,Does Not Provide This Service,0,Does Not Provide This Service
14419cf2-7791-4412-bb3a-bb2b7199be79,5,Highly Constrained,0,Does Not Provide This Service,0,Does Not Provide This Service
144cb70f-f9ad-4736-80f8-700e43b5f069,4,Constrained by Market,0,Does Not Provide This Service,0,Does Not Provide This Service
1450d126-3cda-4163-ae65-54f00d51ffb8,5,Highly Constrained,0,Does Not Provide This Service,0,Does Not Provide This Service
148c4373-d553-4cc1-b2dd-db687e99016d,4,Constrained by Market,0,Does Not Provide This Service,0,Does Not Provide This Service
1497a8d2-e0eb-4c01-821f-52198e68ca2f,4,Constrained by Market,0,Does Not Provide This Service,0,Does Not Provide This Service
14a852a2-002c-4828-a310-f6e756a74425,5,Highly Constrained,0,Does Not Provide This Service,0,Does Not Provide This Service
14b0673a-e530-4218-a3cc-feb5cefde5d0,5,Highly Constrained,0,Does Not Provide This Service,0,Does Not Provide This Service
14b27cc7-75a5-4897-aab1-ae22709f7ddc,5,Highly Constrained,0,Does Not Provide This Service,0,Does Not Provide This Service
14b2c26e-9d3f-46bb-8a46-268938ec886f,4,Constrained by Market,0,Does Not Provide This Service,0,Does Not Provide This Service
14ebe800-45f8-477c-aac8-53c55a43f78f,4,Constrained by Market,0,Does Not Provide This Service,0,Does Not Provide This Service
150001c3-0741-4214-8886-6006b503ea79,5,Highly Constrained,0,Does Not Provide This Service,0,Does Not Provide This Service
15469d74-76b0-4e60-9101-228b6fdfca42,5,Highly Constrained,0,Does Not Provide This Service,0,Does Not Provide This Service
154bd61a-5f8f-4ad2-94af-0fbd96d5718c,4,Constrained by Market,0,Does Not Provide This Service,0,Does Not Provide This Service
155c6a53-49a5-472d-9694-138741587031,4,Constrained by Market,0,Does Not Provide This Service,0,Does Not Provide This Service
157f5419-7577-4513-af09-30847e660356,4,Constrained by Market,0,Does Not Provide This Service,0,Does Not Provide This Service
1584df75-3210-4cf2-9907-5b1c4a2eeb50,4,Constrained by Market,0,Does Not Provide This Service,0,Does Not Provide This Service
15927400-adb5-4de7-b30c-035ea528e041,5,Highly Constrained,0,Does Not Provide This Service,0,Does Not Provide This Service
159decf9-174e-4677-a3dd-e20db330f2aa,4,Constrained by Market,0,Does Not Provide This Service,0,Does Not Provide This Service
15c16c61-7f3e-48f7-bcbd-a281b1f9d736,4,Constrained by Market,0,Does Not Provide This Service,0,Does Not Provide This Service
15d7b6f0-0cf4-4d64-a015-824808cca45a,2,Potentially Available,0,Does Not Provide This Service,0,Does Not Provide This Service
15eac556-ffbb-44d9-98d4-a93f7a3bf49b,4,Constrained by Market,0,Does Not Provide This Service,0,Does Not Provide This Service
15f3e1c4-3093-43ff-82e2-53040a49833f,5,Highly Constrained,0,Does Not Provide This Service,0,Does Not Provide This Service
160cb100-544b-4cd3-bbf0-96adbdbf8dc4,4,Constrained by Market,0,Does Not Provide This Service,0,Does Not Provide This Service
1612cc0e-8c2b-4103-ab47-701cac962db1,5,Highly Constrained,0,Does Not Provide This Service,0,Does Not Provide This Service
161d3ddd-bdf3-4a81-82bf-9efaad51e599,2,Potentially Available,0,Does Not Provide This Service,0,Does Not Provide This Service
162ddd90-d356-4d55-bf85-5d5650a7bbe7,3,Constrained by Size,0,Does Not Provide This Service,0,Does Not Provide This Service
166487ad-9d6d-44ae-996f-3d6cf59b27b4,5,Highly Constrained,0,Does Not Provide This Service,0,Does Not Provide This Service
168fe2f9-0c40-4ef2-9653-673ce3954b04,4,Constrained by Market,0,Does Not Provide This Service,0,Does Not Provide This Service
16ad5d18-3df7-42d5-80cc-c8fe4dec10ed,4,Constrained by Market,0,Does Not Provide This Service,0,Does Not Provide This Service
16b447a5-0fde-4f6c-9b27-fb615c8b309f,4,Constrained by Market,0,Does Not Provide This Service,0,Does Not Provide This Service
172ed847-7424-4603-9ef3-8d7f93843163,4,Constrained by Market,0,Does Not Provide This Service,0,Does Not Provide This Service
1785d8ad-a853-41c4-b238-7301446cc5b0,4,Constrained by Market,0,Does Not Provide This Service,0,Does Not Provide This Service
1789433f-baa0-4640-962f-cf8b8d3a744d,4,Constrained by Market,0,Does Not Provide This Service,0,Does Not Provide This Service
179b6c34-b3d0-4866-bca2-e9469f4d0080,4,Constrained by Market,0,Does Not Provide This Service,0,Does Not Provide This Service
179e62e3-0866-4bf4-bf83-493a94827998,0,Does Not Provide This Service,0,Does Not Provide This Service,3,Constrained by Size
17a51db2-074c-4ac7-84be-00ae63928bd2,4,Constrained by Market,0,Does Not Provide This Service,0,Does Not Provide This Service
17a7bcc2-43b7-4e5d-ae61-ca60651e47e8,4,Constrained by Market,0,Does Not Provide This Service,0,Does Not Provide This Service
17b4b614-4fc3-4636-86f7-02899cd48fd0,5,Highly Constrained,0,Does Not Provide This Service,0,Does Not Provide This Service
17d6578e-8595-43a0-b2a9-7189ecae3942,4,Constrained by Market,0,Does Not Provide This Service,0,Does Not Provide This Service
17e906be-3f9d-4bb2-8014-130c6f2def61,0,Does Not Provide This Service,5,Highly Constrained,0,Does Not Provide This Service
17f0bf4c-ff9f-4138-99d2-6add5c548214,4,Constrained by Market,0,Does Not Provide This Service,0,Does Not Provide This Service
17f79c1d-200d-40a8-ba4a-0aec5a772e0c,5,Highly Constrained,0,Does Not Provide This Service,0,Does Not Provide This Service
1800e7ba-a6bb-487d-b78b-67cb2ab1bd2e,4,Constrained by Market,0,Does Not Provide This Service,0,Does Not Provide This Service
181b9baa-621d-4110-8ae0-3b170f545b57,5,Highly Constrained,0,Does Not Provide This Service,0,Does Not Provide This Service
18429162-3a1b-4e1c-abfa-0baabcfa1c8c,4,Constrained by Market,0,Does Not Provide This Service,0,Does Not Provide This Service
1861969d-40d6-4192-aa84-ab1e4b0998f9,4,Constrained by Market,0,Does Not Provide This Service,0,Does Not Provide This Service
1879805b-e87a-46ce-aefb-a76d302a49af,5,Highly Constrained,0,Does Not Provide This Service,0,Does Not Provide This Service
18861381-0d44-4a6e-a674-9910cbd03934,4,Constrained by Market,0,Does Not Provide This Service,0,Does Not Provide This Service
18979c54-77df-4db0-9895-c3ecf7820e04,5,Highly Constrained,0,Does Not Provide This Service,0,Does Not Provide This Service
18a2b0f6-0802-42fe-ab80-ed67b7cbac74,2,Potentially Available,0,Does Not Provide This Service,0,Does Not Provide This Service
18a96351-287f-447f-ac60-5029d667f227,2,Potentially Available,0,Does Not Provide This Service,0,Does Not Provide This Service
18ba2ee8-fae0-486e-855f-cfc6661c7457,4,Constrained by Market,0,Does Not Provide This Service,0,Does Not Provide This Service
18d6ad1a-f62f-4ab7-8c04-4e4302dd7597,5,Highly Constrained,0,Does Not Provide This Service,0,Does Not Provide This Service
18d936eb-17b3-414f-82f5-b7e57253e31b,5,Highly Constrained,0,Does Not Provide This Service,0,Does Not Provide This Service
18e02061-1c3f-45f8-a7e9-6c3a87611fe5,5,Highly Constrained,0,Does Not Provide This Service,0,Does Not Provide This Service
18e242bc-f091-458b-aaa4-4b024e1c37c8,5,Highly Constrained,0,Does Not Provide This Service,0,Does Not Provide This Service
18efe5e7-ca1c-4cc7-8e08-63a9f61bf392,4,Constrained by Market,0,Does Not Provide This Service,0,Does Not Provide This Service
190920b9-2ccb-415d-95b3-c2979e157147,1,Likely Available,1,Likely Available,0,Does Not Provide This Service
190b4c7e-a9f0-410e-9454-037f1b03e1e9,4,Constrained by Market,0,Does Not Provide This Service,0,Does Not Provide This Service
192d96d5-c0e2-4fd5-9cf0-9ad2d686c61d,4,Constrained by Market,0,Does Not Provide This Service,0,Does Not Provide This Service
193214ae-b31b-4927-aad3-a7ba7b7c3455,5,Highly Constrained,0,Does Not Provide This Service,0,Does Not Provide This Service
1937ec3b-5fa6-45e1-a605-5e0ea4c4760b,4,Constrained by Market,0,Does Not Provide This Service,0,Does Not Provide This Service
19512fda-fa47-418c-ad84-a86dbd7384d4,0,Does Not Provide This Service,0,Does Not Provide This Service,1,Likely Available
196264a1-d957-4cbf-a2e4-a01d54182a3c,4,Constrained by Market,0,Does Not Provide This Service,0,Does Not Provide This Service
196fac0f-c13d-4389-b33a-f848600c8fa6,5,Highly Constrained,0,Does Not Provide This Service,0,Does Not Provide This Service
1983adbc-c53e-44a7-914d-d46888a6748f,4,Constrained by Market,0,Does Not Provide This Service,0,Does Not Provide This Service
199977bc-f923-44d4-957a-9978d718e859,4,Constrained by Market,0,Does Not Provide This Service,0,Does Not Provide This Service
199ce9ad-e32b-498f-8d47-a24c7eb59079,5,Highly Constrained,0,Does Not Provide This Service,0,Does Not Provide This Service
19c9b475-3f80-4dc5-8152-19d706e3b535,3,Constrained by Size,0,Does Not Provide This Service,0,Does Not Provide This Service
19dc4a8d-fa56-4882-b1ad-29638a07d024,5,Highly Constrained,0,Does Not Provide This Service,0,Does Not Provide This Service
19e94e83-366d-4050-9d28-34ce0a016339,4,Constrained by Market,0,Does Not Provide This Service,0,Does Not Provide This Service
19f84583-ccfe-47cd-81d0-99c365ad669b,0,Does Not Provide This Service,0,Does Not Provide This Service,1,Likely Available
1a08fc30-39f5-445a-9ae3-9887f35ea114,4,Constrained by Market,0,Does Not Provide This Service,0,Does Not Provide This Service
1a1d61f1-e654-40ec-b02f-32c2e69253d9,5,Highly Constrained,0,Does Not Provide This Service,0,Does Not Provide This Service
1a21e261-b0f5-486c-8525-084dc2cc0a06,4,Constrained by Market,0,Does Not Provide This Service,0,Does Not Provide This Service
1a43c609-495f-4fd5-854f-1ffb6701a02a,0,Does Not Provide This Service,1,Likely Available,0,Does Not Provide This Service
1a48e6f0-30a7-4f40-a9b8-2b726e426e91,4,Constrained by Market,0,Does Not Provide This Service,0,Does Not Provide This Service
1a7c7100-0c7b-49c7-8b6d-4ce98276809e,5,Highly Constrained,0,Does Not Provide This Service,0,Does Not Provide This Service
1a8550e6-d8a7-4b40-a459-be93e52d9d60,5,Highly Constrained,0,Does Not Provide This Service,0,Does Not Provide This Service
1a882a6f-45ef-49d9-b5e4-39e0d089efed,4,Constrained by Market,0,Does Not Provide This Service,0,Does Not Provide This Service
1a9b112a-d764-4c0a-aca8-aaab5dfc0ffb,5,Highly Constrained,0,Does Not Provide This Service,0,Does Not Provide This Service
1a9f5e9b-4ee5-4673-abb5-2166199645a3,5,Highly Constrained,0,Does Not Provide This Service,0,Does Not Provide This Service
1abcc18f-e9bb-4ac7-9911-a2a27a53e399,5,Highly Constrained,0,Does Not Provide This Service,0,Does Not Provide This Service
1acacace-7d08-4cb0-bfa9-7770e575b024,5,Highly Constrained,0,Does Not Provide This Service,0,Does Not Provide This Service
1ae5e98b-5a82-41d5-9920-8cdcba7f8895,4,Constrained by Market,0,Does Not Provide This Service,0,Does Not Provide This Service
1b08276d-0945-498a-8738-be7a09e9b343,4,Constrained by Market,0,Does Not Provide This Service,0,Does Not Provide This Service
1b1b23ef-4eb5-4b2c-a678-793805a3d996,1,Likely Available,1,Likely Available,0,Does Not Provide This Service
1b1e82d5-f212-47b2-9c15-006928b2a63b,4,Constrained by Market,0,Does Not Provide This Service,0,Does Not Provide This Service
1b2345aa-0ebb-489c-b1ba-9e12c55cbd77,4,Constrained by Market,0,Does Not Provide This Service,0,Does Not Provide This Service
1b3c0a3f-6029-4bce-a523-23f69c2010ca,5,Highly Constrained,0,Does Not Provide This Service,0,Does Not Provide This Service
1b830755-ae35-4f30-a71b-5094e7877b84,5,Highly Constrained,0,Does Not Provide This Service,0,Does Not Provide This Service
1bcf565f-a4f9-4dca-865e-45ac2a82fd87,4,Constrained by Market,0,Does Not Provide This Service,0,Does Not Provide This Service
1bdc7528-ab30-49f5-b994-7d9d927e6e0e,5,Highly Constrained,0,Does Not Provide This Service,0,Does Not Provide This Service
1beb5fda-19f2-483b-99db-d4ea6a6bcc6d,4,Constrained by Market,0,Does Not Provide This Service,0,Does Not Provide This Service
1bec0e6d-6131-4746-ba50-2ca8ead8c5dc,0,Does Not Provide This Service,0,Does Not Provide This Service,1,Likely Available
1beda149-110a-4a23-b653-15693d6f788b,4,Constrained by Market,0,Does Not Provide This Service,0,Does Not Provide This Service
1bfd1da9-adf4-4ebe-b7cd-cdc75a79df83,4,Constrained by Market,0,Does Not Provide This Service,0,Does Not Provide This Service
1c1dd2d7-8aac-4194-b39f-0f26be2f7669,3,Constrained by Size,0,Does Not Provide This Service,0,Does Not Provide This Service
1c3aa113-5197-44f1-9267-8fd491a1ca37,5,Highly Constrained,0,Does Not Provide This Service,0,Does Not Provide This Service
1c519fbd-c2e2-49e5-afb0-a25d56a57ea4,2,Potentially Available,0,Does Not Provide This Service,0,Does Not Provide This Service
1c7459cd-9727-4840-91a1-48a2c170bbda,4,Constrained by Market,0,Does Not Provide This Service,0,Does Not Provide This Service
1c752f0c-4609-4d3a-a641-19cb71cb8872,2,Potentially Available,0,Does Not Provide This Service,0,Does Not Provide This Service
1c914049-87b3-4660-b5c0-6d2e1505136f,3,Constrained by Size,0,Does Not Provide This Service,0,Does Not Provide This Service
1ca16f6e-c769-413e-b1f7-a3d824a87681,5,Highly Constrained,0,Does Not Provide This Service,0,Does Not Provide This Service
1cc5e039-42d4-4db9-a6f2-406663b36703,4,Constrained by Market,0,Does Not Provide This Service,0,Does Not Provide This Service
1cd192ed-a500-4b1c-9a9f-1a2bb0206e1e,2,Potentially Available,0,Does Not Provide This Service,0,Does Not Provide This Service
1d0dd3f6-16a8-4330-95c2-8813d2aa608d,3,Constrained by Size,0,Does Not Provide This Service,0,Does Not Provide This Service
1d37f139-ebe8-4fb1-a1e3-8a09d17a356a,3,Constrained by Size,0,Does Not Provide This Service,0,Does Not Provide This Service
1d505e58-55c6-49eb-92b7-10d19607db0b,1,Likely Available,1,Likely Available,0,Does Not Provide This Service
1d64e08f-5b3c-44f4-99dc-edca74941d91,5,Highly Constrained,0,Does Not Provide This Service,0,Does Not Provide This Service
1d6a29c6-55c8-460f-8d30-35fcc71da1af,4,Constrained by Market,0,Does Not Provide This Service,0,Does Not Provide This Service
1d791d5a-5cc4-4ead-b021-aecdc898674d,4,Constrained by Market,0,Does Not Provide This Service,0,Does Not Provide This Service
1d7ea91b-bbf6-4c37-9a7e-10775d82e175,5,Highly Constrained,0,Does Not Provide This Service,0,Does Not Provide This Service
1d844fae-c316-44a4-8cc3-59392d87b143,4,Constrained by Market,0,Does Not Provide This Service,0,Does Not Provide This Service
1d865842-63ff-4a20-9847-59bf5b9ea75f,4,Constrained by Market,0,Does Not Provide This Service,0,Does Not Provide This Service
1d8733a3-e323-45a9-9519-75dc7f737357,4,Constrained by Market,0,Does Not Provide This Service,0,Does Not Provide This Service
1e12127a-d420-4353-8a34-ab07d48d43fe,0,Does Not Provide This Service,0,Does Not Provide This Service,4,Constrained by Market
1e2025ac-efc6-498b-9a2d-0b52ba47b3f8,4,Constrained by Market,0,Does Not Provide This Service,0,Does Not Provide This Service
1e4e01a9-0a29-4816-a22e-0c573b98170b,4,Constrained by Market,0,Does Not Provide This Service,0,Does Not Provide This Service
1e4f8dcf-d148-4206-921b-3afa3c8aaeaf,4,Constrained by Market,0,Does Not Provide This Service,0,Does Not Provide This Service
1e50da57-a582-4962-8ed3-1f618e8b9d65,4,Constrained by Market,0,Does Not Provide This Service,0,Does Not Provide This Service
1e5545a6-8272-4c5f-8bc4-0702698266b8,5,Highly Constrained,0,Does Not Provide This Service,0,Does Not Provide This Service
1e6ffceb-2f5c-4e40-bb8b-132216e1bd35,4,Constrained by Market,0,Does Not Provide This Service,0,Does Not Provide This Service
1e79c021-853c-4998-80a5-d68065242f04,2,Potentially Available,0,Does Not Provide This Service,0,Does Not Provide This Service
1e86f371-8e41-413f-96a0-4e3a6a6617c3,4,Constrained by Market,0,Does Not Provide This Service,0,Does Not Provide This Service
1ea31e00-6812-4fb5-8b35-71371bc0b5ef,3,Constrained by Size,0,Does Not Provide This Service,0,Does Not Provide This Service
1ebf00c3-c106-4c81-8463-2043ca031c83,4,Constrained by Market,0,Does Not Provide This Service,0,Does Not Provide This Service
1ec4a532-3bc1-4308-bf1b-7260d37af82b,5,Highly Constrained,0,Does Not Provide This Service,0,Does Not Provide This Service
1ec5a41c-9afd-44fa-9eaa-a26530b8a232,5,Highly Constrained,0,Does Not Provide This Service,0,Does Not Provide This Service
1eda6533-14f3-42c6-a46d-836f01f1f6e3,4,Constrained by Market,0,Does Not Provide This Service,0,Does Not Provide This Service
1ef83c1e-6773-4c6e-b84c-76d96da6bb94,4,Constrained by Market,0,Does Not Provide This Service,0,Does Not Provide This Service
1f1b831e-7d8c-419a-9dee-43dde6c25ea3,4,Constrained by Market,0,Does Not Provide This Service,0,Does Not Provide This Service
1fa2d19e-d763-4171-8342-4bbc6318dc1b,2,Potentially Available,0,Does Not Provide This Service,0,Does Not Provide This Service
1fa59b30-64ca-4900-b667-f43cb3bd823e,4,Constrained by Market,0,Does Not Provide This Service,0,Does Not Provide This Service
1fb30514-9b61-4579-a298-4738201d6d94,1,Likely Available,1,Likely Available,0,Does Not Provide This Service
1fe8a524-50c6-4dcc-a783-d71dfb507c0a,4,Constrained by Market,0,Does Not Provide This Service,0,Does Not Provide This Service
1ff1cd15-2470-4542-a7ec-0df489634005,5,Highly Constrained,0,Does Not Provide This Service,0,Does Not Provide This Service
1ff475f5-0f4b-468b-8f58-0d439bbae76b,4,Constrained by Market,0,Does Not Provide This Service,0,Does Not Provide This Service
1ffe8056-a007-4803-83a7-5ef0f6e1cbfd,5,Highly Constrained,0,Does Not Provide This Service,0,Does Not Provide This Service
2004df0c-b57f-4b3c-98ca-cea113bc7fb0,3,Constrained by Size,1,Likely Available,0,Does Not Provide This Service
201e59a9-948c-406e-b100-bd7e3abc4354,4,Constrained by Market,0,Does Not Provide This Service,0,Does Not Provide This Service
2045e5c6-2c7c-4b42-ad6a-4debd80acf09,5,Highly Constrained,0,Does Not Provide This Service,0,Does Not Provide This Service
205e4cbd-c5b2-42bb-a716-38626de8ddae,5,Highly Constrained,0,Does Not Provide This Service,0,Does Not Provide This Service
206be34c-9faf-428f-be45-eefb54611803,5,Highly Constrained,0,Does Not Provide This Service,0,Does Not Provide This Service
2076e49c-4153-4f23-9b14-617b72340705,0,Does Not Provide This Service,0,Does Not Provide This Service,1,Likely Available
207ef607-924f-42a6-b00d-2d3beacf7316,5,Highly Constrained,0,Does Not Provide This Service,0,Does Not Provide This Service
2088a221-8d77-405c-bdad-cbc7c71226db,3,Constrained by Size,1,Likely Available,0,Does Not Provide This Service
20d1c1d6-78db-4a64-b14c-da21c53c31ee,2,Potentially Available,0,Does Not Provide This Service,0,Does Not Provide This Service
20dfc518-61ec-4280-a67e-044e19328696,1,Likely Available,1,Likely Available,0,Does Not Provide This Service
20e224d6-699d-4cb3-9478-8cbdb7632890,4,Constrained by Market,0,Does Not Provide This Service,0,Does Not Provide This Service
20f010fb-7353-4945-98be-4261c9d8d33b,0,Does Not Provide This Service,0,Does Not Provide This Service,1,Likely Available
20f36c53-c0b0-475c-b27a-763ac83142f6,5,Highly Constrained,0,Does Not Provide This Service,0,Does Not Provide This Service
2126adb2-ea9b-4c70-9d97-c4b9e5aaca32,3,Constrained by Size,0,Does Not Provide This Service,0,Does Not Provide This Service
2147bccc-20b2-4ef7-9ed2-fde1734ebe6f,2,Potentially Available,0,Does Not Provide This Service,0,Does Not Provide This Service
216b60d0-8034-4a8f-a1b2-874c94f338a3,4,Constrained by Market,0,Does Not Provide This Service,0,Does Not Provide This Service
216cddba-5e96-471e-beab-58c455e41f79,4,Constrained by Market,0,Does Not Provide This Service,0,Does Not Provide This Service
21851741-7289-4396-a247-f380fe566c9a,0,Does Not Provide This Service,0,Does Not Provide This Service,4,Constrained by Market
2187ae50-3d0a-4edc-9a14-f8254f845764,0,Does Not Provide This Service,0,Does Not Provide This Service,3,Constrained by Size
218914ae-08bf-48d7-801a-63240ba732ab,4,Constrained by Market,0,Does Not Provide This Service,0,Does Not Provide This Service
21932b4a-aad7-4188-ae92-815283a3b2f9,5,Highly Constrained,0,Does Not Provide This Service,0,Does Not Provide This Service
219f5c16-c756-49b7-9828-98d9a40e0623,2,Potentially Available,0,Does Not Provide This Service,0,Does Not Provide This Service
21c6c007-72ab-44bc-ba18-c8a57ae5a13d,2,Potentially Available,0,Does Not Provide This Service,0,Does Not Provide This Service
21e8be6c-afe5-4d0f-ae41-8b5fdbe75f0a,1,Likely Available,1,Likely Available,0,Does Not Provide This Service
21f9df50-706e-492c-b83e-104424de2c4a,4,Constrained by Market,0,Does Not Provide This Service,0,Does Not Provide This Service
2218a144-a25f-4a1e-85bc-fc3e0d48fc1c,4,Constrained by Market,0,Does Not Provide This Service,0,Does Not Provide This Service
223fa8f4-3dc0-4d9c-8efa-594dbebf0ea5,4,Constrained by Market,0,Does Not Provide This Service,0,Does Not Provide This Service
224edeab-4ac3-4537-8c81-68f04d25a3ae,5,Highly Constrained,0,Does Not Provide This Service,0,Does Not Provide This Service
2262808c-aaaa-44dc-9724-11fe192e0294,4,Constrained by Market,0,Does Not Provide This Service,0,Does Not Provide This Service
2263bc55-d1fe-43ba-91db-e1a6fbda9e4e,0,Does Not Provide This Service,0,Does Not Provide This Service,5,Highly Constrained
22885fc5-4e8c-449e-912e-b41acb9bddda,5,Highly Constrained,0,Does Not Provide This Service,0,Does Not Provide This Service
2288af3e-f874-4090-a962-1e02eaec4134,5,Highly Constrained,0,Does Not Provide This Service,0,Does Not Provide This Service
22aead7a-78fc-49bc-981c-0afe48abdff0,5,Highly Constrained,0,Does Not Provide This Service,0,Does Not Provide This Service
22ded663-9233-45ba-acad-fb9cf95fc9b7,4,Constrained by Market,0,Does Not Provide This Service,0,Does Not Provide This Service
230cc4d3-7350-4292-bfa4-b6b0c2901529,4,Constrained by Market,0,Does Not Provide This Service,0,Does Not Provide This Service
230fda82-927a-47b0-a1b9-5fd353fbcb2d,4,Constrained by Market,0,Does Not Provide This Service,0,Does Not Provide This Service
239a22c5-b057-4abe-b19f-b7b2d52b7f28,2,Potentially Available,0,Does Not Provide This Service,0,Does Not Provide This Service
23b0b1c2-0994-45ef-bc23-9ddce5db977b,4,Constrained by Market,0,Does Not Provide This Service,0,Does Not Provide This Service
23b86421-e55e-4f99-95c1-1e9a009a602a,4,Constrained by Market,0,Does Not Provide This Service,0,Does Not Provide This Service
23cf946a-bb9f-4dd0-8270-e59f523b88a2,0,Does Not Provide This Service,0,Does Not Provide This Service,4,Constrained by Market
23fff513-a566-4994-8a6d-2004c6d01376,5,Highly Constrained,0,Does Not Provide This Service,0,Does Not Provide This Service
2401f2df-2fd9-4564-8eef-9a87a98ba195,4,Constrained by Market,0,Does Not Provide This Service,0,Does Not Provide This Service
2420cdba-2675-4590-84b0-9b92a97908c7,4,Constrained by Market,0,Does Not Provide This Service,0,Does Not Provide This Service
24623aa5-662d-4f84-8997-759697822264,5,Highly Constrained,0,Does Not Provide This Service,0,Does Not Provide This Service
2463b8f0-2fe3-4bb7-9939-3be1d66c4f6f,4,Constrained by Market,0,Does Not Provide This Service,0,Does Not Provide This Service
2479ff30-984f-49de-92a9-4d3d842611fe,4,Constrained by Market,0,Does Not Provide This Service,0,Does Not Provide This Service
2497921e-a375-44c5-8f33-b152695e03ca,5,Highly Constrained,0,Does Not Provide This Service,0,Does Not Provide This Service
249b3f65-8f38-4ece-a218-9111e423e0e9,5,Highly Constrained,0,Does Not Provide This Service,0,Does Not Provide This Service
24ef25b3-a038-4dc7-9dca-e793b4dde04b,2,Potentially Available,0,Does Not Provide This Service,0,Does Not Provide This Service
2516e2e2-2a61-44f8-82b6-c801fba290a9,5,Highly Constrained,0,Does Not Provide This Service,0,Does Not Provide This Service
25207cb8-3995-4884-87ba-40022d7dd438,5,Highly Constrained,0,Does Not Provide This Service,0,Does Not Provide This Service
252d08a1-7011-46a4-bd55-7e45ee27e1ce,4,Constrained by Market,0,Does Not Provide This Service,0,Does Not Provide This Service
253e8517-b3b5-494d-bdce-9d36c91af642,5,Highly Constrained,0,Does Not Provide This Service,0,Does Not Provide This Service
256ed635-6015-49e9-aeab-7fded769a7d4,4,Constrained by Market,0,Does Not Provide This Service,0,Does Not Provide This Service
2573eb71-66b6-4f3b-afc8-a364209d818a,4,Constrained by Market,0,Does Not Provide This Service,0,Does Not Provide This Service
2574d071-3956-4e84-b2ce-0637709ee5f3,1,Likely Available,1,Likely Available,0,Does Not Provide This Service
25aa9fcc-1453-45f5-95f1-ff82a18fc675,5,Highly Constrained,0,Does Not Provide This Service,0,Does Not Provide This Service
25ce60b9-9c09-4291-b88f-ce8cf0b539ac,5,Highly Constrained,0,Does Not Provide This Service,0,Does Not Provide This Service
25e6d894-4c8f-45ce-b66a-cb7811554804,1,Likely Available,1,Likely Available,0,Does Not Provide This Service
26050179-5086-44bc-a447-fdc55acdf105,4,Constrained by Market,0,Does Not Provide This Service,0,Does Not Provide This Service
260d0092-1e6e-4fc7-9d6e-d65f6351227a,4,Constrained by Market,0,Does Not Provide This Service,0,Does Not Provide This Service
261ddce2-6068-4a9b-8ca4-47bba6030d0a,2,Potentially Available,0,Does Not Provide This Service,0,Does Not Provide This Service
262eed9d-462d-463d-b177-d280477070f2,2,Potentially Available,0,Does Not Provide This Service,0,Does Not Provide This Service
263d63c7-dea5-4a0b-a15d-38bee32e0f39,4,Constrained by Market,0,Does Not Provide This Service,0,Does Not Provide This Service
263ef370-890b-4bcf-b092-5ea9e6f37fcc,5,Highly Constrained,0,Does Not Provide This Service,0,Does Not Provide This Service
26478ca9-23aa-4fd5-9ed8-af6397b4ad69,5,Highly Constrained,0,Does Not Provide This Service,0,Does Not Provide This Service
26742d7d-cf90-443b-af97-4212e54aeffa,4,Constrained by Market,0,Does Not Provide This Service,0,Does Not Provide This Service
268f13bd-9652-4b4c-970b-1c9f7cc82abe,4,Constrained by Market,0,Does Not Provide This Service,0,Does Not Provide This Service
26c19c9d-9899-4625-aa52-87aca452947e,4,Constrained by Market,0,Does Not Provide This Service,0,Does Not Provide This Service
26c39301-23f3-4fed-8b40-b8f5445bf5a3,4,Constrained by Market,0,Does Not Provide This Service,0,Does Not Provide This Service
26d67ab6-53ee-4ffe-a541-bb58927eda1f,4,Constrained by Market,0,Does Not Provide This Service,0,Does Not Provide This Service
26ef046e-8fa6-4043-b01c-fade021d4ca6,4,Constrained by Market,0,Does Not Provide This Service,0,Does Not Provide This Service
26f0f024-57da-4185-bad9-272ddbbff123,5,Highly Constrained,0,Does Not Provide This Service,0,Does Not Provide This Service
26f69e87-fe18-47df-ba5a-f08f4cc32285,2,Potentially Available,0,Does Not Provide This Service,0,Does Not Provide This Service
270c3e4c-4a98-4e35-802d-636e23764711,4,Constrained by Market,0,Does Not Provide This Service,0,Does Not Provide This Service
27112cd3-df2c-437a-94ce-65588346047d,4,Constrained by Market,0,Does Not Provide This Service,0,Does Not Provide This Service
27189e8c-ecd8-4844-8c7c-1ba8c741ae3f,0,Does Not Provide This Service,0,Does Not Provide This Service,3,Constrained by Size
271abf0f-c909-464f-93a7-7ee146aa4316,4,Constrained by Market,0,Does Not Provide This Service,0,Does Not Provide This Service
2747aaa4-b5b0-4458-b667-6b1d6a78d026,5,Highly Constrained,0,Does Not Provide This Service,0,Does Not Provide This Service
2751ade3-2b40-4949-9501-af015db1c79d,4,Constrained by Market,0,Does Not Provide This Service,0,Does Not Provide This Service
276104ec-c308-4d55-a23d-cba6386da7e5,4,Constrained by Market,0,Does Not Provide This Service,0,Does Not Provide This Service
27766f0e-07d4-489c-8034-bc334147acd0,4,Constrained by Market,0,Does Not Provide This Service,0,Does Not Provide This Service
278c0ccc-8c22-4554-9427-fa0cb6372e26,4,Constrained by Market,0,Does Not Provide This Service,0,Does Not Provide This Service
27936b53-440e-4dc4-ba34-32a6690f164d,4,Constrained by Market,0,Does Not Provide This Service,0,Does Not Provide This Service
27a20827-1b24-4665-abd6-743967c9d645,5,Highly Constrained,0,Does Not Provide This Service,0,Does Not Provide This Service
27b53c31-75c1-4f9a-b9ea-e614ac7f9c0d,5,Highly Constrained,0,Does Not Provide This Service,0,Does Not Provide This Service
27cbf2ed-111b-454d-80d0-d9ecbe103544,5,Highly Constrained,0,Does Not Provide This Service,0,Does Not Provide This Service
27eb6240-db9f-4057-96d0-a62e91327c2b,4,Constrained by Market,0,Does Not Provide This Service,0,Does Not Provide This Service
282fe7ab-c852-4ca3-9fd2-51a56a273e68,4,Constrained by Market,0,Does Not Provide This Service,0,Does Not Provide This Service
28551ef4-56d3-40be-9a90-af3dede30c8c,4,Constrained by Market,0,Does Not Provide This Service,0,Does Not Provide This Service
285801f3-0efb-4d66-99c7-6cf7d4c27a45,5,Highly Constrained,0,Does Not Provide This Service,0,Does Not Provide This Service
2860a55a-efe8-4a51-af64-3f78e89a98f8,5,Highly Constrained,0,Does Not Provide This Service,0,Does Not Provide This Service
2864f2bc-176f-4802-8759-6dc644eafdbb,3,Constrained by Size,0,Does Not Provide This Service,0,Does Not Provide This Service
2875d0f8-677f-4d10-b802-6a99d0b9e7ba,4,Constrained by Market,0,Does Not Provide This Service,0,Does Not Provide This Service
2881b590-f05f-49da-b94d-3f79d86ea077,4,Constrained by Market,0,Does Not Provide This Service,0,Does Not Provide This Service
28829780-7e73-4abc-8067-af9692581c3d,5,Highly Constrained,0,Does Not Provide This Service,0,Does Not Provide This Service
289e80e5-5d23-4fa6-9458-a8b6d67cb734,5,Highly Constrained,0,Does Not Provide This Service,0,Does Not Provide This Service
28b70832-6248-4510-b54b-77ac629e9671,5,Highly Constrained,0,Does Not Provide This Service,0,Does Not Provide This Service
28f3eb24-a5c7-410d-856f-a5b50248bdfc,5,Highly Constrained,0,Does Not Provide This Service,0,Does Not Provide This Service
28f78205-5a8e-48bb-a641-c67ecd8f3a72,2,Potentially Available,0,Does Not Provide This Service,0,Does Not Provide This Service
2930e154-f260-477e-a6b7-6ab222404911,5,Highly Constrained,0,Does Not Provide This Service,0,Does Not Provide This Service
29310847-9e73-4a80-a58d-3ffc43bca16b,5,Highly Constrained,0,Does Not Provide This Service,0,Does Not Provide This Service
293b8c56-9fb3-45cd-8253-452e1b523590,5,Highly Constrained,0,Does Not Provide This Service,0,Does Not Provide This Service
295c9f9c-cbe9-4f19-9ea4-fe5c715d7326,4,Constrained by Market,0,Does Not Provide This Service,0,Does Not Provide This Service
297ee8a8-af1d-4d15-8c9e-8637496afe59,0,Does Not Provide This Service,4,Constrained by Market,0,Does Not Provide This Service
298cb929-f85f-40c7-9fa2-80eb5d5f4a1f,5,Highly Constrained,0,Does Not Provide This Service,0,Does Not Provide This Service
29a744b8-efb9-4eb5-8a57-faafa6ee5c6c,4,Constrained by Market,0,Does Not Provide This Service,0,Does Not Provide This Service
29bb6977-a906-47bf-93b6-230dab0bad7d,4,Constrained by Market,0,Does Not Provide This Service,0,Does Not Provide This Service
29d85168-2d8b-4b64-923e-7614c3df90a5,4,Constrained by Market,0,Does Not Provide This Service,0,Does Not Provide This Service
2a2b6f05-c3b4-4bc6-8066-35f9afff179f,5,Highly Constrained,0,Does Not Provide This Service,0,Does Not Provide This Service
2a364879-1f7e-4082-ac7b-307a6b999b36,4,Constrained by Market,0,Does Not Provide This Service,0,Does Not Provide This Service
2a4a5894-0951-4415-8090-2a1681f1b5f4,5,Highly Constrained,0,Does Not Provide This Service,0,Does Not Provide This Service
2a51410c-f1a7-458e-9ab8-33e66b2549ec,2,Potentially Available,0,Does Not Provide This Service,0,Does Not Provide This Service
2a681910-53c7-4fe1-83f9-322a3c0b1f42,3,Constrained by Size,5,Highly Constrained,0,Does Not Provide This Service
2a765824-107c-4078-896c-b5a4d454ce78,4,Constrained by Market,0,Does Not Provide This Service,0,Does Not Provide This Service
2a7cb80e-d65c-4f76-ae9c-9866c8601c35,1,Likely Available,1,Likely Available,0,Does Not Provide This Service
2a80aa18-f824-423b-9108-344e086cc1ee,4,Constrained by Market,0,Does Not Provide This Service,0,Does Not Provide This Service
2acf14f7-6640-4b82-a2dd-515b522d2635,5,Highly Constrained,0,Does Not Provide This Service,0,Does Not Provide This Service
2ad1d43e-95f5-4918-84b3-915c18c37051,2,Potentially Available,0,Does Not Provide This Service,0,Does Not Provide This Service
2ad47473-09dc-4f1d-adf6-faea978367a8,5,Highly Constrained,0,Does Not Provide This Service,0,Does Not Provide This Service
2ade277b-5b68-4421-bef8-6fd9574d572c,3,Constrained by Size,0,Does Not Provide This Service,0,Does Not Provide This Service
2b0036a4-b286-4d92-9de1-51b31157b91f,4,Constrained by Market,0,Does Not Provide This Service,0,Does Not Provide This Service
2b09fee3-02ab-412f-aaac-610f14e015b4,4,Constrained by Market,0,Does Not Provide This Service,0,Does Not Provide This Service
2b1130ce-7b6d-4e2a-8eb1-f19b75fcb8ad,5,Highly Constrained,0,Does Not Provide This Service,0,Does Not Provide This Service
2b14b060-a711-4eff-8a9f-b09600742a83,4,Constrained by Market,0,Does Not Provide This Service,0,Does Not Provide This Service
2b36bfc7-4925-4656-9db1-39ca7be89c08,5,Highly Constrained,0,Does Not Provide This Service,0,Does Not Provide This Service
2b3edbe0-682b-45ae-b07a-fe9b845c7c0c,2,Potentially Available,0,Does Not Provide This Service,0,Does Not Provide This Service
2b43deb1-c7ed-4097-b094-81d7a7fbddf3,4,Constrained by Market,0,Does Not Provide This Service,0,Does Not Provide This Service
2b48d91d-e4e7-4d3e-b6ea-964dc4ab9ae4,1,Likely Available,0,Does Not Provide This Service,0,Does Not Provide This Service
2b62c93a-b040-4297-855c-1ada0a85879e,4,Constrained by Market,0,Does Not Provide This Service,0,Does Not Provide This Service
2b6848b5-7210-44ce-ab8c-c72de32fc797,5,Highly Constrained,0,Does Not Provide This Service,0,Does Not Provide This Service
2b6e1719-e79c-4b8c-81eb-6bae1925748c,4,Constrained by Market,0,Does Not Provide This Service,0,Does Not Provide This Service
2b971361-e4a7-4f5d-a543-eec3f5e258eb,4,Constrained by Market,0,Does Not Provide This Service,0,Does Not Provide This Service
2bafe8c1-9187-4af5-80fa-028fb3768649,4,Constrained by Market,0,Does Not Provide This Service,0,Does Not Provide This Service
2bd20106-8e6e-4423-932b-844ed3f20bf6,4,Constrained by Market,0,Does Not Provide This Service,0,Does Not Provide This Service
2bdc372d-a6a0-4e90-82ca-7da7639bdab7,2,Potentially Available,0,Does Not Provide This Service,0,Does Not Provide This Service
2beabff6-3b2d-4001-b83e-ba3df8f1aa00,5,Highly Constrained,0,Does Not Provide This Service,0,Does Not Provide This Service
2bf0720d-9122-4572-a753-91bf33a2a463,2,Potentially Available,0,Does Not Provide This Service,0,Does Not Provide This Service
2c273762-e440-4035-8f8a-dff7ab683504,4,Constrained by Market,0,Does Not Provide This Service,0,Does Not Provide This Service
2c36e40c-7427-4c08-bbac-8e5f51e2d104,5,Highly Constrained,0,Does Not Provide This Service,0,Does Not Provide This Service
2c4e4c8c-41a2-44fa-a287-7d1cb261f901,2,Potentially Available,0,Does Not Provide This Service,0,Does Not Provide This Service
2c5cdf03-9ea9-41c6-add7-e8033c9504e2,4,Constrained by Market,0,Does Not Provide This Service,0,Does Not Provide This Service
2c5fb591-1cc2-4603-808c-cc5c257202a5,4,Constrained by Market,0,Does Not Provide This Service,0,Does Not Provide This Service
2c60ede8-93a1-48b0-8d3a-034145e3dd5c,5,Highly Constrained,0,Does Not Provide This Service,0,Does Not Provide This Service
2c75884b-37b6-41b1-957d-d98993c8249d,4,Constrained by Market,0,Does Not Provide This Service,0,Does Not Provide This Service
2c9d4eaf-d608-418e-b6e4-b31180b19010,3,Constrained by Size,0,Does Not Provide This Service,0,Does Not Provide This Service
2ca1e6d5-1b2b-4bcd-9a10-fc75166608fb,4,Constrained by Market,0,Does Not Provide This Service,0,Does Not Provide This Service
2cc857ec-ec50-40a3-90ef-ae0881f408d0,5,Highly Constrained,0,Does Not Provide This Service,0,Does Not Provide This Service
2ce61f40-596f-4c45-bd8d-7fc32ec87611,5,Highly Constrained,0,Does Not Provide This Service,0,Does Not Provide This Service
2ce8032c-acf0-458e-816b-4a0d8db44d42,5,Highly Constrained,0,Does Not Provide This Service,0,Does Not Provide This Service
2cf93f23-f4ae-4521-96c6-6692143a899f,3,Constrained by Size,0,Does Not Provide This Service,0,Does Not Provide This Service
2d0b1ef1-5cb2-44fb-858f-45fef0b82e13,1,Likely Available,1,Likely Available,0,Does Not Provide This Service
2d59cde2-d39f-4cdb-aafe-f06e99a8b340,5,Highly Constrained,0,Does Not Provide This Service,0,Does Not Provide This Service
2d5b140d-8465-43ef-8b7d-e00e6cc69e3a,4,Constrained by Market,0,Does Not Provide This Service,0,Does Not Provide This Service
2d5b9690-d375-42e8-8e8f-86257b7973ef,4,Constrained by Market,0,Does Not Provide This Service,0,Does Not Provide This Service
2d600325-d774-45ed-bb20-0cf1284bfb3c,5,Highly Constrained,0,Does Not Provide This Service,0,Does Not Provide This Service
2d6ffcd5-fe7e-459e-a326-5953ca70c5e5,4,Constrained by Market,0,Does Not Provide This Service,0,Does Not Provide This Service
2d90a37a-56c6-4c79-bc32-0e45667baf67,0,Does Not Provide This Service,0,Does Not Provide This Service,2,Potentially Available
2da08329-dc97-4cd6-b8f9-2c09e7950cf4,4,Constrained by Market,0,Does Not Provide This Service,0,Does Not Provide This Service
2dbbef43-be7b-4b89-a817-020bef956d55,4,Constrained by Market,0,Does Not Provide This Service,0,Does Not Provide This Service
2de068f0-8a61-4186-b121-b9690feab6b9,5,Highly Constrained,0,Does Not Provide This Service,0,Does Not Provide This Service
2deea491-25f3-40fe-94bc-9faa7d5b2ea6,4,Constrained by Market,0,Does Not Provide This Service,0,Does Not Provide This Service
2df985b5-2323-4024-aee0-d248a2dc0c1c,5,Highly Constrained,0,Does Not Provide This Service,0,Does Not Provide This Service
2e1b2cfd-7f32-447e-b61b-8e2bc5e302b2,0,Does Not Provide This Service,0,Does Not Provide This Service,3,Constrained by Size
2e366d5d-0cf7-436e-95e9-76318cadf60e,3,Constrained by Size,0,Does Not Provide This Service,0,Does Not Provide This Service
2e43ebbc-febd-4c75-bac1-12e8e4379e80,4,Constrained by Market,0,Does Not Provide This Service,0,Does Not Provide This Service
2e47ce67-650f-4781-af6b-d35f24715bf0,4,Constrained by Market,0,Does Not Provide This Service,0,Does Not Provide This Service
2e4af2c3-6dce-4fc5-8da6-e08d9e57f6c3,3,Constrained by Size,0,Does Not Provide This Service,0,Does Not Provide This Service
2e84b5b8-d062-4e9e-9e78-81028897e5f8,5,Highly Constrained,0,Does Not Provide This Service,0,Does Not Provide This Service
2e93303c-3a25-4583-a2ad-34c13bbdeecb,4,Constrained by Market,0,Does Not Provide This Service,0,Does Not Provide This Service
2e9548cd-f31d-42c9-8361-d8acbae8ee9f,5,Highly Constrained,0,Does Not Provide This Service,0,Does Not Provide This Service
2ec32930-c502-4099-87f1-1b4cd0df4521,5,Highly Constrained,0,Does Not Provide This Service,0,Does Not Provide This Service
2f65c106-8c79-4c32-913e-d97ae17532ba,3,Constrained by Size,1,Likely Available,0,Does Not Provide This Service
2f6662e4-0c66-4d85-8af9-b3832f16a512,5,Highly Constrained,0,Does Not Provide This Service,0,Does Not Provide This Service
2f8a7285-8708-4d12-81e1-57a30bebf354,5,Highly Constrained,0,Does Not Provide This Service,0,Does Not Provide This Service
2f940d12-52d8-4211-8d48-945fba230239,3,Constrained by Size,0,Does Not Provide This Service,0,Does Not Provide This Service
2fd079ca-7f12-41c8-b877-d5c3cbb2354b,2,Potentially Available,0,Does Not Provide This Service,0,Does Not Provide This Service
2feef231-c48a-410e-90c8-f0cba9dc12c1,5,Highly Constrained,0,Does Not Provide This Service,0,Does Not Provide This Service
3008ca47-ff55-41be-a633-53ad3a9c734b,4,Constrained by Market,0,Does Not Provide This Service,0,Does Not Provide This Service
300d38a5-bb0f-4ebf-8ef6-4d8ee5af95cf,1,Likely Available,1,Likely Available,0,Does Not Provide This Service
3017488d-2740-4d1f-97b0-fbeec6844368,4,Constrained by Market,0,Does Not Provide This Service,0,Does Not Provide This Service
3024bd0d-52a1-4266-bbd6-a0f60160cad0,3,Constrained by Size,0,Does Not Provide This Service,0,Does Not Provide This Service
3077852c-d064-47ed-9322-f3fb947debfd,4,Constrained by Market,0,Does Not Provide This Service,0,Does Not Provide This Service
307f8ce6-fec0-4247-b2c7-4e6f100a9ef6,4,Constrained by Market,0,Does Not Provide This Service,0,Does Not Provide This Service
309260af-71a4-4b5a-91fd-7b8acf85ac53,2,Potentially Available,0,Does Not Provide This Service,0,Does Not Provide This Service
30a3a67f-4ed9-45b3-83e3-c1ba8a551df2,4,Constrained by Market,0,Does Not Provide This Service,0,Does Not Provide This Service
30a3cc43-96e2-4e33-b7d4-a733b614249a,0,Does Not Provide This Service,4,Constrained by Market,0,Does Not Provide This Service
30aef67e-1f5d-459d-8831-b2d54b1db67d,4,Constrained by Market,0,Does Not Provide This Service,0,Does Not Provide This Service
30d329c6-40c8-45e0-a77b-c544fe06324e,2,Potentially Available,0,Does Not Provide This Service,0,Does Not Provide This Service
30ebe24b-9c9a-47d0-9649-76d17803a2df,5,Highly Constrained,0,Does Not Provide This Service,0,Does Not Provide This Service
311f5fc5-30de-4d8f-a3f3-3e73b79a7d85,4,Constrained by Market,0,Does Not Provide This Service,0,Does Not Provide This Service
318551f1-5876-4655-94f7-42baf2e2a37b,4,Constrained by Market,0,Does Not Provide This Service,0,Does Not Provide This Service
318ce972-2647-42ff-b39b-d4bb861675ce,5,Highly Constrained,0,Does Not Provide This Service,0,Does Not Provide This Service
31916c35-deb4-488a-abea-e4c0a12777ef,5,Highly Constrained,0,Does Not Provide This Service,0,Does Not Provide This Service
31a6ef1a-62e3-4492-9f56-a4302c13fc46,2,Potentially Available,0,Does Not Provide This Service,0,Does Not Provide This Service
31ed1250-deaf-4faa-93af-33d278ba2333,4,Constrained by Market,0,Does Not Provide This Service,0,Does Not Provide This Service
31f23ef6-29c9-4a55-b7f6-e2e50075e755,4,Constrained by Market,0,Does Not Provide This Service,0,Does Not Provide This Service
32320b73-8bba-4239-993d-467c46c015a1,4,Constrained by Market,0,Does Not Provide This Service,0,Does Not Provide This Service
3253a738-3b55-4bde-947d-b4ae4d97f967,5,Highly Constrained,0,Does Not Provide This Service,0,Does Not Provide This Service
3268acb6-64e2-4a3e-8e20-9ad3dc5eb6bd,5,Highly Constrained,0,Does Not Provide This Service,0,Does Not Provide This Service
3274103f-e470-49dd-9add-187d8cc64aa5,4,Constrained by Market,0,Does Not Provide This Service,0,Does Not Provide This Service
3286cd7f-a24c-4007-8572-b51c566c7656,4,Constrained by Market,0,Does Not Provide This Service,0,Does Not Provide This Service
32ad60e6-a12e-4f53-bd4c-54991f02b609,2,Potentially Available,0,Does Not Provide This Service,0,Does Not Provide This Service
32d3716d-c3ba-4f4b-8c46-82fe3d371023,5,Highly Constrained,0,Does Not Provide This Service,0,Does Not Provide This Service
32d9837b-013d-49a5-9689-66638239e5f9,4,Constrained by Market,0,Does Not Provide This Service,0,Does Not Provide This Service
32e00571-032e-4a91-afb5-156c57eb3eef,2,Potentially Available,0,Does Not Provide This Service,0,Does Not Provide This Service
32f4a7c1-a137-4dbd-88ec-5154dd6ac74e,4,Constrained by Market,0,Does Not Provide This Service,0,Does Not Provide This Service
32ff2461-1426-489c-9162-39e06d388d61,5,Highly Constrained,0,Does Not Provide This Service,0,Does Not Provide This Service
331e3dc0-5b35-4f00-bad9-9f6c24fd1dca,4,Constrained by Market,0,Does Not Provide This Service,0,Does Not Provide This Service
33254d5d-8ce0-4ae6-95ea-7d9fac982ee3,4,Constrained by Market,0,Does Not Provide This Service,0,Does Not Provide This Service
3340f560-eb0d-453e-8bea-0a85c27650c6,0,Does Not Provide This Service,0,Does Not Provide This Service,3,Constrained by Size
33508c5a-b832-41b3-af2e-14ba3651c191,4,Constrained by Market,0,Does Not Provide This Service,0,Does Not Provide This Service
33703208-a63e-4d07-aa3e-67999a239288,5,Highly Constrained,0,Does Not Provide This Service,0,Does Not Provide This Service
33970eab-2fa5-4724-b55f-414737de528c,4,Constrained by Market,0,Does Not Provide This Service,0,Does Not Provide This Service
339a0586-ed6a-4876-b888-5645cf034f04,4,Constrained by Market,0,Does Not Provide This Service,0,Does Not Provide This Service
33b57324-4c03-4a61-9e41-0284ecb60d40,2,Potentially Available,0,Does Not Provide This Service,0,Does Not Provide This Service
33c69525-6de4-4eb2-ab4e-26c2de44ef15,4,Constrained by Market,0,Does Not Provide This Service,0,Does Not Provide This Service
33d1735a-e95f-4e27-a2e7-af2f47587979,5,Highly Constrained,0,Does Not Provide This Service,0,Does Not Provide This Service
33f64875-5417-4da4-9743-6f77cfbf2b6b,4,Constrained by Market,0,Does Not Provide This Service,0,Does Not Provide This Service
340438f5-1bbf-480f-af64-097bebbafc33,4,Constrained by Market,0,Does Not Provide This Service,0,Does Not Provide This Service
34187c7d-833e-4d03-b03e-7f265fe09241,4,Constrained by Market,0,Does Not Provide This Service,0,Does Not Provide This Service
345f630f-dfec-4db2-9049-0904912db81e,2,Potentially Available,0,Does Not Provide This Service,0,Does Not Provide This Service
34628631-bbd1-4386-b70b-afc08b740192,5,Highly Constrained,0,Does Not Provide This Service,0,Does Not Provide This Service
347e5bee-5706-4e1b-8e23-63f8e2348e6b,4,Constrained by Market,0,Does Not Provide This Service,0,Does Not Provide This Service
34814da2-4f1d-47e3-aeb9-d1d6cd2e4fa5,4,Constrained by Market,0,Does Not Provide This Service,0,Does Not Provide This Service
3486a9db-373a-4d55-983f-d22953291a19,0,Does Not Provide This Service,0,Does Not Provide This Service,1,Likely Available
348b3f48-c748-48d2-bfc8-dbedc10d1ee6,5,Highly Constrained,0,Does Not Provide This Service,0,Does Not Provide This Service
3490129c-6ee5-455c-90dc-748245b79df9,5,Highly Constrained,0,Does Not Provide This Service,0,Does Not Provide This Service
349e0c60-3e27-4f75-aea1-727701829b21,0,Does Not Provide This Service,1,Likely Available,0,Does Not Provide This Service
34a08e5a-829f-4e7b-bb5a-2df98ed2af35,2,Potentially Available,0,Does Not Provide This Service,0,Does Not Provide This Service
34aa36b4-aa68-4539-80f6-8c425260b863,4,Constrained by Market,0,Does Not Provide This Service,0,Does Not Provide This Service
34d4099b-d901-484b-86e5-346be569e50d,4,Constrained by Market,0,Does Not Provide This Service,0,Does Not Provide This Service
34da4c70-8b58-4096-8f30-a7d9222e48d4,4,Constrained by Market,0,Does Not Provide This Service,0,Does Not Provide This Service
34dc5243-6fdd-4841-b870-d54fc01dc2c2,5,Highly Constrained,0,Does Not Provide This Service,0,Does Not Provide This Service
34f0cb4e-aaeb-4e54-9d2a-3c43288aeae5,4,Constrained by Market,0,Does Not Provide This Service,0,Does Not Provide This Service
34f93000-c64a-43e2-8a5d-780ffef8ad47,1,Likely Available,1,Likely Available,0,Does Not Provide This Service
350c3061-5914-4d9f-bf05-593fa1ab2cb8,5,Highly Constrained,0,Does Not Provide This Service,0,Does Not Provide This Service
350dab7a-7b48-4d01-8564-00d6a7e79035,1,Likely Available,4,Constrained by Market,0,Does Not Provide This Service
350e8064-87d9-4955-a922-52dcf69515e9,4,Constrained by Market,0,Does Not Provide This Service,0,Does Not Provide This Service
355f22dc-837e-4219-a46f-e810b0ffe8dc,5,Highly Constrained,0,Does Not Provide This Service,0,Does Not Provide This Service
359e0835-f4bd-4acf-b734-2e7e8a18d320,5,Highly Constrained,0,Does Not Provide This Service,0,Does Not Provide This Service
35a252d4-b313-4479-b364-4aa7bb5fe00b,5,Highly Constrained,0,Does Not Provide This Service,0,Does Not Provide This Service
35aebe3b-42ba-4e6e-8ec6-88208171b0f1,4,Constrained by Market,0,Does Not Provide This Service,0,Does Not Provide This Service
35cc57c0-8a65-4121-ac1b-ae05c4272c47,5,Highly Constrained,0,Does Not Provide This Service,0,Does Not Provide This Service
35ed4262-8773-4d79-9149-feda3517a2b1,5,Highly Constrained,0,Does Not Provide This Service,0,Does Not Provide This Service
35ff5dc8-1270-44a8-9146-110cd47d845e,4,Constrained by Market,0,Does Not Provide This Service,0,Does Not Provide This Service
3604e4f7-cccc-4fdd-98e8-459114c3943b,4,Constrained by Market,0,Does Not Provide This Service,0,Does Not Provide This Service
3605fb1e-45f2-4d15-b280-f04261a87e1d,5,Highly Constrained,0,Does Not Provide This Service,0,Does Not Provide This Service
360d67ac-923d-4ef7-8499-16545338aaec,4,Constrained by Market,0,Does Not Provide This Service,0,Does Not Provide This Service
3611cf97-f28f-47a1-be62-72984f4b3753,5,Highly Constrained,0,Does Not Provide This Service,0,Does Not Provide This Service
363749d7-c017-4fd6-a0de-14b700c4f208,4,Constrained by Market,0,Does Not Provide This Service,0,Does Not Provide This Service
365d9ddc-dee1-41bd-9f7c-2aea80c599ad,3,Constrained by Size,0,Does Not Provide This Service,0,Does Not Provide This Service
365e8b01-d177-49e1-86fb-3cf31627677e,5,Highly Constrained,0,Does Not Provide This Service,0,Does Not Provide This Service
368cf320-4a84-46c8-b2af-77cbaa4c92a2,3,Constrained by Size,0,Does Not Provide This Service,0,Does Not Provide This Service
36951fa0-2a99-42eb-b5cb-6bd065d03ada,4,Constrained by Market,0,Does Not Provide This Service,0,Does Not Provide This Service
36975d7a-7347-483b-a5a6-245dbc3cdcf3,5,Highly Constrained,0,Does Not Provide This Service,0,Does Not Provide This Service
3698226b-65b9-4999-9960-1ed713e6598f,4,Constrained by Market,0,Does Not Provide This Service,0,Does Not Provide This Service
369c1182-d793-4e9d-913a-2e034a7b3c70,5,Highly Constrained,0,Does Not Provide This Service,0,Does Not Provide This Service
369ef3f1-ab28-40fb-8c97-a7a1ed7e61f2,4,Constrained by Market,0,Does Not Provide This Service,0,Does Not Provide This Service
36a88e1e-9104-4e1b-91ad-54fb7779b9cc,5,Highly Constrained,0,Does Not Provide This Service,0,Does Not Provide This Service
36d04d15-425a-473d-aab0-8cb597097430,4,Constrained by Market,0,Does Not Provide This Service,0,Does Not Provide This Service
36e6cf2e-b9f7-4c32-b8e5-9f4342b31eef,5,Highly Constrained,0,Does Not Provide This Service,0,Does Not Provide This Service
36e91571-8976-43c7-b5f8-870ee3550a82,5,Highly Constrained,0,Does Not Provide This Service,0,Does Not Provide This Service
36ebc96f-5a23-460e-bfe1-154aa45a95cf,5,Highly Constrained,0,Does Not Provide This Service,0,Does Not Provide This Service
372411c1-8050-43b7-aac5-33f80a51f750,4,Constrained by Market,0,Does Not Provide This Service,0,Does Not Provide This Service
372acdb4-97aa-4ad8-8275-a2e22f201a66,3,Constrained by Size,0,Does Not Provide This Service,0,Does Not Provide This Service
372df667-fc27-4923-9181-733b0b854e11,4,Constrained by Market,0,Does Not Provide This Service,0,Does Not Provide This Service
3762eedb-8e44-41db-96f4-0110c3abb74c,4,Constrained by Market,0,Does Not Provide This Service,0,Does Not Provide This Service
377719ce-8611-4020-86fa-f4e11ab65d47,4,Constrained by Market,0,Does Not Provide This Service,0,Does Not Provide This Service
37813a0d-449f-4df6-8702-5c3972af461f,0,Does Not Provide This Service,4,Constrained by Market,0,Does Not Provide This Service
3781fb2f-6a57-4a4a-a45a-a1c3129d9f6b,5,Highly Constrained,0,Does Not Provide This Service,0,Does Not Provide This Service
378f97da-4147-4a8e-a825-b0ccbdeafaeb,4,Constrained by Market,0,Does Not Provide This Service,0,Does Not Provide This Service
379bbace-5ba0-4220-a84e-bd8dc1f34c5e,0,Does Not Provide This Service,0,Does Not Provide This Service,1,Likely Available
37a21f68-6b7d-4aaa-aa30-e55cba19eabf,5,Highly Constrained,0,Does Not Provide This Service,0,Does Not Provide This Service
37b02acc-102f-402e-8d20-8d53aa6eaa7f,0,Does Not Provide This Service,0,Does Not Provide This Service,2,Potentially Available
37bc42b9-f376-4d01-908f-91b51bf6ded0,4,Constrained by Market,0,Does Not Provide This Service,0,Does Not Provide This Service
37c9c923-082e-460e-b6c5-f5768525e803,5,Highly Constrained,0,Does Not Provide This Service,0,Does Not Provide This Service
37e04aa9-9284-4193-98d8-3d463d52c946,5,Highly Constrained,0,Does Not Provide This Service,0,Does Not Provide This Service
3817e9a9-65fe-44db-8aec-69442638abe8,3,Constrained by Size,0,Does Not Provide This Service,0,Does Not Provide This Service
381cc011-2ba7-4c89-957c-7c6ac28a2b4c,4,Constrained by Market,0,Does Not Provide This Service,0,Does Not Provide This Service
383bc407-0494-4a15-9c6b-630487fc7741,4,Constrained by Market,0,Does Not Provide This Service,0,Does Not Provide This Service
38592de6-fc61-4588-a4fd-c9218cd1c545,5,Highly Constrained,0,Does Not Provide This Service,0,Does Not Provide This Service
38785e5b-4239-4c0e-8b3c-f21638b496fe,5,Highly Constrained,0,Does Not Provide This Service,0,Does Not Provide This Service
38796cd1-1525-43c3-a156-eb374effd594,5,Highly Constrained,0,Does Not Provide This Service,0,Does Not Provide This Service
38ac39ce-6f09-43bc-ae09-77bd24f78753,5,Highly Constrained,0,Does Not Provide This Service,0,Does Not Provide This Service
38c35abd-117f-4194-9144-663b173350a9,4,Constrained by Market,0,Does Not Provide This Service,0,Does Not Provide This Service
38cce7cf-0164-4d3f-8c85-d765bd3ac5db,5,Highly Constrained,0,Does Not Provide This Service,0,Does Not Provide This Service
38d6e572-c35f-43c1-90fa-e7f3bf083a64,0,Does Not Provide This Service,0,Does Not Provide This Service,5,Highly Constrained
38ead7b5-e1fb-4c4e-a13b-57442b495c58,4,Constrained by Market,0,Does Not Provide This Service,0,Does Not Provide This Service
38f1e293-be4f-4f11-8c7d-e5acf46528f0,0,Does Not Provide This Service,0,Does Not Provide This Service,4,Constrained by Market
39010701-5bea-486b-81dd-e9c86b5165e5,4,Constrained by Market,0,Does Not Provide This Service,0,Does Not Provide This Service
390bff6a-a2d7-46d4-94a6-322a597c8e63,5,Highly Constrained,0,Does Not Provide This Service,0,Does Not Provide This Service
39297f5a-c831-4ece-af2a-ab10b655a91d,4,Constrained by Market,0,Does Not Provide This Service,0,Does Not Provide This Service
39556c15-2e39-4b86-8c81-12713b384e83,4,Constrained by Market,0,Does Not Provide This Service,0,Does Not Provide This Service
3974cabd-363c-46ee-9947-c78022b605cb,4,Constrained by Market,0,Does Not Provide This Service,0,Does Not Provide This Service
39b146c4-318f-45f4-9272-2a51b6d36353,5,Highly Constrained,0,Does Not Provide This Service,0,Does Not Provide This Service
39b61859-61a1-4385-b2be-66f5fbddf84f,5,Highly Constrained,0,Does Not Provide This Service,0,Does Not Provide This Service
39eaec6c-61b3-4ab2-bf3b-4a1026f51565,4,Constrained by Market,0,Does Not Provide This Service,0,Does Not Provide This Service
39fef8b5-1c10-470b-89f0-1dfe454fcbe8,4,Constrained by Market,0,Does Not Provide This Service,0,Does Not Provide This Service
3a0042e5-3353-492e-92c6-2e9d7bfb7ad6,4,Constrained by Market,0,Does Not Provide This Service,0,Does Not Provide This Service
3a0c14c1-e597-4194-ac83-78e959927943,4,Constrained by Market,0,Does Not Provide This Service,0,Does Not Provide This Service
3a28425b-d4ab-4f6d-8b93-f9f463ca20ea,3,Constrained by Size,0,Does Not Provide This Service,0,Does Not Provide This Service
3a28d432-d82e-4ae8-acf3-92caabbfcb49,5,Highly Constrained,0,Does Not Provide This Service,0,Does Not Provide This Service
3a47f364-cbb1-4ddb-9338-7f7855dceed4,2,Potentially Available,0,Does Not Provide This Service,0,Does Not Provide This Service
3a5bc0ea-9687-4e8a-a639-3e758857e5d9,4,Constrained by Market,0,Does Not Provide This Service,0,Does Not Provide This Service
3a76600c-bffa-4272-8d70-5f5327aa0984,4,Constrained by Market,0,Does Not Provide This Service,0,Does Not Provide This Service
3a7e1314-2394-431d-a73a-57e3eb37b04f,2,Potentially Available,0,Does Not Provide This Service,0,Does Not Provide This Service
3a90ec0b-0fc1-4639-a88b-5a60793da069,4,Constrained by Market,0,Does Not Provide This Service,0,Does Not Provide This Service
3a90eca3-a9c2-4b7f-8a35-ed45126ad950,3,Constrained by Size,5,Highly Constrained,0,Does Not Provide This Service
3a9c82d6-0523-4d72-a150-0073b482f0a5,5,Highly Constrained,0,Does Not Provide This Service,0,Does Not Provide This Service
3aa3ce7b-62bf-465d-9a95-1836b8bb6fe2,4,Constrained by Market,0,Does Not Provide This Service,0,Does Not Provide This Service
3ac7b8ba-4798-4f54-89d7-2c91a780cfb9,4,Constrained by Market,0,Does Not Provide This Service,0,Does Not Provide This Service
3ac8294d-8a85-42f6-9e8d-3a16e5ae2b8e,4,Constrained by Market,0,Does Not Provide This Service,0,Does Not Provide This Service
3ac89709-172e-4934-a666-88a19934212b,4,Constrained by Market,0,Does Not Provide This Service,0,Does Not Provide This Service
3ae81583-69c5-4692-affc-d1ac03c60182,2,Potentially Available,0,Does Not Provide This Service,0,Does Not Provide This Service
3afb99b6-447d-4d32-ba5b-3176519dbdec,4,Constrained by Market,0,Does Not Provide This Service,0,Does Not Provide This Service
3b10faaa-359e-47cf-aa46-29e33d0dafc0,4,Constrained by Market,0,Does Not Provide This Service,0,Does Not Provide This Service
3b4ca6e5-60d9-4640-b5ee-f96ccf2d4aa4,4,Constrained by Market,0,Does Not Provide This Service,0,Does Not Provide This Service
3b5c3918-a78a-4dd0-b821-6798cbd39979,4,Constrained by Market,0,Does Not Provide This Service,0,Does Not Provide This Service
3b8baf16-bd8f-40cd-a950-7dc701b00baa,5,Highly Constrained,0,Does Not Provide This Service,0,Does Not Provide This Service
3bb4aad0-5045-4748-bbb2-0e64ccd57e40,5,Highly Constrained,0,Does Not Provide This Service,0,Does Not Provide This Service
3bc1149b-7aa2-4193-b532-e0b7e5f16cd4,5,Highly Constrained,0,Does Not Provide This Service,0,Does Not Provide This Service
3bc2fe98-22bc-426b-bddd-f69f67b8abff,5,Highly Constrained,0,Does Not Provide This Service,0,Does Not Provide This Service
3bc652bc-65ac-4eca-b689-dc2eeebf79e2,4,Constrained by Market,0,Does Not Provide This Service,0,Does Not Provide This Service
3c18c7f6-c002-443b-9998-927d94d0e9f7,0,Does Not Provide This Service,0,Does Not Provide This Service,3,Constrained by Size
3c1e5648-6227-4dad-adbe-960aed8ac39b,5,Highly Constrained,0,Does Not Provide This Service,0,Does Not Provide This Service
3c3960dc-9969-407b-b708-8548fea9560b,5,Highly Constrained,0,Does Not Provide This Service,0,Does Not Provide This Service
3c42e6d3-a025-4fd9-9759-0eebec57a677,2,Potentially Available,0,Does Not Provide This Service,0,Does Not Provide This Service
3c4d3bae-656d-4a8b-ab63-8649535568f4,4,Constrained by Market,0,Does Not Provide This Service,0,Does Not Provide This Service
3c56a676-4908-4001-a822-74d52c457b00,5,Highly Constrained,0,Does Not Provide This Service,0,Does Not Provide This Service
3c56e128-f364-4647-95ba-38e792ebba5d,0,Does Not Provide This Service,1,Likely Available,0,Does Not Provide This Service
3c62409a-d5c0-48ec-9413-ac1f10af7b84,4,Constrained by Market,0,Does Not Provide This Service,0,Does Not Provide This Service
3c825d0a-3199-4ac0-be7f-ca2d5a2de0e7,4,Constrained by Market,0,Does Not Provide This Service,0,Does Not Provide This Service
3c846e53-962a-4ac3-bcae-aaddb8ead134,5,Highly Constrained,0,Does Not Provide This Service,0,Does Not Provide This Service
3c8a447a-970c-4e03-bfda-441d8e7d24fe,4,Constrained by Market,0,Does Not Provide This Service,0,Does Not Provide This Service
3c913ff6-4a26-4c4c-a32c-cd09ff5ed5af,4,Constrained by Market,0,Does Not Provide This Service,0,Does Not Provide This Service
3c9b2628-c2e5-459a-a824-3ff013397121,4,Constrained by Market,0,Does Not Provide This Service,0,Does Not Provide This Service
3c9bdd1c-2079-4920-bfef-36b60a1e2c19,5,Highly Constrained,0,Does Not Provide This Service,0,Does Not Provide This Service
3cb152bb-68bc-48e5-bfa6-5681f2548bd2,4,Constrained by Market,0,Does Not Provide This Service,0,Does Not Provide This Service
3cc91a9d-3a56-4c3d-96ad-f575c4fb5329,4,Constrained by Market,0,Does Not Provide This Service,0,Does Not Provide This Service
3ce3c132-af53-4af0-a4d0-68845b8408d6,4,Constrained by Market,0,Does Not Provide This Service,0,Does Not Provide This Service
3cf1c425-5f09-4338-84d8-d820a5d2ccc3,4,Constrained by Market,0,Does Not Provide This Service,0,Does Not Provide This Service
3d203c88-8d1d-4267-b751-de70333d07ba,4,Constrained by Market,0,Does Not Provide This Service,0,Does Not Provide This Service
3d386b21-2e3a-4673-b429-223af984ff74,4,Constrained by Market,0,Does Not Provide This Service,0,Does Not Provide This Service
3d4263fb-ad33-48a6-a3fe-e1cf6b9475db,3,Constrained by Size,0,Does Not Provide This Service,0,Does Not Provide This Service
3d56fb55-cacd-48ff-9443-c63ee415c471,5,Highly Constrained,0,Does Not Provide This Service,0,Does Not Provide This Service
3d65f715-b7b9-4d7e-a8c5-1bbe0df23936,5,Highly Constrained,0,Does Not Provide This Service,0,Does Not Provide This Service
3dcb07da-c9ec-4762-9347-b1b116c1cf4e,5,Highly Constrained,0,Does Not Provide This Service,0,Does Not Provide This Service
3dd0651e-8355-47f9-af12-24d0096d1bbe,4,Constrained by Market,0,Does Not Provide This Service,0,Does Not Provide This Service
3df1a929-fe8a-47cc-bf04-e726b68f111f,3,Constrained by Size,0,Does Not Provide This Service,0,Does Not Provide This Service
3e11f628-e14b-4885-9c4e-b41ebc81e09f,4,Constrained by Market,0,Does Not Provide This Service,0,Does Not Provide This Service
3e1e2638-0a84-40a3-831f-f4fa933d8a38,5,Highly Constrained,0,Does Not Provide This Service,0,Does Not Provide This Service
3e591fb0-8933-48cd-a5b8-3409003e0a22,5,Highly Constrained,0,Does Not Provide This Service,0,Does Not Provide This Service
3e59366b-d3f9-4965-b116-bf316f32c008,5,Highly Constrained,0,Does Not Provide This Service,0,Does Not Provide This Service
3e61b34d-e436-4c13-8ef2-6e0fc877d0ec,0,Does Not Provide This Service,0,Does Not Provide This Service,3,Constrained by Size
3e78e05d-312a-4dda-9bb9-c45cf4f617ae,5,Highly Constrained,0,Does Not Provide This Service,0,Does Not Provide This Service
3eb9406c-d2ed-4af5-b091-f126cc162eb7,3,Constrained by Size,0,Does Not Provide This Service,0,Does Not Provide This Service
3ee3cb07-a9ad-4f9f-9086-c11a9e4b9ff6,1,Likely Available,0,Does Not Provide This Service,0,Does Not Provide This Service
3ef5a824-e233-4838-a16a-0ab8d21dd89b,0,Does Not Provide This Service,0,Does Not Provide This Service,1,Likely Available
3f071284-9659-415e-92c8-d9f2e328b5a8,0,Does Not Provide This Service,0,Does Not Provide This Service,1,Likely Available
3f0902e8-9a0f-4084-9c36-ac7338c339ca,5,Highly Constrained,0,Does Not Provide This Service,0,Does Not Provide This Service
3f13297e-b46b-4086-b3b2-7f9ce9acfc96,4,Constrained by Market,0,Does Not Provide This Service,0,Does Not Provide This Service
3f15c3b5-950a-4584-a566-f7e07ff7f578,4,Constrained by Market,0,Does Not Provide This Service,0,Does Not Provide This Service
3f604c01-9fb4-4922-bbe4-6f692028a66a,4,Constrained by Market,0,Does Not Provide This Service,0,Does Not Provide This Service
3f7f167c-2110-4a85-908a-5ee2fb81f3f5,2,Potentially Available,0,Does Not Provide This Service,0,Does Not Provide This Service
3f8848b7-a10d-4628-8590-11b121e06a76,4,Constrained by Market,0,Does Not Provide This Service,0,Does Not Provide This Service
3ff449ba-1765-4910-814f-2ac1bdfbce8d,4,Constrained by Market,0,Does Not Provide This Service,0,Does Not Provide This Service
3ffb68fa-4b04-4026-b47f-6fb46ef2947d,4,Constrained by Market,0,Does Not Provide This Service,0,Does Not Provide This Service
4001754f-b9c3-40a3-924f-d46d82efb5d5,0,Does Not Provide This Service,0,Does Not Provide This Service,2,Potentially Available
40256016-a1c0-4503-b914-5821e0df84d8,4,Constrained by Market,0,Does Not Provide This Service,0,Does Not Provide This Service
402ebe72-ada3-46fe-afb6-4966015f2c86,4,Constrained by Market,0,Does Not Provide This Service,0,Does Not Provide This Service
40309523-e89a-4528-b2bd-530e5b92d6dc,2,Potentially Available,0,Does Not Provide This Service,0,Does Not Provide This Service
404004b0-fca0-40c9-a329-fdfc6633d49b,5,Highly Constrained,0,Does Not Provide This Service,0,Does Not Provide This Service
40404152-be15-4a4c-bcd7-edf502c70e3a,5,Highly Constrained,0,Does Not Provide This Service,0,Does Not Provide This Service
4045bf02-d6f3-4008-b71c-ec55b2775a96,4,Constrained by Market,0,Does Not Provide This Service,0,Does Not Provide This Service
404a8097-ae0a-4d16-b2fe-1eecb5dc3d0a,4,Constrained by Market,0,Does Not Provide This Service,0,Does Not Provide This Service
405d088d-34d1-45f7-9ca7-0c0793ecd356,4,Constrained by Market,0,Does Not Provide This Service,0,Does Not Provide This Service
405db5cb-018d-4eff-8a2c-8a4c81360aca,4,Constrained by Market,0,Does Not Provide This Service,0,Does Not Provide This Service
40612fc4-0d3d-44ac-b767-239cbf0cbc1e,4,Constrained by Market,0,Does Not Provide This Service,0,Does Not Provide This Service
409f2029-1abb-4ba0-b965-d07bcc9e353a,2,Potentially Available,1,Likely Available,0,Does Not Provide This Service
40aa5d4a-ce5a-436c-9833-bd28892320e5,4,Constrained by Market,0,Does Not Provide This Service,0,Does Not Provide This Service
40dcbf37-5496-4367-82e9-6ba51f667e5f,4,Constrained by Market,0,Does Not Provide This Service,0,Does Not Provide This Service
40e4e86a-9832-45b8-80a7-ddf2182f2cef,4,Constrained by Market,0,Does Not Provide This Service,0,Does Not Provide This Service
40ed5ddc-7d37-4fdd-804c-9a8e5dfde6da,3,Constrained by Size,0,Does Not Provide This Service,0,Does Not Provide This Service
40f429f9-2c7f-459d-888e-ef1e7fcb66ca,2,Potentially Available,0,Does Not Provide This Service,0,Does Not Provide This Service
40f98d46-9cc4-4a19-a372-2590abad76d2,2,Potentially Available,0,Does Not Provide This Service,0,Does Not Provide This Service
413390d8-974a-410a-ab6b-feb70a7a71db,5,Highly Constrained,0,Does Not Provide This Service,0,Does Not Provide This Service
413c46bc-c9f3-4efc-8f43-4a2b6282ff84,2,Potentially Available,0,Does Not Provide This Service,0,Does Not Provide This Service
4143668d-48a8-41d1-84dc-4425fb9c5e85,4,Constrained by Market,0,Does Not Provide This Service,0,Does Not Provide This Service
414a7350-36b0-4233-b420-f5e546972a62,0,Does Not Provide This Service,0,Does Not Provide This Service,5,Highly Constrained
416a6fae-8596-4cc2-b112-a1c17795361b,5,Highly Constrained,0,Does Not Provide This Service,0,Does Not Provide This Service
41a49df3-375c-471a-b15f-027fea4eda7b,5,Highly Constrained,0,Does Not Provide This Service,0,Does Not Provide This Service
41abb151-fb60-458b-9f8f-c34baf963983,1,Likely Available,0,Does Not Provide This Service,0,Does Not Provide This Service
41c445ce-b9ad-49e1-907b-17254ff88f30,4,Constrained by Market,0,Does Not Provide This Service,0,Does Not Provide This Service
41dd98f1-0151-4863-be12-58e607ec5f7b,1,Likely Available,1,Likely Available,0,Does Not Provide This Service
4200a7cf-f546-4fec-8c1e-4963d1486345,4,Constrained by Market,0,Does Not Provide This Service,0,Does Not Provide This Service
4209c5bd-15b8-4f5b-ba50-a3869629d015,3,Constrained by Size,0,Does Not Provide This Service,0,Does Not Provide This Service
420f5135-57c9-401e-9610-327ca942498a,0,Does Not Provide This Service,0,Does Not Provide This Service,2,Potentially Available
4218bc9d-5202-4fb4-8458-e111690c6bea,4,Constrained by Market,0,Does Not Provide This Service,0,Does Not Provide This Service
42452fb6-29ed-4e17-a443-2e1910b55ffc,4,Constrained by Market,0,Does Not Provide This Service,0,Does Not Provide This Service
42753cc1-8c95-4382-b865-93d490444041,3,Constrained by Size,0,Does Not Provide This Service,0,Does Not Provide This Service
42770cec-4461-4d4b-89e6-0e3a65d8c5f9,4,Constrained by Market,0,Does Not Provide This Service,0,Does Not Provide This Service
4278d002-188c-42d4-ae42-d5f0b271ff34,5,Highly Constrained,0,Does Not Provide This Service,0,Does Not Provide This Service
4289f187-097d-4f7b-90de-798caf6c0297,4,Constrained by Market,0,Does Not Provide This Service,0,Does Not Provide This Service
42986368-d767-481e-90d2-91da59c81e22,4,Constrained by Market,0,Does Not Provide This Service,0,Does Not Provide This Service
4298d3c0-2bf1-44d4-a1c8-3bba84f8293c,4,Constrained by Market,0,Does Not Provide This Service,0,Does Not Provide This Service
42a751aa-834e-4603-b588-96c3d9864654,3,Constrained by Size,0,Does Not Provide This Service,0,Does Not Provide This Service
42ae8331-65f3-4b12-aa22-6c58d939cdbb,5,Highly Constrained,0,Does Not Provide This Service,0,Does Not Provide This Service
42bccd09-b462-44e4-9c9a-e0202cee22b5,0,Does Not Provide This Service,4,Constrained by Market,0,Does Not Provide This Service
42c2149a-4d65-483c-9572-f8365d8d6892,5,Highly Constrained,0,Does Not Provide This Service,0,Does Not Provide This Service
43053cb2-2b66-4b05-a5fa-94ff8d3e5f38,1,Likely Available,5,Highly Constrained,0,Does Not Provide This Service
43272b66-2ec2-4280-9421-cb21dfc7d715,4,Constrained by Market,0,Does Not Provide This Service,0,Does Not Provide This Service
4361bbaa-ed51-4e53-861d-6c1938c58a9e,4,Constrained by Market,0,Does Not Provide This Service,0,Does Not Provide This Service
4362cb2f-01ee-452a-8a5f-1e8cda809cd3,5,Highly Constrained,0,Does Not Provide This Service,0,Does Not Provide This Service
437a7010-2df6-4e54-8599-2f24aa7f4d5f,2,Potentially Available,0,Does Not Provide This Service,0,Does Not Provide This Service
438ec2d6-daeb-4d3b-b24d-53b8feceee25,4,Constrained by Market,0,Does Not Provide This Service,0,Does Not Provide This Service
438f4be6-4a10-469b-8257-ee18f838bcb6,4,Constrained by Market,0,Does Not Provide This Service,0,Does Not Provide This Service
43954f3a-91f2-461f-b8f2-d6fb31a8b973,3,Constrained by Size,0,Does Not Provide This Service,0,Does Not Provide This Service
439853f4-4ac9-45ee-b41a-d0fa18cd2d52,5,Highly Constrained,0,Does Not Provide This Service,0,Does Not Provide This Service
4398fc80-f04f-4a4d-aaf3-592d11acf6c7,5,Highly Constrained,0,Does Not Provide This Service,0,Does Not Provide This Service
43d18d02-cef7-4445-aac5-8102337a18a3,5,Highly Constrained,0,Does Not Provide This Service,0,Does Not Provide This Service
43d18fd2-7556-4b33-8d10-2d04c50413c0,4,Constrained by Market,0,Does Not Provide This Service,0,Does Not Provide This Service
43d9d06c-1e79-4517-8068-e0bb3456e507,4,Constrained by Market,0,Does Not Provide This Service,0,Does Not Provide This Service
43e52a43-eaa3-46ae-a74d-21ddd918efd8,4,Constrained by Market,0,Does Not Provide This Service,0,Does Not Provide This Service
43e7e46f-fa24-4a79-b600-46677b90daf8,4,Constrained by Market,0,Does Not Provide This Service,0,Does Not Provide This Service
43eaca29-a32e-4a99-a24d-1fecf8e0f71d,0,Does Not Provide This Service,0,Does Not Provide This Service,1,Likely Available
43f285c0-f0bd-4052-b39d-795ec8ef33c3,3,Constrained by Size,0,Does Not Provide This Service,0,Does Not Provide This Service
440b0467-18bb-47f8-9a38-0b84e33f7e71,2,Potentially Available,0,Does Not Provide This Service,0,Does Not Provide This Service
44588958-ff59-42ac-9e3b-984a2fb8b2a6,4,Constrained by Market,0,Does Not Provide This Service,0,Does Not Provide This Service
44645e9a-1745-4633-be02-8a9dc72b1af5,4,Constrained by Market,0,Does Not Provide This Service,0,Does Not Provide This Service
44693bba-0503-477b-8181-e4a7e76f3d98,3,Constrained by Size,0,Does Not Provide This Service,0,Does Not Provide This Service
44756056-f749-41ee-92ff-92f0ce3c35cb,4,Constrained by Market,0,Does Not Provide This Service,0,Does Not Provide This Service
448c7164-9bcc-4707-87da-b108f0bcfc31,3,Constrained by Size,0,Does Not Provide This Service,0,Does Not Provide This Service
448d827a-3b63-466f-8541-e8bec917b57d,5,Highly Constrained,0,Does Not Provide This Service,0,Does Not Provide This Service
449eb83f-9d1c-43c8-a1b7-4d083c1c7dbc,2,Potentially Available,0,Does Not Provide This Service,0,Does Not Provide This Service
44b2a89b-62d1-44f7-b3e0-f96f27c0b164,4,Constrained by Market,0,Does Not Provide This Service,0,Does Not Provide This Service
44c4b5bb-0571-4a8a-9cb9-bc5024b3b5d6,5,Highly Constrained,0,Does Not Provide This Service,0,Does Not Provide This Service
44c66832-02bd-47f0-b450-0c0e50c1fa2c,2,Potentially Available,0,Does Not Provide This Service,0,Does Not Provide This Service
44e75464-283e-4ec9-b6a3-05ade460727e,4,Constrained by Market,0,Does Not Provide This Service,0,Does Not Provide This Service
44f468b2-270d-486f-b518-6837b14486f8,4,Constrained by Market,0,Does Not Provide This Service,0,Does Not Provide This Service
44f77ab8-23a3-4225-9945-5130793dcb21,2,Potentially Available,0,Does Not Provide This Service,0,Does Not Provide This Service
44fe6332-f691-42ab-becc-d063f44f2b03,5,Highly Constrained,0,Does Not Provide This Service,0,Does Not Provide This Service
44feb6db-7bf9-4841-ae6a-0805854be0be,3,Constrained by Size,0,Does Not Provide This Service,0,Does Not Provide This Service
4516d360-60cf-41dd-988c-70dc5cdd921b,4,Constrained by Market,0,Does Not Provide This Service,0,Does Not Provide This Service
451ee677-cd1a-44e3-851d-36cdf96228d7,5,Highly Constrained,0,Does Not Provide This Service,0,Does Not Provide This Service
453b7bce-5f8a-4a2c-9b78-d297790c4010,4,Constrained by Market,0,Does Not Provide This Service,0,Does Not Provide This Service
454bef29-e5b0-4f27-8f6f-370e37e8405d,5,Highly Constrained,0,Does Not Provide This Service,0,Does Not Provide This Service
458c2b2d-682e-4a88-8df2-c23ac4a4ec46,3,Constrained by Size,1,Likely Available,0,Does Not Provide This Service
4594d327-c448-4bdb-9f25-ba4f759efb39,3,Constrained by Size,3,Constrained by Size,0,Does Not Provide This Service
459d20de-3415-4ff4-9e87-df0b45ba25d1,4,Constrained by Market,0,Does Not Provide This Service,0,Does Not Provide This Service
45c717c8-6591-4935-9fed-895dc93da4a6,5,Highly Constrained,0,Does Not Provide This Service,0,Does Not Provide This Service
45c7537f-3aa3-44cb-a7be-e15f4f7e9526,5,Highly Constrained,0,Does Not Provide This Service,0,Does Not Provide This Service
45d37607-d2eb-4bc4-94cb-4433b97f3368,5,Highly Constrained,0,Does Not Provide This Service,0,Does Not Provide This Service
45ee2df0-0b89-4bac-8245-6a94513392ae,4,Constrained by Market,0,Does Not Provide This Service,0,Does Not Provide This Service
45fa9707-5c39-4bc0-bc33-76466f926a4d,5,Highly Constrained,0,Does Not Provide This Service,0,Does Not Provide This Service
460a8d4e-8f77-4456-ae20-69773ce1b48f,4,Constrained by Market,0,Does Not Provide This Service,0,Does Not Provide This Service
4621229c-412a-4773-90b6-2dc725c8fe0b,4,Constrained by Market,0,Does Not Provide This Service,0,Does Not Provide This Service
4667441a-bc4b-45ae-b534-111ede898c84,0,Does Not Provide This Service,0,Does Not Provide This Service,3,Constrained by Size
468c492a-5196-4d8c-b783-168c24851e45,2,Potentially Available,0,Does Not Provide This Service,0,Does Not Provide This Service
46ae43f1-a1e3-4303-9ef0-54dcc4828048,3,Constrained by Size,0,Does Not Provide This Service,0,Does Not Provide This Service
46b0882d-c9d7-48dc-a9c5-aeeb73d9539b,5,Highly Constrained,0,Does Not Provide This Service,0,Does Not Provide This Service
46ca5ab1-8edd-4966-b4d6-98a30cebf68d,4,Constrained by Market,0,Does Not Provide This Service,0,Does Not Provide This Service
46e8deb3-c285-4d52-a9b2-bb8df76b237f,1,Likely Available,1,Likely Available,0,Does Not Provide This Service
46edda87-13f4-4a2f-bb8e-ac201a42db0c,0,Does Not Provide This Service,0,Does Not Provide This Service,1,Likely Available
46ef18e7-de23-4849-a018-e49641e14a0d,1,Likely Available,1,Likely Available,0,Does Not Provide This Service
46feea27-052e-497d-93fd-d5da04f89b97,5,Highly Constrained,0,Does Not Provide This Service,0,Does Not Provide This Service
4700d905-ce51-4e0c-a989-c9730e2ca875,4,Constrained by Market,0,Does Not Provide This Service,0,Does Not Provide This Service
471eede3-4ad9-46d1-9cd7-f61892fe5123,5,Highly Constrained,0,Does Not Provide This Service,0,Does Not Provide This Service
4724d45f-7e6a-4b82-9a11-05d92a9ae0f3,4,Constrained by Market,0,Does Not Provide This Service,0,Does Not Provide This Service
472e7104-b9ef-47e2-b874-5c090b4b4c10,5,Highly Constrained,0,Does Not Provide This Service,0,Does Not Provide This Service
472f11ec-5f7f-42d0-b6e9-5f26f4efd65c,5,Highly Constrained,0,Does Not Provide This Service,0,Does Not Provide This Service
4736ea7a-ed63-405a-9e89-4946a4c9a44f,5,Highly Constrained,0,Does Not Provide This Service,0,Does Not Provide This Service
475dbb02-dacc-40bf-a2ee-c4e36d358a8c,5,Highly Constrained,0,Does Not Provide This Service,0,Does Not Provide This Service
478c5843-e2b3-463a-883a-891caf98ae53,2,Potentially Available,0,Does Not Provide This Service,0,Does Not Provide This Service
47a36454-f530-4c05-a876-cf945a40575a,5,Highly Constrained,0,Does Not Provide This Service,0,Does Not Provide This Service
47ab2660-ab38-454d-9fb2-d23b541a75bb,4,Constrained by Market,0,Does Not Provide This Service,0,Does Not Provide This Service
47b4f9d0-9390-44c0-ba8e-61845f9346ff,5,Highly Constrained,0,Does Not Provide This Service,0,Does Not Provide This Service
47d5bacf-e8ca-497b-9602-9561255992af,4,Constrained by Market,0,Does Not Provide This Service,0,Does Not Provide This Service
4817c36b-eea6-41f0-a3d3-22d4cdfaf479,5,Highly Constrained,0,Does Not Provide This Service,0,Does Not Provide This Service
481d06b8-f0f3-41c0-8833-292527c384fd,3,Constrained by Size,0,Does Not Provide This Service,0,Does Not Provide This Service
48756817-2655-4296-9d82-6e7a049a0a12,3,Constrained by Size,5,Highly Constrained,0,Does Not Provide This Service
48d86571-1a57-4394-ae08-05316d71f78c,5,Highly Constrained,0,Does Not Provide This Service,0,Does Not Provide This Service
48e2d775-7d48-4065-a988-b8b188f04a19,4,Constrained by Market,0,Does Not Provide This Service,0,Does Not Provide This Service
48fa9e7a-e87e-4878-9dbe-93d05ebbc4ca,4,Constrained by Market,0,Does Not Provide This Service,0,Does Not Provide This Service
49044a1f-0f60-43b0-8d74-b581adc62352,5,Highly Constrained,0,Does Not Provide This Service,0,Does Not Provide This Service
4904f7b3-2fd0-48bb-bf66-6cc6684f2902,0,Does Not Provide This Service,0,Does Not Provide This Service,1,Likely Available
490b6aaf-5802-45b9-9972-352e0439525a,4,Constrained by Market,0,Does Not Provide This Service,0,Does Not Provide This Service
492b1545-0149-469e-9f95-03453b29447d,0,Does Not Provide This Service,0,Does Not Provide This Service,1,Likely Available
492be4bc-35fb-40b4-874d-fb9728c55de2,4,Constrained by Market,0,Does Not Provide This Service,0,Does Not Provide This Service
492e6fc9-7903-458c-9fa4-05a942cb6361,4,Constrained by Market,0,Does Not Provide This Service,0,Does Not Provide This Service
493f6210-6e4a-4d0e-8b16-d4b546dc12ec,4,Constrained by Market,0,Does Not Provide This Service,0,Does Not Provide This Service
4957b7c3-13d2-42d5-b671-e599f93db1c4,4,Constrained by Market,0,Does Not Provide This Service,0,Does Not Provide This Service
49936da9-15aa-4f7a-802e-bb6c0ad0a9ea,5,Highly Constrained,0,Does Not Provide This Service,0,Does Not Provide This Service
49a0d378-4f52-46f4-a98b-b7f247f0ea85,5,Highly Constrained,0,Does Not Provide This Service,0,Does Not Provide This Service
49a15ffa-2203-4a9e-90b6-67d9902f4e5e,5,Highly Constrained,0,Does Not Provide This Service,0,Does Not Provide This Service
49abcf18-052b-4dd2-83e3-8698bf71024a,4,Constrained by Market,0,Does Not Provide This Service,0,Does Not Provide This Service
49ae749a-a657-4cd1-bed0-d3c6fdbff514,0,Does Not Provide This Service,0,Does Not Provide This Service,1,Likely Available
49dd276a-548c-4e81-a15b-c5d4cc959369,5,Highly Constrained,0,Does Not Provide This Service,0,Does Not Provide This Service
49deed27-5f87-49b6-9137-f0d6c1fa023a,4,Constrained by Market,0,Does Not Provide This Service,0,Does Not Provide This Service
49f00ae5-cac7-46f6-99aa-b580f936cd5f,4,Constrained by Market,0,Does Not Provide This Service,0,Does Not Provide This Service
4a04e2c5-48ea-4509-9ccf-2bda6192e1ff,4,Constrained by Market,0,Does Not Provide This Service,0,Does Not Provide This Service
4a1b53b0-8102-488a-b4d3-beecf62070c0,3,Constrained by Size,0,Does Not Provide This Service,0,Does Not Provide This Service
4a4964d0-deb1-4990-bb36-6d8d215957f3,0,Does Not Provide This Service,0,Does Not Provide This Service,3,Constrained by Size
4a4f4d07-afe1-4d22-9ca8-b9cf8d06a882,5,Highly Constrained,0,Does Not Provide This Service,0,Does Not Provide This Service
4a8df48f-3eb5-4c1e-98f2-e26997b50459,4,Constrained by Market,0,Does Not Provide This Service,0,Does Not Provide This Service
4a921883-8553-4cd2-b7b8-90259757b6b8,5,Highly Constrained,0,Does Not Provide This Service,0,Does Not Provide This Service
4aa361ad-2809-4137-8191-997d6bc91e04,4,Constrained by Market,0,Does Not Provide This Service,0,Does Not Provide This Service
4ac57f06-8c5c-4890-90ac-71b997cd5173,5,Highly Constrained,0,Does Not Provide This Service,0,Does Not Provide This Service
4aca2e9b-f944-4132-9ccd-ed25fd6dbf77,4,Constrained by Market,0,Does Not Provide This Service,0,Does Not Provide This Service
4ad8d919-1c95-4825-9f15-ced7f874ced9,4,Constrained by Market,0,Does Not Provide This Service,0,Does Not Provide This Service
4b57c2fa-c5fc-4e7e-85c9-34af8cebc9bc,1,Likely Available,1,Likely Available,0,Does Not Provide This Service
4b6034fe-8556-4b6a-b968-27941910dd20,4,Constrained by Market,0,Does Not Provide This Service,0,Does Not Provide This Service
4b6a3d94-0586-4f65-94d6-7b71e7add682,4,Constrained by Market,0,Does Not Provide This Service,0,Does Not Provide This Service
4b7c6a52-e6af-4877-9f56-7b3bb968ff4f,3,Constrained by Size,0,Does Not Provide This Service,0,Does Not Provide This Service
4b7d7ef4-741a-40f3-a37f-e03b1da55886,5,Highly Constrained,0,Does Not Provide This Service,0,Does Not Provide This Service
4b7eab5e-4b75-4cd0-9ea8-40ba442ab18a,5,Highly Constrained,0,Does Not Provide This Service,0,Does Not Provide This Service
4b95a00a-6de0-42e4-9ff9-64122f23c93f,5,Highly Constrained,0,Does Not Provide This Service,0,Does Not Provide This Service
4b9d1054-deb5-4d2a-9df5-e33273cbb823,4,Constrained by Market,0,Does Not Provide This Service,0,Does Not Provide This Service
4bbac8aa-a182-4216-bcf1-f8097ed6198f,4,Constrained by Market,0,Does Not Provide This Service,0,Does Not Provide This Service
4bbeadf2-c1d1-473e-95af-de6bc84c95b8,5,Highly Constrained,0,Does Not Provide This Service,0,Does Not Provide This Service
4bd79b31-b15c-4d37-bf06-1f9db6605d9c,5,Highly Constrained,0,Does Not Provide This Service,0,Does Not Provide This Service
4be2aa41-1af4-4165-9d13-3b19e6ab0bbf,4,Constrained by Market,0,Does Not Provide This Service,0,Does Not Provide This Service
4c0ddcaa-30e3-4b26-9329-73a55f1bf04e,5,Highly Constrained,0,Does Not Provide This Service,0,Does Not Provide This Service
4c0e8a52-ad7e-4fb8-974c-7a098ce44c8d,4,Constrained by Market,0,Does Not Provide This Service,0,Does Not Provide This Service
4c1004b9-7629-45f1-8543-593f059826bf,4,Constrained by Market,0,Does Not Provide This Service,0,Does Not Provide This Service
4c1164b4-eca4-43c3-8a95-bb95cc3f9618,0,Does Not Provide This Service,0,Does Not Provide This Service,2,Potentially Available
4c11f127-95a3-4239-9b1c-494b2885d592,3,Constrained by Size,1,Likely Available,0,Does Not Provide This Service
4c2f79a2-d8fe-4195-b473-3244e623e0ae,3,Constrained by Size,0,Does Not Provide This Service,0,Does Not Provide This Service
4c312d03-c2af-4ca0-bcf0-94cfd9253e4d,4,Constrained by Market,0,Does Not Provide This Service,0,Does Not Provide This Service
4c34544f-b388-483d-b008-968547cd9019,4,Constrained by Market,0,Does Not Provide This Service,0,Does Not Provide This Service
4c38ecbb-320a-4d1e-a1ec-a7f5b5da19a5,3,Constrained by Size,0,Does Not Provide This Service,0,Does Not Provide This Service
4c3d6c61-f43d-495e-a91d-8160330b5b79,5,Highly Constrained,0,Does Not Provide This Service,0,Does Not Provide This Service
4c46c80e-1363-4cac-9c66-8330989fcd26,5,Highly Constrained,0,Does Not Provide This Service,0,Does Not Provide This Service
4c8c6fac-853c-48f4-9b4f-b89f78b830e1,0,Does Not Provide This Service,0,Does Not Provide This Service,5,Highly Constrained
4c959fb4-f0d1-4aa1-91d5-354b5e2a9f36,5,Highly Constrained,0,Does Not Provide This Service,0,Does Not Provide This Service
4ca92e72-73a3-4db0-b170-870a2eeb7401,4,Constrained by Market,0,Does Not Provide This Service,0,Does Not Provide This Service
4cb019e0-08bc-4e00-8691-fe8f81da790d,0,Does Not Provide This Service,0,Does Not Provide This Service,1,Likely Available
4ccc2933-e9df-401f-823f-aa7384c53f74,0,Does Not Provide This Service,0,Does Not Provide This Service,1,Likely Available
4cf41815-1eb9-43a7-9056-6bfe23196e05,1,Likely Available,3,Constrained by Size,0,Does Not Provide This Service
4d549802-fe88-4c77-af8c-7793566e76d0,4,Constrained by Market,0,Does Not Provide This Service,0,Does Not Provide This Service
4d60367d-c585-4c91-a690-040d4daac5e9,4,Constrained by Market,0,Does Not Provide This Service,0,Does Not Provide This Service
4d76558b-8da2-4d09-bee8-890258271bdc,1,Likely Available,4,Constrained by Market,0,Does Not Provide This Service
4db7f957-a4e6-4af9-9d91-ac3cc85852f8,5,Highly Constrained,0,Does Not Provide This Service,0,Does Not Provide This Service
4dbf7e08-5edb-4fb2-b2e9-8230f0457383,4,Constrained by Market,0,Does Not Provide This Service,0,Does Not Provide This Service
4dc5bc8b-7a76-4a2c-b004-bde7a8090ce2,3,Constrained by Size,1,Likely Available,0,Does Not Provide This Service
4dd11ca1-ab3b-4744-9c14-5005c8cdcb44,4,Constrained by Market,0,Does Not Provide This Service,0,Does Not Provide This Service
4dda1a7a-476e-440d-8ddc-c63741b3886b,1,Likely Available,4,Constrained by Market,0,Does Not Provide This Service
4de41d29-0150-42b5-b10e-a4744ccd7864,4,Constrained by Market,0,Does Not Provide This Service,0,Does Not Provide This Service
4def5781-ad3b-4b19-87ea-99175c669833,4,Constrained by Market,0,Does Not Provide This Service,0,Does Not Provide This Service
4df700d4-262e-4bb8-83dd-fc8ed29900e5,4,Constrained by Market,0,Does Not Provide This Service,0,Does Not Provide This Service
4e0a7379-1d34-4271-aaef-cfee5462d8e7,3,Constrained by Size,0,Does Not Provide This Service,0,Does Not Provide This Service
4e1023a2-e042-4a60-9cd5-a0bbb5e5c7b7,4,Constrained by Market,0,Does Not Provide This Service,0,Does Not Provide This Service
4e1c8e97-20c0-46b9-8e0b-f611fce36bbc,0,Does Not Provide This Service,0,Does Not Provide This Service,2,Potentially Available
4e36b441-8599-4c29-a416-8831a6ee5eb1,4,Constrained by Market,0,Does Not Provide This Service,0,Does Not Provide This Service
4e42cf3b-68f2-4618-b324-d144dd19d207,5,Highly Constrained,0,Does Not Provide This Service,0,Does Not Provide This Service
4e4eb94a-750d-4552-a9c4-8c879238384d,4,Constrained by Market,0,Does Not Provide This Service,0,Does Not Provide This Service
4e4f4469-be86-4862-8133-113a7b9eadf3,4,Constrained by Market,0,Does Not Provide This Service,0,Does Not Provide This Service
4e7996fa-cb56-4fb9-a7b5-938eae83ff35,5,Highly Constrained,0,Does Not Provide This Service,0,Does Not Provide This Service
4eaebc06-273a-4dc7-a644-b3bb0cd01500,1,Likely Available,4,Constrained by Market,0,Does Not Provide This Service
4ec1dda4-c3ff-496b-bb69-7c4a0414da16,5,Highly Constrained,0,Does Not Provide This Service,0,Does Not Provide This Service
4ed89186-c694-4a58-ae72-2660954edeb8,4,Constrained by Market,0,Does Not Provide This Service,0,Does Not Provide This Service
4ee74e9b-0084-4468-835c-2a4d5a619f40,0,Does Not Provide This Service,0,Does Not Provide This Service,1,Likely Available
4f135bfc-7bb7-45af-a15d-888ec4155b43,5,Highly Constrained,0,Does Not Provide This Service,0,Does Not Provide This Service
4f242a33-386a-42d0-ab57-bdb9d8e95c8e,3,Constrained by Size,0,Does Not Provide This Service,0,Does Not Provide This Service
4f283a04-104c-456c-951f-cfa97c13d2d4,3,Constrained by Size,0,Does Not Provide This Service,0,Does Not Provide This Service
4f31f32e-eb51-41b8-b894-25b98327733a,2,Potentially Available,0,Does Not Provide This Service,0,Does Not Provide This Service
4f52e2a6-4835-436e-9272-9a4023f8f69b,3,Constrained by Size,0,Does Not Provide This Service,0,Does Not Provide This Service
4f902e20-5663-4c25-9432-11dd9b7a60c2,5,Highly Constrained,0,Does Not Provide This Service,0,Does Not Provide This Service
4f94075f-f85c-4758-ae15-c63fc3dac3d8,4,Constrained by Market,0,Does Not Provide This Service,0,Does Not Provide This Service
4faae743-7af0-46d8-9638-a871b4de161d,4,Constrained by Market,0,Does Not Provide This Service,0,Does Not Provide This Service
4fd1e053-0d24-4a3f-8034-7a2cf0eeac0f,5,Highly Constrained,0,Does Not Provide This Service,0,Does Not Provide This Service
4fe8361b-e220-4ea6-8607-96e3e2c1ca23,3,Constrained by Size,0,Does Not Provide This Service,0,Does Not Provide This Service
4ff4f23a-07bf-4441-b181-b1d6e1f53b50,5,Highly Constrained,0,Does Not Provide This Service,0,Does Not Provide This Service
5005fe52-7e84-4697-8fbe-b9d0aac61289,5,Highly Constrained,0,Does Not Provide This Service,0,Does Not Provide This Service
501d2ca5-4440-4dd5-a7e8-11899c99643c,4,Constrained by Market,0,Does Not Provide This Service,0,Does Not Provide This Service
503138d7-ba68-4b6f-a403-be172bfc5cc4,4,Constrained by Market,0,Does Not Provide This Service,0,Does Not Provide This Service
503d5914-fb1c-4f8e-b90b-4810fac7cbe9,5,Highly Constrained,0,Does Not Provide This Service,0,Does Not Provide This Service
5040ca64-cb33-485d-a35e-83e9b8bd77ba,4,Constrained by Market,0,Does Not Provide This Service,0,Does Not Provide This Service
50498009-ce8f-477d-8082-360b851746f7,1,Likely Available,0,Does Not Provide This Service,0,Does Not Provide This Service
504db148-0bcf-483b-a18d-aa97d9315d2e,5,Highly Constrained,0,Does Not Provide This Service,0,Does Not Provide This Service
50671da2-1585-4277-9838-effb2b30ff95,4,Constrained by Market,0,Does Not Provide This Service,0,Does Not Provide This Service
508747a2-8bef-4d25-bfd6-9b5e3941330a,5,Highly Constrained,0,Does Not Provide This Service,0,Does Not Provide This Service
50caffee-0efb-4830-9018-c59c6c4d78bf,1,Likely Available,5,Highly Constrained,0,Does Not Provide This Service
511299df-05f6-4bc2-ad34-aff2520ada9f,4,Constrained by Market,0,Does Not Provide This Service,0,Does Not Provide This Service
511593fe-354f-4ce9-b9f5-d54f7595dae4,4,Constrained by Market,0,Does Not Provide This Service,0,Does Not Provide This Service
5123e216-92ee-4303-9190-e32b98a40eeb,5,Highly Constrained,0,Does Not Provide This Service,0,Does Not Provide This Service
51303f08-8ffe-4a46-9458-f269a6b04b13,4,Constrained by Market,0,Does Not Provide This Service,0,Does Not Provide This Service
51626e66-70d8-4f83-b3e7-0cf4b5b47fbd,4,Constrained by Market,0,Does Not Provide This Service,0,Does Not Provide This Service
51689d4d-8be5-4a5c-a262-51328675677a,4,Constrained by Market,0,Does Not Provide This Service,0,Does Not Provide This Service
518dfcd9-10dd-4044-b773-b04c4290e151,4,Constrained by Market,0,Does Not Provide This Service,0,Does Not Provide This Service
519e4a89-f8c5-4e51-9b72-e60ad89ab268,4,Constrained by Market,0,Does Not Provide This Service,0,Does Not Provide This Service
51a1aeb2-b588-4b34-99b9-e30c0c767ce0,0,Does Not Provide This Service,0,Does Not Provide This Service,2,Potentially Available
51d3127c-51df-40af-b564-0517e2c221e6,4,Constrained by Market,0,Does Not Provide This Service,0,Does Not Provide This Service
51d51aeb-08bd-4d72-961c-6e5b7e2902fc,2,Potentially Available,0,Does Not Provide This Service,0,Does Not Provide This Service
51ebc325-20d8-4724-b3ed-0a5d5618e26c,5,Highly Constrained,0,Does Not Provide This Service,0,Does Not Provide This Service
520dc06f-815d-43a7-8567-cbf9726d098a,4,Constrained by Market,0,Does Not Provide This Service,0,Does Not Provide This Service
52134fdd-1673-493f-990a-5f1ebeaa8f5f,2,Potentially Available,0,Does Not Provide This Service,0,Does Not Provide This Service
521ba3e1-77d2-4570-bcd0-bddef4f36116,4,Constrained by Market,0,Does Not Provide This Service,0,Does Not Provide This Service
524afea3-3e8a-445a-8547-6409ef50bbd9,4,Constrained by Market,0,Does Not Provide This Service,0,Does Not Provide This Service
526f7c3d-9508-4b01-aa5d-7d191ec077d4,5,Highly Constrained,0,Does Not Provide This Service,0,Does Not Provide This Service
5277ca1f-8569-4981-8da2-b66f5f0ab104,4,Constrained by Market,0,Does Not Provide This Service,0,Does Not Provide This Service
529542e8-381f-42cb-adee-1c7e3cb75941,4,Constrained by Market,0,Does Not Provide This Service,0,Does Not Provide This Service
52b06eed-772d-41f5-8c92-5c0d4b49a2b5,4,Constrained by Market,0,Does Not Provide This Service,0,Does Not Provide This Service
52b318bd-8903-4e14-9595-f5a6523fc5c7,5,Highly Constrained,0,Does Not Provide This Service,0,Does Not Provide This Service
52d969d6-aa8f-4b76-933e-8e8bc5852179,2,Potentially Available,0,Does Not Provide This Service,0,Does Not Provide This Service
52f8fd44-446e-43a6-b501-e33592cf2df4,5,Highly Constrained,0,Does Not Provide This Service,0,Does Not Provide This Service
530015ac-e6a6-4dc8-ace8-ec178f32c9eb,4,Constrained by Market,0,Does Not Provide This Service,0,Does Not Provide This Service
5305b18d-27b9-4a5b-ae40-89d6de0e2b61,1,Likely Available,0,Does Not Provide This Service,0,Does Not Provide This Service
530fa741-bda6-4310-9187-b5fb062fe2a1,5,Highly Constrained,0,Does Not Provide This Service,0,Does Not Provide This Service
5319343f-2201-43b9-82f6-e8ec0af992f6,4,Constrained by Market,0,Does Not Provide This Service,0,Does Not Provide This Service
534aa37d-6396-4523-b1f2-47c703e85e81,4,Constrained by Market,0,Does Not Provide This Service,0,Does Not Provide This Service
53547c91-ab8b-404d-87e0-54b89fb92575,1,Likely Available,4,Constrained by Market,0,Does Not Provide This Service
536b100c-6a0b-4e87-9575-65861a7ab42a,4,Constrained by Market,0,Does Not Provide This Service,0,Does Not Provide This Service
5374a4c7-86cc-45ba-bc2c-50763524131b,1,Likely Available,1,Likely Available,0,Does Not Provide This Service
53b46382-4875-49ae-85e8-51e3a1ce45d4,2,Potentially Available,0,Does Not Provide This Service,0,Does Not Provide This Service
53bd81e7-fdaa-4ec1-bc25-c754be7f983b,5,Highly Constrained,0,Does Not Provide This Service,0,Does Not Provide This Service
5406c2bc-fc22-43e8-88f8-79dedd5c502e,4,Constrained by Market,0,Does Not Provide This Service,0,Does Not Provide This Service
542766ba-f2c5-4fd1-a8e6-0453dcac3905,5,Highly Constrained,0,Does Not Provide This Service,0,Does Not Provide This Service
5435fbbe-a55c-4110-8cbe-6c19ba5225b4,2,Potentially Available,0,Does Not Provide This Service,0,Does Not Provide This Service
54418713-24d9-43c6-8449-9342cb909640,4,Constrained by Market,0,Does Not Provide This Service,0,Does Not Provide This Service
544728ed-d604-47f4-bf16-e7ef0b06d42c,5,Highly Constrained,0,Does Not Provide This Service,0,Does Not Provide This Service
544c9d4f-e606-4370-8fd9-adabc2d6c058,0,Does Not Provide This Service,4,Constrained by Market,0,Does Not Provide This Service
54542205-7510-4630-93cc-93018f96f064,5,Highly Constrained,0,Does Not Provide This Service,0,Does Not Provide This Service
54779efe-ea4b-47e7-bce9-740d300e73c4,3,Constrained by Size,0,Does Not Provide This Service,0,Does Not Provide This Service
5497b5c2-90a0-4bfd-9ff4-fd06b45cb142,3,Constrained by Size,0,Does Not Provide This Service,0,Does Not Provide This Service
54a6dcbe-393f-45ad-bd84-cb222f4c9f5c,4,Constrained by Market,0,Does Not Provide This Service,0,Does Not Provide This Service
54b3df26-7296-4b22-b914-6ba20a1ef1fd,5,Highly Constrained,0,Does Not Provide This Service,0,Does Not Provide This Service
54e66632-dffd-495f-a433-bc06cf0c51db,5,Highly Constrained,0,Does Not Provide This Service,0,Does Not Provide This Service
55036013-8848-45af-ba2b-f5d0d0fffa96,3,Constrained by Size,0,Does Not Provide This Service,0,Does Not Provide This Service
5503c918-426b-4f68-87e0-70c934e96bd5,2,Potentially Available,0,Does Not Provide This Service,0,Does Not Provide This Service
5559323c-8c4a-4a6c-b9bc-c7fb3eaaf19d,5,Highly Constrained,0,Does Not Provide This Service,0,Does Not Provide This Service
555c7ae8-be67-4f7e-b462-1497bd04341d,4,Constrained by Market,0,Does Not Provide This Service,0,Does Not Provide This Service
55607594-068d-4543-a580-f9571b3cde31,3,Constrained by Size,4,Constrained by Market,0,Does Not Provide This Service
557adb82-ecae-4577-ab03-8f9d1c092c8f,4,Constrained by Market,0,Does Not Provide This Service,0,Does Not Provide This Service
5580bb1d-27f0-4113-a1d6-d3e8e0a56026,5,Highly Constrained,0,Does Not Provide This Service,0,Does Not Provide This Service
559e9698-e225-41d9-a992-95cd628dd1e2,4,Constrained by Market,0,Does Not Provide This Service,0,Does Not Provide This Service
55b04f05-f485-458b-af19-70ed955e0462,2,Potentially Available,0,Does Not Provide This Service,0,Does Not Provide This Service
55bf3eda-c675-4d6a-98a4-e51e44e51fab,4,Constrained by Market,0,Does Not Provide This Service,0,Does Not Provide This Service
55dd00ec-dd11-4f03-ae6c-6d3807289ff3,4,Constrained by Market,0,Does Not Provide This Service,0,Does Not Provide This Service
55e187dd-16af-4e9b-9afc-c173fc13ba08,4,Constrained by Market,0,Does Not Provide This Service,0,Does Not Provide This Service
560acda8-0088-497b-b12e-ff458a7f4ebe,0,Does Not Provide This Service,0,Does Not Provide This Service,3,Constrained by Size
56249e47-1958-4d7d-8d6a-a2ed901c15af,4,Constrained by Market,0,Does Not Provide This Service,0,Does Not Provide This Service
56330267-d39c-45ec-84b4-d786650ea59d,1,Likely Available,0,Does Not Provide This Service,0,Does Not Provide This Service
5649b9ed-22c2-48df-8c01-4aa87a6824ca,3,Constrained by Size,0,Does Not Provide This Service,0,Does Not Provide This Service
564f78b7-01a6-43d6-a9ac-889c4e007c0d,4,Constrained by Market,0,Does Not Provide This Service,0,Does Not Provide This Service
56c2fdad-0fb0-44ae-96c9-29903057d2f1,5,Highly Constrained,0,Does Not Provide This Service,0,Does Not Provide This Service
5701b6d7-3c8d-42ae-a6cb-f7b571df3292,5,Highly Constrained,0,Does Not Provide This Service,0,Does Not Provide This Service
57184458-bfa1-4a76-b78c-5a8289dacbf8,4,Constrained by Market,0,Does Not Provide This Service,0,Does Not Provide This Service
57229ef6-b274-41e6-93e6-51a52ad46d27,5,Highly Constrained,0,Does Not Provide This Service,0,Does Not Provide This Service
572945f9-5da5-400e-b3e5-450b2a766f20,4,Constrained by Market,0,Does Not Provide This Service,0,Does Not Provide This Service
573af04c-1de3-45c6-8067-a9b2ed5ba6bd,0,Does Not Provide This Service,0,Does Not Provide This Service,3,Constrained by Size
5751d014-c60a-4021-a298-ed1172aadebc,4,Constrained by Market,0,Does Not Provide This Service,0,Does Not Provide This Service
57536eb0-a9d0-4027-89c9-a7f6714ab12d,1,Likely Available,1,Likely Available,0,Does Not Provide This Service
576ba4cd-c36a-43fc-865c-c3e2c281e7ed,1,Likely Available,0,Does Not Provide This Service,0,Does Not Provide This Service
57709364-9c60-4291-8c6d-9540e2f6e061,3,Constrained by Size,0,Does Not Provide This Service,0,Does Not Provide This Service
577fb292-6aaa-4a35-b844-faf54b82203a,5,Highly Constrained,0,Does Not Provide This Service,0,Does Not Provide This Service
578fe0d9-232e-4104-a780-0b6748858c87,4,Constrained by Market,0,Does Not Provide This Service,0,Does Not Provide This Service
57c328ef-1015-445c-8540-6f37532982ae,4,Constrained by Market,0,Does Not Provide This Service,0,Does Not Provide This Service
57c622ca-c7b6-458f-8f74-d1798be15834,4,Constrained by Market,0,Does Not Provide This Service,0,Does Not Provide This Service
57d4a703-4834-4138-a48f-6a4e110cec40,5,Highly Constrained,0,Does Not Provide This Service,0,Does Not Provide This Service
57e3eb37-ddd5-408d-9f8f-76f3cdc0ab8e,4,Constrained by Market,0,Does Not Provide This Service,0,Does Not Provide This Service
580b0cb9-f95a-4f86-801e-d774d75ad1a4,5,Highly Constrained,0,Does Not Provide This Service,0,Does Not Provide This Service
582b99d3-361c-4c69-8d1c-813012881075,5,Highly Constrained,0,Does Not Provide This Service,0,Does Not Provide This Service
583480eb-a6dd-4f0b-8e99-a2f262cef760,4,Constrained by Market,0,Does Not Provide This Service,0,Does Not Provide This Service
584ad9e6-b23a-4fc6-bb62-eacaf3a57aeb,3,Constrained by Size,0,Does Not Provide This Service,0,Does Not Provide This Service
586a72c8-f5a1-483a-8341-53cd34098757,0,Does Not Provide This Service,0,Does Not Provide This Service,1,Likely Available
586dc062-6791-44ee-8df5-e085b9305899,3,Constrained by Size,0,Does Not Provide This Service,0,Does Not Provide This Service
58770fb2-5097-4a9e-9409-01cad5a001e6,0,Does Not Provide This Service,0,Does Not Provide This Service,4,Constrained by Market
587ca819-76b3-4ad6-9203-84d7ddb850ff,1,Likely Available,1,Likely Available,0,Does Not Provide This Service
588cb10e-e81f-43b3-a20c-b636b3a0ad2e,4,Constrained by Market,0,Does Not Provide This Service,0,Does Not Provide This Service
58b1fd1a-db45-405c-8d61-0f903c82f56a,3,Constrained by Size,0,Does Not Provide This Service,0,Does Not Provide This Service
58c61ab6-6b8f-4e19-933d-f337725a4049,4,Constrained by Market,0,Does Not Provide This Service,0,Does Not Provide This Service
590b7993-d6d6-496c-b31e-b9145f4dbfae,5,Highly Constrained,0,Does Not Provide This Service,0,Does Not Provide This Service
591f5b7e-f5b2-4656-b641-0e8490c73b39,1,Likely Available,1,Likely Available,0,Does Not Provide This Service
592cb93a-4b4c-44cc-9a00-2fddb8f69257,1,Likely Available,0,Does Not Provide This Service,0,Does Not Provide This Service
5933bb56-1b10-459e-bb30-faf5c4031458,4,Constrained by Market,0,Does Not Provide This Service,0,Does Not Provide This Service
5935bb53-d146-4fdd-95e7-4a914cf1fa90,5,Highly Constrained,0,Does Not Provide This Service,0,Does Not Provide This Service
5957febc-bc67-47bf-804d-f3014dc579da,0,Does Not Provide This Service,0,Does Not Provide This Service,3,Constrained by Size
597630a3-4392-4d31-a8c2-e1aa025d65f6,4,Constrained by Market,0,Does Not Provide This Service,0,Does Not Provide This Service
598a7d59-5bad-4a59-bf2f-9e2a26448f9c,5,Highly Constrained,0,Does Not Provide This Service,0,Does Not Provide This Service
59a914bb-436e-4757-a842-b699960149ef,0,Does Not Provide This Service,0,Does Not Provide This Service,5,Highly Constrained
59c0eaf0-643e-4be9-ab85-5ebabd58c1af,4,Constrained by Market,0,Does Not Provide This Service,0,Does Not Provide This Service
59cd05af-6499-4e0b-867b-066e2f02adb1,2,Potentially Available,0,Does Not Provide This Service,0,Does Not Provide This Service
59eaf1f2-a92e-4aed-948f-2c6e1de33a34,4,Constrained by Market,0,Does Not Provide This Service,0,Does Not Provide This Service
59ef528d-5090-4d29-8b17-8b27f745465e,5,Highly Constrained,0,Does Not Provide This Service,0,Does Not Provide This Service
59f21739-35a9-478d-8fcc-4b5c0e35a332,4,Constrained by Market,0,Does Not Provide This Service,0,Does Not Provide This Service
5a2dfd54-8e5c-43ce-ab05-c21fa30aee07,2,Potentially Available,0,Does Not Provide This Service,0,Does Not Provide This Service
5a2fd503-fbb8-4582-b386-e20e3b0988eb,4,Constrained by Market,0,Does Not Provide This Service,0,Does Not Provide This Service
5a62d5de-7d9c-4c02-9f9f-62081ae74d44,4,Constrained by Market,0,Does Not Provide This Service,0,Does Not Provide This Service
5a66f6a6-0c7e-4655-95f3-e01940b53bfe,4,Constrained by Market,0,Does Not Provide This Service,0,Does Not Provide This Service
5a9a0096-a27a-4f4f-9709-014c2e6177f3,4,Constrained by Market,0,Does Not Provide This Service,0,Does Not Provide This Service
5ac6f2f9-043f-41d1-9c6b-b569d684accb,5,Highly Constrained,0,Does Not Provide This Service,0,Does Not Provide This Service
5ae5b453-3b4f-480f-ae55-1345f73c5243,3,Constrained by Size,0,Does Not Provide This Service,0,Does Not Provide This Service
5aff5dd5-9616-4d16-8559-3fa5ce03fe76,4,Constrained by Market,0,Does Not Provide This Service,0,Does Not Provide This Service
5b4c5a68-3117-4dfd-b6ce-013d9b4b8936,4,Constrained by Market,0,Does Not Provide This Service,0,Does Not Provide This Service
5b60bf9f-a835-41f4-908f-6404bce50657,0,Does Not Provide This Service,0,Does Not Provide This Service,5,Highly Constrained
5b7cbe5b-ae75-4059-a372-2fc77c02e0d9,3,Constrained by Size,0,Does Not Provide This Service,0,Does Not Provide This Service
5b890b22-1812-49ae-a316-1a2c0b5cc474,0,Does Not Provide This Service,0,Does Not Provide This Service,3,Constrained by Size
5b96bbc8-9b98-4212-90b7-c18e84396fed,2,Potentially Available,0,Does Not Provide This Service,0,Does Not Provide This Service
5b972bb7-8c59-4c59-9d68-5469ca54b4c7,5,Highly Constrained,0,Does Not Provide This Service,0,Does Not Provide This Service
5bb35cfd-2cb8-42c8-9882-cd9dcf583aa0,4,Constrained by Market,0,Does Not Provide This Service,0,Does Not Provide This Service
5bf41748-e38a-4ced-bd73-441ec074d050,5,Highly Constrained,0,Does Not Provide This Service,0,Does Not Provide This Service
5c055830-e3f1-4600-8c92-09912612c24e,5,Highly Constrained,0,Does Not Provide This Service,0,Does Not Provide This Service
5c0eaba3-6f97-4fef-995a-2bc8d244435b,5,Highly Constrained,0,Does Not Provide This Service,0,Does Not Provide This Service
5c1f8c3d-d3d2-41ef-8f27-50e1243ff13d,1,Likely Available,0,Does Not Provide This Service,0,Does Not Provide This Service
5c4f2585-1750-4e47-89b3-a3651d4af238,5,Highly Constrained,0,Does Not Provide This Service,0,Does Not Provide This Service
5c5aca2e-bbbd-4a79-8309-7afa5f3bd11b,5,Highly Constrained,0,Does Not Provide This Service,0,Does Not Provide This Service
5c6f2004-0c14-4397-b391-f26505313e87,5,Highly Constrained,0,Does Not Provide This Service,0,Does Not Provide This Service
5c918ba2-cac8-4af5-9e04-80584e538ad2,2,Potentially Available,0,Does Not Provide This Service,0,Does Not Provide This Service
5cadb980-b4bc-4155-9b5a-c85daf6e66b1,2,Potentially Available,0,Does Not Provide This Service,0,Does Not Provide This Service
5cb4826a-dfbf-4b0f-a18e-282f08a19eb3,2,Potentially Available,0,Does Not Provide This Service,0,Does Not Provide This Service
5cba5cb3-475b-4111-ba25-2cdee60e5fdb,4,Constrained by Market,0,Does Not Provide This Service,0,Does Not Provide This Service
5ccaa68d-ed1f-4cd9-b80f-0c1550892e77,5,Highly Constrained,0,Does Not Provide This Service,0,Does Not Provide This Service
5ccdda9c-a3d7-4497-bdd8-5730b3b13ce9,2,Potentially Available,0,Does Not Provide This Service,0,Does Not Provide This Service
5cd50990-2efa-4365-b9ee-f5f65b69b482,1,Likely Available,1,Likely Available,0,Does Not Provide This Service
5cd5c2c1-51c7-44b6-b84b-415f31a408dd,0,Does Not Provide This Service,0,Does Not Provide This Service,1,Likely Available
5cece7f3-190b-46f9-9ca3-82c8a44f5f5f,5,Highly Constrained,0,Does Not Provide This Service,0,Does Not Provide This Service
5cf1e818-55e0-4d0a-a450-3fc660fabfe4,4,Constrained by Market,0,Does Not Provide This Service,0,Does Not Provide This Service
5cfb0bf3-0c6c-49cd-b9e2-46bea9b9786a,4,Constrained by Market,0,Does Not Provide This Service,0,Does Not Provide This Service
5d146930-12bf-4486-927a-c9b2e77b621c,4,Constrained by Market,0,Does Not Provide This Service,0,Does Not Provide This Service
5d1787dc-b875-4049-a740-0dcbf10e9991,3,Constrained by Size,0,Does Not Provide This Service,0,Does Not Provide This Service
5d2c9ee9-82d8-4d13-80b0-a13dcac3a64f,5,Highly Constrained,0,Does Not Provide This Service,0,Does Not Provide This Service
5d4059d2-894e-4e02-8285-97ba6cede3a9,5,Highly Constrained,0,Does Not Provide This Service,0,Does Not Provide This Service
5d412ce3-15f0-45f9-9bfa-fd1df1450b2a,4,Constrained by Market,0,Does Not Provide This Service,0,Does Not Provide This Service
5d41ebb6-ce03-4dfc-8993-2f2f6bd2f32b,4,Constrained by Market,0,Does Not Provide This Service,0,Does Not Provide This Service
5d4a6a8d-53fa-4e08-9c53-cba7457527a4,4,Constrained by Market,0,Does Not Provide This Service,0,Does Not Provide This Service
5d6282d8-53e7-4c99-b7bf-6a7069b01c6e,5,Highly Constrained,0,Does Not Provide This Service,0,Does Not Provide This Service
5d70a19b-4d4a-49b4-88bd-3a37268b4041,4,Constrained by Market,0,Does Not Provide This Service,0,Does Not Provide This Service
5d976a13-e97e-43ef-a341-b5ce322334c1,5,Highly Constrained,0,Does Not Provide This Service,0,Does Not Provide This Service
5db63116-a889-4182-bd52-d39eb7dbc468,0,Does Not Provide This Service,0,Does Not Provide This Service,4,Constrained by Market
5db6f130-aa85-4758-99e8-693fca63807b,4,Constrained by Market,0,Does Not Provide This Service,0,Does Not Provide This Service
5dc33978-665b-457a-8a90-e872955f59ab,4,Constrained by Market,0,Does Not Provide This Service,0,Does Not Provide This Service
5e34633d-539e-4a59-9bb8-4b7c01c88402,4,Constrained by Market,0,Does Not Provide This Service,0,Does Not Provide This Service
5e3d1e89-4540-4462-821a-e7837994c52e,2,Potentially Available,0,Does Not Provide This Service,0,Does Not Provide This Service
5e6d5b32-f928-4d31-800e-d845d785fcaa,4,Constrained by Market,0,Does Not Provide This Service,0,Does Not Provide This Service
5e80c39d-b11c-465d-bea4-702be7de573b,4,Constrained by Market,0,Does Not Provide This Service,0,Does Not Provide This Service
5ea79665-7f33-487e-ac55-1ebccf57cd76,5,Highly Constrained,0,Does Not Provide This Service,0,Does Not Provide This Service
5eb78e5e-a40b-4f5a-9f40-7a79939f4bc4,4,Constrained by Market,0,Does Not Provide This Service,0,Does Not Provide This Service
5ed2dde4-9904-4ed8-9ce8-002b46472145,3,Constrained by Size,3,Constrained by Size,0,Does Not Provide This Service
5ed55d63-eceb-4c50-8091-0e5aa9e48ba9,4,Constrained by Market,0,Does Not Provide This Service,0,Does Not Provide This Service
5ee27e81-d733-415b-8f32-7dca4dc52570,4,Constrained by Market,0,Does Not Provide This Service,0,Does Not Provide This Service
5ee4345e-fe8a-4d1f-b6de-7ee0019765b1,4,Constrained by Market,0,Does Not Provide This Service,0,Does Not Provide This Service
5ee9cef7-0a7a-497a-9de6-00909f824d8b,4,Constrained by Market,0,Does Not Provide This Service,0,Does Not Provide This Service
5f16748f-7fb3-41a6-a314-430c1c5e6b44,4,Constrained by Market,0,Does Not Provide This Service,0,Does Not Provide This Service
5f32c150-e169-4a9e-b133-7f20acb36d16,4,Constrained by Market,0,Does Not Provide This Service,0,Does Not Provide This Service
5f4feaa1-03ca-4944-95e1-2e30a679eb9e,5,Highly Constrained,0,Does Not Provide This Service,0,Does Not Provide This Service
5f73324d-f40c-4d42-8eed-d5849e7815fb,4,Constrained by Market,0,Does Not Provide This Service,0,Does Not Provide This Service
5f7b583c-9d99-4470-81b0-76e9b34be54c,4,Constrained by Market,0,Does Not Provide This Service,0,Does Not Provide This Service
5f86a87f-93ca-4724-95f3-ee42d7f1ae11,4,Constrained by Market,0,Does Not Provide This Service,0,Does Not Provide This Service
5f995c46-6814-4c7d-8891-148cdfb4fbfe,0,Does Not Provide This Service,0,Does Not Provide This Service,4,Constrained by Market
5fbce98f-6e26-4f12-a6cf-e6a852f56df6,2,Potentially Available,0,Does Not Provide This Service,0,Does Not Provide This Service
5fc30aba-f693-42ce-8801-63e7184e00c6,5,Highly Constrained,0,Does Not Provide This Service,0,Does Not Provide This Service
5fd5038f-10ac-45ad-871d-e8111bcb604c,4,Constrained by Market,0,Does Not Provide This Service,0,Does Not Provide This Service
5fd6d80b-bb2a-4dc6-bdb5-f4c9623eb444,4,Constrained by Market,0,Does Not Provide This Service,0,Does Not Provide This Service
5fe46db2-a271-4a10-bbab-8c695545518a,5,Highly Constrained,0,Does Not Provide This Service,0,Does Not Provide This Service
60021b91-ecf5-4f31-9586-97a3227430ec,2,Potentially Available,0,Does Not Provide This Service,0,Does Not Provide This Service
601277dc-0bb9-4195-84ee-9ed6d0398ce3,5,Highly Constrained,0,Does Not Provide This Service,0,Does Not Provide This Service
6079e540-7467-465a-b845-4f73d8651886,3,Constrained by Size,0,Does Not Provide This Service,0,Does Not Provide This Service
60841efe-40cc-4330-984a-359bb3d06c30,4,Constrained by Market,0,Does Not Provide This Service,0,Does Not Provide This Service
608cbeb8-a94c-41e7-bf26-3b52767f349a,3,Constrained by Size,5,Highly Constrained,0,Does Not Provide This Service
609fabb1-6450-4b93-92a5-d55783be0fb4,5,Highly Constrained,0,Does Not Provide This Service,0,Does Not Provide This Service
61172097-24f7-4a2a-9d57-87e2647b7ad0,4,Constrained by Market,0,Does Not Provide This Service,0,Does Not Provide This Service
612925f5-c7c2-46aa-9ce0-c95b89a19736,5,Highly Constrained,0,Does Not Provide This Service,0,Does Not Provide This Service
61440247-f572-4e4c-adaa-1b31925015e6,5,Highly Constrained,0,Does Not Provide This Service,0,Does Not Provide This Service
614c2319-61eb-4341-b280-88f0b6ea958a,4,Constrained by Market,0,Does Not Provide This Service,0,Does Not Provide This Service
615203e5-ac51-4548-9728-a2af39e1f3e7,1,Likely Available,1,Likely Available,0,Does Not Provide This Service
617789b9-f24f-4686-9996-e004b668caad,4,Constrained by Market,0,Does Not Provide This Service,0,Does Not Provide This Service
61946daf-f8e5-412e-ae68-12797edb7772,4,Constrained by Market,0,Does Not Provide This Service,0,Does Not Provide This Service
61a746fa-4df9-495f-8b7a-0e3ee6d61054,2,Potentially Available,0,Does Not Provide This Service,0,Does Not Provide This Service
61ae133e-e442-4391-b4b0-cf294891638e,5,Highly Constrained,0,Does Not Provide This Service,0,Does Not Provide This Service
61bb5e68-0f2f-4ca7-90e7-b914686d2097,5,Highly Constrained,0,Does Not Provide This Service,0,Does Not Provide This Service
61bf65fd-a2fd-4f51-8ff2-3d8824b69e11,5,Highly Constrained,0,Does Not Provide This Service,0,Does Not Provide This Service
61e2fed6-37e8-438d-a5f8-be813ce24293,2,Potentially Available,0,Does Not Provide This Service,0,Does Not Provide This Service
61e34dca-9a71-4dbe-abd7-a95b479d86be,4,Constrained by Market,0,Does Not Provide This Service,0,Does Not Provide This Service
61f21b93-9189-481b-b0d7-cc489bc18f69,1,Likely Available,4,Constrained by Market,0,Does Not Provide This Service
61f58afb-8cb4-4930-a268-d9660b690182,5,Highly Constrained,0,Does Not Provide This Service,0,Does Not Provide This Service
626256c2-d3e5-49dd-a243-ffd0b3bceb1f,2,Potentially Available,0,Does Not Provide This Service,0,Does Not Provide This Service
6273dc43-4a5c-4190-aea5-d9b0f8568f47,5,Highly Constrained,0,Does Not Provide This Service,0,Does Not Provide This Service
6292ce35-a1d7-4374-92d1-34c7c5f90dc7,4,Constrained by Market,0,Does Not Provide This Service,0,Does Not Provide This Service
62f42bdc-3dfb-4a2f-90ff-850345ab9bae,0,Does Not Provide This Service,0,Does Not Provide This Service,4,Constrained by Market
63198b9c-dcd6-4511-9d30-20234b087595,4,Constrained by Market,0,Does Not Provide This Service,0,Does Not Provide This Service
632563f8-d09d-4dae-9327-53e47ec27144,4,Constrained by Market,0,Does Not Provide This Service,0,Does Not Provide This Service
632aa289-8683-4560-a8c9-6eef6d1a0d04,4,Constrained by Market,0,Does Not Provide This Service,0,Does Not Provide This Service
63314d04-58df-475b-88f2-48654fceb095,3,Constrained by Size,1,Likely Available,0,Does Not Provide This Service
636111f1-0893-42df-8d10-3b0977f656ff,4,Constrained by Market,0,Does Not Provide This Service,0,Does Not Provide This Service
63813a48-8b6e-4c1c-9e16-f51e12f321a1,5,Highly Constrained,0,Does Not Provide This Service,0,Does Not Provide This Service
63961e6c-3449-47f7-b471-65485327e427,5,Highly Constrained,0,Does Not Provide This Service,0,Does Not Provide This Service
63a0b2f2-bafd-4e5f-a16f-019dd9316fb9,4,Constrained by Market,0,Does Not Provide This Service,0,Does Not Provide This Service
63c4086d-77b8-4863-b354-164063ea995a,4,Constrained by Market,0,Does Not Provide This Service,0,Does Not Provide This Service
64064e7a-ca7f-47f0-983d-4cb446e87cc8,5,Highly Constrained,0,Does Not Provide This Service,0,Does Not Provide This Service
640da61d-47ff-4f0b-8853-7d218b8649ed,4,Constrained by Market,0,Does Not Provide This Service,0,Does Not Provide This Service
64263b25-5590-4793-bef9-b176e836b135,5,Highly Constrained,0,Does Not Provide This Service,0,Does Not Provide This Service
642e3aa9-ab5f-4200-bbb5-8115f4f79cf2,4,Constrained by Market,0,Does Not Provide This Service,0,Does Not Provide This Service
642e79f6-9de6-47e4-8916-5486a5481300,5,Highly Constrained,0,Does Not Provide This Service,0,Does Not Provide This Service
643db04f-9401-4c18-9128-75dc8d6f1652,4,Constrained by Market,0,Does Not Provide This Service,0,Does Not Provide This Service
6445e7d9-7ee8-4b62-87e4-a5ada054dd96,4,Constrained by Market,0,Does Not Provide This Service,0,Does Not Provide This Service
64515e62-688e-4de4-a632-50aab5ae035b,4,Constrained by Market,0,Does Not Provide This Service,0,Does Not Provide This Service
6475cc47-d240-4a71-8693-6ea713520480,5,Highly Constrained,0,Does Not Provide This Service,0,Does Not Provide This Service
648bea1b-ee66-4c86-9bf5-6dce5734f60a,5,Highly Constrained,0,Does Not Provide This Service,0,Does Not Provide This Service
64977436-b259-4e56-9c6f-4f20e7624df6,0,Does Not Provide This Service,0,Does Not Provide This Service,2,Potentially Available
64c4fda3-839c-4c93-bbce-9cb17525262b,5,Highly Constrained,0,Does Not Provide This Service,0,Does Not Provide This Service
64f43b29-5f59-4fa2-b19d-71c086ded037,4,Constrained by Market,0,Does Not Provide This Service,0,Does Not Provide This Service
64f76890-7f8a-4ab1-9874-b4b9c10cb158,1,Likely Available,0,Does Not Provide This Service,0,Does Not Provide This Service
653781e7-e2aa-44ab-abca-899a50e2a828,4,Constrained by Market,0,Does Not Provide This Service,0,Does Not Provide This Service
65628473-e954-4abe-b8ea-c15df3bd3088,4,Constrained by Market,0,Does Not Provide This Service,0,Does Not Provide This Service
6563ac98-0cbf-4147-b9d9-ad0b05baf4aa,3,Constrained by Size,0,Does Not Provide This Service,0,Does Not Provide This Service
656f2af8-66a8-44a8-8a2a-ed7166a8e91d,2,Potentially Available,0,Does Not Provide This Service,0,Does Not Provide This Service
65c686b3-c3c0-4db1-ad75-c40478ccb441,5,Highly Constrained,0,Does Not Provide This Service,0,Does Not Provide This Service
65f87123-c9b7-4c70-b746-351d15a545bb,2,Potentially Available,0,Does Not Provide This Service,0,Does Not Provide This Service
6627033d-abbb-4818-b041-fea5c43cf0b6,5,Highly Constrained,0,Does Not Provide This Service,0,Does Not Provide This Service
663a2861-768f-4294-ae50-ae98f0ac75d5,3,Constrained by Size,0,Does Not Provide This Service,0,Does Not Provide This Service
664ceb1f-50c9-49e9-8a33-5a50c9c7f519,0,Does Not Provide This Service,0,Does Not Provide This Service,4,Constrained by Market
66566b9f-fd4c-4995-92a3-b4d3ffda5213,0,Does Not Provide This Service,4,Constrained by Market,0,Does Not Provide This Service
666eb662-9021-4277-93c5-b366b64e9d2e,3,Constrained by Size,0,Does Not Provide This Service,0,Does Not Provide This Service
6682630d-b46b-417a-88a8-9a92cc3df8a6,1,Likely Available,1,Likely Available,0,Does Not Provide This Service
66a04055-6753-471f-b8f5-c5f50fbfc38f,4,Constrained by Market,0,Does Not Provide This Service,0,Does Not Provide This Service
66a8c9f2-f21d-4be0-85bf-0646be9c72f3,0,Does Not Provide This Service,0,Does Not Provide This Service,3,Constrained by Size
66aef179-eb41-479e-b9f4-3a46ef23c997,2,Potentially Available,0,Does Not Provide This Service,0,Does Not Provide This Service
66bec6a5-e46e-4630-bd7b-af06c00b41e3,4,Constrained by Market,0,Does Not Provide This Service,0,Does Not Provide This Service
66d0625f-c646-4e0f-a146-6b35b11d080a,4,Constrained by Market,0,Does Not Provide This Service,0,Does Not Provide This Service
66f63fad-a95d-4e12-9419-e57264c2823c,4,Constrained by Market,0,Does Not Provide This Service,0,Does Not Provide This Service
670be310-ad5e-4183-9bb2-353f1701c61a,4,Constrained by Market,0,Does Not Provide This Service,0,Does Not Provide This Service
67209491-29f2-46a4-a6db-b67a5c89e6e1,5,Highly Constrained,0,Does Not Provide This Service,0,Does Not Provide This Service
6726e09f-ca6b-41fc-9786-f22d538e4454,4,Constrained by Market,0,Does Not Provide This Service,0,Does Not Provide This Service
67509b31-c40a-4f85-9476-77c9a8543821,0,Does Not Provide This Service,4,Constrained by Market,0,Does Not Provide This Service
675d0861-0cbb-4f21-98c4-40d41d0a06b4,0,Does Not Provide This Service,0,Does Not Provide This Service,3,Constrained by Size
67910171-0fbe-4c3b-b953-21534c2960d1,0,Does Not Provide This Service,0,Does Not Provide This Service,4,Constrained by Market
67a3eae4-2007-4597-b53e-49c8ff8b0573,5,Highly Constrained,0,Does Not Provide This Service,0,Does Not Provide This Service
67c7b38f-d6c2-4f85-979a-26d66c03738f,4,Constrained by Market,0,Does Not Provide This Service,0,Does Not Provide This Service
67ca0aea-6686-41a1-900d-dcf10436d2ba,2,Potentially Available,0,Does Not Provide This Service,0,Does Not Provide This Service
67e72c59-c03d-41da-8b92-5bcf830e8602,3,Constrained by Size,0,Does Not Provide This Service,0,Does Not Provide This Service
67ebf7e7-9c40-4136-95f9-e084be9333c4,4,Constrained by Market,0,Does Not Provide This Service,0,Does Not Provide This Service
6817a432-2cc1-46fe-aaa6-a73f80c23794,5,Highly Constrained,0,Does Not Provide This Service,0,Does Not Provide This Service
681aca6e-f869-4b23-8b03-614ba8f208d9,5,Highly Constrained,0,Does Not Provide This Service,0,Does Not Provide This Service
681d5dc8-8b0c-40fb-8d2e-dd21658d0172,0,Does Not Provide This Service,0,Does Not Provide This Service,4,Constrained by Market
6832c921-b52c-4395-8f8f-3840baac0d71,3,Constrained by Size,0,Does Not Provide This Service,0,Does Not Provide This Service
687ef7b5-eb2a-4417-accc-07722cbdeec1,4,Constrained by Market,0,Does Not Provide This Service,0,Does Not Provide This Service
68825858-46d3-4735-9de7-a35b033f8e8f,4,Constrained by Market,0,Does Not Provide This Service,0,Does Not Provide This Service
6892b90a-2967-4d83-b5c0-6509b3d9cfe9,5,Highly Constrained,0,Does Not Provide This Service,0,Does Not Provide This Service
689ab93d-6af8-4395-9559-a36d8bb2f92b,2,Potentially Available,0,Does Not Provide This Service,0,Does Not Provide This Service
68a0f725-7cb2-4f87-8b63-a8d613409f6c,4,Constrained by Market,0,Does Not Provide This Service,0,Does Not Provide This Service
68a3e4e4-6d93-40dc-b09d-6c3dd49208d9,5,Highly Constrained,0,Does Not Provide This Service,0,Does Not Provide This Service
68b4c747-f52d-452d-8c10-515829b41519,0,Does Not Provide This Service,0,Does Not Provide This Service,3,Constrained by Size
68d0f1fb-c844-412d-a84e-0b62f50f0699,5,Highly Constrained,0,Does Not Provide This Service,0,Does Not Provide This Service
68d77ee4-808d-4f2d-a76c-830b72ed3922,4,Constrained by Market,0,Does Not Provide This Service,0,Does Not Provide This Service
68e4d314-dd71-4b9a-b303-7064e517a86d,5,Highly Constrained,0,Does Not Provide This Service,0,Does Not Provide This Service
68eaa4d5-ff11-4196-9b16-86a397e0d451,5,Highly Constrained,0,Does Not Provide This Service,0,Does Not Provide This Service
68ee44d4-4030-464b-8b8f-2206f4061ee2,5,Highly Constrained,0,Does Not Provide This Service,0,Does Not Provide This Service
69038c7e-4399-402b-ab69-e40574158eb1,4,Constrained by Market,0,Does Not Provide This Service,0,Does Not Provide This Service
69051f17-bfa1-48e3-86ad-a2773a3c4479,3,Constrained by Size,0,Does Not Provide This Service,0,Does Not Provide This Service
692c4c48-8703-43c7-b53b-06724af6143d,5,Highly Constrained,0,Does Not Provide This Service,0,Does Not Provide This Service
6930fd11-fdf3-4d57-8982-eb670ef88789,4,Constrained by Market,0,Does Not Provide This Service,0,Does Not Provide This Service
69574dcc-6ab0-4de0-a97b-f92306d8ea1f,4,Constrained by Market,0,Does Not Provide This Service,0,Does Not Provide This Service
695c5735-d3a0-40a6-915b-af449a56ab36,0,Does Not Provide This Service,0,Does Not Provide This Service,5,Highly Constrained
696a2e78-bbe2-4482-8ed5-a3a8e3ef96a8,5,Highly Constrained,0,Does Not Provide This Service,0,Does Not Provide This Service
699608e6-221e-4863-9a60-d7a1c261e218,4,Constrained by Market,0,Does Not Provide This Service,0,Does Not Provide This Service
699ddfd3-de0c-4989-b578-0683d1ff5ecd,4,Constrained by Market,0,Does Not Provide This Service,0,Does Not Provide This Service
69a0a280-dc2a-4ed0-941f-7628e8cb1135,4,Constrained by Market,0,Does Not Provide This Service,0,Does Not Provide This Service
69babe37-e86d-4d26-b53e-9221f5344081,4,Constrained by Market,0,Does Not Provide This Service,0,Does Not Provide This Service
69bd02a9-8914-4088-a0e0-63ea37aed847,5,Highly Constrained,0,Does Not Provide This Service,0,Does Not Provide This Service
69be19d2-b47c-4bb3-8bd0-3b402d257f02,4,Constrained by Market,0,Does Not Provide This Service,0,Does Not Provide This Service
69cd3869-6397-47a7-9c28-0019d33bd575,4,Constrained by Market,0,Does Not Provide This Service,0,Does Not Provide This Service
69ec6a2d-0cf7-409e-b61a-c23763546f2b,5,Highly Constrained,0,Does Not Provide This Service,0,Does Not Provide This Service
6a026bd1-9cde-45b3-a4ae-22581d12c6ab,3,Constrained by Size,0,Does Not Provide This Service,0,Does Not Provide This Service
6a071ff5-d88a-4490-959c-adb5866fd69e,5,Highly Constrained,0,Does Not Provide This Service,0,Does Not Provide This Service
6a0b1826-f56c-47e3-85d2-55d11bbc075d,5,Highly Constrained,0,Does Not Provide This Service,0,Does Not Provide This Service
6a1d13cf-a67c-4a0c-bbb0-1a0b3be35313,4,Constrained by Market,0,Does Not Provide This Service,0,Does Not Provide This Service
6a522de3-dce2-4f92-93e3-79bce2befcb1,5,Highly Constrained,0,Does Not Provide This Service,0,Does Not Provide This Service
6a5b76be-54cf-4c1b-bd43-53475bd5ecc9,4,Constrained by Market,0,Does Not Provide This Service,0,Does Not Provide This Service
6a6e5c4b-b621-4122-9eef-24f9f8a7a522,4,Constrained by Market,0,Does Not Provide This Service,0,Does Not Provide This Service
6a7ea379-736e-451a-ab25-fda8c931c4b8,0,Does Not Provide This Service,0,Does Not Provide This Service,3,Constrained by Size
6a855e8d-f5fd-48a3-9506-5ae899df96e4,4,Constrained by Market,0,Does Not Provide This Service,0,Does Not Provide This Service
6a973343-a885-4516-9bac-129a3cb230b2,4,Constrained by Market,0,Does Not Provide This Service,0,Does Not Provide This Service
6ac1f692-35bb-4891-80cd-4bdcd25cefbd,4,Constrained by Market,0,Does Not Provide This Service,0,Does Not Provide This Service
6b6c7501-4aca-4881-98bc-4b05afda3440,5,Highly Constrained,0,Does Not Provide This Service,0,Does Not Provide This Service
6b74c0a8-a2d7-44c9-9fdc-0757fb459e81,4,Constrained by Market,0,Does Not Provide This Service,0,Does Not Provide This Service
6b7bf27a-7247-4d26-8271-d8c115127646,4,Constrained by Market,0,Does Not Provide This Service,0,Does Not Provide This Service
6b868a1b-8d44-424d-80e2-e0dd7a9a5849,4,Constrained by Market,0,Does Not Provide This Service,0,Does Not Provide This Service
6b87e883-b6d9-452f-97c3-fa678b8bccb9,5,Highly Constrained,0,Does Not Provide This Service,0,Does Not Provide This Service
6b9e2015-0482-4f47-853b-38b3d85423f8,4,Constrained by Market,0,Does Not Provide This Service,0,Does Not Provide This Service
6ba40a48-6af5-4d06-b7b9-31d715ae045d,5,Highly Constrained,0,Does Not Provide This Service,0,Does Not Provide This Service
6bc594d6-0311-4ca7-84bc-1ea622991d59,5,Highly Constrained,0,Does Not Provide This Service,0,Does Not Provide This Service
6bcc7086-5a33-4317-9bc7-e32912af5055,4,Constrained by Market,0,Does Not Provide This Service,0,Does Not Provide This Service
6bd94ec4-2526-4332-a1eb-218949070fbf,4,Constrained by Market,0,Does Not Provide This Service,0,Does Not Provide This Service
6be78446-fd1f-4b1a-a979-719152cb85a1,4,Constrained by Market,0,Does Not Provide This Service,0,Does Not Provide This Service
6be93885-a3bb-4d45-8446-18a5ad3ca602,4,Constrained by Market,0,Does Not Provide This Service,0,Does Not Provide This Service
6c0c7af9-ba51-4bad-95ae-13284c4e1d3a,4,Constrained by Market,0,Does Not Provide This Service,0,Does Not Provide This Service
6c182c20-1749-4fd2-a596-43ea10a0c27f,4,Constrained by Market,0,Does Not Provide This Service,0,Does Not Provide This Service
6c207e55-00ec-472f-957c-a423de484c4c,0,Does Not Provide This Service,0,Does Not Provide This Service,5,Highly Constrained
6c3d81d4-45b3-4c8c-be4b-be460d9cc82b,4,Constrained by Market,0,Does Not Provide This Service,0,Does Not Provide This Service
6c40655a-3a76-4fc9-908a-8bf7ccc9d346,0,Does Not Provide This Service,0,Does Not Provide This Service,3,Constrained by Size
6c610918-a15a-444f-87ce-d4eea9458420,4,Constrained by Market,0,Does Not Provide This Service,0,Does Not Provide This Service
6c61eefb-ac2a-4658-8b43-9fd4e26e8023,4,Constrained by Market,0,Does Not Provide This Service,0,Does Not Provide This Service
6c70c3ca-84e6-49a3-b19b-d8926f504238,5,Highly Constrained,0,Does Not Provide This Service,0,Does Not Provide This Service
6cb8fb9d-509e-4ed0-9782-8995b57197f0,4,Constrained by Market,0,Does Not Provide This Service,0,Does Not Provide This Service
6ce1f455-85f9-424a-805e-b179ae491ff5,4,Constrained by Market,0,Does Not Provide This Service,0,Does Not Provide This Service
6d1cd180-520a-4c97-83c0-6d87ca8bfdcf,4,Constrained by Market,0,Does Not Provide This Service,0,Does Not Provide This Service
6d3c2b84-f006-48f4-be7c-8cc5f2f93a0f,5,Highly Constrained,0,Does Not Provide This Service,0,Does Not Provide This Service
6d455c3f-8560-45b8-bc4d-57465bb47fef,4,Constrained by Market,0,Does Not Provide This Service,0,Does Not Provide This Service
6d46a582-7e14-4519-a046-b77e8bdccdc4,2,Potentially Available,0,Does Not Provide This Service,0,Does Not Provide This Service
6d4d64be-8ee3-42c9-9ab3-a955458a0672,4,Constrained by Market,0,Does Not Provide This Service,0,Does Not Provide This Service
6d528696-fe61-4b59-af42-93d3146e5b44,4,Constrained by Market,0,Does Not Provide This Service,0,Does Not Provide This Service
6d537e8d-7071-429f-8aa6-c58d9a9f57df,4,Constrained by Market,0,Does Not Provide This Service,0,Does Not Provide This Service
6d56c33c-05d3-4861-8ddd-22d3790675bf,0,Does Not Provide This Service,1,Likely Available,0,Does Not Provide This Service
6dbc14c1-7db2-4667-a2f6-3704168d1772,4,Constrained by Market,0,Does Not Provide This Service,0,Does Not Provide This Service
6dc0392a-bb0a-437e-99d6-2b0d91079383,4,Constrained by Market,0,Does Not Provide This Service,0,Does Not Provide This Service
6dd78179-a8f7-4b9f-bd4d-a08341a5e5b1,5,Highly Constrained,0,Does Not Provide This Service,0,Does Not Provide This Service
6dff66b0-0982-44dd-ae4f-5c0608a0cd03,4,Constrained by Market,0,Does Not Provide This Service,0,Does Not Provide This Service
6e09eeb9-9d07-4b19-b034-fd9086ce0c06,5,Highly Constrained,0,Does Not Provide This Service,0,Does Not Provide This Service
6e169362-92f6-424a-a8d8-cc74440a70e6,4,Constrained by Market,0,Does Not Provide This Service,0,Does Not Provide This Service
6e34fb19-72c7-4e94-8263-b09f46044aeb,4,Constrained by Market,0,Does Not Provide This Service,0,Does Not Provide This Service
6e71eab7-ea38-4215-a702-a7ed5bd84511,4,Constrained by Market,0,Does Not Provide This Service,0,Does Not Provide This Service
6ea05972-e4f3-4550-bc00-3f69ddf2554c,5,Highly Constrained,0,Does Not Provide This Service,0,Does Not Provide This Service
6eb9d416-dd60-4f34-a058-2caa63a714e7,3,Constrained by Size,0,Does Not Provide This Service,0,Does Not Provide This Service
6ed72b61-f4f5-4c0f-94d2-70872bd64205,4,Constrained by Market,0,Does Not Provide This Service,0,Does Not Provide This Service
6edf9f9b-072e-4e2e-8c14-ad1c17be63a6,4,Constrained by Market,0,Does Not Provide This Service,0,Does Not Provide This Service
6ee0ebd4-7261-417d-bf02-53766d03514a,3,Constrained by Size,4,Constrained by Market,0,Does Not Provide This Service
6eec2625-721c-4eaa-b9c9-fb731856e170,4,Constrained by Market,0,Does Not Provide This Service,0,Does Not Provide This Service
6ef045fc-0881-4ade-9490-694e13c9f15d,4,Constrained by Market,0,Does Not Provide This Service,0,Does Not Provide This Service
6ef122ef-645c-4c0f-88e8-757600e404bd,4,Constrained by Market,0,Does Not Provide This Service,0,Does Not Provide This Service
6f08594b-bbba-4f5a-a73d-267bf58b9c5c,4,Constrained by Market,0,Does Not Provide This Service,0,Does Not Provide This Service
6f15c81e-63db-4dfd-a9fd-cbf0dc5b3dfc,4,Constrained by Market,0,Does Not Provide This Service,0,Does Not Provide This Service
6f3a3c09-e4a3-4f4e-b0d6-5c209487a19c,4,Constrained by Market,0,Does Not Provide This Service,0,Does Not Provide This Service
6f5e7daf-03e7-4e12-bfd7-82b0e9aa4abc,5,Highly Constrained,0,Does Not Provide This Service,0,Does Not Provide This Service
6f60a077-d6f6-4724-adb3-8262f9104d1f,4,Constrained by Market,0,Does Not Provide This Service,0,Does Not Provide This Service
6f66427c-4b38-44f1-98d6-67e25444efb7,4,Constrained by Market,0,Does Not Provide This Service,0,Does Not Provide This Service
6f86d0a2-9cf1-4c17-9d54-22e37c9364c0,1,Likely Available,0,Does Not Provide This Service,0,Does Not Provide This Service
6f8f0c0e-7dad-4b4b-bcc1-e78ab0717c82,5,Highly Constrained,0,Does Not Provide This Service,0,Does Not Provide This Service
7039ba2e-67dc-4125-a9d1-92ba38dd8970,5,Highly Constrained,0,Does Not Provide This Service,0,Does Not Provide This Service
704a7fc1-5626-42cb-b7b3-3380cb87eae2,5,Highly Constrained,0,Does Not Provide This Service,0,Does Not Provide This Service
7054fb8d-4092-40c5-a01f-801d47922071,5,Highly Constrained,0,Does Not Provide This Service,0,Does Not Provide This Service
7067f862-8c20-4e81-a41b-3a3d190c00d2,4,Constrained by Market,0,Does Not Provide This Service,0,Does Not Provide This Service
707f2041-bb27-4b8b-ad6c-af778fa58e01,4,Constrained by Market,0,Does Not Provide This Service,0,Does Not Provide This Service
708ceaf9-d340-4937-8897-406f96b8eb6a,4,Constrained by Market,0,Does Not Provide This Service,0,Does Not Provide This Service
708feaaf-9a97-458f-b603-57375e34fa26,4,Constrained by Market,0,Does Not Provide This Service,0,Does Not Provide This Service
70a7069a-26a4-4529-b9b7-425aa0e48755,5,Highly Constrained,0,Does Not Provide This Service,0,Does Not Provide This Service
70be62ed-b4ad-4b2b-a6eb-bb563208aa01,0,Does Not Provide This Service,1,Likely Available,0,Does Not Provide This Service
70fbb0bd-796c-4530-aed0-d05c02d07572,4,Constrained by Market,0,Does Not Provide This Service,0,Does Not Provide This Service
715c26f3-0c16-44bf-83ac-a3d889768078,4,Constrained by Market,0,Does Not Provide This Service,0,Does Not Provide This Service
7173d675-a85b-4e1a-b151-d7fae7d93265,4,Constrained by Market,0,Does Not Provide This Service,0,Does Not Provide This Service
717dc9d8-bb87-4e19-b731-5c9c866ac8d1,2,Potentially Available,0,Does Not Provide This Service,0,Does Not Provide This Service
7187ceeb-d0f7-4052-98eb-f008c14a1bcb,0,Does Not Provide This Service,0,Does Not Provide This Service,1,Likely Available
71882d2c-c506-4c40-a4b5-b6ff617d0507,4,Constrained by Market,0,Does Not Provide This Service,0,Does Not Provide This Service
719eedf6-7f8f-466b-b1bd-c12343afc4a8,5,Highly Constrained,0,Does Not Provide This Service,0,Does Not Provide This Service
71c35021-eab8-42ae-a54b-dcd02e97eced,5,Highly Constrained,0,Does Not Provide This Service,0,Does Not Provide This Service
71ebb195-fa29-4efe-8e35-1769f1e66c03,5,Highly Constrained,0,Does Not Provide This Service,0,Does Not Provide This Service
71f31441-8ef6-4e70-a171-9fa859b3f612,4,Constrained by Market,0,Does Not Provide This Service,0,Does Not Provide This Service
71f315d6-5a90-42fb-bb2d-b526e3654256,5,Highly Constrained,0,Does Not Provide This Service,0,Does Not Provide This Service
721bceca-e2f7-44ce-9502-319afcd8107e,5,Highly Constrained,0,Does Not Provide This Service,0,Does Not Provide This Service
724ea2ed-5bf0-4357-9979-b6d76f84ca9e,5,Highly Constrained,0,Does Not Provide This Service,0,Does Not Provide This Service
725d053f-c333-4fce-8caf-953b1c469a1b,4,Constrained by Market,0,Does Not Provide This Service,0,Does Not Provide This Service
725e00f8-3668-4eaf-b71e-29040c3907a4,5,Highly Constrained,0,Does Not Provide This Service,0,Does Not Provide This Service
725f3d4c-4e45-4350-83d0-8221b9d1da4f,3,Constrained by Size,0,Does Not Provide This Service,0,Does Not Provide This Service
725f3e07-e78e-4db3-be39-209018cf869d,5,Highly Constrained,0,Does Not Provide This Service,0,Does Not Provide This Service
726857af-34ea-4a99-aaa1-96cde65418ca,4,Constrained by Market,0,Does Not Provide This Service,0,Does Not Provide This Service
727eec1c-c89d-4336-a131-f8031a6933c0,4,Constrained by Market,0,Does Not Provide This Service,0,Does Not Provide This Service
729f9ed9-e558-4ea4-8c7f-a85106771d81,5,Highly Constrained,0,Does Not Provide This Service,0,Does Not Provide This Service
72ab0bf9-bc8a-4f8c-b19b-9a1cd6e5f282,3,Constrained by Size,0,Does Not Provide This Service,0,Does Not Provide This Service
72b56ab2-4d6a-47ec-9422-355041116135,4,Constrained by Market,0,Does Not Provide This Service,0,Does Not Provide This Service
72b5f9e5-4829-4228-b7ba-a16e572bf59d,5,Highly Constrained,0,Does Not Provide This Service,0,Does Not Provide This Service
72b6b049-251b-40de-a116-ef14a8ec6b4c,4,Constrained by Market,0,Does Not Provide This Service,0,Does Not Provide This Service
72ba8e28-1202-4068-b1df-1fb94e6b38be,5,Highly Constrained,0,Does Not Provide This Service,0,Does Not Provide This Service
72bf4949-26b1-4a2a-acfc-395af176053b,0,Does Not Provide This Service,0,Does Not Provide This Service,2,Potentially Available
72c612f3-7075-46b8-8a93-eebf392b5489,3,Constrained by Size,1,Likely Available,0,Does Not Provide This Service
72cd2283-0449-453e-8e1f-08666fd1fc0a,5,Highly Constrained,0,Does Not Provide This Service,0,Does Not Provide This Service
72d4bfec-b909-4e39-938a-6a74a65e4855,3,Constrained by Size,0,Does Not Provide This Service,0,Does Not Provide This Service
72fbc9ff-271b-450a-a80d-1f8e5c45f636,4,Constrained by Market,0,Does Not Provide This Service,0,Does Not Provide This Service
72fe09e4-e2df-4dec-9652-f3168a440264,0,Does Not Provide This Service,0,Does Not Provide This Service,2,Potentially Available
7331a97d-8a78-421d-ba34-97b9f8abf5c4,4,Constrained by Market,0,Does Not Provide This Service,0,Does Not Provide This Service
7342eb38-9d19-4062-808f-63530f62f1d8,4,Constrained by Market,0,Does Not Provide This Service,0,Does Not Provide This Service
735b0306-3b09-4226-8ed8-7f7a8e049c27,4,Constrained by Market,0,Does Not Provide This Service,0,Does Not Provide This Service
736988f5-bcee-42b4-9489-e06d7d681eec,5,Highly Constrained,0,Does Not Provide This Service,0,Does Not Provide This Service
736e2456-28cb-457a-81c4-d32121842878,4,Constrained by Market,0,Does Not Provide This Service,0,Does Not Provide This Service
737b742e-14b0-4335-854b-c837ec9baa26,5,Highly Constrained,0,Does Not Provide This Service,0,Does Not Provide This Service
7382556e-1644-4e8b-8cb9-1144b9a01cdb,4,Constrained by Market,0,Does Not Provide This Service,0,Does Not Provide This Service
7385c528-c829-493f-9703-53425a5c6da9,5,Highly Constrained,0,Does Not Provide This Service,0,Does Not Provide This Service
73890f2c-7f5d-44d5-b797-2d744f179090,4,Constrained by Market,0,Does Not Provide This Service,0,Does Not Provide This Service
7399d5b5-fe95-4e54-82ad-fff6a9ba66f1,5,Highly Constrained,0,Does Not Provide This Service,0,Does Not Provide This Service
73a5cec7-e92f-4e16-aeed-172ae12037b3,4,Constrained by Market,0,Does Not Provide This Service,0,Does Not Provide This Service
73c04eaa-5056-41b9-adf9-71e67cae64cf,4,Constrained by Market,0,Does Not Provide This Service,0,Does Not Provide This Service
73cf3319-86aa-4a6c-a8fd-a0ec72a8704b,3,Constrained by Size,0,Does Not Provide This Service,0,Does Not Provide This Service
73dacbc5-0534-48d2-b10a-668b57c8bef3,0,Does Not Provide This Service,0,Does Not Provide This Service,1,Likely Available
73dc6fd3-f60b-4948-83fa-f18e0ef4dd86,4,Constrained by Market,0,Does Not Provide This Service,0,Does Not Provide This Service
744cf5f6-18a6-46ae-9551-e11e86806717,5,Highly Constrained,0,Does Not Provide This Service,0,Does Not Provide This Service
7450cef0-982f-4705-8f20-040f5f83b8d9,4,Constrained by Market,0,Does Not Provide This Service,0,Does Not Provide This Service
746367a3-79b5-45a4-b9a9-98d3b9c03955,4,Constrained by Market,0,Does Not Provide This Service,0,Does Not Provide This Service
7465c097-53be-4c3d-b727-1e1800f770bb,4,Constrained by Market,0,Does Not Provide This Service,0,Does Not Provide This Service
74691ce5-3e87-4cb0-8863-3365a5c22017,4,Constrained by Market,0,Does Not Provide This Service,0,Does Not Provide This Service
74755932-81c4-43e3-b5d3-1cff8ff2a5c4,4,Constrained by Market,0,Does Not Provide This Service,0,Does Not Provide This Service
749ff11d-d828-44df-84ea-3555ebc407d9,3,Constrained by Size,0,Does Not Provide This Service,0,Does Not Provide This Service
74a500f8-cbd1-448e-a153-6837d1148a6e,4,Constrained by Market,0,Does Not Provide This Service,0,Does Not Provide This Service
74cfdbba-3114-4e13-a47f-403566ca5d85,4,Constrained by Market,0,Does Not Provide This Service,0,Does Not Provide This Service
74d660ce-ab58-4297-b63a-6b62e76e4450,4,Constrained by Market,0,Does Not Provide This Service,0,Does Not Provide This Service
74ec39ef-e4e9-41ea-b4c4-0025c745c283,5,Highly Constrained,0,Does Not Provide This Service,0,Does Not Provide This Service
750bc0fd-1cee-4cc1-b363-419d05c92997,5,Highly Constrained,0,Does Not Provide This Service,0,Does Not Provide This Service
751ba066-4d95-4401-8fc0-8e29ea1f33de,4,Constrained by Market,0,Does Not Provide This Service,0,Does Not Provide This Service
752014d9-ef42-42de-a3c5-68c2cc6542c5,5,Highly Constrained,0,Does Not Provide This Service,0,Does Not Provide This Service
753deaa6-f849-4251-ab47-e064223325ca,3,Constrained by Size,0,Does Not Provide This Service,0,Does Not Provide This Service
754d176f-5526-41dd-be71-eb4684ae72f8,4,Constrained by Market,0,Does Not Provide This Service,0,Does Not Provide This Service
7552721d-a091-43bd-a5b1-0e0a443a5232,3,Constrained by Size,0,Does Not Provide This Service,0,Does Not Provide This Service
75ab1f6c-f6d9-4eac-996e-aa007a113636,4,Constrained by Market,0,Does Not Provide This Service,0,Does Not Provide This Service
75b6d878-1a0d-4868-8ed5-d6b7bc45527e,3,Constrained by Size,1,Likely Available,0,Does Not Provide This Service
75b86f4d-6bcd-49c0-babe-15f15641a192,2,Potentially Available,0,Does Not Provide This Service,0,Does Not Provide This Service
75c32e3b-0a31-4918-a621-5b22751e1790,5,Highly Constrained,0,Does Not Provide This Service,0,Does Not Provide This Service
75c961b3-0f47-45f6-9bc7-39af00dda58e,5,Highly Constrained,0,Does Not Provide This Service,0,Does Not Provide This Service
75e00cb6-4cf9-49bc-a412-4349dbdee309,5,Highly Constrained,0,Does Not Provide This Service,0,Does Not Provide This Service
75e2c972-9c27-4d17-982b-ee22aa0843fd,4,Constrained by Market,0,Does Not Provide This Service,0,Does Not Provide This Service
75f1947b-4433-4540-9b44-c6a3a5f827ae,5,Highly Constrained,0,Does Not Provide This Service,0,Does Not Provide This Service
75f99416-dbb6-4851-ba75-721e8d7d1677,4,Constrained by Market,0,Does Not Provide This Service,0,Does Not Provide This Service
761526d9-3c5e-4390-9e47-0606ce408cb1,5,Highly Constrained,0,Does Not Provide This Service,0,Does Not Provide This Service
762c3458-ced8-4ec4-a8f0-be68c4d6993f,5,Highly Constrained,0,Does Not Provide This Service,0,Does Not Provide This Service
76366f32-b2f9-49d4-8101-0dde5601a156,4,Constrained by Market,0,Does Not Provide This Service,0,Does Not Provide This Service
763cb358-afbc-4fbd-8aa3-e54ad23e22b6,4,Constrained by Market,0,Does Not Provide This Service,0,Does Not Provide This Service
7642e33e-96c8-4a38-8565-99b1b35a7359,5,Highly Constrained,0,Does Not Provide This Service,0,Does Not Provide This Service
76543a28-8408-49e6-8b6f-388f7d25ea38,3,Constrained by Size,0,Does Not Provide This Service,0,Does Not Provide This Service
76bdf553-f2d4-4f3b-b49b-dd34692a564a,0,Does Not Provide This Service,0,Does Not Provide This Service,5,Highly Constrained
76e162e4-ba42-4c47-9b3a-83eb8081d9a7,3,Constrained by Size,0,Does Not Provide This Service,0,Does Not Provide This Service
76f08823-f907-49a5-bab2-2d6b329be157,0,Does Not Provide This Service,0,Does Not Provide This Service,5,Highly Constrained
76f1cc83-19ce-4973-9709-372171490fdc,4,Constrained by Market,0,Does Not Provide This Service,0,Does Not Provide This Service
7701b07b-e737-44d2-afc2-0f7f0c770dc3,4,Constrained by Market,0,Does Not Provide This Service,0,Does Not Provide This Service
770d92df-dca7-4eeb-ab83-82ea854cffc3,5,Highly Constrained,0,Does Not Provide This Service,0,Does Not Provide This Service
771bb89b-72d9-4911-819c-4ea49acc1b38,4,Constrained by Market,0,Does Not Provide This Service,0,Does Not Provide This Service
772b05eb-f0e7-41a2-901b-f5ae5b5ad677,2,Potentially Available,0,Does Not Provide This Service,0,Does Not Provide This Service
7731f5f2-6b11-4b8c-af72-e80fc4de0925,4,Constrained by Market,0,Does Not Provide This Service,0,Does Not Provide This Service
7732f670-d65e-43cd-9873-d8ad957ce82f,3,Constrained by Size,0,Does Not Provide This Service,0,Does Not Provide This Service
773e1c1f-7be0-4e2c-8bf5-6f44b3256113,0,Does Not Provide This Service,0,Does Not Provide This Service,5,Highly Constrained
7764ac51-1bd7-4f86-86e2-735ae6539305,4,Constrained by Market,0,Does Not Provide This Service,0,Does Not Provide This Service
777296c2-ae9a-4fb4-8001-bc5c5c1bbb81,5,Highly Constrained,0,Does Not Provide This Service,0,Does Not Provide This Service
778dbdee-0d1c-45f9-b920-0413474ce79a,4,Constrained by Market,0,Does Not Provide This Service,0,Does Not Provide This Service
77b95748-5ad9-41a6-9ea1-9b90f61b9113,4,Constrained by Market,0,Does Not Provide This Service,0,Does Not Provide This Service
77be0109-83b6-4e49-879c-c835a3f2bac6,4,Constrained by Market,0,Does Not Provide This Service,0,Does Not Provide This Service
77cb7ed4-7adb-4bc7-ad46-3d076b7cb3da,3,Constrained by Size,0,Does Not Provide This Service,0,Does Not Provide This Service
7813e085-0f4c-4836-89a8-ca8cd0686827,5,Highly Constrained,0,Does Not Provide This Service,0,Does Not Provide This Service
782d5697-4e5f-45e3-8d4f-ba88faa434f2,0,Does Not Provide This Service,4,Constrained by Market,0,Does Not Provide This Service
78320b1f-2f6b-4101-99a7-481feaf46a23,4,Constrained by Market,0,Does Not Provide This Service,0,Does Not Provide This Service
783df85b-0d3c-43cc-980e-ecea4279eab8,5,Highly Constrained,0,Does Not Provide This Service,0,Does Not Provide This Service
784ba8a9-3fa6-41bc-ad8f-b2786125b8f4,5,Highly Constrained,0,Does Not Provide This Service,0,Does Not Provide This Service
786205b5-5d2c-4073-aef2-379835b8fa55,4,Constrained by Market,0,Does Not Provide This Service,0,Does Not Provide This Service
786ba568-70fa-4d57-8056-8b276658f891,4,Constrained by Market,0,Does Not Provide This Service,0,Does Not Provide This Service
786fea36-e253-4d04-b4dd-13ad39cc678b,4,Constrained by Market,0,Does Not Provide This Service,0,Does Not Provide This Service
789742ea-a536-4b3f-a33d-a705ba73f50e,5,Highly Constrained,0,Does Not Provide This Service,0,Does Not Provide This Service
7899c8a3-8517-4c0e-be7a-eab0ad5856a8,4,Constrained by Market,0,Does Not Provide This Service,0,Does Not Provide This Service
78a75049-8739-4c89-97f1-2da8f96d8154,0,Does Not Provide This Service,0,Does Not Provide This Service,1,Likely Available
78a99446-d68a-4950-856b-cf54612048a2,5,Highly Constrained,0,Does Not Provide This Service,0,Does Not Provide This Service
78ac1683-b46b-4018-9f54-b871c9579225,4,Constrained by Market,0,Does Not Provide This Service,0,Does Not Provide This Service
78b8d944-e408-4b2c-b11a-2e093518a84b,2,Potentially Available,0,Does Not Provide This Service,0,Does Not Provide This Service
78c9f5a4-a140-4e6c-976c-fbc82b474c44,5,Highly Constrained,0,Does Not Provide This Service,0,Does Not Provide This Service
78d05462-030a-4e87-b531-e42674d2443b,4,Constrained by Market,0,Does Not Provide This Service,0,Does Not Provide This Service
78ec7278-5eeb-4771-98cd-cf6fe4e3c8b8,4,Constrained by Market,0,Does Not Provide This Service,0,Does Not Provide This Service
79115b51-0958-407a-b6a4-bef58b47348b,3,Constrained by Size,0,Does Not Provide This Service,0,Does Not Provide This Service
791a3623-71c1-4705-945e-332419dbe47e,4,Constrained by Market,0,Does Not Provide This Service,0,Does Not Provide This Service
794164b7-ccde-40c3-a868-692cd1687f4e,5,Highly Constrained,0,Does Not Provide This Service,0,Does Not Provide This Service
7944fb09-0684-49c9-adb7-4923eba4a5b1,3,Constrained by Size,5,Highly Constrained,0,Does Not Provide This Service
7953931e-8c0d-4fac-ab3b-b20e58c71bc4,2,Potentially Available,0,Does Not Provide This Service,0,Does Not Provide This Service
795a8ee1-e574-4d27-bfa3-3e56733f9358,4,Constrained by Market,0,Does Not Provide This Service,0,Does Not Provide This Service
7977e37b-e2f6-4fd3-9c2e-b6048ab96c29,5,Highly Constrained,0,Does Not Provide This Service,0,Does Not Provide This Service
797a0640-4ab4-42d8-83bd-1fa91a286667,4,Constrained by Market,0,Does Not Provide This Service,0,Does Not Provide This Service
797dda0a-cf0d-41c7-97ef-a3dd416e6878,0,Does Not Provide This Service,0,Does Not Provide This Service,2,Potentially Available
79adc0cd-73ac-45fa-ab02-99671f78581f,5,Highly Constrained,0,Does Not Provide This Service,0,Does Not Provide This Service
79b8450a-47bf-43f5-813f-62c9ac3b9424,4,Constrained by Market,0,Does Not Provide This Service,0,Does Not Provide This Service
79ca9025-e2de-458b-8a8c-31b68779f224,5,Highly Constrained,0,Does Not Provide This Service,0,Does Not Provide This Service
79dc610b-06c8-4620-9585-d1acacdef904,2,Potentially Available,0,Does Not Provide This Service,0,Does Not Provide This Service
79dd5658-faa6-4667-91ce-37fdf38f8b78,4,Constrained by Market,0,Does Not Provide This Service,0,Does Not Provide This Service
79dfd7bb-4c66-4ef9-beab-c808f539a2b7,5,Highly Constrained,0,Does Not Provide This Service,0,Does Not Provide This Service
79f36e07-b247-4046-b392-fab5089cae9f,5,Highly Constrained,0,Does Not Provide This Service,0,Does Not Provide This Service
7a00b4b0-a68a-4e5a-a1aa-7e21b8853516,4,Constrained by Market,0,Does Not Provide This Service,0,Does Not Provide This Service
7a06c9a0-193c-4204-b7a0-aadfe2be2fcf,0,Does Not Provide This Service,0,Does Not Provide This Service,2,Potentially Available
7a153369-a9be-46f8-9d08-07b281aec211,5,Highly Constrained,0,Does Not Provide This Service,0,Does Not Provide This Service
7a3e7350-333f-4bfb-958b-c0645e5e9d3b,2,Potentially Available,0,Does Not Provide This Service,0,Does Not Provide This Service
7a3f5e59-76f8-4e43-afc1-218d2e355389,4,Constrained by Market,0,Does Not Provide This Service,0,Does Not Provide This Service
7a4ab093-546f-405e-a082-8361adf36e85,4,Constrained by Market,0,Does Not Provide This Service,0,Does Not Provide This Service
7a502f07-5ce6-4ca3-9721-789b677ebf67,4,Constrained by Market,0,Does Not Provide This Service,0,Does Not Provide This Service
7a63a763-5451-4c05-bbbf-fdaf436a4ff8,5,Highly Constrained,0,Does Not Provide This Service,0,Does Not Provide This Service
7ab958d6-20a1-4ea8-9d23-12117a09aeab,4,Constrained by Market,0,Does Not Provide This Service,0,Does Not Provide This Service
7ac7b1e5-6dc2-4d88-94aa-e1a854f5d794,5,Highly Constrained,0,Does Not Provide This Service,0,Does Not Provide This Service
7acea7d4-5b85-4464-9f60-c1e4bf710ac6,4,Constrained by Market,0,Does Not Provide This Service,0,Does Not Provide This Service
7acf270c-1617-4f39-a135-d9d21c303555,0,Does Not Provide This Service,0,Does Not Provide This Service,1,Likely Available
7ad1cc18-8a78-4645-9095-6a1ac4c6963b,0,Does Not Provide This Service,0,Does Not Provide This Service,1,Likely Available
7b085a0f-62ff-41dd-af27-ed25a39bdd5d,5,Highly Constrained,0,Does Not Provide This Service,0,Does Not Provide This Service
7b609440-5c19-40bb-9296-aa6620d13cdb,4,Constrained by Market,0,Does Not Provide This Service,0,Does Not Provide This Service
7b7e7d71-51a1-4436-9b6a-e6d456998b14,2,Potentially Available,0,Does Not Provide This Service,0,Does Not Provide This Service
7ba63671-f3af-409a-b659-1425a40bc0e5,0,Does Not Provide This Service,0,Does Not Provide This Service,5,Highly Constrained
7bb267d1-0e9e-4df8-a68d-b69e7e943f57,4,Constrained by Market,0,Does Not Provide This Service,0,Does Not Provide This Service
7bc3cdde-a1bc-4116-ac0f-4c666e9abe1f,5,Highly Constrained,0,Does Not Provide This Service,0,Does Not Provide This Service
7bc51930-0b39-4db1-845e-b7a5970e995c,4,Constrained by Market,0,Does Not Provide This Service,0,Does Not Provide This Service
7bda622e-4b6f-4768-a14c-912bea6e506b,4,Constrained by Market,0,Does Not Provide This Service,0,Does Not Provide This Service
7bf7c260-6a87-4ac3-aae9-5ab999479e2b,5,Highly Constrained,0,Does Not Provide This Service,0,Does Not Provide This Service
7c1248c0-25b8-45f5-9c2a-dec7f00846d4,4,Constrained by Market,0,Does Not Provide This Service,0,Does Not Provide This Service
7c5ba076-8807-4b3d-8b20-0b89a73c51e7,4,Constrained by Market,0,Does Not Provide This Service,0,Does Not Provide This Service
7c786a3f-45bf-4489-ac24-59a489ad0f41,5,Highly Constrained,0,Does Not Provide This Service,0,Does Not Provide This Service
7c8286d9-4f8a-44d5-9e75-1ed3a15d518e,4,Constrained by Market,0,Does Not Provide This Service,0,Does Not Provide This Service
7c887c57-d667-4b2a-bde2-e6e3061b3727,1,Likely Available,0,Does Not Provide This Service,0,Does Not Provide This Service
7c91f787-2fc1-4885-8bad-e5800d7b5b97,0,Does Not Provide This Service,0,Does Not Provide This Service,1,Likely Available
7cacc133-e6c2-4db7-b7e2-d851b22014d5,4,Constrained by Market,0,Does Not Provide This Service,0,Does Not Provide This Service
7cd38d01-a5d1-4003-a05e-dd59c9452c6f,3,Constrained by Size,0,Does Not Provide This Service,0,Does Not Provide This Service
7ce81128-53a8-43e6-aabe-4b6b9bf94f61,5,Highly Constrained,0,Does Not Provide This Service,0,Does Not Provide This Service
7ceac3bf-6bcd-4093-ac40-59a6f39e3839,4,Constrained by Market,0,Does Not Provide This Service,0,Does Not Provide This Service
7d0a6e38-778f-4f42-b746-dc293271b88a,5,Highly Constrained,0,Does Not Provide This Service,0,Does Not Provide This Service
7d298983-2b79-4b41-8fce-c0f4a0ebb602,3,Constrained by Size,0,Does Not Provide This Service,0,Does Not Provide This Service
7d2c1ff6-864e-446c-ade8-fc52fdbb74f0,4,Constrained by Market,0,Does Not Provide This Service,0,Does Not Provide This Service
7d2d6643-dcfa-4b1d-a197-cf3dd155d939,4,Constrained by Market,0,Does Not Provide This Service,0,Does Not Provide This Service
7d54501e-4f3b-44d4-8b63-71f145ef9ead,2,Potentially Available,0,Does Not Provide This Service,0,Does Not Provide This Service
7d5d479e-f749-4581-ae62-acdc35fb2f59,0,Does Not Provide This Service,0,Does Not Provide This Service,3,Constrained by Size
7d70a1a5-3096-4da8-adbe-95e993d98c04,4,Constrained by Market,0,Does Not Provide This Service,0,Does Not Provide This Service
7dca3217-3383-49ee-9314-0d280bdead58,3,Constrained by Size,0,Does Not Provide This Service,0,Does Not Provide This Service
7dd70484-57d4-4d93-a231-f572169a8a28,5,Highly Constrained,0,Does Not Provide This Service,0,Does Not Provide This Service
7df23a57-7af6-4062-947e-e51b38eea5b0,5,Highly Constrained,0,Does Not Provide This Service,0,Does Not Provide This Service
7df737c4-b69d-42ff-86d9-b6b5487e3fa7,4,Constrained by Market,0,Does Not Provide This Service,0,Does Not Provide This Service
7df88c36-1e45-407c-8740-6718a8a97132,4,Constrained by Market,0,Does Not Provide This Service,0,Does Not Provide This Service
7e17222c-ed5d-4942-bab0-a15590a3e2c2,4,Constrained by Market,0,Does Not Provide This Service,0,Does Not Provide This Service
7e261a44-064a-4432-8760-5a2c3ed2c2a8,5,Highly Constrained,0,Does Not Provide This Service,0,Does Not Provide This Service
7e69af58-ebb5-40f1-8aff-da9325443d36,4,Constrained by Market,0,Does Not Provide This Service,0,Does Not Provide This Service
7e733b26-8bcc-4b82-aba3-d0f13b100d7d,5,Highly Constrained,0,Does Not Provide This Service,0,Does Not Provide This Service
7e83775b-5aee-4bd9-8b87-2fd90241eddd,4,Constrained by Market,0,Does Not Provide This Service,0,Does Not Provide This Service
7e83fd3e-95fd-4089-9a9c-51f1157d5cb8,4,Constrained by Market,0,Does Not Provide This Service,0,Does Not Provide This Service
7e8cd193-3acf-4c25-9df3-684f97a0ce2c,3,Constrained by Size,0,Does Not Provide This Service,0,Does Not Provide This Service
7e908286-c23a-4e65-8853-44e0ea721eef,0,Does Not Provide This Service,0,Does Not Provide This Service,3,Constrained by Size
7e9b4e16-86f5-49bc-a1f2-b4a58b9efeae,4,Constrained by Market,0,Does Not Provide This Service,0,Does Not Provide This Service
7eac7ef9-c075-4918-8baa-79972a0af50c,5,Highly Constrained,0,Does Not Provide This Service,0,Does Not Provide This Service
7ed8e5f1-ba36-409b-ba1c-10de37521a65,4,Constrained by Market,0,Does Not Provide This Service,0,Does Not Provide This Service
7edb9346-7e31-4f79-a3e3-f3802fe94fe1,4,Constrained by Market,0,Does Not Provide This Service,0,Does Not Provide This Service
7ee972ad-dea2-4849-ada4-3314af411a31,4,Constrained by Market,0,Does Not Provide This Service,0,Does Not Provide This Service
7efa99c9-c72a-49ce-8aa7-743ce3aada76,5,Highly Constrained,0,Does Not Provide This Service,0,Does Not Provide This Service
7f0f9f3b-9832-4268-be57-3caf37d5e640,4,Constrained by Market,0,Does Not Provide This Service,0,Does Not Provide This Service
7f135b8e-c714-4b9c-b8cc-e68a56139e64,4,Constrained by Market,0,Does Not Provide This Service,0,Does Not Provide This Service
7f2181ca-1609-4da6-ab41-c5cfdb69cbde,5,Highly Constrained,0,Does Not Provide This Service,0,Does Not Provide This Service
7f7bac38-ee7b-4660-a218-3df15eeaa501,1,Likely Available,1,Likely Available,0,Does Not Provide This Service
7fa8f742-6dd6-4e07-b604-4520aa562899,4,Constrained by Market,0,Does Not Provide This Service,0,Does Not Provide This Service
7fb81360-2dc4-49b0-9de8-f031ae7bb808,4,Constrained by Market,0,Does Not Provide This Service,0,Does Not Provide This Service
7fb997b5-ceb2-4496-9b7f-33155a1f0370,4,Constrained by Market,0,Does Not Provide This Service,0,Does Not Provide This Service
7febe988-3756-4705-ba72-fba778809cff,4,Constrained by Market,0,Does Not Provide This Service,0,Does Not Provide This Service
8013d4be-be2f-45cc-8042-e54cbc4c13ba,2,Potentially Available,0,Does Not Provide This Service,0,Does Not Provide This Service
80193e39-bb25-4e56-b2d6-1c5f72870083,5,Highly Constrained,0,Does Not Provide This Service,0,Does Not Provide This Service
801efb77-99ea-4bf6-ba8b-41f9200e2f48,5,Highly Constrained,0,Does Not Provide This Service,0,Does Not Provide This Service
803e8c40-e7e9-46a4-8d59-21a492f0037b,2,Potentially Available,0,Does Not Provide This Service,0,Does Not Provide This Service
80433261-7b82-41be-a34e-d94f913389b5,5,Highly Constrained,0,Does Not Provide This Service,0,Does Not Provide This Service
805a589e-49b7-4c55-a215-097ea66118f4,4,Constrained by Market,0,Does Not Provide This Service,0,Does Not Provide This Service
807802af-51ec-4312-83a3-a6cdb15048e3,1,Likely Available,1,Likely Available,0,Does Not Provide This Service
8080b157-56fc-42e8-9ddb-f7421d2ada4a,4,Constrained by Market,0,Does Not Provide This Service,0,Does Not Provide This Service
80c0e3cd-90ef-455e-b157-ec926d7afd18,3,Constrained by Size,5,Highly Constrained,0,Does Not Provide This Service
80ff66fd-a96f-4907-9f67-9c39f9d06a2d,5,Highly Constrained,0,Does Not Provide This Service,0,Does Not Provide This Service
811689a8-3b70-4d6d-884c-5eceff2b1e52,4,Constrained by Market,0,Does Not Provide This Service,0,Does Not Provide This Service
8118b4ab-8901-4983-9f30-1a686d7601a2,3,Constrained by Size,3,Constrained by Size,0,Does Not Provide This Service
81240af8-7df2-48f0-a356-60a7107b2247,4,Constrained by Market,0,Does Not Provide This Service,0,Does Not Provide This Service
815a2139-a4d4-454d-8ab9-9d254dd0b316,4,Constrained by Market,0,Does Not Provide This Service,0,Does Not Provide This Service
8168ffc0-7874-481e-b414-8260d0fd20de,5,Highly Constrained,0,Does Not Provide This Service,0,Does Not Provide This Service
816ec8b3-dd89-47b6-ab28-38c84219067a,4,Constrained by Market,0,Does Not Provide This Service,0,Does Not Provide This Service
81721e66-d8c1-4550-be5a-a0f853b61293,5,Highly Constrained,0,Does Not Provide This Service,0,Does Not Provide This Service
81c5006f-a14a-4468-ab43-685bbfa972a4,2,Potentially Available,0,Does Not Provide This Service,0,Does Not Provide This Service
81d6e865-d95a-4b96-92fa-61160cd9e593,5,Highly Constrained,0,Does Not Provide This Service,0,Does Not Provide This Service
81fb8956-5280-4f57-9c68-b2c344aca1f4,5,Highly Constrained,0,Does Not Provide This Service,0,Does Not Provide This Service
82042d29-1830-4d6e-ba24-12d1f8146371,4,Constrained by Market,0,Does Not Provide This Service,0,Does Not Provide This Service
821b88c3-421f-4da8-9653-951bac097dcb,5,Highly Constrained,0,Does Not Provide This Service,0,Does Not Provide This Service
821bacd0-aecf-4b26-9802-512182d756cf,5,Highly Constrained,0,Does Not Provide This Service,0,Does Not Provide This Service
822241bd-9f61-4218-8fcb-e0e09bc30d99,4,Constrained by Market,0,Does Not Provide This Service,0,Does Not Provide This Service
825cf5b9-422e-49c7-86c5-872319d56bd4,4,Constrained by Market,0,Does Not Provide This Service,0,Does Not Provide This Service
8263f6a4-b3d8-4b63-b04f-a1acd0b170c8,4,Constrained by Market,0,Does Not Provide This Service,0,Does Not Provide This Service
827ebdc2-b3f8-4b6a-b4e4-d5d3622e8531,4,Constrained by Market,0,Does Not Provide This Service,0,Does Not Provide This Service
82970d86-6c10-476d-a0c9-0fed9d8b1a6d,5,Highly Constrained,0,Does Not Provide This Service,0,Does Not Provide This Service
82aba676-7c20-47a7-88ff-a9f3b624970f,5,Highly Constrained,0,Does Not Provide This Service,0,Does Not Provide This Service
82bb46c4-0989-48ac-957c-7c58b563898f,5,Highly Constrained,0,Does Not Provide This Service,0,Does Not Provide This Service
82dd0256-4c7f-471a-b100-57d8135f0ba4,4,Constrained by Market,0,Does Not Provide This Service,0,Does Not Provide This Service
82e82f36-8dc9-4f3c-81a8-91244f3e8c42,4,Constrained by Market,0,Does Not Provide This Service,0,Does Not Provide This Service
82ece147-8c4f-4a26-a32f-2bd43fd2b3f2,4,Constrained by Market,0,Does Not Provide This Service,0,Does Not Provide This Service
830658da-05ce-4794-952f-4598f4a99029,4,Constrained by Market,0,Does Not Provide This Service,0,Does Not Provide This Service
830a7ebc-9ad2-460e-a6c6-13c0e2c59d41,4,Constrained by Market,0,Does Not Provide This Service,0,Does Not Provide This Service
83365e0f-8a1c-4628-a723-53335b87ca1c,4,Constrained by Market,0,Does Not Provide This Service,0,Does Not Provide This Service
834cd150-22cd-4ce9-b6f6-1c3da553b012,5,Highly Constrained,0,Does Not Provide This Service,0,Does Not Provide This Service
83a315d3-6c6f-4885-acc7-4c4696e88a7a,5,Highly Constrained,0,Does Not Provide This Service,0,Does Not Provide This Service
83a9e4f4-69fd-4fc6-91c6-1808b5dcaf06,4,Constrained by Market,0,Does Not Provide This Service,0,Does Not Provide This Service
83a9f4aa-7995-4eff-bbd5-e749b7c479b2,4,Constrained by Market,0,Does Not Provide This Service,0,Does Not Provide This Service
83be01ad-352f-427c-b352-3bb6942e6539,4,Constrained by Market,0,Does Not Provide This Service,0,Does Not Provide This Service
83c20e4c-f4d9-4d7d-9560-a2cca1d613fe,0,Does Not Provide This Service,0,Does Not Provide This Service,3,Constrained by Size
83fc4c18-576e-4a65-bc38-767477bab5f3,4,Constrained by Market,0,Does Not Provide This Service,0,Does Not Provide This Service
8426299f-f362-4688-914f-e05efe1750df,4,Constrained by Market,0,Does Not Provide This Service,0,Does Not Provide This Service
8434f511-c388-4e0a-af37-f8eae15df690,4,Constrained by Market,0,Does Not Provide This Service,0,Does Not Provide This Service
84371624-7b31-4386-8427-b275ca9dec3a,0,Does Not Provide This Service,0,Does Not Provide This Service,5,Highly Constrained
843c8bf0-7c42-4274-8ec6-95431b84449c,4,Constrained by Market,0,Does Not Provide This Service,0,Does Not Provide This Service
8444f53f-cde9-482f-94b7-d8426a2a5372,4,Constrained by Market,0,Does Not Provide This Service,0,Does Not Provide This Service
846f4885-4049-4ab9-8ef8-9c319c6bcc34,5,Highly Constrained,0,Does Not Provide This Service,0,Does Not Provide This Service
8475534a-fdf0-4e20-b5a7-85a17f530a7f,4,Constrained by Market,0,Does Not Provide This Service,0,Does Not Provide This Service
847cbb5c-6f62-4164-a3f6-c8342709e7b7,4,Constrained by Market,0,Does Not Provide This Service,0,Does Not Provide This Service
8492e0cb-acd5-44f7-aa16-7d847459016c,4,Constrained by Market,0,Does Not Provide This Service,0,Does Not Provide This Service
84a41a04-4c39-47a6-8da5-17df94aa5988,5,Highly Constrained,0,Does Not Provide This Service,0,Does Not Provide This Service
84fad118-204a-4357-8605-e4954c03d6a4,4,Constrained by Market,0,Does Not Provide This Service,0,Does Not Provide This Service
851e3bfc-4d27-48f7-8f0a-07f000df86f0,5,Highly Constrained,0,Does Not Provide This Service,0,Does Not Provide This Service
855d4600-6255-433b-b19d-79e3e79b1346,5,Highly Constrained,0,Does Not Provide This Service,0,Does Not Provide This Service
856d8bef-9946-435c-a494-17ecdde96663,3,Constrained by Size,0,Does Not Provide This Service,0,Does Not Provide This Service
858769c8-ee48-4660-ac27-9d8913c5fa10,5,Highly Constrained,0,Does Not Provide This Service,0,Does Not Provide This Service
8593a04b-9ddf-4021-aab3-405a5701894b,5,Highly Constrained,0,Does Not Provide This Service,0,Does Not Provide This Service
8599f1a8-f2e0-462a-8ced-36998623830d,3,Constrained by Size,1,Likely Available,0,Does Not Provide This Service
85ab98bb-3f97-4051-b24b-53a639acef67,0,Does Not Provide This Service,0,Does Not Provide This Service,1,Likely Available
85b1518f-f4da-4dcd-9a7f-a9534a03ab28,4,Constrained by Market,0,Does Not Provide This Service,0,Does Not Provide This Service
85ca016a-7362-4727-b300-ba98a2e2c0d9,4,Constrained by Market,0,Does Not Provide This Service,0,Does Not Provide This Service
85cd31e7-f031-4933-9179-d7e0830bcd98,5,Highly Constrained,0,Does Not Provide This Service,0,Does Not Provide This Service
85cf3588-1cfd-463b-9627-2e39275045e6,5,Highly Constrained,0,Does Not Provide This Service,0,Does Not Provide This Service
86456059-281a-4dde-ae4e-bbb2cab90ab6,0,Does Not Provide This Service,0,Does Not Provide This Service,2,Potentially Available
8689923b-7b45-455e-945c-6201747b4d18,2,Potentially Available,0,Does Not Provide This Service,0,Does Not Provide This Service
86f163e9-6aa8-4283-9f7e-83d0793e98f5,4,Constrained by Market,0,Does Not Provide This Service,0,Does Not Provide This Service
87244a29-6ab6-4f6f-89bc-f15f66fcf595,0,Does Not Provide This Service,0,Does Not Provide This Service,1,Likely Available
872e9d60-ca9d-481b-96de-50f9e54b39f5,2,Potentially Available,0,Does Not Provide This Service,0,Does Not Provide This Service
87375abb-9aa8-40dc-9abd-8398e7b58a4c,4,Constrained by Market,0,Does Not Provide This Service,0,Does Not Provide This Service
87535b7c-acb0-49fa-9add-b52f8b1da44d,0,Does Not Provide This Service,0,Does Not Provide This Service,4,Constrained by Market
87641349-4a16-4f60-8304-3fb529f5a8cb,5,Highly Constrained,0,Does Not Provide This Service,0,Does Not Provide This Service
87a57de2-09b6-498b-a9a5-a691e737dccb,4,Constrained by Market,0,Does Not Provide This Service,0,Does Not Provide This Service
87bf0982-0356-48ba-92e1-70f24eb2530f,4,Constrained by Market,0,Does Not Provide This Service,0,Does Not Provide This Service
87d11ed4-bc50-415d-909b-5ba61b985cac,4,Constrained by Market,0,Does Not Provide This Service,0,Does Not Provide This Service
87f443e9-101e-4ae9-affe-e835984b3678,4,Constrained by Market,0,Does Not Provide This Service,0,Does Not Provide This Service
88123a7a-952a-43f6-87e4-e7cc1aa40341,4,Constrained by Market,0,Does Not Provide This Service,0,Does Not Provide This Service
8821c301-e796-4815-b845-f708a467a29a,4,Constrained by Market,0,Does Not Provide This Service,0,Does Not Provide This Service
882a1098-8dff-4bec-beae-9766559dde51,0,Does Not Provide This Service,0,Does Not Provide This Service,1,Likely Available
885dce9c-dc7e-49f0-9368-63a6f99f6b38,4,Constrained by Market,0,Does Not Provide This Service,0,Does Not Provide This Service
88605d52-e472-48ed-bda7-e1f6b89b6fc9,5,Highly Constrained,0,Does Not Provide This Service,0,Does Not Provide This Service
8864039a-aac3-4175-8b2e-f84591939a9e,4,Constrained by Market,0,Does Not Provide This Service,0,Does Not Provide This Service
8873fd93-8e22-41a9-9bda-0c6eed8ba915,4,Constrained by Market,0,Does Not Provide This Service,0,Does Not Provide This Service
889d7ee6-e3f7-4d92-b6aa-36942c53b7fe,4,Constrained by Market,0,Does Not Provide This Service,0,Does Not Provide This Service
88b1e1cd-8a0c-48c7-b842-96f554dec5bc,4,Constrained by Market,0,Does Not Provide This Service,0,Does Not Provide This Service
88c1f7a5-b233-4691-b734-cf510ed3061f,4,Constrained by Market,0,Does Not Provide This Service,0,Does Not Provide This Service
88c4f338-96d6-46c3-99ca-6cd38341b71e,3,Constrained by Size,1,Likely Available,0,Does Not Provide This Service
88cb09e0-cfac-4dc5-ae5e-3093f1d6c7b0,3,Constrained by Size,0,Does Not Provide This Service,0,Does Not Provide This Service
88d7d878-6e8f-4b7d-9030-0923631e2279,4,Constrained by Market,0,Does Not Provide This Service,0,Does Not Provide This Service
8926d5ec-a1eb-4d04-98d4-50db1f08ff7e,5,Highly Constrained,0,Does Not Provide This Service,0,Does Not Provide This Service
894ec123-4972-41a5-a116-dc165c1db8ab,4,Constrained by Market,0,Does Not Provide This Service,0,Does Not Provide This Service
895fc0dc-eecc-4d2d-a425-dbec5e2e3137,0,Does Not Provide This Service,0,Does Not Provide This Service,4,Constrained by Market
8960523d-4057-477d-99ac-27908bb6a9cc,3,Constrained by Size,0,Does Not Provide This Service,0,Does Not Provide This Service
8978c97e-c120-4887-a117-e9da43645fd8,4,Constrained by Market,0,Does Not Provide This Service,0,Does Not Provide This Service
89b33cd0-683b-494c-b440-e2cf885cb9e5,1,Likely Available,0,Does Not Provide This Service,0,Does Not Provide This Service
89e7fa97-f83d-4d31-945e-d38c733ed7b2,4,Constrained by Market,0,Does Not Provide This Service,0,Does Not Provide This Service
8a19764e-6bc7-4f2b-8ddf-649f41c201ae,0,Does Not Provide This Service,0,Does Not Provide This Service,1,Likely Available
8a43dc96-4dd2-4290-b15f-e988ce201a45,1,Likely Available,1,Likely Available,0,Does Not Provide This Service
8a446d51-0e30-4d69-94b7-d5a11ec9b6f9,4,Constrained by Market,0,Does Not Provide This Service,0,Does Not Provide This Service
8a46fcc8-e0df-4a7a-9827-10ec4ef80b24,4,Constrained by Market,0,Does Not Provide This Service,0,Does Not Provide This Service
8a7d0bfa-8986-4ba3-943e-0f1ac718a604,4,Constrained by Market,0,Does Not Provide This Service,0,Does Not Provide This Service
8a81c3d6-31de-45e6-9391-f87e9b1e0a51,4,Constrained by Market,0,Does Not Provide This Service,0,Does Not Provide This Service
8a82e2a9-9a96-4f33-9b0f-10bfac9880c6,0,Does Not Provide This Service,0,Does Not Provide This Service,1,Likely Available
8a933561-d4bb-48e1-ad24-cff9ecc98ab0,4,Constrained by Market,0,Does Not Provide This Service,0,Does Not Provide This Service
8ab02c3b-b285-4b63-a0a3-93d6b77f6b59,5,Highly Constrained,0,Does Not Provide This Service,0,Does Not Provide This Service
8ab190e4-5706-46ce-977b-4e9787ca6a3b,3,Constrained by Size,0,Does Not Provide This Service,0,Does Not Provide This Service
8ab8058c-a743-4db5-bc63-6c71152d03f9,5,Highly Constrained,0,Does Not Provide This Service,0,Does Not Provide This Service
8ad11012-0418-4eea-ac3f-952c7373345a,0,Does Not Provide This Service,0,Does Not Provide This Service,2,Potentially Available
8af57f14-6b20-4a4f-8938-534986c9df08,4,Constrained by Market,0,Does Not Provide This Service,0,Does Not Provide This Service
8b416679-7b5d-4770-953b-96ca2cd722db,5,Highly Constrained,0,Does Not Provide This Service,0,Does Not Provide This Service
8b6a2b80-fec0-4cf5-b6af-02582fe07272,5,Highly Constrained,0,Does Not Provide This Service,0,Does Not Provide This Service
8b9191b2-816a-4e2a-bd8a-905d0d77c8ed,4,Constrained by Market,0,Does Not Provide This Service,0,Does Not Provide This Service
8ba652fa-cf56-4e12-a747-e63c53ab896d,5,Highly Constrained,0,Does Not Provide This Service,0,Does Not Provide This Service
8bad712f-eab8-431b-b411-e660a7926188,5,Highly Constrained,0,Does Not Provide This Service,0,Does Not Provide This Service
8bed63d2-6d25-4f8b-872b-a7be81857ad3,4,Constrained by Market,0,Does Not Provide This Service,0,Does Not Provide This Service
8bf011c1-ed77-4565-8bc6-d95eb565b5fa,5,Highly Constrained,0,Does Not Provide This Service,0,Does Not Provide This Service
8bf3cb04-5e23-42f5-bdd3-21494f1b3713,3,Constrained by Size,0,Does Not Provide This Service,0,Does Not Provide This Service
8bfe7fac-a52d-44af-a75a-c5354e4413ed,5,Highly Constrained,0,Does Not Provide This Service,0,Does Not Provide This Service
8c00c306-63d9-4390-80b5-5258f45ee56c,4,Constrained by Market,0,Does Not Provide This Service,0,Does Not Provide This Service
8c1a925f-9754-4184-9cf6-9fee8c622664,4,Constrained by Market,0,Does Not Provide This Service,0,Does Not Provide This Service
8c1ea6a8-b2a0-4eae-b0a2-473351dfde86,5,Highly Constrained,0,Does Not Provide This Service,0,Does Not Provide This Service
8c411c4c-cc68-4e53-ac2d-336aac6db609,4,Constrained by Market,0,Does Not Provide This Service,0,Does Not Provide This Service
8c48c32c-f646-4b25-ae90-c12399935f9a,0,Does Not Provide This Service,0,Does Not Provide This Service,1,Likely Available
8c553b0e-88a7-414e-bd37-62bc970b1f28,2,Potentially Available,0,Does Not Provide This Service,0,Does Not Provide This Service
8c864534-e136-4b8c-af49-3939d3542ae8,4,Constrained by Market,0,Does Not Provide This Service,0,Does Not Provide This Service
8c9a474b-ce44-4861-934d-f5d92feea536,2,Potentially Available,0,Does Not Provide This Service,0,Does Not Provide This Service
8ca43547-8532-444b-b294-7a6eb3d3e54b,5,Highly Constrained,0,Does Not Provide This Service,0,Does Not Provide This Service
8cbf510b-bd0e-4da7-8555-55700c123d9f,3,Constrained by Size,0,Does Not Provide This Service,0,Does Not Provide This Service
8cc1c2e5-8a66-42da-a7d0-4b3c15dea5d7,5,Highly Constrained,0,Does Not Provide This Service,0,Does Not Provide This Service
8cedef48-62b8-44e3-9b96-80aeba06a3b0,5,Highly Constrained,0,Does Not Provide This Service,0,Does Not Provide This Service
8cef3fb0-6765-4fb6-86e0-f58bd0e64aaa,3,Constrained by Size,1,Likely Available,0,Does Not Provide This Service
8d2caa06-9abe-4d03-bbc2-5caaa232f27e,5,Highly Constrained,0,Does Not Provide This Service,0,Does Not Provide This Service
8d4810c0-0e97-42eb-9578-5cf6cdce1b62,4,Constrained by Market,0,Does Not Provide This Service,0,Does Not Provide This Service
8d48c7d4-9c60-43e6-8602-7174e662a79f,4,Constrained by Market,0,Does Not Provide This Service,0,Does Not Provide This Service
8d551710-e95e-418f-9d74-2f9311bafb41,5,Highly Constrained,0,Does Not Provide This Service,0,Does Not Provide This Service
8d5efdd3-6842-4082-aca5-f7e8b3bf9d40,4,Constrained by Market,0,Does Not Provide This Service,0,Does Not Provide This Service
8d6d15f5-5ecd-4a7d-96a7-275c0c9f6122,4,Constrained by Market,0,Does Not Provide This Service,0,Does Not Provide This Service
8d86016c-8702-4634-adf3-d8a5bf97dbb9,4,Constrained by Market,0,Does Not Provide This Service,0,Does Not Provide This Service
8daed008-cee7-4a3e-935a-937a728ec4b8,4,Constrained by Market,0,Does Not Provide This Service,0,Does Not Provide This Service
8dbe10ce-e233-4c62-8d02-ef573401fc4b,5,Highly Constrained,0,Does Not Provide This Service,0,Does Not Provide This Service
8dcbbcad-b8ee-4b04-817c-3d988cd9b728,5,Highly Constrained,0,Does Not Provide This Service,0,Does Not Provide This Service
8df51868-f7a7-43ee-b15f-81c79ee43ee3,3,Constrained by Size,5,Highly Constrained,0,Does Not Provide This Service
8e00f16e-93ac-42d2-92fe-9fd51939bcbf,5,Highly Constrained,0,Does Not Provide This Service,0,Does Not Provide This Service
8e0451cc-a90f-406e-b167-f6d9e1434d58,4,Constrained by Market,0,Does Not Provide This Service,0,Does Not Provide This Service
8e37df1b-d301-4c83-b1a9-89947ca11bc4,5,Highly Constrained,0,Does Not Provide This Service,0,Does Not Provide This Service
8e429e1b-35fc-4108-a16c-0e00d6397c49,4,Constrained by Market,0,Does Not Provide This Service,0,Does Not Provide This Service
8e43cd25-a2ba-4d39-bde4-cec1f04269df,4,Constrained by Market,0,Does Not Provide This Service,0,Does Not Provide This Service
8e7fbf16-e8a3-477f-a038-240ac39b23b4,4,Constrained by Market,0,Does Not Provide This Service,0,Does Not Provide This Service
8ecd9332-1929-4ad6-b686-f0f17a2446ee,4,Constrained by Market,0,Does Not Provide This Service,0,Does Not Provide This Service
8ee38718-19ec-406a-9c09-fb1570a18be9,4,Constrained by Market,0,Does Not Provide This Service,0,Does Not Provide This Service
8eea6b9a-5b59-4a24-9afa-6a2cd73e4a59,5,Highly Constrained,0,Does Not Provide This Service,0,Does Not Provide This Service
8f02dae8-4702-409f-8562-7154f581a674,5,Highly Constrained,0,Does Not Provide This Service,0,Does Not Provide This Service
8f0c8c79-c98b-4f5a-b66a-c595175449de,4,Constrained by Market,0,Does Not Provide This Service,0,Does Not Provide This Service
8f1377c3-ffc5-4958-85c2-a0cd7dd42ea2,4,Constrained by Market,0,Does Not Provide This Service,0,Does Not Provide This Service
8f1bb179-320e-4258-8a08-11cdf513bf8d,5,Highly Constrained,0,Does Not Provide This Service,0,Does Not Provide This Service
8f2357ff-e666-487b-9755-810514117d32,4,Constrained by Market,0,Does Not Provide This Service,0,Does Not Provide This Service
8f2d3c70-ecf2-4738-a19c-fa1097cc94e0,2,Potentially Available,0,Does Not Provide This Service,0,Does Not Provide This Service
8f3e6219-783b-4918-9d36-170f055f13d0,4,Constrained by Market,0,Does Not Provide This Service,0,Does Not Provide This Service
8f3fe29c-b5e4-4df0-91b4-30c125021dc0,4,Constrained by Market,0,Does Not Provide This Service,0,Does Not Provide This Service
8f5fbf3e-0362-49d1-9694-3fc8413c59e4,5,Highly Constrained,0,Does Not Provide This Service,0,Does Not Provide This Service
8f6c79a2-82e9-4072-8bce-e33abb614772,3,Constrained by Size,0,Does Not Provide This Service,0,Does Not Provide This Service
8f76b173-3d19-4d97-9522-3103665119a3,4,Constrained by Market,0,Does Not Provide This Service,0,Does Not Provide This Service
8f7f5566-50f2-45b8-853a-fdbd131348be,4,Constrained by Market,0,Does Not Provide This Service,0,Does Not Provide This Service
8f967cd3-68cc-46ce-b325-ed72d738d337,4,Constrained by Market,0,Does Not Provide This Service,0,Does Not Provide This Service
8f9f6d4c-5e83-49c2-86c7-a968b0400150,4,Constrained by Market,0,Does Not Provide This Service,0,Does Not Provide This Service
8fc17733-cfdb-4105-9197-bd77cb84e405,4,Constrained by Market,0,Does Not Provide This Service,0,Does Not Provide This Service
8fd754b6-5510-4543-b649-c32f0a32fc12,4,Constrained by Market,0,Does Not Provide This Service,0,Does Not Provide This Service
8fec05c1-466a-42a7-b129-38aa0aa4b287,5,Highly Constrained,0,Does Not Provide This Service,0,Does Not Provide This Service
8ff83b3e-99d2-4771-973a-997b849e499a,5,Highly Constrained,0,Does Not Provide This Service,0,Does Not Provide This Service
90092b1f-eb58-4db3-b9f8-ffc67311d8a5,4,Constrained by Market,0,Does Not Provide This Service,0,Does Not Provide This Service
902845dd-6c8b-4567-82e2-f2454e42c6d0,4,Constrained by Market,0,Does Not Provide This Service,0,Does Not Provide This Service
9031943c-50b7-44fd-9f32-9d0cbaf5e4cf,4,Constrained by Market,0,Does Not Provide This Service,0,Does Not Provide This Service
903b9da2-2784-4757-abec-cb8af2baf0fc,4,Constrained by Market,0,Does Not Provide This Service,0,Does Not Provide This Service
907f3844-aa7f-4eaa-8864-197c818938c9,0,Does Not Provide This Service,0,Does Not Provide This Service,1,Likely Available
9084801c-3ae4-49f9-a6e2-368e6ba5beab,1,Likely Available,1,Likely Available,0,Does Not Provide This Service
9089427f-8309-4bff-b370-95f4902bfb26,4,Constrained by Market,0,Does Not Provide This Service,0,Does Not Provide This Service
9099235c-c062-4e74-8175-94ee72b66470,4,Constrained by Market,0,Does Not Provide This Service,0,Does Not Provide This Service
90cf74cb-b4bd-4bc3-94fd-e8866b366844,4,Constrained by Market,0,Does Not Provide This Service,0,Does Not Provide This Service
90e0045c-fd7b-4543-93de-728b707b8074,3,Constrained by Size,0,Does Not Provide This Service,0,Does Not Provide This Service
90ed165e-7dd1-4a5c-ab79-d96e59b89056,4,Constrained by Market,0,Does Not Provide This Service,0,Does Not Provide This Service
90f8f1cf-d50b-4387-a848-c0323ebb3f99,5,Highly Constrained,0,Does Not Provide This Service,0,Does Not Provide This Service
90fc32b1-7ce1-4466-b5a4-00ad0abc30d3,2,Potentially Available,0,Does Not Provide This Service,0,Does Not Provide This Service
9101e065-6650-421f-a738-630857f6b8ef,2,Potentially Available,0,Does Not Provide This Service,0,Does Not Provide This Service
910bf4a8-783f-41d7-b6da-10fb67247ff4,4,Constrained by Market,0,Does Not Provide This Service,0,Does Not Provide This Service
911a7ec0-cde1-402e-960e-0d57e977a039,4,Constrained by Market,0,Does Not Provide This Service,0,Does Not Provide This Service
911cd57e-4c44-4cd6-bb02-f132355263c8,4,Constrained by Market,0,Does Not Provide This Service,0,Does Not Provide This Service
911efcaf-1035-4e78-afc9-64e9bc4d1712,5,Highly Constrained,0,Does Not Provide This Service,0,Does Not Provide This Service
9146a0a5-2610-44cc-8d89-ecfef6190912,5,Highly Constrained,0,Does Not Provide This Service,0,Does Not Provide This Service
9154fc5a-36ea-4efc-9933-6d9c89d6ca63,5,Highly Constrained,0,Does Not Provide This Service,0,Does Not Provide This Service
915ea8a0-d861-4149-ab36-026c64557f68,0,Does Not Provide This Service,0,Does Not Provide This Service,3,Constrained by Size
919008db-8f5e-44d6-ba01-ead273838a55,3,Constrained by Size,5,Highly Constrained,0,Does Not Provide This Service
91b4a171-682e-465f-8519-4f63e9679e51,3,Constrained by Size,0,Does Not Provide This Service,0,Does Not Provide This Service
91bb5ace-abd8-402e-a1a9-1a3827f34c14,4,Constrained by Market,0,Does Not Provide This Service,0,Does Not Provide This Service
91d22a0c-8385-49b3-8a70-e64c5294dbc8,4,Constrained by Market,0,Does Not Provide This Service,0,Does Not Provide This Service
91e53f37-ed44-47ff-9a93-bbfb94b272fa,5,Highly Constrained,0,Does Not Provide This Service,0,Does Not Provide This Service
91ee4a3d-29d6-4e28-8040-5e3d2426df9e,5,Highly Constrained,0,Does Not Provide This Service,0,Does Not Provide This Service
91f854c7-0816-4c4d-a874-cc4e7879e54b,4,Constrained by Market,0,Does Not Provide This Service,0,Does Not Provide This Service
92125518-d7e7-4d39-8a63-31163ac1f905,4,Constrained by Market,0,Does Not Provide This Service,0,Does Not Provide This Service
92146ff1-8610-4648-8ed3-fd78a500e82e,0,Does Not Provide This Service,0,Does Not Provide This Service,3,Constrained by Size
922c0b18-9c0f-4285-a2dc-298722f8f46e,0,Does Not Provide This Service,0,Does Not Provide This Service,4,Constrained by Market
9237c1de-e4f1-40e6-85f3-b1b61d662da0,4,Constrained by Market,0,Does Not Provide This Service,0,Does Not Provide This Service
9249afdb-c7e3-4787-9442-0cf3106d90df,4,Constrained by Market,0,Does Not Provide This Service,0,Does Not Provide This Service
927e1531-34cd-44bb-8e01-771f719c65d4,5,Highly Constrained,0,Does Not Provide This Service,0,Does Not Provide This Service
929a4f8b-7ac4-4754-a83a-50fdc9e51414,5,Highly Constrained,0,Does Not Provide This Service,0,Does Not Provide This Service
92f5e7d7-7384-4098-b4d5-ecbcfa9afb9d,5,Highly Constrained,0,Does Not Provide This Service,0,Does Not Provide This Service
93055511-a0a4-408d-a3f1-61ab359888d5,4,Constrained by Market,0,Does Not Provide This Service,0,Does Not Provide This Service
93159ffe-2c06-4e76-b034-02bb3c17819a,4,Constrained by Market,0,Does Not Provide This Service,0,Does Not Provide This Service
93414d69-679e-49d4-bc91-7bc2ca946648,5,Highly Constrained,0,Does Not Provide This Service,0,Does Not Provide This Service
939f445e-b722-4435-bbcd-917ebd28eeee,4,Constrained by Market,0,Does Not Provide This Service,0,Does Not Provide This Service
93a62951-c2a3-47a8-824f-ae0dca8db089,5,Highly Constrained,0,Does Not Provide This Service,0,Does Not Provide This Service
93b9e889-bfc5-444f-b25f-5755e94b1396,4,Constrained by Market,0,Does Not Provide This Service,0,Does Not Provide This Service
93c417af-bc8d-49ec-8d80-691f6775a1ba,5,Highly Constrained,0,Does Not Provide This Service,0,Does Not Provide This Service
93e81da9-9dbe-41e5-976e-e53938e43382,4,Constrained by Market,0,Does Not Provide This Service,0,Does Not Provide This Service
940b3424-0230-4f17-b789-da74f46338a2,3,Constrained by Size,0,Does Not Provide This Service,0,Does Not Provide This Service
941e16ad-8f18-4d4b-ae40-4499b20cd434,2,Potentially Available,0,Does Not Provide This Service,0,Does Not Provide This Service
9429301d-f93f-4d0c-bd44-15f2b361e8ba,4,Constrained by Market,0,Does Not Provide This Service,0,Does Not Provide This Service
944c2af7-c820-41f0-bd62-98140cb58811,5,Highly Constrained,0,Does Not Provide This Service,0,Does Not Provide This Service
946998b9-9bd5-4847-88d8-2ba7d098e2ae,3,Constrained by Size,0,Does Not Provide This Service,0,Does Not Provide This Service
9470548a-50c6-4a7a-bf9c-8a47af6de807,2,Potentially Available,0,Does Not Provide This Service,0,Does Not Provide This Service
9479ae89-b99e-4fdc-ac7d-e87d9232f609,4,Constrained by Market,0,Does Not Provide This Service,0,Does Not Provide This Service
947eb337-12b3-482b-8fee-41a19348d947,5,Highly Constrained,0,Does Not Provide This Service,0,Does Not Provide This Service
9487ec28-19cc-444b-8449-d4d8f3aaf535,4,Constrained by Market,0,Does Not Provide This Service,0,Does Not Provide This Service
94b802f2-54f1-4732-9240-90b8f4bd9893,4,Constrained by Market,0,Does Not Provide This Service,0,Does Not Provide This Service
94bb4b65-f9da-441d-a15d-89fc40f3cab7,5,Highly Constrained,0,Does Not Provide This Service,0,Does Not Provide This Service
94f1b8fa-43e3-4560-bd88-b257bd10cedf,4,Constrained by Market,0,Does Not Provide This Service,0,Does Not Provide This Service
9504425d-379d-4039-acf7-093d0bda0790,4,Constrained by Market,0,Does Not Provide This Service,0,Does Not Provide This Service
951b4161-e6d0-423b-be36-41bc58d97a65,5,Highly Constrained,0,Does Not Provide This Service,0,Does Not Provide This Service
952405a9-2458-4cc6-b1ca-e9e4a4295bfc,4,Constrained by Market,0,Does Not Provide This Service,0,Does Not Provide This Service
952f13d9-233f-44f2-ace3-1cbffa67dce6,5,Highly Constrained,0,Does Not Provide This Service,0,Does Not Provide This Service
953b798a-09b4-47d2-b6e4-67e24d87fec1,3,Constrained by Size,0,Does Not Provide This Service,0,Does Not Provide This Service
954f7f5d-ec7e-4e09-970a-75a430b7bc78,5,Highly Constrained,0,Does Not Provide This Service,0,Does Not Provide This Service
9566c2ab-a303-47be-b977-aeb019dcae30,4,Constrained by Market,0,Does Not Provide This Service,0,Does Not Provide This Service
957e1503-ff6e-4d0d-84be-73643b00a367,2,Potentially Available,0,Does Not Provide This Service,0,Does Not Provide This Service
95a76c72-640e-468f-8fb6-dea469dc0b74,0,Does Not Provide This Service,0,Does Not Provide This Service,1,Likely Available
95d38da0-7faa-4c62-bc53-372f7562a0ca,5,Highly Constrained,0,Does Not Provide This Service,0,Does Not Provide This Service
95f24c04-1bc7-437f-a9c6-26e75ff32432,2,Potentially Available,0,Does Not Provide This Service,0,Does Not Provide This Service
95f6e00a-d4e3-40ab-8390-4deb390fa495,4,Constrained by Market,0,Does Not Provide This Service,0,Does Not Provide This Service
95fa14ec-91a9-4038-90e2-a2c16648e35c,5,Highly Constrained,0,Does Not Provide This Service,0,Does Not Provide This Service
96070b33-54fc-467c-a16a-6551e75ca8ea,4,Constrained by Market,0,Does Not Provide This Service,0,Does Not Provide This Service
960c48a0-e37a-4d53-8f0d-f904d869d43d,4,Constrained by Market,0,Does Not Provide This Service,0,Does Not Provide This Service
9651f9e1-de9e-45d7-84fc-a0da5b365a0f,5,Highly Constrained,0,Does Not Provide This Service,0,Does Not Provide This Service
9664df0f-e094-4e6d-b107-18b07bad049e,2,Potentially Available,0,Does Not Provide This Service,0,Does Not Provide This Service
966e7034-0996-4d32-829b-8b24ab438741,4,Constrained by Market,0,Does Not Provide This Service,0,Does Not Provide This Service
969a8931-5bab-47ba-b272-49c782bf893f,5,Highly Constrained,0,Does Not Provide This Service,0,Does Not Provide This Service
96acd3fd-c175-4455-a1e6-666707f80f3d,4,Constrained by Market,0,Does Not Provide This Service,0,Does Not Provide This Service
96bbfa4d-09d2-44fb-86d8-98ace123b8b3,4,Constrained by Market,0,Does Not Provide This Service,0,Does Not Provide This Service
96c70a3a-253f-496b-98c4-99fc70ad2b54,5,Highly Constrained,0,Does Not Provide This Service,0,Does Not Provide This Service
96c9a682-bd22-40d5-bf45-01f9def7ba13,5,Highly Constrained,0,Does Not Provide This Service,0,Does Not Provide This Service
96d2fb84-afc7-4a96-8951-9bd60a50baa3,4,Constrained by Market,0,Does Not Provide This Service,0,Does Not Provide This Service
96d8353d-4f1a-4e6f-9a18-f9766554a713,5,Highly Constrained,0,Does Not Provide This Service,0,Does Not Provide This Service
96f7e34c-6048-4a4a-9ed7-060f785931a5,4,Constrained by Market,0,Does Not Provide This Service,0,Does Not Provide This Service
97033287-4832-4e20-ad32-e42cb738fdd4,5,Highly Constrained,0,Does Not Provide This Service,0,Does Not Provide This Service
972b366f-cb4c-4383-92cb-5fd84b924e02,4,Constrained by Market,0,Does Not Provide This Service,0,Does Not Provide This Service
9755c9c3-f5b8-487d-a957-69add4606d17,4,Constrained by Market,0,Does Not Provide This Service,0,Does Not Provide This Service
97620d20-ef88-42d7-8251-0eeb926487d2,4,Constrained by Market,0,Does Not Provide This Service,0,Does Not Provide This Service
9778171d-17b9-4ffd-b962-d30052850851,4,Constrained by Market,0,Does Not Provide This Service,0,Does Not Provide This Service
978c4693-0a78-47d7-b79e-a083af7c6c40,5,Highly Constrained,0,Does Not Provide This Service,0,Does Not Provide This Service
97b7ed3d-c8f3-4648-abb6-6f36bce6cbda,2,Potentially Available,0,Does Not Provide This Service,0,Does Not Provide This Service
97c31cde-5c7c-48c6-984b-be20f7074ac2,4,Constrained by Market,0,Does Not Provide This Service,0,Does Not Provide This Service
97c71ebb-e973-407a-9254-cff7543cb278,3,Constrained by Size,0,Does Not Provide This Service,0,Does Not Provide This Service
97dc17b2-6947-44af-beb5-4b17f8855740,4,Constrained by Market,0,Does Not Provide This Service,0,Does Not Provide This Service
98305f4e-ac85-4278-a36d-637427a6f54f,5,Highly Constrained,0,Does Not Provide This Service,0,Does Not Provide This Service
98530d43-daf8-4bd5-bc3a-c4b2dcbae4eb,5,Highly Constrained,0,Does Not Provide This Service,0,Does Not Provide This Service
986de93f-2a8b-4ff7-b1e8-fbb3c814d402,5,Highly Constrained,0,Does Not Provide This Service,0,Does Not Provide This Service
987cbc66-3158-4522-b56d-c97aa41707ed,2,Potentially Available,0,Does Not Provide This Service,0,Does Not Provide This Service
98b4c1d7-f63f-4d58-a0dd-b7b17d1a92d8,2,Potentially Available,0,Does Not Provide This Service,0,Does Not Provide This Service
98c99164-47ee-4e10-b866-bb4d3a27687d,4,Constrained by Market,0,Does Not Provide This Service,0,Does Not Provide This Service
98db16ce-2dc1-44ec-9b9b-fb985951cffb,5,Highly Constrained,0,Does Not Provide This Service,0,Does Not Provide This Service
98e3c065-99af-4eb7-aaf9-9e1d034e8da7,4,Constrained by Market,0,Does Not Provide This Service,0,Does Not Provide This Service
98e619fc-430c-4046-b7c9-7a1ca80c9c7b,4,Constrained by Market,0,Does Not Provide This Service,0,Does Not Provide This Service
98ebfbff-d557-4b9c-b255-a6219f634357,3,Constrained by Size,0,Does Not Provide This Service,0,Does Not Provide This Service
98ee72ed-fa69-4753-b46c-5879025a6582,4,Constrained by Market,0,Does Not Provide This Service,0,Does Not Provide This Service
98f02373-71bf-41b4-bbfc-2827d9ffe749,1,Likely Available,0,Does Not Provide This Service,0,Does Not Provide This Service
98f11a85-b28e-48ce-9682-8c36943f1eda,5,Highly Constrained,0,Does Not Provide This Service,0,Does Not Provide This Service
98f802a4-4f1e-4678-8123-36ed4205017f,5,Highly Constrained,0,Does Not Provide This Service,0,Does Not Provide This Service
9904608c-a80f-452d-bed0-bb78e103fad5,4,Constrained by Market,0,Does Not Provide This Service,0,Does Not Provide This Service
993dbb16-07cc-40bc-b7dc-3b40a35b5e91,3,Constrained by Size,0,Does Not Provide This Service,0,Does Not Provide This Service
995b626a-5b93-40b0-bbcf-ed6327d541c6,3,Constrained by Size,1,Likely Available,0,Does Not Provide This Service
9984873f-1d81-4797-9b7d-96ece6b4a1f5,0,Does Not Provide This Service,1,Likely Available,0,Does Not Provide This Service
99949fef-fb63-40b2-b790-c5a8e80a2c99,4,Constrained by Market,0,Does Not Provide This Service,0,Does Not Provide This Service
99e09ab1-1b6d-4c67-8528-fbfc8c648c3d,4,Constrained by Market,0,Does Not Provide This Service,0,Does Not Provide This Service
99e3bdbc-67fc-4cf4-8c29-f6efbabb3680,3,Constrained by Size,0,Does Not Provide This Service,0,Does Not Provide This Service
9a16fff2-16b5-4865-8f45-b7ef117e5956,5,Highly Constrained,0,Does Not Provide This Service,0,Does Not Provide This Service
9a670b3b-0a22-42dc-9596-3b0d506a5aac,4,Constrained by Market,0,Does Not Provide This Service,0,Does Not Provide This Service
9a8a3068-b687-499d-afec-3e5f0b0de213,4,Constrained by Market,0,Does Not Provide This Service,0,Does Not Provide This Service
9aa8cc41-f91a-4b86-bebe-b00a15538e7f,4,Constrained by Market,0,Does Not Provide This Service,0,Does Not Provide This Service
9ab2e773-b49e-48fc-ac41-953ba84c8dfc,4,Constrained by Market,0,Does Not Provide This Service,0,Does Not Provide This Service
9ac59d4c-753a-41c9-94a0-20ffcd034e17,2,Potentially Available,0,Does Not Provide This Service,0,Does Not Provide This Service
9acff8c9-c184-43d6-ae55-6d62e49c68b7,4,Constrained by Market,0,Does Not Provide This Service,0,Does Not Provide This Service
9ad0ad1e-78ba-4374-a215-0448e14de689,5,Highly Constrained,0,Does Not Provide This Service,0,Does Not Provide This Service
9ad1c8a8-414b-4ce2-b130-e8a4ea045faa,5,Highly Constrained,0,Does Not Provide This Service,0,Does Not Provide This Service
9addb446-3f18-48d3-9240-73cfcabd41fb,5,Highly Constrained,0,Does Not Provide This Service,0,Does Not Provide This Service
9adfcfbb-c444-4390-b585-4f5687420b9e,5,Highly Constrained,0,Does Not Provide This Service,0,Does Not Provide This Service
9aed2bbc-2f26-47c1-ab98-4ab7c8e15483,2,Potentially Available,0,Does Not Provide This Service,0,Does Not Provide This Service
9b0e4723-5d52-4da7-a0c5-7d52cfe9d178,4,Constrained by Market,0,Does Not Provide This Service,0,Does Not Provide This Service
9b109bbc-3aaf-4fc2-8c20-c2c048ad3144,5,Highly Constrained,0,Does Not Provide This Service,0,Does Not Provide This Service
9b8113f9-f3ba-4d06-8f31-82fd18b6df12,5,Highly Constrained,0,Does Not Provide This Service,0,Does Not Provide This Service
9b944f9e-8272-4fff-a215-8086cd47769b,3,Constrained by Size,0,Does Not Provide This Service,0,Does Not Provide This Service
9b9d29c9-3802-41db-9402-44cbdc59b813,4,Constrained by Market,0,Does Not Provide This Service,0,Does Not Provide This Service
9bf81487-8e9d-42ca-8777-402e51d35b67,4,Constrained by Market,0,Does Not Provide This Service,0,Does Not Provide This Service
9c06284b-daed-4a5d-9b33-9b1152323aa7,2,Potentially Available,0,Does Not Provide This Service,0,Does Not Provide This Service
9c10de04-11ee-487b-955a-48e06b0ab2ca,4,Constrained by Market,0,Does Not Provide This Service,0,Does Not Provide This Service
9c18d9f0-04bb-431d-9165-69cb261916c9,4,Constrained by Market,0,Does Not Provide This Service,0,Does Not Provide This Service
9c5d9dcd-1bf1-4e4e-91a0-7d4aad13a60a,3,Constrained by Size,5,Highly Constrained,0,Does Not Provide This Service
9c6d7ecd-55f4-4970-91b6-8bb6ce2abe25,4,Constrained by Market,0,Does Not Provide This Service,0,Does Not Provide This Service
9c71ad0a-f946-4313-ab8b-86734810e435,0,Does Not Provide This Service,0,Does Not Provide This Service,3,Constrained by Size
9cc01186-064b-4b8c-a900-7e3cf97b3076,5,Highly Constrained,0,Does Not Provide This Service,0,Does Not Provide This Service
9cc7c063-91aa-4587-add4-ea25eb341f94,4,Constrained by Market,0,Does Not Provide This Service,0,Does Not Provide This Service
9cf48efa-8e95-4136-bbd7-d7e24394f266,4,Constrained by Market,0,Does Not Provide This Service,0,Does Not Provide This Service
9cf4c7b4-c6f0-490a-8abe-827735ecb752,5,Highly Constrained,0,Does Not Provide This Service,0,Does Not Provide This Service
9cf66482-d83c-4ce1-94e0-f3e2aa7e8e65,0,Does Not Provide This Service,0,Does Not Provide This Service,2,Potentially Available
9d0be9e8-40e8-44d1-abda-0c733c1c8dcb,5,Highly Constrained,0,Does Not Provide This Service,0,Does Not Provide This Service
9d28111d-dc21-4193-9232-dc8a0c18a898,2,Potentially Available,0,Does Not Provide This Service,0,Does Not Provide This Service
9d2a670b-93a9-4af4-b573-8231c2253180,2,Potentially Available,0,Does Not Provide This Service,0,Does Not Provide This Service
9d2fba26-4ee7-4cdf-886e-631ac19e9ed1,4,Constrained by Market,0,Does Not Provide This Service,0,Does Not Provide This Service
9d71ee2b-bc8d-4a35-b604-0f53359a8fff,3,Constrained by Size,0,Does Not Provide This Service,0,Does Not Provide This Service
9d733476-6ece-4f38-86c9-12ba988e0992,4,Constrained by Market,0,Does Not Provide This Service,0,Does Not Provide This Service
9d78f67e-20b5-45fe-aa01-1ff97358fa54,3,Constrained by Size,0,Does Not Provide This Service,0,Does Not Provide This Service
9d7d9ede-4a0a-4df2-a888-1dcee3880a5b,5,Highly Constrained,0,Does Not Provide This Service,0,Does Not Provide This Service
9d7e6fef-5481-446e-9db5-17a37a91b765,5,Highly Constrained,0,Does Not Provide This Service,0,Does Not Provide This Service
9d99a15a-8d87-4712-9211-0e0261649f4b,5,Highly Constrained,0,Does Not Provide This Service,0,Does Not Provide This Service
9d9f9484-7384-4854-9b45-029b7ae0dcd3,4,Constrained by Market,0,Does Not Provide This Service,0,Does Not Provide This Service
9e0366c5-e126-4a8c-8731-270193f3a384,0,Does Not Provide This Service,0,Does Not Provide This Service,3,Constrained by Size
9e1ba19e-30c4-41bf-bf4b-ae81de380d43,5,Highly Constrained,0,Does Not Provide This Service,0,Does Not Provide This Service
9e236352-0758-48e1-b9ee-89ceefe52ec1,3,Constrained by Size,0,Does Not Provide This Service,0,Does Not Provide This Service
9e33f075-8bb2-4e19-be96-c4a873c54d62,4,Constrained by Market,0,Does Not Provide This Service,0,Does Not Provide This Service
9e5094d0-11bd-4aa7-a9a0-8efc6c73ed92,5,Highly Constrained,0,Does Not Provide This Service,0,Does Not Provide This Service
9e6f47c5-2234-405c-b245-309b2504de2a,4,Constrained by Market,0,Does Not Provide This Service,0,Does Not Provide This Service
9e8c6e33-b6fd-486b-81a6-6a0b2381d24b,4,Constrained by Market,0,Does Not Provide This Service,0,Does Not Provide This Service
9ea064e2-35b9-4243-8d9a-03b6a5ccfabf,5,Highly Constrained,0,Does Not Provide This Service,0,Does Not Provide This Service
9eb2aa11-b891-46c1-b616-7102cbb25ae3,3,Constrained by Size,0,Does Not Provide This Service,0,Does Not Provide This Service
9eb977e1-4e14-459b-8655-dcc19cc8d3ce,1,Likely Available,1,Likely Available,0,Does Not Provide This Service
9edbb7dc-d1d5-4ca8-b87e-4dc25b040be6,4,Constrained by Market,0,Does Not Provide This Service,0,Does Not Provide This Service
9ef3bb6c-e78d-4241-9c79-91b6fa6405f7,5,Highly Constrained,0,Does Not Provide This Service,0,Does Not Provide This Service
9f15396a-0d70-48cb-a161-9ecde33fb073,4,Constrained by Market,0,Does Not Provide This Service,0,Does Not Provide This Service
9f273be7-7885-4157-b01a-f74fcdb0677e,4,Constrained by Market,0,Does Not Provide This Service,0,Does Not Provide This Service
9f33b68f-ac32-436a-b3ec-29982cc212cd,5,Highly Constrained,0,Does Not Provide This Service,0,Does Not Provide This Service
9f3f7f89-1fb9-4300-88fe-bf35f61c0661,2,Potentially Available,0,Does Not Provide This Service,0,Does Not Provide This Service
9f3ff231-2d26-4d1c-8b22-df8c96bba2db,5,Highly Constrained,0,Does Not Provide This Service,0,Does Not Provide This Service
9f486822-b263-4d63-89d4-0a387c6b7a3e,2,Potentially Available,0,Does Not Provide This Service,0,Does Not Provide This Service
9f5f24d2-aea6-43b2-b162-2535b4537748,0,Does Not Provide This Service,0,Does Not Provide This Service,5,Highly Constrained
9f6e8934-8e4a-4d8b-a726-d52e2731b0c0,1,Likely Available,1,Likely Available,0,Does Not Provide This Service
9f87c3f6-1005-42c9-ba72-fc3d4883f04b,3,Constrained by Size,1,Likely Available,0,Does Not Provide This Service
9f9fbbcc-4180-48ae-bbdc-2ea8c647e70d,1,Likely Available,0,Does Not Provide This Service,0,Does Not Provide This Service
9fac55d0-8a3c-4b1e-9997-4fcb0c74fdb1,4,Constrained by Market,0,Does Not Provide This Service,0,Does Not Provide This Service
9fb54680-1ca9-433b-9ba7-f0e266f16aab,4,Constrained by Market,0,Does Not Provide This Service,0,Does Not Provide This Service
9fb718bd-73d5-4082-8933-e7d2178e826a,5,Highly Constrained,5,Highly Constrained,0,Does Not Provide This Service
9fbbc97f-2648-4408-9b76-f72a3d03b546,4,Constrained by Market,0,Does Not Provide This Service,0,Does Not Provide This Service
9fcb766d-1f90-4cf0-b4a2-50453a8b53dd,1,Likely Available,1,Likely Available,0,Does Not Provide This Service
9fcd8b25-bd67-4a76-944d-e271fca9c3c8,5,Highly Constrained,0,Does Not Provide This Service,0,Does Not Provide This Service
a007bda3-0ba1-4dfa-9de1-d53336d7cba1,5,Highly Constrained,0,Does Not Provide This Service,0,Does Not Provide This Service
a01b7d00-86cf-4876-8e64-7f05e8635c62,4,Constrained by Market,0,Does Not Provide This Service,0,Does Not Provide This Service
a0267faf-b044-4794-be48-bd93b81388fd,0,Does Not Provide This Service,0,Does Not Provide This Service,2,Potentially Available
a049f2c7-5afe-4117-b084-db2e4e99e7c5,4,Constrained by Market,0,Does Not Provide This Service,0,Does Not Provide This Service
a04c76c8-f49a-4881-ad37-b3d7e449210a,5,Highly Constrained,0,Does Not Provide This Service,0,Does Not Provide This Service
a068736e-7eb8-41ca-b24a-1b1adf82ebae,5,Highly Constrained,0,Does Not Provide This Service,0,Does Not Provide This Service
a08c07f3-e301-441e-b97d-97d0df1e1b2c,4,Constrained by Market,0,Does Not Provide This Service,0,Does Not Provide This Service
a0a19fa2-d83b-47db-b169-5e5dea1ac6f0,5,Highly Constrained,0,Does Not Provide This Service,0,Does Not Provide This Service
a0a85708-0036-4c57-92ca-5add65c55328,4,Constrained by Market,0,Does Not Provide This Service,0,Does Not Provide This Service
a0ab4d50-a844-4ced-b3c3-72f4176311e7,4,Constrained by Market,0,Does Not Provide This Service,0,Does Not Provide This Service
a0ac08d4-ac16-47bd-b3c3-003ac704af42,0,Does Not Provide This Service,0,Does Not Provide This Service,3,Constrained by Size
a0ca6e61-df03-4142-b6a8-4894f6831dba,0,Does Not Provide This Service,0,Does Not Provide This Service,4,Constrained by Market
a103e3e0-5c18-43bd-acf8-138f81923da8,0,Does Not Provide This Service,0,Does Not Provide This Service,4,Constrained by Market
a10f3522-8bad-4107-91eb-4e93bf0c0ef7,4,Constrained by Market,0,Does Not Provide This Service,0,Does Not Provide This Service
a1272631-20d6-44da-ad5c-580afcbfb4e3,1,Likely Available,4,Constrained by Market,0,Does Not Provide This Service
a1306e4c-30fe-4d66-9a8a-541c7e40633b,4,Constrained by Market,0,Does Not Provide This Service,0,Does Not Provide This Service
a136e74e-a127-4c49-8634-f833aaf3fb65,5,Highly Constrained,0,Does Not Provide This Service,0,Does Not Provide This Service
a143f42e-7011-4c1f-9e3a-7f31dbcee1ff,3,Constrained by Size,3,Constrained by Size,0,Does Not Provide This Service
a1553143-25ec-445c-bc3c-ec000184c5b2,2,Potentially Available,0,Does Not Provide This Service,0,Does Not Provide This Service
a15a2c02-2338-409e-b0c6-ba248ca30065,5,Highly Constrained,0,Does Not Provide This Service,0,Does Not Provide This Service
a165aea7-87a5-47d0-b1b4-67fe4894d5e2,5,Highly Constrained,0,Does Not Provide This Service,0,Does Not Provide This Service
a18a9609-3f7f-4635-9901-e67c48dc2a88,5,Highly Constrained,0,Does Not Provide This Service,0,Does Not Provide This Service
a18d0347-5364-4c19-b42a-a955bc174304,4,Constrained by Market,0,Does Not Provide This Service,0,Does Not Provide This Service
a192b08d-3e45-40bd-aff8-f40feace4660,0,Does Not Provide This Service,0,Does Not Provide This Service,1,Likely Available
a19ace89-afca-4de5-ab25-e92887c7388f,5,Highly Constrained,0,Does Not Provide This Service,0,Does Not Provide This Service
a1c18163-7c80-4504-a3f7-8186ba998315,4,Constrained by Market,0,Does Not Provide This Service,0,Does Not Provide This Service
a1c456fb-bb60-4348-8643-b6ffa1340ff6,1,Likely Available,1,Likely Available,0,Does Not Provide This Service
a1ccaf0a-03a5-4e26-be8e-ca7a5ada7585,4,Constrained by Market,0,Does Not Provide This Service,0,Does Not Provide This Service
a1dd069f-e316-4f75-bac1-e13d0b2866aa,4,Constrained by Market,0,Does Not Provide This Service,0,Does Not Provide This Service
a1e531c7-b604-40fe-b6b9-3326e29d9cae,5,Highly Constrained,0,Does Not Provide This Service,0,Does Not Provide This Service
a1f636f5-c259-4088-80ee-f5c0f4466526,4,Constrained by Market,0,Does Not Provide This Service,0,Does Not Provide This Service
a2004a6e-5937-4ec7-be27-52611a23c835,4,Constrained by Market,0,Does Not Provide This Service,0,Does Not Provide This Service
a212ca51-1cbd-4f7b-b5ed-2363acd85b6f,4,Constrained by Market,0,Does Not Provide This Service,0,Does Not Provide This Service
a25082a1-d849-4709-88e6-ad3a85236206,5,Highly Constrained,0,Does Not Provide This Service,0,Does Not Provide This Service
a2555590-8032-4353-af37-6b51ab2d7ec0,3,Constrained by Size,0,Does Not Provide This Service,0,Does Not Provide This Service
a25b80ee-6283-47a9-ab37-061ae9918fc9,0,Does Not Provide This Service,0,Does Not Provide This Service,1,Likely Available
a2a384cb-b673-42d8-a60e-196e2c7335ce,3,Constrained by Size,0,Does Not Provide This Service,0,Does Not Provide This Service
a2eb6e86-a4fb-4065-8398-c33f184a36db,3,Constrained by Size,0,Does Not Provide This Service,0,Does Not Provide This Service
a2f8c167-fff4-4836-a365-deb8c9c7a160,4,Constrained by Market,0,Does Not Provide This Service,0,Does Not Provide This Service
a3478919-fb60-49e4-b096-48e332010655,4,Constrained by Market,0,Does Not Provide This Service,0,Does Not Provide This Service
a351de02-5332-4679-a96c-9a08521ebde3,5,Highly Constrained,0,Does Not Provide This Service,0,Does Not Provide This Service
a3554a9d-fdf8-4d1b-9fdc-ce5fffd6da5b,5,Highly Constrained,0,Does Not Provide This Service,0,Does Not Provide This Service
a36be05d-fd13-45b6-9591-85c93483b0f4,5,Highly Constrained,0,Does Not Provide This Service,0,Does Not Provide This Service
a373a442-12bc-4aae-8f10-efb36c260ebf,5,Highly Constrained,0,Does Not Provide This Service,0,Does Not Provide This Service
a3887d09-19cd-4be6-8cf7-dd81bf7f9a6f,2,Potentially Available,0,Does Not Provide This Service,0,Does Not Provide This Service
a3bdb025-bed9-4193-894e-d603057e2609,2,Potentially Available,0,Does Not Provide This Service,0,Does Not Provide This Service
a3c1df53-784d-4a2b-a6a3-08213a5e28b2,4,Constrained by Market,0,Does Not Provide This Service,0,Does Not Provide This Service
a3c36a17-3076-4870-a6a7-fbe5042b0ff8,4,Constrained by Market,0,Does Not Provide This Service,0,Does Not Provide This Service
a3daad02-9eab-4387-84a4-84bbd8dfb1ac,4,Constrained by Market,0,Does Not Provide This Service,0,Does Not Provide This Service
a3e19ebf-3bad-4aec-89e9-6f8c910ebe8d,4,Constrained by Market,0,Does Not Provide This Service,0,Does Not Provide This Service
a3fbda47-4c25-423f-bdd7-0a5c9f7161b5,4,Constrained by Market,0,Does Not Provide This Service,0,Does Not Provide This Service
a40b006a-3238-4b3c-b3be-9629685735bb,3,Constrained by Size,0,Does Not Provide This Service,0,Does Not Provide This Service
a4163fdf-f2fc-4699-8371-65ec07173ec6,3,Constrained by Size,0,Does Not Provide This Service,0,Does Not Provide This Service
a4436f64-3eeb-4147-8789-eacb7d010fa3,5,Highly Constrained,0,Does Not Provide This Service,0,Does Not Provide This Service
a44b270d-4e45-4d83-af7e-c1ccb962bfc4,2,Potentially Available,0,Does Not Provide This Service,0,Does Not Provide This Service
a4513d00-0539-43f3-ba7a-37607aeb8466,4,Constrained by Market,0,Does Not Provide This Service,0,Does Not Provide This Service
a46b2e0b-d233-46d5-9ffb-452af8720008,4,Constrained by Market,0,Does Not Provide This Service,0,Does Not Provide This Service
a4907cc0-8225-4c0a-ae35-c4a02f2124d2,5,Highly Constrained,0,Does Not Provide This Service,0,Does Not Provide This Service
a4929eac-1f44-49cb-9536-8d91ae61f365,5,Highly Constrained,0,Does Not Provide This Service,0,Does Not Provide This Service
a4a4b866-7e43-4d2c-b78d-7b89149dc9e6,5,Highly Constrained,0,Does Not Provide This Service,0,Does Not Provide This Service
a4a7c103-f45b-4f92-a333-324acdfded4b,5,Highly Constrained,0,Does Not Provide This Service,0,Does Not Provide This Service
a4abc787-0f1c-4664-9c40-617246eac8e6,4,Constrained by Market,0,Does Not Provide This Service,0,Does Not Provide This Service
a4d61a35-d361-40e9-ad01-387b79a1e9e1,4,Constrained by Market,0,Does Not Provide This Service,0,Does Not Provide This Service
a4dc447d-89b1-462a-bba9-f47c0b5253f2,4,Constrained by Market,0,Does Not Provide This Service,0,Does Not Provide This Service
a4e9d4ec-a570-4685-a74c-f7075679f6d0,2,Potentially Available,0,Does Not Provide This Service,0,Does Not Provide This Service
a5195237-443f-4f2c-8d1c-24a4724165e2,4,Constrained by Market,0,Does Not Provide This Service,0,Does Not Provide This Service
a5245e1c-1704-4c01-a1c0-c4e08317b286,4,Constrained by Market,0,Does Not Provide This Service,0,Does Not Provide This Service
a563eec4-aaeb-486d-896a-e04f56e030a5,0,Does Not Provide This Service,0,Does Not Provide This Service,5,Highly Constrained
a5d2b08f-3e84-466a-8340-73f086e7a3e1,2,Potentially Available,0,Does Not Provide This Service,0,Does Not Provide This Service
a5e4fd21-18b8-47ed-9892-3b58cd9ad714,4,Constrained by Market,0,Does Not Provide This Service,0,Does Not Provide This Service
a5ecdb3c-6fce-46fe-bb27-e2442af98f97,4,Constrained by Market,0,Does Not Provide This Service,0,Does Not Provide This Service
a60880f0-9da0-4187-86f3-acb1984045a6,4,Constrained by Market,0,Does Not Provide This Service,0,Does Not Provide This Service
a60a9772-7d92-4f4e-bcdf-d46ff7de7153,3,Constrained by Size,0,Does Not Provide This Service,0,Does Not Provide This Service
a6346953-8360-42d5-98ed-2a87051cf3a7,5,Highly Constrained,0,Does Not Provide This Service,0,Does Not Provide This Service
a63edbdd-941b-453c-b7b1-356c17f7e644,4,Constrained by Market,0,Does Not Provide This Service,0,Does Not Provide This Service
a662de6e-71e5-4b4b-bf05-be79dc3c1a4b,0,Does Not Provide This Service,0,Does Not Provide This Service,2,Potentially Available
a6880e41-33f3-4caf-838d-20caeb53627c,5,Highly Constrained,0,Does Not Provide This Service,0,Does Not Provide This Service
a69287be-ceee-46eb-8785-299ffc99319a,4,Constrained by Market,0,Does Not Provide This Service,0,Does Not Provide This Service
a69fdc5f-99f7-4db1-9e53-08e7842afc10,3,Constrained by Size,0,Does Not Provide This Service,0,Does Not Provide This Service
a6a4585a-96b5-4dd9-887e-766546be0cb5,4,Constrained by Market,0,Does Not Provide This Service,0,Does Not Provide This Service
a6a7b390-da40-40d6-8e72-91cf74b00ab5,2,Potentially Available,0,Does Not Provide This Service,0,Does Not Provide This Service
a6b42123-0a2a-496c-835b-71748a5695e6,3,Constrained by Size,0,Does Not Provide This Service,0,Does Not Provide This Service
a6ba5ee9-7ca5-434c-8ca2-9ed89daa7f46,5,Highly Constrained,0,Does Not Provide This Service,0,Does Not Provide This Service
a6d9c61b-f7bd-442b-83bb-7be7bed2a9cd,0,Does Not Provide This Service,0,Does Not Provide This Service,4,Constrained by Market
a6f3ec45-3296-4a98-a0db-3c9aa4d30290,4,Constrained by Market,0,Does Not Provide This Service,0,Does Not Provide This Service
a6f8303b-9ca8-4ece-a0c3-a3a3b6888121,4,Constrained by Market,0,Does Not Provide This Service,0,Does Not Provide This Service
a7096235-ee6c-44f8-bad6-8730c714fe50,5,Highly Constrained,0,Does Not Provide This Service,0,Does Not Provide This Service
a70d02dc-f770-42f1-9e21-864106bb7104,4,Constrained by Market,0,Does Not Provide This Service,0,Does Not Provide This Service
a734e03f-bcb5-40a5-9b63-bffe661328bd,4,Constrained by Market,0,Does Not Provide This Service,0,Does Not Provide This Service
a74b2485-a1ba-4046-9ba6-921ecb5a78a9,3,Constrained by Size,0,Does Not Provide This Service,0,Does Not Provide This Service
a761530f-3330-429b-9dae-240285312c82,4,Constrained by Market,0,Does Not Provide This Service,0,Does Not Provide This Service
a773eb91-01f0-4e45-8c7b-ad744805611d,5,Highly Constrained,0,Does Not Provide This Service,0,Does Not Provide This Service
a7bb0c7e-cb25-4443-901b-158bb3ce6cf3,4,Constrained by Market,0,Does Not Provide This Service,0,Does Not Provide This Service
a7df0e3a-3cb7-4395-8579-80d4c06c2fe4,5,Highly Constrained,0,Does Not Provide This Service,0,Does Not Provide This Service
a7dfa701-fbc6-41a1-9ed5-e732345a00ae,3,Constrained by Size,1,Likely Available,0,Does Not Provide This Service
a8204be5-faea-48b4-a05c-f93e9f5ba958,4,Constrained by Market,0,Does Not Provide This Service,0,Does Not Provide This Service
a84916c9-1a23-4b40-a2d9-1accbe063a46,5,Highly Constrained,0,Does Not Provide This Service,0,Does Not Provide This Service
a861cdc8-351d-497d-9caf-de69ee15bddb,3,Constrained by Size,0,Does Not Provide This Service,0,Does Not Provide This Service
a86c60fb-cdba-45e1-bf76-266d58b47812,4,Constrained by Market,0,Does Not Provide This Service,0,Does Not Provide This Service
a8a86365-74b8-44b7-8c6f-f94fa51caaff,5,Highly Constrained,0,Does Not Provide This Service,0,Does Not Provide This Service
a8d2a82c-5bb9-436d-a0c3-a3b218d4a53d,5,Highly Constrained,0,Does Not Provide This Service,0,Does Not Provide This Service
a8efae1a-dc92-4ea9-b9d9-44c6529d1625,4,Constrained by Market,0,Does Not Provide This Service,0,Does Not Provide This Service
a9010747-ddb2-492f-ad41-e787025e506d,3,Constrained by Size,5,Highly Constrained,0,Does Not Provide This Service
a90e8df7-b9fc-4363-b77e-4dd7caacbeb3,4,Constrained by Market,0,Does Not Provide This Service,0,Does Not Provide This Service
a910ec08-8531-41f9-849c-e318f67bd35b,4,Constrained by Market,0,Does Not Provide This Service,0,Does Not Provide This Service
a94f880a-ce53-49dd-82f4-3f5a84b4bd12,4,Constrained by Market,0,Does Not Provide This Service,0,Does Not Provide This Service
a965ee14-5c0c-464e-854a-6800fbd705dc,5,Highly Constrained,0,Does Not Provide This Service,0,Does Not Provide This Service
a96752c5-c501-4a8c-b60b-bda860ab0dac,4,Constrained by Market,0,Does Not Provide This Service,0,Does Not Provide This Service
a96b4251-23ce-4626-8bbf-57085692b816,5,Highly Constrained,0,Does Not Provide This Service,0,Does Not Provide This Service
a97c558b-c996-4c1c-bfe3-4b8f13f4173a,5,Highly Constrained,0,Does Not Provide This Service,0,Does Not Provide This Service
a9d6c712-ef16-4aec-908c-24cafc4c1a0e,3,Constrained by Size,0,Does Not Provide This Service,0,Does Not Provide This Service
a9fd7127-0590-4e33-b54a-2d9f462e50df,1,Likely Available,0,Does Not Provide This Service,0,Does Not Provide This Service
aa01404e-4094-4eb3-8e5f-34761a4368fd,3,Constrained by Size,0,Does Not Provide This Service,0,Does Not Provide This Service
aa32436f-22c0-4f20-b667-0119900b1aa2,4,Constrained by Market,0,Does Not Provide This Service,0,Does Not Provide This Service
aa369e29-2cf0-4b91-8ed9-6e0a12d56f73,4,Constrained by Market,0,Does Not Provide This Service,0,Does Not Provide This Service
aa4c5fed-a40e-4882-8872-0f4b19e88b9a,5,Highly Constrained,0,Does Not Provide This Service,0,Does Not Provide This Service
aa4d0a87-b70c-43d6-83bc-8550dba3a686,4,Constrained by Market,0,Does Not Provide This Service,0,Does Not Provide This Service
aa585f2e-fedd-4e28-93a3-09ba4b010be1,5,Highly Constrained,0,Does Not Provide This Service,0,Does Not Provide This Service
aa5f8704-fd62-4b0a-b9f4-b2ae524594d9,4,Constrained by Market,0,Does Not Provide This Service,0,Does Not Provide This Service
aa66b6b6-7a02-4435-ba59-0c41b8a5b3a2,5,Highly Constrained,0,Does Not Provide This Service,0,Does Not Provide This Service
aa66d40a-4e65-44ee-ae4f-e13d34bc4e36,5,Highly Constrained,0,Does Not Provide This Service,0,Does Not Provide This Service
aa74b5e3-ce04-4329-a504-f698e0336980,4,Constrained by Market,0,Does Not Provide This Service,0,Does Not Provide This Service
aa839ef2-c277-4e35-9e8d-4518c4356c1b,4,Constrained by Market,0,Does Not Provide This Service,0,Does Not Provide This Service
aabfc38b-4eac-4e8e-95ef-84857ed12a1a,4,Constrained by Market,0,Does Not Provide This Service,0,Does Not Provide This Service
aade47e1-0e29-4d98-8bef-bfcf21934939,5,Highly Constrained,0,Does Not Provide This Service,0,Does Not Provide This Service
aaf8b8a0-9c68-4894-a977-ae4281cc0dc4,5,Highly Constrained,0,Does Not Provide This Service,0,Does Not Provide This Service
aaffc141-f742-441c-80cf-2175c81cd1fb,4,Constrained by Market,0,Does Not Provide This Service,0,Does Not Provide This Service
ab0458cf-e4f6-4ce0-a187-6398b8b8e61a,5,Highly Constrained,0,Does Not Provide This Service,0,Does Not Provide This Service
ab21f91a-00a4-4ce4-aa67-74213008d34a,4,Constrained by Market,0,Does Not Provide This Service,0,Does Not Provide This Service
ab323dcc-263c-449f-93cb-51b782edb74a,3,Constrained by Size,5,Highly Constrained,0,Does Not Provide This Service
ab46bfe4-eb4f-46ac-97a6-0fc93f3f2983,4,Constrained by Market,0,Does Not Provide This Service,0,Does Not Provide This Service
ab5282d7-302f-4008-8707-b8006ed1c899,4,Constrained by Market,0,Does Not Provide This Service,0,Does Not Provide This Service
ab5b7cfe-e45e-41c7-b371-65325f959ec6,5,Highly Constrained,0,Does Not Provide This Service,0,Does Not Provide This Service
ab731bf4-b747-4881-a0ae-dc328d4daefe,5,Highly Constrained,0,Does Not Provide This Service,0,Does Not Provide This Service
ab7e0f63-c9d0-4bcc-b856-71054a8a9282,3,Constrained by Size,0,Does Not Provide This Service,0,Does Not Provide This Service
ab81f593-c4f6-4a4f-9ff3-d40980dc59a6,4,Constrained by Market,0,Does Not Provide This Service,0,Does Not Provide This Service
ab8d47ca-9308-44b0-bd52-3997a225b5bb,4,Constrained by Market,0,Does Not Provide This Service,0,Does Not Provide This Service
abe9412c-62e8-41f5-904d-883e6481d017,4,Constrained by Market,0,Does Not Provide This Service,0,Does Not Provide This Service
abf522f5-b631-4162-abf9-cb4a3dd32352,4,Constrained by Market,0,Does Not Provide This Service,0,Does Not Provide This Service
abf79e46-3ade-4c92-8a0c-adb265e0f3f4,5,Highly Constrained,0,Does Not Provide This Service,0,Does Not Provide This Service
ac08ff3d-aa78-42de-946f-1b04c72cd21e,5,Highly Constrained,0,Does Not Provide This Service,0,Does Not Provide This Service
ac1de968-dd48-49c7-8c7a-aab0b032c961,4,Constrained by Market,0,Does Not Provide This Service,0,Does Not Provide This Service
ac299ab9-4387-48c0-ab61-6dbef2a36613,4,Constrained by Market,0,Does Not Provide This Service,0,Does Not Provide This Service
ac32729e-70b9-4076-b21f-1a515fbdf109,4,Constrained by Market,0,Does Not Provide This Service,0,Does Not Provide This Service
ac41d38d-ffae-4c40-96db-a785878a660e,4,Constrained by Market,0,Does Not Provide This Service,0,Does Not Provide This Service
ac4d87a9-ca70-4477-90b8-044a97bd676b,4,Constrained by Market,0,Does Not Provide This Service,0,Does Not Provide This Service
ac571689-75f4-4ab5-945e-4024fe7639b2,5,Highly Constrained,0,Does Not Provide This Service,0,Does Not Provide This Service
ac7ab345-fc0b-4c6b-a4f8-9b3729f1d6dc,4,Constrained by Market,0,Does Not Provide This Service,0,Does Not Provide This Service
ac7f40b8-a523-451f-b058-1731efefbfa9,4,Constrained by Market,0,Does Not Provide This Service,0,Does Not Provide This Service
ac80ca00-c091-40dc-a8ea-a729d1c5ec67,0,Does Not Provide This Service,0,Does Not Provide This Service,1,Likely Available
accc11e2-9759-419f-9cc9-db36adc84f10,4,Constrained by Market,0,Does Not Provide This Service,0,Does Not Provide This Service
acf64759-ac56-47e5-81fd-6965785eb144,3,Constrained by Size,0,Does Not Provide This Service,0,Does Not Provide This Service
ad2a15e6-f392-42c7-a0a6-30dc3b560231,4,Constrained by Market,0,Does Not Provide This Service,0,Does Not Provide This Service
ad4539e6-b232-4cd7-b98e-2dda2171b1a6,5,Highly Constrained,0,Does Not Provide This Service,0,Does Not Provide This Service
ad7e0824-b6da-45c3-9189-b28e8a15dc68,4,Constrained by Market,0,Does Not Provide This Service,0,Does Not Provide This Service
ad956a5b-9b88-4347-966c-d46b395d693c,5,Highly Constrained,0,Does Not Provide This Service,0,Does Not Provide This Service
ad96a81a-cee0-4fc3-8d06-d1ab705fef52,4,Constrained by Market,0,Does Not Provide This Service,0,Does Not Provide This Service
adb968e6-dde1-4a51-868f-16db24d5030f,4,Constrained by Market,0,Does Not Provide This Service,0,Does Not Provide This Service
add04b23-bb9e-4c96-8b68-dc28be49c68c,2,Potentially Available,0,Does Not Provide This Service,0,Does Not Provide This Service
ae137875-0681-48f5-b5e8-458f32a0a4a4,4,Constrained by Market,0,Does Not Provide This Service,0,Does Not Provide This Service
ae381f16-1954-4b67-a671-2f7473caa229,4,Constrained by Market,0,Does Not Provide This Service,0,Does Not Provide This Service
ae61155b-9651-4258-8dae-154319a4bf10,2,Potentially Available,0,Does Not Provide This Service,0,Does Not Provide This Service
ae93c0aa-fa5f-49d5-9b59-3d846ff5ebef,2,Potentially Available,0,Does Not Provide This Service,0,Does Not Provide This Service
aeb6e2be-1ce9-4bf2-9e50-0c85f21e62a6,1,Likely Available,1,Likely Available,0,Does Not Provide This Service
aebc570a-7e4d-4ab4-9ac5-1e9268feb8ec,4,Constrained by Market,0,Does Not Provide This Service,0,Does Not Provide This Service
aec20a94-4fba-46e2-aee6-885c274f9a0f,4,Constrained by Market,0,Does Not Provide This Service,0,Does Not Provide This Service
aeccb945-29c1-43bf-82e9-7484c659049e,5,Highly Constrained,0,Does Not Provide This Service,0,Does Not Provide This Service
aecef734-e39e-4a82-a868-8f589b811362,4,Constrained by Market,0,Does Not Provide This Service,0,Does Not Provide This Service
aee0aa1b-5eeb-445a-b94b-f20fe0dc57a8,4,Constrained by Market,0,Does Not Provide This Service,0,Does Not Provide This Service
aef04247-7409-48cd-8f5a-815bcc81e390,4,Constrained by Market,0,Does Not Provide This Service,0,Does Not Provide This Service
af064a2b-7c10-4f94-bb54-77a5cfbf7724,5,Highly Constrained,0,Does Not Provide This Service,0,Does Not Provide This Service
af087bb8-cb29-4c29-a1d7-cc3323a2a31e,4,Constrained by Market,0,Does Not Provide This Service,0,Does Not Provide This Service
af09fb71-0839-4074-a23f-764598979efb,0,Does Not Provide This Service,0,Does Not Provide This Service,4,Constrained by Market
af2269b4-0c29-4b19-bfce-e9f3c504e65d,3,Constrained by Size,0,Does Not Provide This Service,0,Does Not Provide This Service
af3bf1a0-8f5f-4638-8d31-a7b64791a568,4,Constrained by Market,0,Does Not Provide This Service,0,Does Not Provide This Service
af416239-b08e-49ee-a64f-4eb047d7d3ba,5,Highly Constrained,0,Does Not Provide This Service,0,Does Not Provide This Service
af42e174-3046-445a-9d42-f0453a3b1103,5,Highly Constrained,0,Does Not Provide This Service,0,Does Not Provide This Service
af485cc7-ca3b-4b37-b9d5-a67490c5fc6c,2,Potentially Available,0,Does Not Provide This Service,0,Does Not Provide This Service
af66c217-6aff-4452-bdbd-3d4e327fe0ad,4,Constrained by Market,0,Does Not Provide This Service,0,Does Not Provide This Service
af8f243e-d6a6-4557-a762-627e764f1772,4,Constrained by Market,0,Does Not Provide This Service,0,Does Not Provide This Service
af994a11-35ad-4576-9bfd-169b466939e9,2,Potentially Available,0,Does Not Provide This Service,0,Does Not Provide This Service
afaafdd8-d103-44a7-bb67-16985cad8fe0,4,Constrained by Market,0,Does Not Provide This Service,0,Does Not Provide This Service
afd1c518-347f-43cb-bd14-2ab458c429ec,4,Constrained by Market,0,Does Not Provide This Service,0,Does Not Provide This Service
afe8d643-e4a7-4652-9cc6-9f87710e3c98,5,Highly Constrained,0,Does Not Provide This Service,0,Does Not Provide This Service
b00abab1-c85f-44cc-b032-d0a7d11314ae,3,Constrained by Size,0,Does Not Provide This Service,0,Does Not Provide This Service
b00e04d0-1166-4657-93fc-a513fd830221,1,Likely Available,1,Likely Available,0,Does Not Provide This Service
b0186094-60ba-4ae5-992c-9347ca59f9e9,5,Highly Constrained,0,Does Not Provide This Service,0,Does Not Provide This Service
b01c79d7-f059-49dd-b9bd-94ac5e226612,5,Highly Constrained,0,Does Not Provide This Service,0,Does Not Provide This Service
b01c7f2a-990d-4d6b-9408-e8e23afa2818,5,Highly Constrained,0,Does Not Provide This Service,0,Does Not Provide This Service
b0237379-40b9-41d2-a0c8-16d16eae484e,4,Constrained by Market,0,Does Not Provide This Service,0,Does Not Provide This Service
b027ea0e-d8ce-40aa-a7a7-e394997ddd72,4,Constrained by Market,0,Does Not Provide This Service,0,Does Not Provide This Service
b04be1d1-9c17-4f32-bacd-f30256a5b50a,4,Constrained by Market,0,Does Not Provide This Service,0,Does Not Provide This Service
b0910fb0-8a52-4898-abfe-2ecc91b1fee7,2,Potentially Available,0,Does Not Provide This Service,0,Does Not Provide This Service
b095c630-fc82-4c44-9af3-c644951ce2ad,4,Constrained by Market,0,Does Not Provide This Service,0,Does Not Provide This Service
b09d2861-c685-42bb-8b4c-3b7def82f7bd,4,Constrained by Market,0,Does Not Provide This Service,0,Does Not Provide This Service
b0a03794-4e13-4dd6-ad47-663179d1ed6a,4,Constrained by Market,0,Does Not Provide This Service,0,Does Not Provide This Service
b0b20d5e-f6f4-4865-916a-833243449116,4,Constrained by Market,0,Does Not Provide This Service,0,Does Not Provide This Service
b0b6f43c-9904-4a24-a327-fffcc8bff4e3,4,Constrained by Market,0,Does Not Provide This Service,0,Does Not Provide This Service
b0bf90d1-6a24-44ef-bf19-cd30aa22aea0,3,Constrained by Size,0,Does Not Provide This Service,0,Does Not Provide This Service
b0bf915d-b5d6-476d-98a3-4a4ab7577f4b,4,Constrained by Market,0,Does Not Provide This Service,0,Does Not Provide This Service
b0c6f5a3-3180-4235-97cd-7efd51005703,4,Constrained by Market,0,Does Not Provide This Service,0,Does Not Provide This Service
b0cf33be-bf5a-4fdf-a967-d8a9842c40fd,4,Constrained by Market,0,Does Not Provide This Service,0,Does Not Provide This Service
b0e94e0e-7e0a-428f-9b0b-97dee1b6471e,4,Constrained by Market,0,Does Not Provide This Service,0,Does Not Provide This Service
b0fa497d-3189-4431-9d4b-99214ae2ed90,0,Does Not Provide This Service,0,Does Not Provide This Service,1,Likely Available
b119c119-cfd7-40dd-bbf6-127c7ccd65b9,1,Likely Available,0,Does Not Provide This Service,0,Does Not Provide This Service
b13188d3-01b1-4501-8362-8468ba151e39,5,Highly Constrained,0,Does Not Provide This Service,0,Does Not Provide This Service
b170cbf4-5373-48f0-87bd-4e40b5f955e1,0,Does Not Provide This Service,0,Does Not Provide This Service,3,Constrained by Size
b1717434-7f41-435f-846e-3e1671ff7541,4,Constrained by Market,0,Does Not Provide This Service,0,Does Not Provide This Service
b1b4c137-f562-4a2a-a825-47901637f7cf,5,Highly Constrained,0,Does Not Provide This Service,0,Does Not Provide This Service
b1c7e37a-cf2a-40bc-b20c-e60133822345,5,Highly Constrained,0,Does Not Provide This Service,0,Does Not Provide This Service
b1eec123-8313-4f88-90a1-8f0317dda13e,2,Potentially Available,0,Does Not Provide This Service,0,Does Not Provide This Service
b1f4cd17-d122-4f2e-add5-221a46d0a7cb,4,Constrained by Market,0,Does Not Provide This Service,0,Does Not Provide This Service
b1fea1df-7461-427d-b26d-f7719aaff0ae,4,Constrained by Market,0,Does Not Provide This Service,0,Does Not Provide This Service
b21e81db-a041-4573-842d-b448732c52eb,4,Constrained by Market,0,Does Not Provide This Service,0,Does Not Provide This Service
b222cddc-1211-4b61-9021-7d13f731d50a,5,Highly Constrained,0,Does Not Provide This Service,0,Does Not Provide This Service
b227023c-5bab-4c8d-b673-e65079a61291,4,Constrained by Market,0,Does Not Provide This Service,0,Does Not Provide This Service
b23dcc86-ea55-4159-845d-e52dc166c746,4,Constrained by Market,0,Does Not Provide This Service,0,Does Not Provide This Service
b23fd305-aed9-4add-96d2-d8c6664144bb,1,Likely Available,0,Does Not Provide This Service,0,Does Not Provide This Service
b253fd7e-0249-4f02-8819-20d90e5c5248,5,Highly Constrained,0,Does Not Provide This Service,0,Does Not Provide This Service
b281f389-cffe-4c30-97d9-dccad6b17320,4,Constrained by Market,0,Does Not Provide This Service,0,Does Not Provide This Service
b2a26ff9-839f-4e9a-b40a-ca8bbdc1f13e,2,Potentially Available,0,Does Not Provide This Service,0,Does Not Provide This Service
b2dccad0-f2e2-4de9-bcc6-32f2fa04377e,2,Potentially Available,0,Does Not Provide This Service,0,Does Not Provide This Service
b2ec6660-b7fd-4b0e-a088-6525f6f52f89,3,Constrained by Size,0,Does Not Provide This Service,0,Does Not Provide This Service
b2f01654-6a78-448f-b782-e33a3466e732,4,Constrained by Market,0,Does Not Provide This Service,0,Does Not Provide This Service
b2f2adb8-25ec-4df2-b9c0-2b8aa5454f5f,4,Constrained by Market,0,Does Not Provide This Service,0,Does Not Provide This Service
b310f450-f553-4318-9921-ebe97f14c70a,4,Constrained by Market,0,Does Not Provide This Service,0,Does Not Provide This Service
b31887f5-a1de-4c89-98a0-d12d8704ffa1,5,Highly Constrained,0,Does Not Provide This Service,0,Does Not Provide This Service
b32a343e-0b6c-44d4-aae5-54de049dd7e2,0,Does Not Provide This Service,0,Does Not Provide This Service,1,Likely Available
b3397c66-4994-4f60-81c4-5b4da1e5aa36,5,Highly Constrained,0,Does Not Provide This Service,0,Does Not Provide This Service
b33c8dfb-291c-4a86-a945-aae672b43094,4,Constrained by Market,0,Does Not Provide This Service,0,Does Not Provide This Service
b3415267-a948-4875-af5b-ab040f429457,4,Constrained by Market,0,Does Not Provide This Service,0,Does Not Provide This Service
b343d706-4b29-4c6c-a029-8bba47e73eb8,5,Highly Constrained,0,Does Not Provide This Service,0,Does Not Provide This Service
b34f21c6-f05f-4d89-8b8e-dd0d978ebc25,5,Highly Constrained,0,Does Not Provide This Service,0,Does Not Provide This Service
b3644eb2-dded-411e-a234-d0bc611ce791,2,Potentially Available,0,Does Not Provide This Service,0,Does Not Provide This Service
b3732653-a150-4df2-969d-32bec4e72692,5,Highly Constrained,0,Does Not Provide This Service,0,Does Not Provide This Service
b38bd039-db77-48c5-8954-e79ff5cbff82,5,Highly Constrained,0,Does Not Provide This Service,0,Does Not Provide This Service
b394ba18-ca10-454b-9981-d6b06341e9f9,4,Constrained by Market,0,Does Not Provide This Service,0,Does Not Provide This Service
b3d01a5e-e3e3-45e6-97f9-a2b476032f63,4,Constrained by Market,0,Does Not Provide This Service,0,Does Not Provide This Service
b3df0eba-0a5a-4ac4-ad19-418fc3623d62,5,Highly Constrained,0,Does Not Provide This Service,0,Does Not Provide This Service
b3e257ce-770b-4c6c-97d5-90489a951b12,4,Constrained by Market,0,Does Not Provide This Service,0,Does Not Provide This Service
b3faa93a-cf92-4c13-8e8b-0116b81b8056,3,Constrained by Size,0,Does Not Provide This Service,0,Does Not Provide This Service
b3fd19ac-1052-43f9-ab88-e85fb3fbabdb,4,Constrained by Market,0,Does Not Provide This Service,0,Does Not Provide This Service
b40884e6-341f-4b81-89a7-182bc3089a7a,4,Constrained by Market,0,Does Not Provide This Service,0,Does Not Provide This Service
b43308c6-6071-4e93-8f12-8ee1b06a309a,4,Constrained by Market,0,Does Not Provide This Service,0,Does Not Provide This Service
b43aa7b3-be23-48ea-8971-9554944d8ac6,4,Constrained by Market,0,Does Not Provide This Service,0,Does Not Provide This Service
b45b25cd-5a7d-4724-a5ae-50509283a9e9,4,Constrained by Market,0,Does Not Provide This Service,0,Does Not Provide This Service
b484cd47-b297-4bed-99e4-dc6df78b7b14,3,Constrained by Size,5,Highly Constrained,0,Does Not Provide This Service
b48f1e66-d135-46d5-86d0-cce19f804c2f,5,Highly Constrained,0,Does Not Provide This Service,0,Does Not Provide This Service
b4cfa10f-1711-40cb-9d52-472bb6c3abef,4,Constrained by Market,0,Does Not Provide This Service,0,Does Not Provide This Service
b4dc3f3e-f060-45f7-ac33-9b6ba803d751,5,Highly Constrained,0,Does Not Provide This Service,0,Does Not Provide This Service
b4f481c3-48a9-4714-9f2d-0d989f10b32a,5,Highly Constrained,0,Does Not Provide This Service,0,Does Not Provide This Service
b4fe23ed-289c-4cd2-b5cb-0386513f9952,3,Constrained by Size,3,Constrained by Size,0,Does Not Provide This Service
b52199ea-be7f-4108-a853-1c39b44b99b1,0,Does Not Provide This Service,0,Does Not Provide This Service,1,Likely Available
b52e416c-bfff-480b-899b-43f8b9606df0,5,Highly Constrained,0,Does Not Provide This Service,0,Does Not Provide This Service
b5300509-229f-4b00-994d-29f62b7ed7a8,4,Constrained by Market,0,Does Not Provide This Service,0,Does Not Provide This Service
b5483d34-2950-4e0b-a19a-6374997fcf9d,4,Constrained by Market,0,Does Not Provide This Service,0,Does Not Provide This Service
b55057f7-e7ff-4ee4-a022-ae6d5132c70c,5,Highly Constrained,0,Does Not Provide This Service,0,Does Not Provide This Service
b570f0c6-5400-418f-b691-40682585dc74,5,Highly Constrained,0,Does Not Provide This Service,0,Does Not Provide This Service
b57671a6-5b09-48eb-95c2-44f6108f6cb4,5,Highly Constrained,0,Does Not Provide This Service,0,Does Not Provide This Service
b57afd5f-c664-444b-95e0-468d37593c2b,0,Does Not Provide This Service,0,Does Not Provide This Service,4,Constrained by Market
b57edd45-5c38-4440-8b48-aaeea6fef633,4,Constrained by Market,0,Does Not Provide This Service,0,Does Not Provide This Service
b5807c0e-cdff-4898-8f01-3188de404e89,4,Constrained by Market,0,Does Not Provide This Service,0,Does Not Provide This Service
b5a6d429-27f5-486b-ab02-f8f24f65a27b,4,Constrained by Market,0,Does Not Provide This Service,0,Does Not Provide This Service
b5cac1ba-58be-49a4-8fd8-86b4195ddbd3,4,Constrained by Market,0,Does Not Provide This Service,0,Does Not Provide This Service
b5fa23c8-6d08-4b43-ba04-ee3402e920bc,5,Highly Constrained,0,Does Not Provide This Service,0,Does Not Provide This Service
b5fb2ab1-3c6e-4171-a3d2-8b993027f25b,5,Highly Constrained,0,Does Not Provide This Service,0,Does Not Provide This Service
b601494b-c282-498e-8b77-d316a5be6934,4,Constrained by Market,0,Does Not Provide This Service,0,Does Not Provide This Service
b602ee2c-a01e-4474-9e05-6cdb36a4b59a,4,Constrained by Market,0,Does Not Provide This Service,0,Does Not Provide This Service
b611f72f-751b-4638-a433-c0aa5747e931,4,Constrained by Market,0,Does Not Provide This Service,0,Does Not Provide This Service
b61643f8-1713-4fca-a44a-eae5ead5000a,4,Constrained by Market,0,Does Not Provide This Service,0,Does Not Provide This Service
b61920fa-f4b3-44a7-8e2b-f181288cc8bb,4,Constrained by Market,0,Does Not Provide This Service,0,Does Not Provide This Service
b637354f-7b97-4957-bc8a-4122b08c30e5,3,Constrained by Size,1,Likely Available,0,Does Not Provide This Service
b63b444a-47c4-450b-84bc-cee72637f639,5,Highly Constrained,0,Does Not Provide This Service,0,Does Not Provide This Service
b655b066-cad2-43b1-bc09-2fa4f7891d89,0,Does Not Provide This Service,0,Does Not Provide This Service,4,Constrained by Market
b65a6d11-657e-4240-b483-2d0a23fc9d19,4,Constrained by Market,0,Does Not Provide This Service,0,Does Not Provide This Service
b69e0480-db8e-44df-adf1-99638d957e1d,4,Constrained by Market,0,Does Not Provide This Service,0,Does Not Provide This Service
b6d7d281-dbb5-4eed-b1fc-dd16395eb33b,4,Constrained by Market,0,Does Not Provide This Service,0,Does Not Provide This Service
b6dcc006-eb30-4906-864e-83fd37f9593e,2,Potentially Available,0,Does Not Provide This Service,0,Does Not Provide This Service
b6f0b72d-28dd-42b4-9c05-256dc2366559,4,Constrained by Market,0,Does Not Provide This Service,0,Does Not Provide This Service
b7165d69-865d-4eff-8b4c-6a734912b32a,5,Highly Constrained,0,Does Not Provide This Service,0,Does Not Provide This Service
b71d4137-8bf3-45f5-baca-d01c2374c1bc,4,Constrained by Market,0,Does Not Provide This Service,0,Does Not Provide This Service
b720c346-335e-41bc-ba4a-7af2e00dd6ce,4,Constrained by Market,0,Does Not Provide This Service,0,Does Not Provide This Service
b7389609-5483-44b5-86dc-3abef85a09ee,1,Likely Available,1,Likely Available,0,Does Not Provide This Service
b73b0208-cb91-4461-ac4a-0f95aba08908,3,Constrained by Size,0,Does Not Provide This Service,0,Does Not Provide This Service
b7626ac0-28db-46c8-870f-0c0c3c2ea6f5,5,Highly Constrained,0,Does Not Provide This Service,0,Does Not Provide This Service
b765c59f-3073-46c4-b22a-4ecdf4ac9d0a,5,Highly Constrained,0,Does Not Provide This Service,0,Does Not Provide This Service
b776b807-3d95-4861-ba76-61b905b29950,5,Highly Constrained,0,Does Not Provide This Service,0,Does Not Provide This Service
b77c13e8-ce50-4ecb-8e9a-d076c2856a0a,1,Likely Available,1,Likely Available,0,Does Not Provide This Service
b7bcd5d4-dfef-41c6-a4c7-3b9d9b118c5a,5,Highly Constrained,0,Does Not Provide This Service,0,Does Not Provide This Service
b7c5f4e5-c9eb-45a4-a9da-2b4a79f68273,5,Highly Constrained,0,Does Not Provide This Service,0,Does Not Provide This Service
b7d05b92-e6a5-4be2-adc4-15f926a8ad54,5,Highly Constrained,0,Does Not Provide This Service,0,Does Not Provide This Service
b7d8f327-278b-4d1d-ad41-d35702852523,4,Constrained by Market,0,Does Not Provide This Service,0,Does Not Provide This Service
b810e259-169a-4e88-b944-379e92a59068,5,Highly Constrained,0,Does Not Provide This Service,0,Does Not Provide This Service
b8112afe-3381-46d1-a6a6-c4505f90630a,2,Potentially Available,0,Does Not Provide This Service,0,Does Not Provide This Service
b812f459-a777-4b4a-a096-9740c417b43f,4,Constrained by Market,0,Does Not Provide This Service,0,Does Not Provide This Service
b82c7ee0-872b-4c50-8b3a-eefd3bd0c71f,5,Highly Constrained,0,Does Not Provide This Service,0,Does Not Provide This Service
b88dcb00-2959-4f5b-ac1d-7cbb903063ab,5,Highly Constrained,0,Does Not Provide This Service,0,Does Not Provide This Service
b8960c8f-d743-44a5-989c-8dee35cbf380,3,Constrained by Size,0,Does Not Provide This Service,0,Does Not Provide This Service
b8c54006-c13b-4cda-b0b7-258099db9f82,5,Highly Constrained,0,Does Not Provide This Service,0,Does Not Provide This Service
b8c80f66-cfa1-48e2-9210-12bffd6bc77a,4,Constrained by Market,0,Does Not Provide This Service,0,Does Not Provide This Service
b8c98f8f-aae3-4ec5-996c-6c07504a0cd8,1,Likely Available,3,Constrained by Size,0,Does Not Provide This Service
b8e884c3-07f5-458f-9e5e-a9c30bd8c763,5,Highly Constrained,0,Does Not Provide This Service,0,Does Not Provide This Service
b8f4afed-bf17-4c17-8609-2c513667e4bf,5,Highly Constrained,0,Does Not Provide This Service,0,Does Not Provide This Service
b91ed0e3-cb5b-4c59-9590-ff596d795120,4,Constrained by Market,0,Does Not Provide This Service,0,Does Not Provide This Service
b92dfb7c-44d6-4fe2-86bd-d2ea94b47d03,4,Constrained by Market,0,Does Not Provide This Service,0,Does Not Provide This Service
b94386e0-96dd-497b-a5b8-4b42c5d463cb,1,Likely Available,1,Likely Available,0,Does Not Provide This Service
b97543d5-c4dd-462c-82e3-a21f6c7f078e,4,Constrained by Market,0,Does Not Provide This Service,0,Does Not Provide This Service
b9b35325-bcb5-4f3c-92db-0dc517b5404d,3,Constrained by Size,0,Does Not Provide This Service,0,Does Not Provide This Service
b9b7fa9b-dcd6-43e0-b5cc-821cb0c41822,5,Highly Constrained,0,Does Not Provide This Service,0,Does Not Provide This Service
b9b9d953-286e-4566-9b5c-a92e696ac085,5,Highly Constrained,0,Does Not Provide This Service,0,Does Not Provide This Service
b9c9cb4b-7bc1-444c-a710-d645492ef1ae,4,Constrained by Market,0,Does Not Provide This Service,0,Does Not Provide This Service
ba3b8b24-c4d0-43f1-8369-8402bc239f29,2,Potentially Available,0,Does Not Provide This Service,0,Does Not Provide This Service
ba48503e-fada-4ad5-bb39-841504a974bc,2,Potentially Available,0,Does Not Provide This Service,0,Does Not Provide This Service
ba5a1e29-a8a4-41ad-a6da-22cec7cb3bca,4,Constrained by Market,0,Does Not Provide This Service,0,Does Not Provide This Service
ba8144c1-cf14-4964-9b95-3089518483bc,3,Constrained by Size,0,Does Not Provide This Service,0,Does Not Provide This Service
ba81c7ab-154a-49c4-b198-0238958dc52c,5,Highly Constrained,0,Does Not Provide This Service,0,Does Not Provide This Service
ba8422c0-a094-47a8-a443-9a21da99f2af,2,Potentially Available,0,Does Not Provide This Service,0,Does Not Provide This Service
baa2ca3c-9326-4c1d-a036-1470bada8502,4,Constrained by Market,0,Does Not Provide This Service,0,Does Not Provide This Service
babfd093-2039-4057-a1e0-50c8246e71b3,4,Constrained by Market,0,Does Not Provide This Service,0,Does Not Provide This Service
badc90ce-8cb6-4585-8c76-8c558cab6f75,5,Highly Constrained,0,Does Not Provide This Service,0,Does Not Provide This Service
bb0538ae-27d3-4c75-9a82-971f98515e42,0,Does Not Provide This Service,0,Does Not Provide This Service,1,Likely Available
bb0e8798-03b2-4085-b824-f0beac683dd5,5,Highly Constrained,0,Does Not Provide This Service,0,Does Not Provide This Service
bb18bc22-0108-49e2-8a25-441aaac42a6e,4,Constrained by Market,0,Does Not Provide This Service,0,Does Not Provide This Service
bb213cfb-3691-49db-a583-58802df64a47,5,Highly Constrained,0,Does Not Provide This Service,0,Does Not Provide This Service
bb217235-bf29-4ffc-9806-49fb74399781,4,Constrained by Market,0,Does Not Provide This Service,0,Does Not Provide This Service
bb28bcd7-6dc4-4388-855a-3a4d9f8b0ffc,5,Highly Constrained,0,Does Not Provide This Service,0,Does Not Provide This Service
bb47b345-2ce7-4a2e-8842-5f1c29c1105a,2,Potentially Available,0,Does Not Provide This Service,0,Does Not Provide This Service
bb589f93-ea68-4a06-be2c-26d8f70cd00e,4,Constrained by Market,0,Does Not Provide This Service,0,Does Not Provide This Service
bb6698b7-21ff-4f39-9f60-40ebc0253a36,4,Constrained by Market,0,Does Not Provide This Service,0,Does Not Provide This Service
bb6d92ca-1fb7-4f47-b4ff-20216ec76ba8,4,Constrained by Market,0,Does Not Provide This Service,0,Does Not Provide This Service
bb7397ef-05b7-43a5-aebd-26416e457a4c,5,Highly Constrained,0,Does Not Provide This Service,0,Does Not Provide This Service
bbace864-6168-4628-ac57-18c70354e420,4,Constrained by Market,0,Does Not Provide This Service,0,Does Not Provide This Service
bc064db7-8567-4275-96ed-91dda884bfbb,4,Constrained by Market,0,Does Not Provide This Service,0,Does Not Provide This Service
bc17b2f8-949f-4d5f-a6ec-8072b155616d,5,Highly Constrained,0,Does Not Provide This Service,0,Does Not Provide This Service
bc1db7ee-b93f-4657-a9f2-10ac99aba704,5,Highly Constrained,0,Does Not Provide This Service,0,Does Not Provide This Service
bc25b82f-69f0-4fd5-9e61-5c04e5a402fd,4,Constrained by Market,0,Does Not Provide This Service,0,Does Not Provide This Service
bc56167a-fcf5-42e1-9464-68a68dd8b582,5,Highly Constrained,0,Does Not Provide This Service,0,Does Not Provide This Service
bc786ede-c16a-4a35-a39e-c24d01a0ccf7,5,Highly Constrained,0,Does Not Provide This Service,0,Does Not Provide This Service
bc8b7b3f-6d16-4b41-9ad7-a75c9d6418a3,5,Highly Constrained,0,Does Not Provide This Service,0,Does Not Provide This Service
bc8ebec5-74a0-4d96-92c7-a80eec910b7e,5,Highly Constrained,0,Does Not Provide This Service,0,Does Not Provide This Service
bcaf253d-0dda-43a6-9008-ddba0fd831ba,4,Constrained by Market,0,Does Not Provide This Service,0,Does Not Provide This Service
bcb2a1e1-f899-4bca-8c72-f22e4d3d6343,4,Constrained by Market,0,Does Not Provide This Service,0,Does Not Provide This Service
bcbb212b-3739-4006-bb48-621daaf8d689,4,Constrained by Market,0,Does Not Provide This Service,0,Does Not Provide This Service
bccd8f9b-1d0a-43f3-9798-46139579c2d9,5,Highly Constrained,0,Does Not Provide This Service,0,Does Not Provide This Service
bcd575c1-e6c2-4c2c-aa48-54e19fbbad6a,5,Highly Constrained,0,Does Not Provide This Service,0,Does Not Provide This Service
bcefda5b-9f9d-453a-945f-57c860937196,1,Likely Available,1,Likely Available,0,Does Not Provide This Service
bd1364d0-46fd-4573-b530-76a59b224289,0,Does Not Provide This Service,0,Does Not Provide This Service,2,Potentially Available
bd147511-abb2-49a0-bf6b-3a4392166d95,4,Constrained by Market,0,Does Not Provide This Service,0,Does Not Provide This Service
bd22d744-5827-43e6-8c20-41634950e822,5,Highly Constrained,0,Does Not Provide This Service,0,Does Not Provide This Service
bd272d44-3914-4c5c-bc7c-f385d5015585,5,Highly Constrained,0,Does Not Provide This Service,0,Does Not Provide This Service
bd4ef76c-bff3-4ea3-a36a-543c79baea07,4,Constrained by Market,0,Does Not Provide This Service,0,Does Not Provide This Service
bd57b5d0-6faa-4ce8-8a0c-c11afd04b463,4,Constrained by Market,0,Does Not Provide This Service,0,Does Not Provide This Service
bd60845b-5c33-44f1-851b-ed135e8fe490,4,Constrained by Market,0,Does Not Provide This Service,0,Does Not Provide This Service
bd8572c7-cd65-4053-8088-9aaabb527808,4,Constrained by Market,0,Does Not Provide This Service,0,Does Not Provide This Service
bd9121b4-d328-4dfd-9a0c-e475f9214e38,2,Potentially Available,0,Does Not Provide This Service,0,Does Not Provide This Service
bda199f5-9d4a-42dc-9607-25adc58f8c82,5,Highly Constrained,0,Does Not Provide This Service,0,Does Not Provide This Service
bdadf5e6-c581-46a9-87ad-ff2d14e424bd,4,Constrained by Market,0,Does Not Provide This Service,0,Does Not Provide This Service
bdce394c-8669-4723-834b-910be5831065,4,Constrained by Market,0,Does Not Provide This Service,0,Does Not Provide This Service
bdd225aa-67b0-449e-890e-35d526b30875,4,Constrained by Market,0,Does Not Provide This Service,0,Does Not Provide This Service
bddb7597-6f80-48f9-9ec3-50b73c9f59ee,4,Constrained by Market,0,Does Not Provide This Service,0,Does Not Provide This Service
be0235b8-e465-4304-bace-da16ae26e1c6,5,Highly Constrained,0,Does Not Provide This Service,0,Does Not Provide This Service
be104b02-b970-4499-a61a-d68692d261cf,5,Highly Constrained,0,Does Not Provide This Service,0,Does Not Provide This Service
be243227-f059-47a2-8090-859efe95f295,0,Does Not Provide This Service,1,Likely Available,0,Does Not Provide This Service
be4a6c57-021e-4965-a56f-e4b1fcdb54d0,4,Constrained by Market,0,Does Not Provide This Service,0,Does Not Provide This Service
be6dcf7a-e02b-49e0-9a1e-ca7c8a6bcf5d,4,Constrained by Market,0,Does Not Provide This Service,0,Does Not Provide This Service
be822cc4-2354-42d8-a78c-51af937f459b,5,Highly Constrained,0,Does Not Provide This Service,0,Does Not Provide This Service
be90ac57-c6dc-4958-9b87-00e6550c2ea6,5,Highly Constrained,0,Does Not Provide This Service,0,Does Not Provide This Service
bed3068b-74c3-432f-b4f0-54538201fda3,4,Constrained by Market,0,Does Not Provide This Service,0,Does Not Provide This Service
bed58804-5068-4161-8518-3e21e415ee69,5,Highly Constrained,0,Does Not Provide This Service,0,Does Not Provide This Service
bed69f8e-58df-47eb-997a-320d681f352f,3,Constrained by Size,0,Does Not Provide This Service,0,Does Not Provide This Service
bf2f4f92-a93d-4977-9cb3-83c3e6635883,3,Constrained by Size,5,Highly Constrained,0,Does Not Provide This Service
bf35adb2-4d9b-4013-b732-8a955fc08b4d,4,Constrained by Market,0,Does Not Provide This Service,0,Does Not Provide This Service
bf3f7e30-1004-474e-9f40-fd23cd3a92e8,4,Constrained by Market,0,Does Not Provide This Service,0,Does Not Provide This Service
bf42aa5e-94eb-4945-9001-2ccf6a56df64,5,Highly Constrained,0,Does Not Provide This Service,0,Does Not Provide This Service
bf447745-ca21-48aa-9827-f7fa73e499b0,0,Does Not Provide This Service,0,Does Not Provide This Service,5,Highly Constrained
bf46720b-ee69-4680-9fbe-ce58c2ed94fa,5,Highly Constrained,0,Does Not Provide This Service,0,Does Not Provide This Service
bf6a759a-764e-4839-90ed-3c5ef688261e,5,Highly Constrained,0,Does Not Provide This Service,0,Does Not Provide This Service
bf6b180e-a796-4c93-a1e7-a17ba99dbb04,4,Constrained by Market,0,Does Not Provide This Service,0,Does Not Provide This Service
bf72af01-e1ed-41e1-b03a-6bcd789c2ba0,5,Highly Constrained,0,Does Not Provide This Service,0,Does Not Provide This Service
bf7303fd-e86b-47ff-849c-298c6bf1dfae,2,Potentially Available,0,Does Not Provide This Service,0,Does Not Provide This Service
bf78838b-3fca-4ee9-9959-d86b64d8aab2,5,Highly Constrained,0,Does Not Provide This Service,0,Does Not Provide This Service
bf8aadd7-689a-4094-a099-7128bb7d10f4,4,Constrained by Market,0,Does Not Provide This Service,0,Does Not Provide This Service
bfa34c71-be9b-4b87-a39a-5f743c6af3bd,4,Constrained by Market,0,Does Not Provide This Service,0,Does Not Provide This Service
bfabdf78-9901-44a5-9a42-c46b5df5ff6f,5,Highly Constrained,0,Does Not Provide This Service,0,Does Not Provide This Service
bfb13669-bb25-49e6-bbb8-64d80a9fa1a4,4,Constrained by Market,0,Does Not Provide This Service,0,Does Not Provide This Service
bfb31cb7-072b-4f1c-a08f-85a53af533d4,5,Highly Constrained,0,Does Not Provide This Service,0,Does Not Provide This Service
bfefad26-f5a8-48bc-9827-9eb9f65a9578,4,Constrained by Market,0,Does Not Provide This Service,0,Does Not Provide This Service
bff47064-b1c9-4652-8301-3a41db9d8496,3,Constrained by Size,0,Does Not Provide This Service,0,Does Not Provide This Service
c04cd447-40ff-42cc-8c0c-02f1bcf52987,3,Constrained by Size,0,Does Not Provide This Service,0,Does Not Provide This Service
c07b248f-dabb-488d-b617-8b84b78328a6,4,Constrained by Market,0,Does Not Provide This Service,0,Does Not Provide This Service
c07e1b06-d552-42e5-be65-b1061880cf2d,5,Highly Constrained,0,Does Not Provide This Service,0,Does Not Provide This Service
c0840dc9-4b81-4701-811c-99956fe1741f,1,Likely Available,1,Likely Available,0,Does Not Provide This Service
c0e72ac2-1da0-478a-9c2c-a07186c6f350,2,Potentially Available,0,Does Not Provide This Service,0,Does Not Provide This Service
c0f6ae5e-7dd9-468c-9415-d33dde734cca,1,Likely Available,0,Does Not Provide This Service,0,Does Not Provide This Service
c0fd02fb-b9a3-4853-b4c8-032431e60fc1,4,Constrained by Market,0,Does Not Provide This Service,0,Does Not Provide This Service
c132ea09-bced-4539-8fbe-b9e8a8ca84a8,2,Potentially Available,0,Does Not Provide This Service,0,Does Not Provide This Service
c1399f37-6b91-4266-b7d6-da7b687847f9,5,Highly Constrained,0,Does Not Provide This Service,0,Does Not Provide This Service
c13af9d8-cca2-49ba-8dfb-c569e23d63b9,5,Highly Constrained,0,Does Not Provide This Service,0,Does Not Provide This Service
c1490e4c-78cb-470d-9aab-640106f55b21,5,Highly Constrained,0,Does Not Provide This Service,0,Does Not Provide This Service
c15904cb-2c4c-4b2b-bf4f-f353f178bfea,5,Highly Constrained,0,Does Not Provide This Service,0,Does Not Provide This Service
c16926bb-cb51-438b-8996-467428166e2f,4,Constrained by Market,0,Does Not Provide This Service,0,Does Not Provide This Service
c16d4fb1-a6aa-465d-a6e1-fac4f04f26ce,3,Constrained by Size,5,Highly Constrained,0,Does Not Provide This Service
c1942c7f-18d2-4b79-b545-f216cf78926d,4,Constrained by Market,0,Does Not Provide This Service,0,Does Not Provide This Service
c1c5d52a-9b60-40c1-9882-7ca50394ef6f,4,Constrained by Market,0,Does Not Provide This Service,0,Does Not Provide This Service
c1c894fc-17b7-4b72-87ff-c5deb55dbdeb,5,Highly Constrained,0,Does Not Provide This Service,0,Does Not Provide This Service
c1c9e743-5254-4072-8bb5-de20cba2744c,4,Constrained by Market,0,Does Not Provide This Service,0,Does Not Provide This Service
c1d1d3e9-a280-42ba-8692-64c71bc9aa85,5,Highly Constrained,0,Does Not Provide This Service,0,Does Not Provide This Service
c1d8cbea-14eb-45b0-a8de-7360b2d8c342,4,Constrained by Market,0,Does Not Provide This Service,0,Does Not Provide This Service
c1dba8e1-0855-464d-80a6-aaf27702dbc6,5,Highly Constrained,0,Does Not Provide This Service,0,Does Not Provide This Service
c1dc5bb5-1ec8-47b5-952c-9216c8fe3ced,5,Highly Constrained,0,Does Not Provide This Service,0,Does Not Provide This Service
c1eb6da6-67f4-43ad-a92d-28d6039a4909,3,Constrained by Size,0,Does Not Provide This Service,0,Does Not Provide This Service
c1f9fd75-e598-4458-a1d2-dd89c4d53410,4,Constrained by Market,0,Does Not Provide This Service,0,Does Not Provide This Service
c209e629-f659-4e2f-9661-af0ca546ffda,5,Highly Constrained,0,Does Not Provide This Service,0,Does Not Provide This Service
c212692f-ba67-445c-9617-58729380f1b8,5,Highly Constrained,0,Does Not Provide This Service,0,Does Not Provide This Service
c21302ee-fbc1-49d4-8890-40807f8d2a08,4,Constrained by Market,0,Does Not Provide This Service,0,Does Not Provide This Service
c224ddd2-a340-4942-8eef-71991ed6b9e0,5,Highly Constrained,0,Does Not Provide This Service,0,Does Not Provide This Service
c232879d-0b5c-4597-a03c-2fa755a2e66f,5,Highly Constrained,0,Does Not Provide This Service,0,Does Not Provide This Service
c23a8a82-9ffb-433a-8d20-34246dd8279b,3,Constrained by Size,0,Does Not Provide This Service,0,Does Not Provide This Service
c245a71f-62a4-47f4-91e3-63d4788908c1,4,Constrained by Market,0,Does Not Provide This Service,0,Does Not Provide This Service
c2554998-62be-41d5-bbbf-13742a1176fc,5,Highly Constrained,0,Does Not Provide This Service,0,Does Not Provide This Service
c27d19e6-a65b-40f0-8a87-64fc12201f43,2,Potentially Available,0,Does Not Provide This Service,0,Does Not Provide This Service
c2a83dcc-38f7-467c-8984-61463226259f,5,Highly Constrained,0,Does Not Provide This Service,0,Does Not Provide This Service
c2b2eabf-ef5d-40b8-8248-c9d414ca5a9c,5,Highly Constrained,0,Does Not Provide This Service,0,Does Not Provide This Service
c2c5e2e3-4271-437b-b424-7db9314b9d2a,5,Highly Constrained,0,Does Not Provide This Service,0,Does Not Provide This Service
c2cf5073-d7c3-4fbe-a61f-7eec0f7caea3,2,Potentially Available,0,Does Not Provide This Service,0,Does Not Provide This Service
c2d98a19-f383-4c1f-8b12-2435e9f6c019,4,Constrained by Market,0,Does Not Provide This Service,0,Does Not Provide This Service
c2da267d-8960-42f3-aafa-d8ec28682aea,4,Constrained by Market,0,Does Not Provide This Service,0,Does Not Provide This Service
c2e4b96b-520b-4d79-bfb8-f53439b41581,5,Highly Constrained,0,Does Not Provide This Service,0,Does Not Provide This Service
c2ea3720-c22a-4f59-b4ec-301791f2b226,4,Constrained by Market,0,Does Not Provide This Service,0,Does Not Provide This Service
c3100b29-e93c-43dc-a990-737a1d830803,5,Highly Constrained,0,Does Not Provide This Service,0,Does Not Provide This Service
c32b5070-a978-4634-a32e-20c433c01d29,5,Highly Constrained,0,Does Not Provide This Service,0,Does Not Provide This Service
c333fa6c-e1a0-4ed5-9865-0245ae6a9af0,5,Highly Constrained,0,Does Not Provide This Service,0,Does Not Provide This Service
c336d036-1cf0-442c-b920-0653f7e611fa,4,Constrained by Market,0,Does Not Provide This Service,0,Does Not Provide This Service
c339c692-d743-4efd-bc1d-7ffd5ff25fac,5,Highly Constrained,0,Does Not Provide This Service,0,Does Not Provide This Service
c35d995f-9811-4ff5-902d-434bcdaf0cd6,5,Highly Constrained,0,Does Not Provide This Service,0,Does Not Provide This Service
c36ace30-fc1a-4d79-a63d-20e4c712765c,2,Potentially Available,0,Does Not Provide This Service,0,Does Not Provide This Service
c3a53e7d-1355-441e-9547-c19c908b090c,3,Constrained by Size,0,Does Not Provide This Service,0,Does Not Provide This Service
c3ba3d12-dc50-4c23-8b4d-7e26a8bc1709,0,Does Not Provide This Service,0,Does Not Provide This Service,4,Constrained by Market
c3bfb466-d037-4ee5-b0e8-64f5f13cf78d,4,Constrained by Market,0,Does Not Provide This Service,0,Does Not Provide This Service
c3de8913-4da9-4e23-b0d1-e85bd96ae985,5,Highly Constrained,0,Does Not Provide This Service,0,Does Not Provide This Service
c3e63257-3a26-471f-97fe-9ae5a1a4df53,1,Likely Available,0,Does Not Provide This Service,0,Does Not Provide This Service
c3f4e498-b6b3-46e1-800a-d7e70ebd1f88,4,Constrained by Market,0,Does Not Provide This Service,0,Does Not Provide This Service
c4152c5c-4b72-4b43-8419-c9db191fc14f,2,Potentially Available,0,Does Not Provide This Service,0,Does Not Provide This Service
c42f0a7a-1ad3-47ea-954a-598e21442c27,5,Highly Constrained,0,Does Not Provide This Service,0,Does Not Provide This Service
c4301c13-48ee-4d6d-96d1-042a748c66e6,4,Constrained by Market,0,Does Not Provide This Service,0,Does Not Provide This Service
c43b04c1-8af4-4761-b88a-0161709b9f9e,4,Constrained by Market,0,Does Not Provide This Service,0,Does Not Provide This Service
c43f6be9-fd5f-4f37-89bc-b20f4d59c9f3,4,Constrained by Market,0,Does Not Provide This Service,0,Does Not Provide This Service
c44298a2-9cdd-4964-940f-0d97246c6945,5,Highly Constrained,0,Does Not Provide This Service,0,Does Not Provide This Service
c46e814d-2704-478c-abd3-8da8e54ceba4,4,Constrained by Market,0,Does Not Provide This Service,0,Does Not Provide This Service
c4778cf9-8aaf-4462-8c62-26d08ba17703,4,Constrained by Market,0,Does Not Provide This Service,0,Does Not Provide This Service
c48a4d64-8e7a-44d5-8fcf-9c7e0732f9b2,4,Constrained by Market,0,Does Not Provide This Service,0,Does Not Provide This Service
c4ca9171-1105-4a76-9363-aeca157db19a,5,Highly Constrained,0,Does Not Provide This Service,0,Does Not Provide This Service
c4e750b5-a519-4e53-9ced-a899542b00ab,4,Constrained by Market,0,Does Not Provide This Service,0,Does Not Provide This Service
c4f839f1-2047-4dad-8560-ff4afbdc4c55,4,Constrained by Market,0,Does Not Provide This Service,0,Does Not Provide This Service
c508e323-2edf-424f-b44a-8bd6dda17867,5,Highly Constrained,0,Does Not Provide This Service,0,Does Not Provide This Service
c50964e6-7c43-4478-acc2-afb844244c88,2,Potentially Available,0,Does Not Provide This Service,0,Does Not Provide This Service
c50ea7b5-1085-4dd4-82ea-d8dd888f161e,2,Potentially Available,0,Does Not Provide This Service,0,Does Not Provide This Service
c51359e9-8822-45c6-9842-bf559d0268e9,4,Constrained by Market,0,Does Not Provide This Service,0,Does Not Provide This Service
c523db97-d843-43e7-9e1f-51ebab1fb96e,0,Does Not Provide This Service,0,Does Not Provide This Service,3,Constrained by Size
c5273814-4985-478a-9593-bb722aecc32f,5,Highly Constrained,0,Does Not Provide This Service,0,Does Not Provide This Service
c56db5d9-9a0b-4e6c-bdce-819457e7dee9,4,Constrained by Market,0,Does Not Provide This Service,0,Does Not Provide This Service
c5717144-defd-4eb0-af36-9836c5d520dd,2,Potentially Available,0,Does Not Provide This Service,0,Does Not Provide This Service
c57f33a0-2b42-427e-9451-411f8dbb4138,2,Potentially Available,0,Does Not Provide This Service,0,Does Not Provide This Service
c5928af7-ae41-4c99-97f8-ed5781cc7e7f,0,Does Not Provide This Service,4,Constrained by Market,0,Does Not Provide This Service
c594fef3-6401-4231-a2bd-63543e931733,4,Constrained by Market,0,Does Not Provide This Service,0,Does Not Provide This Service
c5add1ca-1abb-4667-8edd-384bc77abaa2,4,Constrained by Market,0,Does Not Provide This Service,0,Does Not Provide This Service
c5bff73b-f657-4c78-9737-17aacbd0a4ee,4,Constrained by Market,0,Does Not Provide This Service,0,Does Not Provide This Service
c5e1ea93-1030-4340-88a5-82e9b9dd2c9f,4,Constrained by Market,0,Does Not Provide This Service,0,Does Not Provide This Service
c5e7f951-d61e-4693-beee-6a08d98a2c22,5,Highly Constrained,0,Does Not Provide This Service,0,Does Not Provide This Service
c5f5924a-fb8b-42a5-9316-2673e480b15d,4,Constrained by Market,0,Does Not Provide This Service,0,Does Not Provide This Service
c612a532-edb6-4f8d-aac7-8b33e37b47b0,5,Highly Constrained,0,Does Not Provide This Service,0,Does Not Provide This Service
c66ce3d5-4c67-4d5e-bc74-7cad523ba5bb,4,Constrained by Market,0,Does Not Provide This Service,0,Does Not Provide This Service
c69470f4-6f81-485a-aea6-525f12bc3cbe,5,Highly Constrained,0,Does Not Provide This Service,0,Does Not Provide This Service
c696739c-0c44-4392-925c-ddbcc583997f,4,Constrained by Market,0,Does Not Provide This Service,0,Does Not Provide This Service
c6b64007-e721-415d-ad2a-ed1ee8f4f72a,3,Constrained by Size,0,Does Not Provide This Service,0,Does Not Provide This Service
c6b92717-987a-4671-8129-2452f582ce6b,4,Constrained by Market,0,Does Not Provide This Service,0,Does Not Provide This Service
c6c17ee4-d1fd-40b9-a9e9-e8e73ddf2d4a,4,Constrained by Market,0,Does Not Provide This Service,0,Does Not Provide This Service
c6d7359b-95b8-484d-ba04-71fd49854f46,5,Highly Constrained,0,Does Not Provide This Service,0,Does Not Provide This Service
c6ddc946-eeb3-4e5a-b7bf-469795249b26,4,Constrained by Market,0,Does Not Provide This Service,0,Does Not Provide This Service
c6e0ff86-b010-4be9-a166-ed49879b4024,0,Does Not Provide This Service,3,Constrained by Size,0,Does Not Provide This Service
c6fb90e7-e195-4b42-b9c1-7b659d0e2714,0,Does Not Provide This Service,0,Does Not Provide This Service,1,Likely Available
c7163c74-3669-4d9b-9e42-c4f515f87227,4,Constrained by Market,0,Does Not Provide This Service,0,Does Not Provide This Service
c71ba5ec-f74f-480b-a2d3-698a8c46fd79,4,Constrained by Market,0,Does Not Provide This Service,0,Does Not Provide This Service
c74cd18f-66b9-4bde-a1e5-cd91145140ab,0,Does Not Provide This Service,0,Does Not Provide This Service,5,Highly Constrained
c766947f-5594-4e86-ad2b-b38ca04ff34e,4,Constrained by Market,0,Does Not Provide This Service,0,Does Not Provide This Service
c780a35d-ff6d-4210-8b64-119e7c8a8907,0,Does Not Provide This Service,0,Does Not Provide This Service,1,Likely Available
c79e816d-5395-433b-a404-8f922da4a30f,4,Constrained by Market,0,Does Not Provide This Service,0,Does Not Provide This Service
c7c90a31-ad8f-430b-b7f5-3e37f4915e64,4,Constrained by Market,0,Does Not Provide This Service,0,Does Not Provide This Service
c7e07d26-068c-4fc7-bb39-b47f13843096,4,Constrained by Market,0,Does Not Provide This Service,0,Does Not Provide This Service
c7f041af-f0b9-436a-85b0-c4d1f1312731,0,Does Not Provide This Service,0,Does Not Provide This Service,4,Constrained by Market
c7f62702-715c-4e82-9d24-a98a26acf545,4,Constrained by Market,0,Does Not Provide This Service,0,Does Not Provide This Service
c82f79f7-c9c5-4d1b-848d-7f0fd1747ca7,5,Highly Constrained,0,Does Not Provide This Service,0,Does Not Provide This Service
c841ede3-6faa-4f3d-8a47-a54ad4052566,4,Constrained by Market,0,Does Not Provide This Service,0,Does Not Provide This Service
c85227c2-2573-46cf-80ca-c993248cef84,4,Constrained by Market,0,Does Not Provide This Service,0,Does Not Provide This Service
c86037e1-6a19-4a65-9227-6f89a3e49598,4,Constrained by Market,0,Does Not Provide This Service,0,Does Not Provide This Service
c866a33c-7201-4828-b030-a1c8c7f422e4,5,Highly Constrained,0,Does Not Provide This Service,0,Does Not Provide This Service
c8908fb8-0ac2-40bc-8a5b-4d7d18980356,4,Constrained by Market,0,Does Not Provide This Service,0,Does Not Provide This Service
c89b6b37-31b4-4d1c-83ff-38907acd2aff,5,Highly Constrained,0,Does Not Provide This Service,0,Does Not Provide This Service
c8aa2a68-7a27-4af4-831b-72127f82593f,4,Constrained by Market,0,Does Not Provide This Service,0,Does Not Provide This Service
c8b3dc7c-a04c-48e8-b9c1-70d7bfe8186c,0,Does Not Provide This Service,0,Does Not Provide This Service,1,Likely Available
c8b662c4-c0ca-49f4-b306-b55a16987677,0,Does Not Provide This Service,0,Does Not Provide This Service,1,Likely Available
c8bccc30-9af3-4893-a98f-3d9764c80e5f,0,Does Not Provide This Service,4,Constrained by Market,0,Does Not Provide This Service
c8c48ce4-f456-4e1c-a8e1-caf2ca48889d,2,Potentially Available,0,Does Not Provide This Service,0,Does Not Provide This Service
c8c71563-1f57-4aa7-93ea-9f47c584bf69,4,Constrained by Market,0,Does Not Provide This Service,0,Does Not Provide This Service
c8e8933f-a4e4-4671-89df-9c8a63b4a297,3,Constrained by Size,0,Does Not Provide This Service,0,Does Not Provide This Service
c8ee3aef-771b-4807-8f19-8b4973e0ab5c,5,Highly Constrained,0,Does Not Provide This Service,0,Does Not Provide This Service
c8ef7634-819b-464f-848f-cc6d13670738,4,Constrained by Market,0,Does Not Provide This Service,0,Does Not Provide This Service
c96c425c-3701-4106-82f4-cc6797c628b7,5,Highly Constrained,0,Does Not Provide This Service,0,Does Not Provide This Service
c9854cd8-6db6-49e2-8465-91700782c927,4,Constrained by Market,0,Does Not Provide This Service,0,Does Not Provide This Service
c9869b9c-86ae-4764-ae65-83d763bdb523,4,Constrained by Market,0,Does Not Provide This Service,0,Does Not Provide This Service
c98feb66-66e7-4f43-a19b-81375340478c,5,Highly Constrained,0,Does Not Provide This Service,0,Does Not Provide This Service
c9a9ac2c-6542-4afa-8ce1-c052520b6199,4,Constrained by Market,0,Does Not Provide This Service,0,Does Not Provide This Service
c9cc272d-7719-4c72-bdc7-5f430a82c91a,4,Constrained by Market,0,Does Not Provide This Service,0,Does Not Provide This Service
c9cfec01-b732-4d6e-b575-dfcee6d75dd7,5,Highly Constrained,0,Does Not Provide This Service,0,Does Not Provide This Service
c9d175e8-daba-4eb1-95ae-cb0121fdf698,4,Constrained by Market,0,Does Not Provide This Service,0,Does Not Provide This Service
c9e77303-419a-457c-a698-a2efa32c00d1,4,Constrained by Market,0,Does Not Provide This Service,0,Does Not Provide This Service
c9e8291b-065f-410c-9315-d7b300a5394a,5,Highly Constrained,0,Does Not Provide This Service,0,Does Not Provide This Service
c9eb39fd-f397-4b8f-ada4-1b2593c32139,4,Constrained by Market,0,Does Not Provide This Service,0,Does Not Provide This Service
c9fc06fa-0274-4ea9-b4b5-357e1feb62b5,5,Highly Constrained,0,Does Not Provide This Service,0,Does Not Provide This Service
ca0d7503-7d7f-49f2-98ca-2c954705faec,2,Potentially Available,0,Does Not Provide This Service,0,Does Not Provide This Service
ca1355ec-e2b9-4414-bbd6-bafdeee75245,4,Constrained by Market,0,Does Not Provide This Service,0,Does Not Provide This Service
ca1a9305-3a8c-4d46-99f5-572dad6f940e,5,Highly Constrained,0,Does Not Provide This Service,0,Does Not Provide This Service
ca262519-97b7-46dd-8a2b-ef3c92f4f273,3,Constrained by Size,0,Does Not Provide This Service,0,Does Not Provide This Service
ca4974ce-8803-46af-8c19-61776a63deaf,2,Potentially Available,0,Does Not Provide This Service,0,Does Not Provide This Service
ca68528f-fc88-4b6e-b014-40370580556a,5,Highly Constrained,0,Does Not Provide This Service,0,Does Not Provide This Service
ca68eb16-3952-45f4-adf5-b78803f5bb26,4,Constrained by Market,0,Does Not Provide This Service,0,Does Not Provide This Service
ca71f340-41cd-4f12-8ef4-e02139169ca5,2,Potentially Available,0,Does Not Provide This Service,0,Does Not Provide This Service
ca9dfafb-165e-4b18-8a8d-2f25ea29e83e,4,Constrained by Market,0,Does Not Provide This Service,0,Does Not Provide This Service
cab49229-02ea-4558-88de-23b84424af55,4,Constrained by Market,0,Does Not Provide This Service,0,Does Not Provide This Service
cae28b9b-34ae-499e-a45b-de1024b51059,5,Highly Constrained,0,Does Not Provide This Service,0,Does Not Provide This Service
cae35878-53e2-4ede-8108-1d43ea8af124,4,Constrained by Market,0,Does Not Provide This Service,0,Does Not Provide This Service
cb01962d-5d89-4930-a362-49a4c2b382e8,4,Constrained by Market,0,Does Not Provide This Service,0,Does Not Provide This Service
cb03e7f5-131c-4a04-ad27-38bf7e7138b1,4,Constrained by Market,0,Does Not Provide This Service,0,Does Not Provide This Service
cb460ea2-f7e6-4612-a7b6-6be09c14ddef,5,Highly Constrained,0,Does Not Provide This Service,0,Does Not Provide This Service
cb685170-bb9b-4cd1-b771-71cded3c0839,5,Highly Constrained,0,Does Not Provide This Service,0,Does Not Provide This Service
cb6d6628-a9db-4130-8f2c-7d001c4d5e49,4,Constrained by Market,0,Does Not Provide This Service,0,Does Not Provide This Service
cb784d87-c50b-45bc-a84a-e036d97680ae,4,Constrained by Market,0,Does Not Provide This Service,0,Does Not Provide This Service
cb81019c-61ff-4dc5-9f69-d822bbb3c71d,0,Does Not Provide This Service,0,Does Not Provide This Service,2,Potentially Available
cb8b058d-60d4-470d-af7c-d1058d0a4ebb,5,Highly Constrained,0,Does Not Provide This Service,0,Does Not Provide This Service
cb92451e-5909-4721-a935-9484ff03fa0e,4,Constrained by Market,0,Does Not Provide This Service,0,Does Not Provide This Service
cba5346c-1867-405a-8399-a733679c0ad7,4,Constrained by Market,0,Does Not Provide This Service,0,Does Not Provide This Service
cbd85e72-0b82-499e-b5ee-263eea563cdf,0,Does Not Provide This Service,0,Does Not Provide This Service,3,Constrained by Size
cbd8e218-797f-4296-92b8-610a616cf763,0,Does Not Provide This Service,0,Does Not Provide This Service,1,Likely Available
cbf37dd7-ba69-4258-a34c-dcff8e8f4411,4,Constrained by Market,0,Does Not Provide This Service,0,Does Not Provide This Service
cbfdc8a1-eae3-4b4e-bb37-667bb73d6fa8,5,Highly Constrained,0,Does Not Provide This Service,0,Does Not Provide This Service
cbfeefeb-2545-4469-a4e4-22e1954a6178,5,Highly Constrained,0,Does Not Provide This Service,0,Does Not Provide This Service
cc069748-3353-44e6-b9ba-871bb07ae6f4,0,Does Not Provide This Service,0,Does Not Provide This Service,4,Constrained by Market
cc385c86-96cb-47e9-9b44-7eee2388711a,4,Constrained by Market,0,Does Not Provide This Service,0,Does Not Provide This Service
cc5fd5aa-1954-44f3-8d33-99ce6c69d0fa,5,Highly Constrained,0,Does Not Provide This Service,0,Does Not Provide This Service
cc842701-b654-4731-8fe6-8c5bb34dda73,4,Constrained by Market,0,Does Not Provide This Service,0,Does Not Provide This Service
cc94efd8-1808-46fe-bcea-a50076d40ef8,3,Constrained by Size,0,Does Not Provide This Service,0,Does Not Provide This Service
ccaa7228-fb59-416c-9990-b4bb340bbfe7,3,Constrained by Size,0,Does Not Provide This Service,0,Does Not Provide This Service
ccaba7f7-766c-4a0f-8c82-cb42201f2746,5,Highly Constrained,0,Does Not Provide This Service,0,Does Not Provide This Service
ccbf1c0c-37db-40e0-89d0-cf4f2a6f6198,4,Constrained by Market,0,Does Not Provide This Service,0,Does Not Provide This Service
ccc0cd0f-d193-4619-974c-21a9224aeff4,5,Highly Constrained,0,Does Not Provide This Service,0,Does Not Provide This Service
cd23ef49-ab59-4de0-ac63-480f44354352,4,Constrained by Market,0,Does Not Provide This Service,0,Does Not Provide This Service
cd3c0ce3-8fd4-4e06-94dc-3da8e7c5d2a4,5,Highly Constrained,0,Does Not Provide This Service,0,Does Not Provide This Service
cd4aeca9-d61b-4efe-8eaa-fa926c560c37,4,Constrained by Market,0,Does Not Provide This Service,0,Does Not Provide This Service
cd4d7691-4c9a-4b79-b48c-49ae0b8175f2,0,Does Not Provide This Service,0,Does Not Provide This Service,1,Likely Available
cd4ed711-24f6-4288-af70-69ae4b0ad596,4,Constrained by Market,0,Does Not Provide This Service,0,Does Not Provide This Service
cd60e17e-f2c2-4746-b452-741818f2f626,4,Constrained by Market,0,Does Not Provide This Service,0,Does Not Provide This Service
cd741f66-af63-4764-b132-246e98b36a26,4,Constrained by Market,0,Does Not Provide This Service,0,Does Not Provide This Service
cdbebc09-7729-422c-89e8-f626d023955e,0,Does Not Provide This Service,0,Does Not Provide This Service,2,Potentially Available
cdd916a8-ca34-4b33-a094-9180e48a0115,0,Does Not Provide This Service,0,Does Not Provide This Service,2,Potentially Available
cde35fb4-f8f2-4bf5-ad06-a5798cb4c9d2,5,Highly Constrained,0,Does Not Provide This Service,0,Does Not Provide This Service
cdf09881-a731-40f5-a126-51417eabac72,5,Highly Constrained,0,Does Not Provide This Service,0,Does Not Provide This Service
ce0bb552-c6c5-4e05-8f54-04237cbc87ec,1,Likely Available,1,Likely Available,0,Does Not Provide This Service
ce20e436-6eaa-4b5c-8374-3016597a714d,0,Does Not Provide This Service,0,Does Not Provide This Service,3,Constrained by Size
ce389089-f0ba-44ab-83f8-39a34e9bb80c,4,Constrained by Market,0,Does Not Provide This Service,0,Does Not Provide This Service
ce62f266-2e85-4cc0-8856-49cb843f3efa,4,Constrained by Market,0,Does Not Provide This Service,0,Does Not Provide This Service
ce64cc58-55a1-486a-afbd-4bc3269fc91f,5,Highly Constrained,0,Does Not Provide This Service,0,Does Not Provide This Service
ce676f13-f83d-4ae2-944a-f5f97b834429,0,Does Not Provide This Service,0,Does Not Provide This Service,4,Constrained by Market
ce7a04d8-174d-4254-8bd5-bb53c49f760c,4,Constrained by Market,0,Does Not Provide This Service,0,Does Not Provide This Service
ce8e0ada-ce49-4a1b-8dbb-a383023778bd,5,Highly Constrained,0,Does Not Provide This Service,0,Does Not Provide This Service
cebc69d3-e228-4991-b620-5075807c51f4,4,Constrained by Market,0,Does Not Provide This Service,0,Does Not Provide This Service
ced1a632-6067-48fd-9116-75f1ca871954,2,Potentially Available,0,Does Not Provide This Service,0,Does Not Provide This Service
ced524ab-8bdb-4f6d-be26-b482342b08a5,4,Constrained by Market,0,Does Not Provide This Service,0,Does Not Provide This Service
ceeb4007-0d95-423e-ae4d-d9427b50d99d,3,Constrained by Size,0,Does Not Provide This Service,0,Does Not Provide This Service
ceecac22-4f84-4915-b1fb-391287a6aa32,0,Does Not Provide This Service,0,Does Not Provide This Service,2,Potentially Available
cf038269-d496-43f1-877f-600361bc5d7d,4,Constrained by Market,0,Does Not Provide This Service,0,Does Not Provide This Service
cf1bd1e2-11ca-43d8-8234-aa0c0cee9a44,4,Constrained by Market,0,Does Not Provide This Service,0,Does Not Provide This Service
cf21e635-a376-43cb-8dce-8158a3597db7,5,Highly Constrained,0,Does Not Provide This Service,0,Does Not Provide This Service
cf281847-9cd0-4a45-a1c3-e5aecbc0f6b5,5,Highly Constrained,0,Does Not Provide This Service,0,Does Not Provide This Service
cf29b686-80bc-48cd-8e80-2bee9532e0be,4,Constrained by Market,0,Does Not Provide This Service,0,Does Not Provide This Service
cf2ac606-bfb4-444f-8e0c-5730f62e0551,0,Does Not Provide This Service,0,Does Not Provide This Service,1,Likely Available
cf3a34e8-9d47-41a8-99a4-cb9fee0a69e3,5,Highly Constrained,0,Does Not Provide This Service,0,Does Not Provide This Service
cf3c0096-8d60-478f-a71a-43545d0c36e8,5,Highly Constrained,0,Does Not Provide This Service,0,Does Not Provide This Service
cf63403e-7cf9-4b94-a85d-4a8a40f088f9,5,Highly Constrained,0,Does Not Provide This Service,0,Does Not Provide This Service
cf70a40d-2987-43fd-a6d3-0fbce70554e2,4,Constrained by Market,0,Does Not Provide This Service,0,Does Not Provide This Service
cf95e0e4-6c7f-4d4c-97eb-8479de0ae458,3,Constrained by Size,0,Does Not Provide This Service,0,Does Not Provide This Service
cfc46c38-3941-4dea-aadd-ed7b662767dc,5,Highly Constrained,0,Does Not Provide This Service,0,Does Not Provide This Service
cfd2d4cb-8347-41fc-8e7c-8f4c147d0c35,5,Highly Constrained,0,Does Not Provide This Service,0,Does Not Provide This Service
cfdb2a4f-c892-4a01-bc12-dc7268aa42f7,4,Constrained by Market,0,Does Not Provide This Service,0,Does Not Provide This Service
cfff9dc3-cb31-480e-9be4-7c7f2b6cffb4,0,Does Not Provide This Service,0,Does Not Provide This Service,2,Potentially Available
d00151c4-06cf-433c-be2c-b7119afcc29f,4,Constrained by Market,0,Does Not Provide This Service,0,Does Not Provide This Service
d002cb24-b624-48c6-a6d2-28156a165fbe,4,Constrained by Market,0,Does Not Provide This Service,0,Does Not Provide This Service
d04a6294-4437-4577-a1ee-1af85c1a0851,0,Does Not Provide This Service,0,Does Not Provide This Service,1,Likely Available
d056638d-c6f3-42ff-bf6a-0743f644a601,4,Constrained by Market,0,Does Not Provide This Service,0,Does Not Provide This Service
d05999ee-04be-4f48-ab5e-d1287d67c1cb,1,Likely Available,1,Likely Available,0,Does Not Provide This Service
d0673159-a4ca-497e-98af-dd50ce41c2ca,0,Does Not Provide This Service,0,Does Not Provide This Service,2,Potentially Available
d06e6aec-1a58-4150-ab58-0ad06c061228,4,Constrained by Market,0,Does Not Provide This Service,0,Does Not Provide This Service
d08b8e9e-6a51-4bde-ae16-3487c615b15e,3,Constrained by Size,0,Does Not Provide This Service,0,Does Not Provide This Service
d09438ff-89ed-449f-b3b3-d36fe2de1059,4,Constrained by Market,0,Does Not Provide This Service,0,Does Not Provide This Service
d09bf8b9-2567-4f71-84e0-12ef3e789353,4,Constrained by Market,0,Does Not Provide This Service,0,Does Not Provide This Service
d0ad35a6-d792-4d4f-b897-47616abf0ead,4,Constrained by Market,0,Does Not Provide This Service,0,Does Not Provide This Service
d0cd8171-a2e1-40ff-9283-d405226d8961,4,Constrained by Market,0,Does Not Provide This Service,0,Does Not Provide This Service
d0e30c7d-705b-45ea-9567-5c77ff5c8418,4,Constrained by Market,0,Does Not Provide This Service,0,Does Not Provide This Service
d1188992-1494-4a2c-9a07-0827087f3467,4,Constrained by Market,0,Does Not Provide This Service,0,Does Not Provide This Service
d12b2c89-8ae0-4a6f-8cd7-c77ca10eb1d3,4,Constrained by Market,0,Does Not Provide This Service,0,Does Not Provide This Service
d14c6652-71c6-4da9-a04c-d846306e3336,0,Does Not Provide This Service,0,Does Not Provide This Service,1,Likely Available
d152d796-2e2b-49ab-aec2-4d72ec103996,4,Constrained by Market,0,Does Not Provide This Service,0,Does Not Provide This Service
d181f3be-fa96-4c43-8a95-e8856fbb2331,3,Constrained by Size,0,Does Not Provide This Service,0,Does Not Provide This Service
d19bbb16-4710-4ff5-989d-30535cfda7cc,0,Does Not Provide This Service,0,Does Not Provide This Service,1,Likely Available
d1b386f8-8038-4551-935b-815179c83d2d,4,Constrained by Market,0,Does Not Provide This Service,0,Does Not Provide This Service
d1b3ff6b-9380-4076-9619-1240eb11429d,4,Constrained by Market,0,Does Not Provide This Service,0,Does Not Provide This Service
d1ff8e8b-2581-4be2-98e4-831e5379a6a5,4,Constrained by Market,0,Does Not Provide This Service,0,Does Not Provide This Service
d23e582f-6352-446d-980a-d389e4b6425e,4,Constrained by Market,0,Does Not Provide This Service,0,Does Not Provide This Service
d27111ac-05dd-4924-944e-b3bb3611133a,5,Highly Constrained,0,Does Not Provide This Service,0,Does Not Provide This Service
d278c9fa-422e-4af4-9cf1-676a54a8eb41,5,Highly Constrained,0,Does Not Provide This Service,0,Does Not Provide This Service
d289ada9-9db8-4c93-9745-b9d399b08288,2,Potentially Available,0,Does Not Provide This Service,0,Does Not Provide This Service
d2a1c29f-1988-4360-bb1c-4ece1d4e86b4,0,Does Not Provide This Service,0,Does Not Provide This Service,1,Likely Available
d2c4a836-7c31-4eb5-97d9-9a88048e49ff,1,Likely Available,0,Does Not Provide This Service,0,Does Not Provide This Service
d2d6f39b-e658-4dad-a3e8-bc0c8de5ddbc,5,Highly Constrained,0,Does Not Provide This Service,0,Does Not Provide This Service
d32505c3-04a5-48ee-a46d-5feafac0d956,4,Constrained by Market,0,Does Not Provide This Service,0,Does Not Provide This Service
d32985cc-de07-4e63-a2a4-fe6b2ae0f425,5,Highly Constrained,0,Does Not Provide This Service,0,Does Not Provide This Service
d336ccb4-4ba3-49ab-884c-3d1805ecdfde,2,Potentially Available,0,Does Not Provide This Service,0,Does Not Provide This Service
d336efb9-50d1-46bc-ab1e-e383d68a0c66,4,Constrained by Market,0,Does Not Provide This Service,0,Does Not Provide This Service
d340fa0e-ca23-4346-920a-651b09a34c77,4,Constrained by Market,0,Does Not Provide This Service,0,Does Not Provide This Service
d3437ca6-f1f1-4e9a-8a41-9be6294535a8,3,Constrained by Size,0,Does Not Provide This Service,0,Does Not Provide This Service
d353fc6e-c6cb-427f-ad03-13f2efa9343b,4,Constrained by Market,0,Does Not Provide This Service,0,Does Not Provide This Service
d3624a53-5156-43f8-a66e-822487a96de5,4,Constrained by Market,0,Does Not Provide This Service,0,Does Not Provide This Service
d37c4e4a-c0fd-4a49-bb2a-7022da547957,5,Highly Constrained,0,Does Not Provide This Service,0,Does Not Provide This Service
d380ac64-21ed-48f2-868e-c5e9194db07d,4,Constrained by Market,0,Does Not Provide This Service,0,Does Not Provide This Service
d380c4d8-0cdb-4c0e-8419-e89d48a46566,0,Does Not Provide This Service,0,Does Not Provide This Service,5,Highly Constrained
d396940c-69a2-4c22-ae4b-7a5f91e01384,5,Highly Constrained,0,Does Not Provide This Service,0,Does Not Provide This Service
d39907b2-0718-482b-96c9-8babba29dd78,1,Likely Available,0,Does Not Provide This Service,0,Does Not Provide This Service
d3a5658b-78d3-4d71-8b63-0f3400d98526,4,Constrained by Market,0,Does Not Provide This Service,0,Does Not Provide This Service
d3ac8858-e0f0-4400-9257-5de4e2695ecb,5,Highly Constrained,0,Does Not Provide This Service,0,Does Not Provide This Service
d3c2eff7-3e32-44d3-bd09-52fbd7415888,4,Constrained by Market,0,Does Not Provide This Service,0,Does Not Provide This Service
d3d5be78-be56-4801-8ea3-2fe98d3e7c05,4,Constrained by Market,0,Does Not Provide This Service,0,Does Not Provide This Service
d40aafce-432a-48ee-8068-70d530b91950,0,Does Not Provide This Service,0,Does Not Provide This Service,2,Potentially Available
d41c5c00-d470-4755-9392-41c6f06ca1c6,5,Highly Constrained,0,Does Not Provide This Service,0,Does Not Provide This Service
d4761d69-9769-4e66-a259-b7db5a4adb2e,5,Highly Constrained,0,Does Not Provide This Service,0,Does Not Provide This Service
d480b808-8623-408b-9a24-14fa827a2e4e,4,Constrained by Market,0,Does Not Provide This Service,0,Does Not Provide This Service
d4848f95-b6f2-438f-a035-86b52e226fa8,0,Does Not Provide This Service,0,Does Not Provide This Service,1,Likely Available
d4bcdc9a-38fd-4b83-b3ad-4d57771799ad,5,Highly Constrained,0,Does Not Provide This Service,0,Does Not Provide This Service
d4c4c0d2-2626-44a9-9ae4-ec669a0aa03a,4,Constrained by Market,0,Does Not Provide This Service,0,Does Not Provide This Service
d4d42426-62d7-44b8-9ae7-2fde1d689da7,5,Highly Constrained,0,Does Not Provide This Service,0,Does Not Provide This Service
d4fca3a2-468e-4490-b1ff-500febb1f9cb,3,Constrained by Size,4,Constrained by Market,0,Does Not Provide This Service
d5137b00-2a53-40e7-87fa-38fddded43ec,5,Highly Constrained,0,Does Not Provide This Service,0,Does Not Provide This Service
d52504e3-edb5-405e-9327-5013deb221c2,4,Constrained by Market,0,Does Not Provide This Service,0,Does Not Provide This Service
d571e213-0444-4411-b89e-ddc43e4b3514,5,Highly Constrained,0,Does Not Provide This Service,0,Does Not Provide This Service
d5778e2c-bb74-4dea-a0dd-be9e6cb70ec2,4,Constrained by Market,0,Does Not Provide This Service,0,Does Not Provide This Service
d59cbda3-b1a4-4386-8054-2f1378a38cbd,4,Constrained by Market,0,Does Not Provide This Service,0,Does Not Provide This Service
d5b71026-a4d7-4bc7-b76f-149176f5b89d,4,Constrained by Market,0,Does Not Provide This Service,0,Does Not Provide This Service
d602fc1a-1fd8-4c85-b96f-e4b8d39ca77c,3,Constrained by Size,0,Does Not Provide This Service,0,Does Not Provide This Service
d6128662-98d0-402f-94fa-ad721490f5f3,4,Constrained by Market,0,Does Not Provide This Service,0,Does Not Provide This Service
d61ee045-eb8e-42d1-b34a-4a01235783f5,4,Constrained by Market,0,Does Not Provide This Service,0,Does Not Provide This Service
d6302ece-fb1f-4cc1-8f3d-5b7d7f7c9aa1,5,Highly Constrained,0,Does Not Provide This Service,0,Does Not Provide This Service
d63289aa-85a7-4317-83de-4fad07ec2113,4,Constrained by Market,0,Does Not Provide This Service,0,Does Not Provide This Service
d6577a04-37ba-47c3-aade-83117a13cee2,4,Constrained by Market,0,Does Not Provide This Service,0,Does Not Provide This Service
d658ebb4-be18-4281-b247-004965c69d62,4,Constrained by Market,0,Does Not Provide This Service,0,Does Not Provide This Service
d65a362e-ae48-4efd-872f-d75925508cc4,4,Constrained by Market,0,Does Not Provide This Service,0,Does Not Provide This Service
d6912dfc-292e-48e0-94ef-24309b42ca6d,5,Highly Constrained,0,Does Not Provide This Service,0,Does Not Provide This Service
d6943a96-61bf-4ae2-8ee3-1b7ad99faba9,5,Highly Constrained,0,Does Not Provide This Service,0,Does Not Provide This Service
d6ba1cee-2cfa-47bb-9a92-36624dd214a1,5,Highly Constrained,0,Does Not Provide This Service,0,Does Not Provide This Service
d6bd074b-d0a6-4ec9-8f39-047892447e1d,5,Highly Constrained,0,Does Not Provide This Service,0,Does Not Provide This Service
d6c1ee46-8eb9-4e02-ac34-455c96850870,5,Highly Constrained,0,Does Not Provide This Service,0,Does Not Provide This Service
d6fe5a91-54ae-4754-a47c-13ee174b7157,3,Constrained by Size,0,Does Not Provide This Service,0,Does Not Provide This Service
d70a1b84-75a0-4ef7-97e5-bd56f3a1ef13,3,Constrained by Size,0,Does Not Provide This Service,0,Does Not Provide This Service
d72985ac-e406-44a8-886b-c4d2da00091a,5,Highly Constrained,0,Does Not Provide This Service,0,Does Not Provide This Service
d74cd486-f6db-401b-b23f-1880e9d69dc1,4,Constrained by Market,0,Does Not Provide This Service,0,Does Not Provide This Service
d751121a-4d05-46ae-b7d8-388dcd23e205,4,Constrained by Market,0,Does Not Provide This Service,0,Does Not Provide This Service
d7668e64-107d-403e-9c14-b4861b03318c,4,Constrained by Market,0,Does Not Provide This Service,0,Does Not Provide This Service
d767198e-9b11-4d32-949d-aadf632c67b4,4,Constrained by Market,0,Does Not Provide This Service,0,Does Not Provide This Service
d7736edb-34cd-42cf-9bec-8b6e8e44ce6f,5,Highly Constrained,0,Does Not Provide This Service,0,Does Not Provide This Service
d786ac57-c84d-4140-8c11-8b5f34db7123,4,Constrained by Market,0,Does Not Provide This Service,0,Does Not Provide This Service
d7a4e62e-90f5-4ec1-82fd-a0aa5157ee5b,4,Constrained by Market,0,Does Not Provide This Service,0,Does Not Provide This Service
d7b2299e-f7c3-41f1-8364-6864db201517,4,Constrained by Market,0,Does Not Provide This Service,0,Does Not Provide This Service
d7e5af5f-fead-41f2-be5b-3f84b43178f2,5,Highly Constrained,0,Does Not Provide This Service,0,Does Not Provide This Service
d7e93954-ef33-45a1-8c22-1824f56fe835,4,Constrained by Market,0,Does Not Provide This Service,0,Does Not Provide This Service
d80bd344-56f5-429a-8f50-cb89c4d18a73,3,Constrained by Size,0,Does Not Provide This Service,0,Does Not Provide This Service
d80e3cbd-0e77-4786-9ba3-6e75290b7d1c,2,Potentially Available,0,Does Not Provide This Service,0,Does Not Provide This Service
d84821a2-543c-4ad9-8c88-add6eeef5b8b,5,Highly Constrained,0,Does Not Provide This Service,0,Does Not Provide This Service
d84e2860-ded8-44fc-9ebd-d6b3b6d62fe6,4,Constrained by Market,0,Does Not Provide This Service,0,Does Not Provide This Service
d8752024-8213-44be-bf1a-06dbd2205657,5,Highly Constrained,0,Does Not Provide This Service,0,Does Not Provide This Service
d8938519-a842-45a0-96a6-85a89fd9b20e,4,Constrained by Market,0,Does Not Provide This Service,0,Does Not Provide This Service
d8b27dbf-a5e7-4c7d-8a6c-f8bdbd9b1ddf,4,Constrained by Market,0,Does Not Provide This Service,0,Does Not Provide This Service
d8b36881-9ae6-4f6b-836a-9b399b7c1fab,5,Highly Constrained,0,Does Not Provide This Service,0,Does Not Provide This Service
d8bbe4a3-47fd-412d-b4d7-65fa03c0ae2a,4,Constrained by Market,0,Does Not Provide This Service,0,Does Not Provide This Service
d8cd326c-7090-4dd4-bb34-61ee02da3af7,3,Constrained by Size,0,Does Not Provide This Service,0,Does Not Provide This Service
d8cf04bf-8dee-40fd-81f2-6f5351d3bc19,4,Constrained by Market,0,Does Not Provide This Service,0,Does Not Provide This Service
d8e279fd-9723-4f30-81d6-045a05bc5580,5,Highly Constrained,0,Does Not Provide This Service,0,Does Not Provide This Service
d8ebe0ce-3e2e-4d08-bd3c-ea403eb87be3,5,Highly Constrained,0,Does Not Provide This Service,0,Does Not Provide This Service
d8f1fd95-3555-4c54-b49d-e1beb6cd10f3,4,Constrained by Market,0,Does Not Provide This Service,0,Does Not Provide This Service
d90256ea-0c5e-44ad-8c4d-df3a4cf4f895,1,Likely Available,0,Does Not Provide This Service,0,Does Not Provide This Service
d90ed67e-2110-49b3-8799-91c704ef1132,5,Highly Constrained,0,Does Not Provide This Service,0,Does Not Provide This Service
d90f7aa0-253c-4057-981f-9337f08ba562,4,Constrained by Market,0,Does Not Provide This Service,0,Does Not Provide This Service
d913b395-d763-423b-9c7e-81ef278f6b34,2,Potentially Available,0,Does Not Provide This Service,0,Does Not Provide This Service
d9164ea7-72c3-4302-bd2e-382870fd7059,5,Highly Constrained,0,Does Not Provide This Service,0,Does Not Provide This Service
d94bbd08-8848-48eb-8367-741740b5a45d,3,Constrained by Size,0,Does Not Provide This Service,0,Does Not Provide This Service
d94dcfc7-0b55-45f7-8c62-284c673b4586,4,Constrained by Market,0,Does Not Provide This Service,0,Does Not Provide This Service
d95899e7-e264-4c07-9d00-b8647259a35d,4,Constrained by Market,0,Does Not Provide This Service,0,Does Not Provide This Service
d95c6e1f-95ff-4671-8a93-56f52328bb7d,2,Potentially Available,0,Does Not Provide This Service,0,Does Not Provide This Service
d95eaaeb-d894-41f1-86ee-784d397926a7,0,Does Not Provide This Service,0,Does Not Provide This Service,1,Likely Available
d9600795-bf2d-4c8d-9547-bcf290404e30,4,Constrained by Market,0,Does Not Provide This Service,0,Does Not Provide This Service
d9622da7-2b70-4c83-96b3-854186d81a94,5,Highly Constrained,0,Does Not Provide This Service,0,Does Not Provide This Service
d96e6406-c6b9-467f-9137-6e26d8617ab1,4,Constrained by Market,0,Does Not Provide This Service,0,Does Not Provide This Service
d972e5da-58aa-4451-bbff-f84f3b3e54dd,4,Constrained by Market,0,Does Not Provide This Service,0,Does Not Provide This Service
d9b56916-9779-4060-b6b2-7fe0d1453a33,5,Highly Constrained,0,Does Not Provide This Service,0,Does Not Provide This Service
d9c9f40c-d720-499c-866c-aa560fcbedc1,2,Potentially Available,0,Does Not Provide This Service,0,Does Not Provide This Service
d9e154c5-c24b-4a2a-a494-136a0aa5b24c,4,Constrained by Market,0,Does Not Provide This Service,0,Does Not Provide This Service
d9e28187-b725-436a-8c4e-cc6a3ae54d32,5,Highly Constrained,0,Does Not Provide This Service,0,Does Not Provide This Service
d9f4c9aa-a2da-4e2b-a491-eee068324daf,5,Highly Constrained,0,Does Not Provide This Service,0,Does Not Provide This Service
da0582c1-3a14-4813-b78d-28de9b8d6b6b,0,Does Not Provide This Service,0,Does Not Provide This Service,1,Likely Available
da2c0e31-4e7d-4747-88ee-c577680b78d1,5,Highly Constrained,0,Does Not Provide This Service,0,Does Not Provide This Service
da3cf6f6-bbeb-4f3e-b0e0-1ef349130829,4,Constrained by Market,0,Does Not Provide This Service,0,Does Not Provide This Service
da3f1b55-ef4a-4742-9b9e-21cafc055802,5,Highly Constrained,0,Does Not Provide This Service,0,Does Not Provide This Service
da651bd9-ef31-43cd-a14f-4d2837b5e5bc,2,Potentially Available,0,Does Not Provide This Service,0,Does Not Provide This Service
da7ec909-78f6-45ad-a8f3-e3184a1adf73,5,Highly Constrained,0,Does Not Provide This Service,0,Does Not Provide This Service
da7efaa8-5895-4ae2-ac78-d63187452658,5,Highly Constrained,0,Does Not Provide This Service,0,Does Not Provide This Service
da8af9e3-494f-4e40-9f5b-8bca5c535d84,4,Constrained by Market,0,Does Not Provide This Service,0,Does Not Provide This Service
da8b4471-8ae3-4e72-a35a-042ce8933fd3,4,Constrained by Market,0,Does Not Provide This Service,0,Does Not Provide This Service
da8ca0da-b8ba-4de3-8207-3f60be0baffb,4,Constrained by Market,0,Does Not Provide This Service,0,Does Not Provide This Service
da941f2a-50a6-4f17-b306-a886ceb1cce4,4,Constrained by Market,0,Does Not Provide This Service,0,Does Not Provide This Service
dab7ade7-a637-4827-bac6-23263aec2758,4,Constrained by Market,0,Does Not Provide This Service,0,Does Not Provide This Service
dac7a5ac-88ec-419f-865c-195d644ce2a5,5,Highly Constrained,0,Does Not Provide This Service,0,Does Not Provide This Service
dacba4d0-a4eb-4cad-b835-3ec0fba648c6,4,Constrained by Market,0,Does Not Provide This Service,0,Does Not Provide This Service
dacce77b-7d57-4a9b-ad88-9a6fa654e94f,5,Highly Constrained,0,Does Not Provide This Service,0,Does Not Provide This Service
dad6399c-a86f-409b-bef8-bee86bb4e9ff,4,Constrained by Market,0,Does Not Provide This Service,0,Does Not Provide This Service
dade9d7d-b312-481c-82c9-340ac826047d,4,Constrained by Market,0,Does Not Provide This Service,0,Does Not Provide This Service
dae0a688-8268-40dd-a611-702b6aeaf150,4,Constrained by Market,0,Does Not Provide This Service,0,Does Not Provide This Service
dae563b6-3a51-4ca1-9e60-75255fcb878d,4,Constrained by Market,0,Does Not Provide This Service,0,Does Not Provide This Service
daf7b2a6-83e4-460d-b09a-b2f0dc448652,3,Constrained by Size,1,Likely Available,0,Does Not Provide This Service
db000ed0-d1a1-4d0b-9e3d-9b288ce2cc4e,2,Potentially Available,0,Does Not Provide This Service,0,Does Not Provide This Service
db044bd9-5338-4757-9f0e-2b12d95abf6a,5,Highly Constrained,0,Does Not Provide This Service,0,Does Not Provide This Service
db45d02e-0e32-4a24-b88a-dd00bd0d0d30,5,Highly Constrained,0,Does Not Provide This Service,0,Does Not Provide This Service
db71b73a-87b4-410f-8537-742ad014435c,4,Constrained by Market,0,Does Not Provide This Service,0,Does Not Provide This Service
db9b4945-384f-409f-acf8-ad08ac5e4b84,4,Constrained by Market,0,Does Not Provide This Service,0,Does Not Provide This Service
dbd84d4d-21c7-4beb-8747-6477a2dfbe41,2,Potentially Available,0,Does Not Provide This Service,0,Does Not Provide This Service
dbdadd28-c06b-41ec-af7e-e5ebaa668bde,5,Highly Constrained,0,Does Not Provide This Service,0,Does Not Provide This Service
dbfd5535-a470-4184-986f-4219e8f9054d,3,Constrained by Size,0,Does Not Provide This Service,0,Does Not Provide This Service
dc69a7a7-f5da-4311-90cf-65a663afcf10,0,Does Not Provide This Service,1,Likely Available,0,Does Not Provide This Service
dca9bc57-660a-4819-8b48-404828f960a6,5,Highly Constrained,0,Does Not Provide This Service,0,Does Not Provide This Service
dcc773a2-8662-49d5-a59b-ca1280df5c6b,4,Constrained by Market,0,Does Not Provide This Service,0,Does Not Provide This Service
dcce1b71-18c7-478d-91a0-1c2ce0141021,4,Constrained by Market,0,Does Not Provide This Service,0,Does Not Provide This Service
dcd762fa-d76e-4046-a823-e1f1dae379f4,5,Highly Constrained,0,Does Not Provide This Service,0,Does Not Provide This Service
dcddb844-886d-4278-a8da-7bcf21c0f09a,0,Does Not Provide This Service,0,Does Not Provide This Service,2,Potentially Available
dcf94532-b904-4589-b543-98741d464897,4,Constrained by Market,0,Does Not Provide This Service,0,Does Not Provide This Service
dd133ab8-ff29-477f-90a4-9861776f80f4,4,Constrained by Market,0,Does Not Provide This Service,0,Does Not Provide This Service
dd192c8c-283c-4b96-89de-589e0f41a033,0,Does Not Provide This Service,0,Does Not Provide This Service,1,Likely Available
dd40c94a-e1b4-40be-96b9-96827a7ee327,4,Constrained by Market,0,Does Not Provide This Service,0,Does Not Provide This Service
dd9acaa8-beb4-4577-a947-d020e4411d79,4,Constrained by Market,0,Does Not Provide This Service,0,Does Not Provide This Service
dda5aa8b-1bc8-4b12-badd-9b4d8ebf3bdd,4,Constrained by Market,0,Does Not Provide This Service,0,Does Not Provide This Service
ddcc5070-b271-4e71-855b-4f3e404f3761,2,Potentially Available,0,Does Not Provide This Service,0,Does Not Provide This Service
ddf25c1e-22d9-4c63-9361-f14ea3270718,4,Constrained by Market,0,Does Not Provide This Service,0,Does Not Provide This Service
de0bfc33-4db9-486c-950f-a4ad4d85ec58,0,Does Not Provide This Service,0,Does Not Provide This Service,3,Constrained by Size
de2fd565-654b-4582-8a93-bb2b41d43318,5,Highly Constrained,0,Does Not Provide This Service,0,Does Not Provide This Service
de8db064-50c4-4e26-9446-51f317cce504,5,Highly Constrained,0,Does Not Provide This Service,0,Does Not Provide This Service
de9d99d7-0d2e-4c97-afff-cb08a6895a08,4,Constrained by Market,0,Does Not Provide This Service,0,Does Not Provide This Service
deacbecd-4fc2-40cb-b082-2f912e8b81f6,4,Constrained by Market,0,Does Not Provide This Service,0,Does Not Provide This Service
deafc98e-907c-4db1-aeb3-eac9ea49142a,4,Constrained by Market,0,Does Not Provide This Service,0,Does Not Provide This Service
decb3a4c-99ac-40ef-b4fa-482fcbc18ad2,4,Constrained by Market,0,Does Not Provide This Service,0,Does Not Provide This Service
ded51fa4-789e-4426-aa5a-38d98e64362e,4,Constrained by Market,0,Does Not Provide This Service,0,Does Not Provide This Service
ded599d5-556a-4c24-9739-b7d3bed66f07,4,Constrained by Market,0,Does Not Provide This Service,0,Does Not Provide This Service
deddb90d-ccef-49c0-8d7f-569a672066ad,1,Likely Available,0,Does Not Provide This Service,0,Does Not Provide This Service
deec1da9-1f51-4ad7-93e4-1ae65a8778ea,5,Highly Constrained,0,Does Not Provide This Service,0,Does Not Provide This Service
def710c0-5e96-49c3-9116-1cea71fbfa2a,5,Highly Constrained,0,Does Not Provide This Service,0,Does Not Provide This Service
df2c52aa-f9cf-44a2-9676-29766a1617d4,4,Constrained by Market,0,Does Not Provide This Service,0,Does Not Provide This Service
df39a633-9e6f-4417-9e6d-8e67c2b9fb7f,5,Highly Constrained,0,Does Not Provide This Service,0,Does Not Provide This Service
df4708c4-9a25-48e0-9156-b67c5f67a0fe,0,Does Not Provide This Service,0,Does Not Provide This Service,5,Highly Constrained
df4b10b9-f1a0-4cd0-99c5-b335bb391219,5,Highly Constrained,0,Does Not Provide This Service,0,Does Not Provide This Service
df8e719b-6ecd-4a8e-a996-315b3eded17f,5,Highly Constrained,0,Does Not Provide This Service,0,Does Not Provide This Service
dfd83b18-b4b5-4fcb-a8a8-eb5d18b9698f,5,Highly Constrained,0,Does Not Provide This Service,0,Does Not Provide This Service
dfe20e33-a8ab-4e3c-991b-781d792c6aea,4,Constrained by Market,0,Does Not Provide This Service,0,Does Not Provide This Service
dfebcd55-c704-4eff-be0f-db67f07ffa89,5,Highly Constrained,0,Does Not Provide This Service,0,Does Not Provide This Service
dfebff73-acbe-402a-85d6-b066e79e84fe,4,Constrained by Market,0,Does Not Provide This Service,0,Does Not Provide This Service
e00baf41-b1b1-4643-bf5f-ecb61bb307f5,2,Potentially Available,0,Does Not Provide This Service,0,Does Not Provide This Service
e0170c77-7a32-42d5-ad6f-7e32744510b0,1,Likely Available,1,Likely Available,0,Does Not Provide This Service
e04804f4-017c-46c1-b142-73b49b761f52,0,Does Not Provide This Service,0,Does Not Provide This Service,5,Highly Constrained
e07ae897-2856-43b0-a420-b09fe0a836f5,5,Highly Constrained,0,Does Not Provide This Service,0,Does Not Provide This Service
e088b03c-cfb7-4988-9351-08b375b734c5,4,Constrained by Market,0,Does Not Provide This Service,0,Does Not Provide This Service
e0b8370d-9be9-4192-9009-64b76c55d1a1,5,Highly Constrained,0,Does Not Provide This Service,0,Does Not Provide This Service
e0c5cd23-9fc4-4551-8d9c-d475c553336b,5,Highly Constrained,0,Does Not Provide This Service,0,Does Not Provide This Service
e0c88b8f-ae6b-487b-8900-6cbb1f167d86,4,Constrained by Market,0,Does Not Provide This Service,0,Does Not Provide This Service
e0f4c48e-b43c-42ee-b2da-7f4ee76f7af4,5,Highly Constrained,0,Does Not Provide This Service,0,Does Not Provide This Service
e0fd6441-b7f5-48bb-84ba-98910834db61,4,Constrained by Market,0,Does Not Provide This Service,0,Does Not Provide This Service
e1056ae1-1f95-466a-95d1-8e70630f43aa,4,Constrained by Market,0,Does Not Provide This Service,0,Does Not Provide This Service
e108dad1-2c50-4ee5-ad90-5164d8adcf01,4,Constrained by Market,0,Does Not Provide This Service,0,Does Not Provide This Service
e136c0e4-f344-4174-9697-06486bdb79b4,5,Highly Constrained,0,Does Not Provide This Service,0,Does Not Provide This Service
e1386271-0f78-4f06-808c-11e35fd7d469,5,Highly Constrained,0,Does Not Provide This Service,0,Does Not Provide This Service
e14f4eb8-537d-403b-aa38-90449b6554c3,4,Constrained by Market,0,Does Not Provide This Service,0,Does Not Provide This Service
e159d745-42c7-4f56-9b56-3cf598423492,4,Constrained by Market,0,Does Not Provide This Service,0,Does Not Provide This Service
e16fdad4-feb1-4719-82ba-f678fecca74a,4,Constrained by Market,0,Does Not Provide This Service,0,Does Not Provide This Service
e1704895-d8a2-4adb-a783-aa80541ab1d5,5,Highly Constrained,0,Does Not Provide This Service,0,Does Not Provide This Service
e17c90b6-981e-40b7-b3d6-527e3bbe6b71,5,Highly Constrained,0,Does Not Provide This Service,0,Does Not Provide This Service
e188b63b-f22a-4943-81fd-99e21e1277cd,4,Constrained by Market,0,Does Not Provide This Service,0,Does Not Provide This Service
e1941a31-55b1-4b5d-957a-4cadd676c731,5,Highly Constrained,0,Does Not Provide This Service,0,Does Not Provide This Service
e1a096ef-568f-4e70-943f-aa3019a10335,1,Likely Available,1,Likely Available,0,Does Not Provide This Service
e1cea289-c8ff-46e9-9e3d-e45ffa7d2586,4,Constrained by Market,0,Does Not Provide This Service,0,Does Not Provide This Service
e1fe3f74-c6b8-4566-829d-8ef4fec6b410,4,Constrained by Market,0,Does Not Provide This Service,0,Does Not Provide This Service
e221ec5a-5838-420e-ba55-ae3433137105,4,Constrained by Market,0,Does Not Provide This Service,0,Does Not Provide This Service
e235aa45-5f04-4dba-ae6d-7249c88cf0fd,2,Potentially Available,0,Does Not Provide This Service,0,Does Not Provide This Service
e2416ce5-488d-408b-b441-7c337eddc23a,2,Potentially Available,0,Does Not Provide This Service,0,Does Not Provide This Service
e25515ab-f32f-493d-9bec-c4f36bb0cf8d,3,Constrained by Size,0,Does Not Provide This Service,0,Does Not Provide This Service
e25677bb-3575-46ed-8631-d040e774bd35,5,Highly Constrained,0,Does Not Provide This Service,0,Does Not Provide This Service
e27e01ea-a847-45d4-8132-6d2cbbcefbe1,1,Likely Available,4,Constrained by Market,0,Does Not Provide This Service
e29b3893-e42c-4154-a4ef-6f786da523f2,5,Highly Constrained,0,Does Not Provide This Service,0,Does Not Provide This Service
e2bf9c6b-5744-4624-bc36-f8d246b2afff,5,Highly Constrained,0,Does Not Provide This Service,0,Does Not Provide This Service
e2d3fda2-2281-46d1-8deb-392f180795f6,5,Highly Constrained,0,Does Not Provide This Service,0,Does Not Provide This Service
e2e890e4-4f92-47b7-bfbf-d7d08727845e,4,Constrained by Market,0,Does Not Provide This Service,0,Does Not Provide This Service
e304e429-ab88-4c7e-aa15-8c12988f6279,5,Highly Constrained,0,Does Not Provide This Service,0,Does Not Provide This Service
e31ea57b-e979-4bab-aea3-802b2692ba49,3,Constrained by Size,0,Does Not Provide This Service,0,Does Not Provide This Service
e31ff4ed-f71f-4394-9204-db74ea037380,4,Constrained by Market,0,Does Not Provide This Service,0,Does Not Provide This Service
e33049a8-3577-4f80-87aa-c89ab56b718d,4,Constrained by Market,0,Does Not Provide This Service,0,Does Not Provide This Service
e34ad5a5-b4dd-4c28-a1cc-32a1fcd73369,0,Does Not Provide This Service,0,Does Not Provide This Service,3,Constrained by Size
e35a09b7-1376-42d8-aaa5-c777c6e08027,4,Constrained by Market,0,Does Not Provide This Service,0,Does Not Provide This Service
e3657b93-1575-4786-8b40-4ed587d1b1e0,0,Does Not Provide This Service,0,Does Not Provide This Service,2,Potentially Available
e382720b-c7b5-48f4-a9d0-e32a35eca4b6,4,Constrained by Market,0,Does Not Provide This Service,0,Does Not Provide This Service
e383b818-af81-472c-b8d3-a7e817c624e8,5,Highly Constrained,0,Does Not Provide This Service,0,Does Not Provide This Service
e3a48cd3-81e2-4145-a22b-8c72b52b9f13,5,Highly Constrained,0,Does Not Provide This Service,0,Does Not Provide This Service
e3c0215c-e1b5-420a-8eae-2ee0aaaf31c3,5,Highly Constrained,0,Does Not Provide This Service,0,Does Not Provide This Service
e400857a-0375-4d01-a142-1a5e75c60865,4,Constrained by Market,0,Does Not Provide This Service,0,Does Not Provide This Service
e4147e1e-7172-4b22-a552-7b20cd115dcb,4,Constrained by Market,0,Does Not Provide This Service,0,Does Not Provide This Service
e4621280-30d9-4699-b685-afdbddd3f5ad,5,Highly Constrained,0,Does Not Provide This Service,0,Does Not Provide This Service
e472d16c-06ca-4c1f-a43b-3b40bf80dd18,1,Likely Available,1,Likely Available,0,Does Not Provide This Service
e486051f-fc7c-43b9-8de7-8e1638a462a8,4,Constrained by Market,0,Does Not Provide This Service,0,Does Not Provide This Service
e4925ca7-889d-412b-8280-65441a8319af,4,Constrained by Market,0,Does Not Provide This Service,0,Does Not Provide This Service
e4abfec7-b384-46eb-aff0-cc11b2183126,4,Constrained by Market,0,Does Not Provide This Service,0,Does Not Provide This Service
e4ba7567-5a2c-40c6-91f6-511185b435c6,2,Potentially Available,0,Does Not Provide This Service,0,Does Not Provide This Service
e4cc2532-cbf2-4783-a6bb-39d8b9990aad,4,Constrained by Market,0,Does Not Provide This Service,0,Does Not Provide This Service
e4ddcfaa-dbd1-41f8-b707-88128de0b7c9,4,Constrained by Market,0,Does Not Provide This Service,0,Does Not Provide This Service
e4ef164e-ab5f-41b1-8624-c3b11a22ca3f,5,Highly Constrained,0,Does Not Provide This Service,0,Does Not Provide This Service
e4f9400a-d854-411e-b60e-ea5b334a2836,0,Does Not Provide This Service,0,Does Not Provide This Service,3,Constrained by Size
e51071dc-a2fc-48d3-ac1c-61f110405b5f,2,Potentially Available,0,Does Not Provide This Service,0,Does Not Provide This Service
e541e487-4769-47b5-ae3e-84d79aebb058,4,Constrained by Market,0,Does Not Provide This Service,0,Does Not Provide This Service
e55f0805-f91e-43fe-a6ee-12d09775850c,5,Highly Constrained,0,Does Not Provide This Service,0,Does Not Provide This Service
e56ce232-bce3-45eb-b1e4-8857e5705448,5,Highly Constrained,0,Does Not Provide This Service,0,Does Not Provide This Service
e589bc14-0a1e-4b69-86a5-16c9b120134d,4,Constrained by Market,0,Does Not Provide This Service,0,Does Not Provide This Service
e595e63a-203f-4970-8eba-bf861e8d1437,0,Does Not Provide This Service,0,Does Not Provide This Service,1,Likely Available
e59c7a1f-f4cf-4940-bbdd-2b2d00d84931,4,Constrained by Market,0,Does Not Provide This Service,0,Does Not Provide This Service
e5a791e5-5d42-4619-8bae-6c088507b4dd,0,Does Not Provide This Service,0,Does Not Provide This Service,1,Likely Available
e5b08f7b-902b-4013-8ff0-53e9686ffc0d,4,Constrained by Market,0,Does Not Provide This Service,0,Does Not Provide This Service
e5d09885-d25d-477e-9677-52db876df6ab,4,Constrained by Market,0,Does Not Provide This Service,0,Does Not Provide This Service
e5e3ee8b-5248-48f2-b009-3ed3ed791790,5,Highly Constrained,0,Does Not Provide This Service,0,Does Not Provide This Service
e6030acf-17e1-4a4a-a122-f37d1b5e2da4,3,Constrained by Size,0,Does Not Provide This Service,0,Does Not Provide This Service
e62eecbd-8a1b-4833-906c-a2c51503075b,3,Constrained by Size,0,Does Not Provide This Service,0,Does Not Provide This Service
e63c9723-7361-46fc-8358-663b3d1d6c24,5,Highly Constrained,0,Does Not Provide This Service,0,Does Not Provide This Service
e65eed4e-a221-4232-9607-982ce4973590,2,Potentially Available,0,Does Not Provide This Service,0,Does Not Provide This Service
e676557e-7ba4-449c-81c8-78c57a81683d,4,Constrained by Market,0,Does Not Provide This Service,0,Does Not Provide This Service
e6831d2e-9b85-4507-86ff-d5156e315417,5,Highly Constrained,0,Does Not Provide This Service,0,Does Not Provide This Service
e695a4e8-e57c-49b7-803c-3d22df67f47a,5,Highly Constrained,0,Does Not Provide This Service,0,Does Not Provide This Service
e698589e-10ff-447a-b155-b83c4bef64b3,2,Potentially Available,0,Does Not Provide This Service,0,Does Not Provide This Service
e6adbea6-3c75-41ba-a366-f3d0150b9ad6,4,Constrained by Market,0,Does Not Provide This Service,0,Does Not Provide This Service
e6f3b882-6331-4645-b6c7-dad45cdb1a5f,4,Constrained by Market,0,Does Not Provide This Service,0,Does Not Provide This Service
e6fcb14a-21bc-4749-9960-a7259a89e1b4,5,Highly Constrained,0,Does Not Provide This Service,0,Does Not Provide This Service
e704571b-a19d-4879-92a3-1b48fc6e19f3,4,Constrained by Market,0,Does Not Provide This Service,0,Does Not Provide This Service
e7138d61-56b0-4588-aaa6-ccc51bde369a,2,Potentially Available,0,Does Not Provide This Service,0,Does Not Provide This Service
e7213005-e581-4d5b-8dfd-e646f5dad7db,4,Constrained by Market,0,Does Not Provide This Service,0,Does Not Provide This Service
e72f8258-f51f-45f6-997d-0977355426d8,4,Constrained by Market,0,Does Not Provide This Service,0,Does Not Provide This Service
e730ba89-293b-4d5d-9a6a-4e9fd367ab81,5,Highly Constrained,0,Does Not Provide This Service,0,Does Not Provide This Service
e75a0dc7-ecc9-4399-98eb-12bd729767d5,4,Constrained by Market,0,Does Not Provide This Service,0,Does Not Provide This Service
e781c71d-92ac-42ad-9ea4-cb26429cbad1,4,Constrained by Market,0,Does Not Provide This Service,0,Does Not Provide This Service
e78cf596-4205-44ef-b5f8-999a94faa6e3,4,Constrained by Market,0,Does Not Provide This Service,0,Does Not Provide This Service
e797381f-9945-465e-9563-fed7dc87f765,4,Constrained by Market,0,Does Not Provide This Service,0,Does Not Provide This Service
e7a34160-8380-4386-942a-350e4a291fc6,5,Highly Constrained,0,Does Not Provide This Service,0,Does Not Provide This Service
e7b1ab3c-8206-4f3b-9720-8b23490eaff5,4,Constrained by Market,0,Does Not Provide This Service,0,Does Not Provide This Service
e7b9c47b-2629-4370-80eb-858130d843a3,4,Constrained by Market,0,Does Not Provide This Service,0,Does Not Provide This Service
e7bc2e3c-a9b5-445e-91de-28353a8d2cdd,5,Highly Constrained,0,Does Not Provide This Service,0,Does Not Provide This Service
e7cb7058-16c8-4285-bef6-ec50940b2d16,4,Constrained by Market,0,Does Not Provide This Service,0,Does Not Provide This Service
e7d0d3ca-4db7-43db-adef-27160c219c52,5,Highly Constrained,0,Does Not Provide This Service,0,Does Not Provide This Service
e7d56cde-dae2-41da-86f8-d1f1706dbc1b,5,Highly Constrained,0,Does Not Provide This Service,0,Does Not Provide This Service
e8221d25-d775-4bd0-b019-156ae978b7f1,4,Constrained by Market,0,Does Not Provide This Service,0,Does Not Provide This Service
e8243af6-84f3-463d-9cc6-d7b0dd15874b,4,Constrained by Market,0,Does Not Provide This Service,0,Does Not Provide This Service
e83fd18a-7185-4d86-ab67-ad57498f738a,4,Constrained by Market,0,Does Not Provide This Service,0,Does Not Provide This Service
e843d815-9537-47d0-86a6-638706c170ce,4,Constrained by Market,0,Does Not Provide This Service,0,Does Not Provide This Service
e8452bd6-f3ca-49ef-853b-5f6f79be3245,4,Constrained by Market,0,Does Not Provide This Service,0,Does Not Provide This Service
e854202c-feda-4342-bf3f-29f0d35f7399,2,Potentially Available,0,Does Not Provide This Service,0,Does Not Provide This Service
e867e20f-3f27-41aa-9cfe-b262356fa593,2,Potentially Available,0,Does Not Provide This Service,0,Does Not Provide This Service
e8793201-1abb-4ed6-b7d7-2dc85fcb7fd6,5,Highly Constrained,0,Does Not Provide This Service,0,Does Not Provide This Service
e8900cc0-a70a-4992-9e86-cfcd06c6e150,4,Constrained by Market,0,Does Not Provide This Service,0,Does Not Provide This Service
e89de009-c29a-43ab-b993-f18d21a9af39,4,Constrained by Market,0,Does Not Provide This Service,0,Does Not Provide This Service
e8c40647-3c23-4b02-9800-08aa93113538,3,Constrained by Size,0,Does Not Provide This Service,0,Does Not Provide This Service
e8c5cd7b-5f7a-46fe-b81a-d93859c4866c,2,Potentially Available,0,Does Not Provide This Service,0,Does Not Provide This Service
e8d8d4e4-2932-4e5a-9f99-24cc192c91b8,5,Highly Constrained,0,Does Not Provide This Service,0,Does Not Provide This Service
e8ebbd05-8345-4bde-8439-821b2225e75b,4,Constrained by Market,0,Does Not Provide This Service,0,Does Not Provide This Service
e8edb24f-a0e4-4f49-a2eb-b6dbdd874f04,5,Highly Constrained,0,Does Not Provide This Service,0,Does Not Provide This Service
e90299c6-09fb-4d53-a75d-96a599e91522,5,Highly Constrained,0,Does Not Provide This Service,0,Does Not Provide This Service
e91593cd-3996-425d-9097-1351c0649c83,5,Highly Constrained,0,Does Not Provide This Service,0,Does Not Provide This Service
e91770ce-923c-4545-95e6-c4ffc1d4a8a5,5,Highly Constrained,0,Does Not Provide This Service,0,Does Not Provide This Service
e91982a9-6451-4ce8-90ba-6fbada377456,5,Highly Constrained,0,Does Not Provide This Service,0,Does Not Provide This Service
e91e37ce-0b7c-45c2-831d-a965b495d8ad,4,Constrained by Market,0,Does Not Provide This Service,0,Does Not Provide This Service
e92a9811-00b2-4068-b65b-c879ad6c59cb,5,Highly Constrained,0,Does Not Provide This Service,0,Does Not Provide This Service
e934b1b5-ab7d-4d8e-a917-0bcde006e6fa,4,Constrained by Market,0,Does Not Provide This Service,0,Does Not Provide This Service
e95a8640-8fcf-4543-9430-65014e287ca7,4,Constrained by Market,0,Does Not Provide This Service,0,Does Not Provide This Service
e970bbc8-7f0d-44f3-b2b0-0d2a38030456,3,Constrained by Size,0,Does Not Provide This Service,0,Does Not Provide This Service
e9a31cce-ddde-4c03-881b-486d44d6c626,4,Constrained by Market,0,Does Not Provide This Service,0,Does Not Provide This Service
e9a39f1a-80c3-48ff-8a87-a8c82e5a02d5,4,Constrained by Market,0,Does Not Provide This Service,0,Does Not Provide This Service
e9abe75c-2ab2-4d2f-a355-eabdeab149b3,4,Constrained by Market,0,Does Not Provide This Service,0,Does Not Provide This Service
e9c3501d-eb3f-42d2-a3d1-23cbe8a6f40d,0,Does Not Provide This Service,0,Does Not Provide This Service,2,Potentially Available
e9d7aaf3-5103-4ecc-b2a5-0881882efc2a,4,Constrained by Market,0,Does Not Provide This Service,0,Does Not Provide This Service
e9d9faaa-6e6e-4fc6-a5b3-e016517408e0,3,Constrained by Size,0,Does Not Provide This Service,0,Does Not Provide This Service
e9e4e21f-b65f-4a95-acf5-7262c100cf3a,4,Constrained by Market,0,Does Not Provide This Service,0,Does Not Provide This Service
e9ec9901-98d6-4175-86b6-b8355778ea3b,4,Constrained by Market,0,Does Not Provide This Service,0,Does Not Provide This Service
ea282dca-4d99-4354-8339-0a2085b681c5,3,Constrained by Size,0,Does Not Provide This Service,0,Does Not Provide This Service
ea2d31ee-48bf-45ff-b69a-56fb99e7e10e,3,Constrained by Size,0,Does Not Provide This Service,0,Does Not Provide This Service
ea68a763-810e-4a5b-8bf8-073631810b63,4,Constrained by Market,0,Does Not Provide This Service,0,Does Not Provide This Service
ea9581fd-3f3b-4e82-8973-fca2b82a3eaf,4,Constrained by Market,0,Does Not Provide This Service,0,Does Not Provide This Service
eaa352f2-e78b-4b56-b47e-e5ae8547add9,3,Constrained by Size,0,Does Not Provide This Service,0,Does Not Provide This Service
eabd807b-526c-416b-9769-a792bd4a09bd,5,Highly Constrained,0,Does Not Provide This Service,0,Does Not Provide This Service
eac8d83a-f4dd-4a2a-be35-2a9ef4cdd6be,4,Constrained by Market,0,Does Not Provide This Service,0,Does Not Provide This Service
eace7a81-44ae-4c77-9100-a6be39aedffe,4,Constrained by Market,0,Does Not Provide This Service,0,Does Not Provide This Service
eaebc59e-40d1-4061-938b-e213f4ac723c,4,Constrained by Market,0,Does Not Provide This Service,0,Does Not Provide This Service
eb121706-9510-4133-925e-b1e1eed46e69,5,Highly Constrained,0,Does Not Provide This Service,0,Does Not Provide This Service
eb225262-bf7b-47d1-8e0f-49ec611de4b1,3,Constrained by Size,0,Does Not Provide This Service,0,Does Not Provide This Service
eb30670c-f92f-4966-a5ba-b2de39a75db1,5,Highly Constrained,0,Does Not Provide This Service,0,Does Not Provide This Service
eb3a4e7d-83f5-4dc7-a25c-375a8e92b27c,5,Highly Constrained,0,Does Not Provide This Service,0,Does Not Provide This Service
eb3f676b-18c8-49a4-ae05-48be5e97dbff,4,Constrained by Market,0,Does Not Provide This Service,0,Does Not Provide This Service
eb443b7e-a43a-4004-843f-3b374a93b6ac,5,Highly Constrained,0,Does Not Provide This Service,0,Does Not Provide This Service
eb4a1fda-eacd-40f9-8798-456600cc5b51,3,Constrained by Size,3,Constrained by Size,0,Does Not Provide This Service
eb51022e-f4ab-447f-95c3-f0f0fb0d299f,5,Highly Constrained,0,Does Not Provide This Service,0,Does Not Provide This Service
eb651712-f24a-4551-aeae-05d179fccc2b,5,Highly Constrained,0,Does Not Provide This Service,0,Does Not Provide This Service
eb68e52a-e81e-442b-939d-f3fabbb61a3e,4,Constrained by Market,0,Does Not Provide This Service,0,Does Not Provide This Service
eb79a2df-e650-4fb1-a713-35c59c52594f,5,Highly Constrained,0,Does Not Provide This Service,0,Does Not Provide This Service
eb7b9296-8354-4a37-8cbd-6567b5689e7f,3,Constrained by Size,0,Does Not Provide This Service,0,Does Not Provide This Service
eb855a05-aa05-47c8-a7dc-0108a417c30c,4,Constrained by Market,0,Does Not Provide This Service,0,Does Not Provide This Service
eb8b1e4d-b599-4f0c-8460-e71838990b75,3,Constrained by Size,0,Does Not Provide This Service,0,Does Not Provide This Service
ebbb5758-add9-49c7-89e1-a99a75f0e7f9,1,Likely Available,1,Likely Available,0,Does Not Provide This Service
ebcf9e73-f482-44cd-b4fe-2e318b7e9561,4,Constrained by Market,0,Does Not Provide This Service,0,Does Not Provide This Service
ebdd908c-ea23-4cc6-92ac-77428781cfde,3,Constrained by Size,0,Does Not Provide This Service,0,Does Not Provide This Service
ebe40ab7-8169-4e2b-8848-a4eb2d2f8974,0,Does Not Provide This Service,0,Does Not Provide This Service,1,Likely Available
ec0af03c-623b-49b4-b82b-f74bb3638abc,5,Highly Constrained,0,Does Not Provide This Service,0,Does Not Provide This Service
ec195d36-4d1e-44c8-8475-b2f5002de768,4,Constrained by Market,0,Does Not Provide This Service,0,Does Not Provide This Service
ec43eaf3-a6d8-4113-84c5-697369e9f300,4,Constrained by Market,0,Does Not Provide This Service,0,Does Not Provide This Service
ec5f3bcb-642a-4ea1-97dd-fb1b1c345a7c,5,Highly Constrained,0,Does Not Provide This Service,0,Does Not Provide This Service
ec97bbf3-a104-4ccc-8e6b-c9c1b424175e,5,Highly Constrained,0,Does Not Provide This Service,0,Does Not Provide This Service
eca4049d-a5ab-4f5f-9659-8973ab36407c,0,Does Not Provide This Service,0,Does Not Provide This Service,1,Likely Available
ecb9c981-0691-4187-99af-40421e4d0177,5,Highly Constrained,0,Does Not Provide This Service,0,Does Not Provide This Service
ecba35d6-d6be-447c-8d8a-117a7eaa7c48,4,Constrained by Market,0,Does Not Provide This Service,0,Does Not Provide This Service
ecc36add-30ac-42b4-af30-dc5cb0580605,4,Constrained by Market,0,Does Not Provide This Service,0,Does Not Provide This Service
ecd8a541-6dd4-4eaf-9761-32f9aa88cc27,2,Potentially Available,0,Does Not Provide This Service,0,Does Not Provide This Service
ece478af-0dd3-464f-a3e8-d2a0dc97f796,5,Highly Constrained,0,Does Not Provide This Service,0,Does Not Provide This Service
eceeedbe-1c61-42ea-9e3f-a223d47f9436,4,Constrained by Market,0,Does Not Provide This Service,0,Does Not Provide This Service
ecf9491e-70f1-418b-9fd8-045f8803a20d,0,Does Not Provide This Service,1,Likely Available,0,Does Not Provide This Service
ed1a0f42-de64-4406-8cc4-1df6dbba0017,5,Highly Constrained,0,Does Not Provide This Service,0,Does Not Provide This Service
ed40d7b4-aca0-49e4-976b-9a185ac7cd1e,5,Highly Constrained,0,Does Not Provide This Service,0,Does Not Provide This Service
ed4b0093-ec95-4fc8-9423-55b6f344219d,5,Highly Constrained,0,Does Not Provide This Service,0,Does Not Provide This Service
ed528862-65d9-4276-9d60-cd0e113a8aa8,0,Does Not Provide This Service,0,Does Not Provide This Service,4,Constrained by Market
ed89a347-f056-4dd1-a51f-c97e5538bc29,4,Constrained by Market,0,Does Not Provide This Service,0,Does Not Provide This Service
eda6f2c2-6838-4103-995a-50cedaea8668,5,Highly Constrained,0,Does Not Provide This Service,0,Does Not Provide This Service
edc6afad-f8d4-47f8-bc6b-ff9d6144c7e9,0,Does Not Provide This Service,0,Does Not Provide This Service,5,Highly Constrained
edcd9efa-b4f4-4cf8-bf9e-7a912b843a30,4,Constrained by Market,0,Does Not Provide This Service,0,Does Not Provide This Service
edcdae62-7002-4f36-9e81-cbc793416007,5,Highly Constrained,0,Does Not Provide This Service,0,Does Not Provide This Service
edd291ef-ddb1-4fb1-bbf1-485a1df254d6,5,Highly Constrained,0,Does Not Provide This Service,0,Does Not Provide This Service
eddee6a3-f3d9-4991-8952-3b00c54eafe4,4,Constrained by Market,0,Does Not Provide This Service,0,Does Not Provide This Service
eddfaea9-115b-479d-ac21-c8f1c428712e,4,Constrained by Market,0,Does Not Provide This Service,0,Does Not Provide This Service
edea817c-4936-4bda-89ab-d7429a7f066c,5,Highly Constrained,0,Does Not Provide This Service,0,Does Not Provide This Service
edf46058-e763-40cc-98b0-21ace1e641ce,2,Potentially Available,0,Does Not Provide This Service,0,Does Not Provide This Service
ee102d6e-44dc-4fa1-836d-01615131201f,4,Constrained by Market,0,Does Not Provide This Service,0,Does Not Provide This Service
ee143d62-612d-438c-9d19-4fa96c13509f,5,Highly Constrained,0,Does Not Provide This Service,0,Does Not Provide This Service
ee4a4f87-810a-441e-92ae-4ac5ff5d2ed3,4,Constrained by Market,0,Does Not Provide This Service,0,Does Not Provide This Service
ee55428c-7ece-4973-beff-4f95be441b2c,5,Highly Constrained,0,Does Not Provide This Service,0,Does Not Provide This Service
ee76abf2-2cb0-4d69-bee1-c5499d59847c,4,Constrained by Market,0,Does Not Provide This Service,0,Does Not Provide This Service
eec49c97-e8c8-4a8d-9e83-80cad11dfed2,5,Highly Constrained,0,Does Not Provide This Service,0,Does Not Provide This Service
ef0a9a9b-cc9a-4941-9799-8b74c57dbe4d,4,Constrained by Market,0,Does Not Provide This Service,0,Does Not Provide This Service
ef15af3f-6c74-40b0-9ee3-e3be63834602,5,Highly Constrained,0,Does Not Provide This Service,0,Does Not Provide This Service
ef32aee7-8ca5-41a0-8dcf-bbaf22e171e9,0,Does Not Provide This Service,0,Does Not Provide This Service,5,Highly Constrained
ef40459b-3bb6-4ddb-9ed8-f10f039db243,4,Constrained by Market,0,Does Not Provide This Service,0,Does Not Provide This Service
ef4c2099-d4c3-4f50-8e90-8df71a61aabc,4,Constrained by Market,0,Does Not Provide This Service,0,Does Not Provide This Service
ef65d4cb-0480-47f2-90e0-151d1ea13a95,4,Constrained by Market,0,Does Not Provide This Service,0,Does Not Provide This Service
ef69ea88-97d8-4ae8-914c-e8fd0bbd8a61,5,Highly Constrained,0,Does Not Provide This Service,0,Does Not Provide This Service
ef9a2e6d-f305-454a-bd67-0b3e3b91e25f,4,Constrained by Market,0,Does Not Provide This Service,0,Does Not Provide This Service
efa61888-01ed-43a3-8355-164caa8c9342,4,Constrained by Market,0,Does Not Provide This Service,0,Does Not Provide This Service
efacb7de-d61d-4713-a62e-4b8504e678f2,4,Constrained by Market,0,Does Not Provide This Service,0,Does Not Provide This Service
efbe40c8-f1b0-4245-86e7-dc38998cf089,4,Constrained by Market,0,Does Not Provide This Service,0,Does Not Provide This Service
efc7ee81-9795-451b-9a15-627ce59d8cd5,5,Highly Constrained,0,Does Not Provide This Service,0,Does Not Provide This Service
efd31925-0bdb-4ba5-ac44-5410eaded68e,5,Highly Constrained,0,Does Not Provide This Service,0,Does Not Provide This Service
efdb4c1c-0415-43c8-9815-ddb2316499ec,5,Highly Constrained,0,Does Not Provide This Service,0,Does Not Provide This Service
efe57174-ad81-4345-97df-3f08ffe4b516,4,Constrained by Market,0,Does Not Provide This Service,0,Does Not Provide This Service
f02635dd-a4db-46e6-ab6f-17bf788f62ea,4,Constrained by Market,0,Does Not Provide This Service,0,Does Not Provide This Service
f02f3c03-87e9-4795-a507-43c5b08c9237,0,Does Not Provide This Service,0,Does Not Provide This Service,1,Likely Available
f077912c-52fe-4a6c-98c3-3808ffd32be2,2,Potentially Available,0,Does Not Provide This Service,0,Does Not Provide This Service
f086928b-c87c-4d01-8745-38e53b3995aa,4,Constrained by Market,0,Does Not Provide This Service,0,Does Not Provide This Service
f09a0ad6-c70c-4ede-9e39-fc9f4a9e19df,5,Highly Constrained,0,Does Not Provide This Service,0,Does Not Provide This Service
f0a39314-0f36-4fc0-bbda-ed15e391f4d9,4,Constrained by Market,0,Does Not Provide This Service,0,Does Not Provide This Service
f0a5e067-8725-4faa-830e-ae3333264fe2,4,Constrained by Market,0,Does Not Provide This Service,0,Does Not Provide This Service
f0f10780-51d5-4203-b516-1555d7cce92d,4,Constrained by Market,0,Does Not Provide This Service,0,Does Not Provide This Service
f0f266bb-6862-4dec-ad2c-f089410284bb,5,Highly Constrained,0,Does Not Provide This Service,0,Does Not Provide This Service
f1032e3b-aac8-4809-8847-b3cc3f39187d,4,Constrained by Market,0,Does Not Provide This Service,0,Does Not Provide This Service
f13a217e-e892-4f0f-a35a-311b1f754985,4,Constrained by Market,0,Does Not Provide This Service,0,Does Not Provide This Service
f13e42f8-7008-4172-a767-6c47e0a981c7,4,Constrained by Market,0,Does Not Provide This Service,0,Does Not Provide This Service
f145c509-7d9f-48fa-a5a6-73669cad151d,4,Constrained by Market,0,Does Not Provide This Service,0,Does Not Provide This Service
f1472014-879d-494e-a99d-3ca385e9e6e5,4,Constrained by Market,0,Does Not Provide This Service,0,Does Not Provide This Service
f16cba75-d2a8-4735-8c9e-eb8f891729bd,5,Highly Constrained,0,Does Not Provide This Service,0,Does Not Provide This Service
f17cf10f-7ed5-49e6-aff2-6d62d903d8c4,0,Does Not Provide This Service,0,Does Not Provide This Service,5,Highly Constrained
f1968d40-1433-41fa-9a72-fa691f1a7813,4,Constrained by Market,0,Does Not Provide This Service,0,Does Not Provide This Service
f19b6ea4-471b-472d-b140-60b72bc4aa6c,4,Constrained by Market,0,Does Not Provide This Service,0,Does Not Provide This Service
f19f7f22-c8a2-4499-b464-f0a79c6d15c1,5,Highly Constrained,0,Does Not Provide This Service,0,Does Not Provide This Service
f1cdca00-7c48-416f-aa0b-8db5218525e6,4,Constrained by Market,0,Does Not Provide This Service,0,Does Not Provide This Service
f1d62407-bf5c-4cb7-82ff-debf437dc4b0,5,Highly Constrained,0,Does Not Provide This Service,0,Does Not Provide This Service
f1d7dcbb-7789-43b8-a6e4-36f9151ba913,0,Does Not Provide This Service,4,Constrained by Market,0,Does Not Provide This Service
f20842bf-fded-48d7-910b-abc37229afbb,2,Potentially Available,0,Does Not Provide This Service,0,Does Not Provide This Service
f21c6735-370a-4209-a3f8-178fd11f5a22,5,Highly Constrained,0,Does Not Provide This Service,0,Does Not Provide This Service
f21e9a52-b0e7-42cf-aadb-e15083d69e44,4,Constrained by Market,0,Does Not Provide This Service,0,Does Not Provide This Service
f231f925-f5b9-4130-8e6f-5da354f4cf13,1,Likely Available,0,Does Not Provide This Service,0,Does Not Provide This Service
f24987bb-ca12-45ae-9e7f-deb3da831bea,4,Constrained by Market,0,Does Not Provide This Service,0,Does Not Provide This Service
f24fe021-bedc-48c2-b6f5-ccc575f05017,4,Constrained by Market,0,Does Not Provide This Service,0,Does Not Provide This Service
f258eb5a-642f-4809-9890-c3e12a49ecdd,0,Does Not Provide This Service,0,Does Not Provide This Service,3,Constrained by Size
f26433c8-1fe4-42f8-ad71-be943fa1e497,5,Highly Constrained,0,Does Not Provide This Service,0,Does Not Provide This Service
f2a65a11-f716-44a8-9dd7-d412e2ca33ae,5,Highly Constrained,0,Does Not Provide This Service,0,Does Not Provide This Service
f2bc53a8-4d88-49c3-b34d-5ad54fdbab58,3,Constrained by Size,4,Constrained by Market,0,Does Not Provide This Service
f2c19c4e-2c14-43bc-8d29-c73804a8325a,4,Constrained by Market,0,Does Not Provide This Service,0,Does Not Provide This Service
f2d182e5-3fe7-4036-956a-e0cedf2695bb,4,Constrained by Market,0,Does Not Provide This Service,0,Does Not Provide This Service
f2f096c2-60f0-41eb-b078-bb2ca822337f,4,Constrained by Market,0,Does Not Provide This Service,0,Does Not Provide This Service
f2f735d5-ce7a-4b75-86db-b7a9846422ba,3,Constrained by Size,0,Does Not Provide This Service,0,Does Not Provide This Service
f348bd06-5297-447e-8daf-c6b26f3e2852,5,Highly Constrained,0,Does Not Provide This Service,0,Does Not Provide This Service
f367bd99-59cd-4cd2-81bf-2929ece14837,4,Constrained by Market,0,Does Not Provide This Service,0,Does Not Provide This Service
f36d2b3a-0d0c-4092-90f3-f036f7971f35,4,Constrained by Market,0,Does Not Provide This Service,0,Does Not Provide This Service
f3910b68-630f-4247-9217-ec67d0f2f331,4,Constrained by Market,0,Does Not Provide This Service,0,Does Not Provide This Service
f3af9293-6fef-4be1-9926-1d7e642c757b,5,Highly Constrained,0,Does Not Provide This Service,0,Does Not Provide This Service
f3ca7f14-3a6d-4709-8513-68b2310bbded,5,Highly Constrained,0,Does Not Provide This Service,0,Does Not Provide This Service
f40ff005-7e6d-47e0-a9fa-cfa140f3b8ae,4,Constrained by Market,0,Does Not Provide This Service,0,Does Not Provide This Service
f4292ebd-211c-4b7c-a7a5-c40b43631bf1,4,Constrained by Market,0,Does Not Provide This Service,0,Does Not Provide This Service
f42e2cff-58d3-4386-a3ba-6f52f604e6d0,4,Constrained by Market,0,Does Not Provide This Service,0,Does Not Provide This Service
f441c89b-6dd8-44e1-ad47-b9d7c6d99743,4,Constrained by Market,0,Does Not Provide This Service,0,Does Not Provide This Service
f44426ea-d638-40ef-9287-f9df3965a518,4,Constrained by Market,0,Does Not Provide This Service,0,Does Not Provide This Service
f444eee1-1d91-45fe-b946-c62ab0e5bfe9,0,Does Not Provide This Service,1,Likely Available,0,Does Not Provide This Service
f469fed9-8ea7-4eb4-85a5-e781afdb938b,5,Highly Constrained,0,Does Not Provide This Service,0,Does Not Provide This Service
f4765eaf-688b-47db-aa0b-8190b00792aa,4,Constrained by Market,0,Does Not Provide This Service,0,Does Not Provide This Service
f47e7fe0-3648-497d-9be7-1d8b21457e47,3,Constrained by Size,0,Does Not Provide This Service,0,Does Not Provide This Service
f4903b05-8cfd-43e1-b5bb-430a0f428bb9,4,Constrained by Market,0,Does Not Provide This Service,0,Does Not Provide This Service
f4a31a06-6cda-4825-98d9-23dbb0471f54,4,Constrained by Market,0,Does Not Provide This Service,0,Does Not Provide This Service
f4b40895-c8c0-4770-8d9c-93599cf79cea,2,Potentially Available,0,Does Not Provide This Service,0,Does Not Provide This Service
f4b6e986-9433-48c2-b087-2395b55001fd,4,Constrained by Market,0,Does Not Provide This Service,0,Does Not Provide This Service
f4b85902-1d3b-49f7-ba76-f70c19d8c224,5,Highly Constrained,0,Does Not Provide This Service,0,Does Not Provide This Service
f4b8ef3b-bee9-42d4-a11a-0bb610d21052,4,Constrained by Market,0,Does Not Provide This Service,0,Does Not Provide This Service
f4cd9d6d-11c3-4f17-8748-c6ad93cb67c4,2,Potentially Available,0,Does Not Provide This Service,0,Does Not Provide This Service
f4d290ae-1f4f-4115-bcb8-adafe916e1bf,4,Constrained by Market,0,Does Not Provide This Service,0,Does Not Provide This Service
f4e5d893-7924-4058-9bec-5295998995d8,4,Constrained by Market,0,Does Not Provide This Service,0,Does Not Provide This Service
f52839f6-aad1-4530-a1b9-be65b55db10a,5,Highly Constrained,5,Highly Constrained,0,Does Not Provide This Service
f57d10cc-afc7-430d-a8f1-22778dd5c77d,5,Highly Constrained,0,Does Not Provide This Service,0,Does Not Provide This Service
f594d9ba-c43b-4293-9e2f-8b95738ba527,5,Highly Constrained,0,Does Not Provide This Service,0,Does Not Provide This Service
f5a827f1-8beb-461d-973f-1395593e1c3f,3,Constrained by Size,0,Does Not Provide This Service,0,Does Not Provide This Service
f5ae7e92-b018-4777-8229-8f7b6527373a,4,Constrained by Market,0,Does Not Provide This Service,0,Does Not Provide This Service
f5b06bd0-0879-4ac2-af21-b83911314dc0,4,Constrained by Market,0,Does Not Provide This Service,0,Does Not Provide This Service
f5cd153b-fcc8-4f6f-bfab-36a249b2378e,4,Constrained by Market,0,Does Not Provide This Service,0,Does Not Provide This Service
f5d4a44a-3ac9-4743-a46f-8ceaa8fc2e46,5,Highly Constrained,0,Does Not Provide This Service,0,Does Not Provide This Service
f5dd6d67-304c-4191-867a-a03f55ecd5d8,2,Potentially Available,0,Does Not Provide This Service,0,Does Not Provide This Service
f5e5b707-3fc4-469b-9128-28e8f9dc0229,1,Likely Available,0,Does Not Provide This Service,0,Does Not Provide This Service
f5fb9e30-1dd8-4c5a-96f4-18357448d223,4,Constrained by Market,0,Does Not Provide This Service,0,Does Not Provide This Service
f608babe-ec45-4ac8-9c82-5ec592e98767,5,Highly Constrained,0,Does Not Provide This Service,0,Does Not Provide This Service
f625d9f9-eafe-43bd-bf4f-006d670248c4,4,Constrained by Market,0,Does Not Provide This Service,0,Does Not Provide This Service
f634edcf-fd63-445f-a6a4-51d5b4ee46ef,4,Constrained by Market,0,Does Not Provide This Service,0,Does Not Provide This Service
f6368623-3a16-475e-a106-e108d32d5e51,4,Constrained by Market,0,Does Not Provide This Service,0,Does Not Provide This Service
f636c8aa-57a8-40b6-8885-e34abf7af6ff,5,Highly Constrained,0,Does Not Provide This Service,0,Does Not Provide This Service
f642aa5a-5014-4e6a-81ed-2ef33412d0cf,4,Constrained by Market,0,Does Not Provide This Service,0,Does Not Provide This Service
f65de2fa-4fc4-4a42-88d3-ecb755e18e4d,5,Highly Constrained,0,Does Not Provide This Service,0,Does Not Provide This Service
f68ed86c-4a3e-4dbe-979d-63971af2f5f2,5,Highly Constrained,0,Does Not Provide This Service,0,Does Not Provide This Service
f6a08736-0088-4957-b284-4f195e63769d,4,Constrained by Market,0,Does Not Provide This Service,0,Does Not Provide This Service
f6ab8db1-fdeb-41d9-8c0e-36f8eaa23681,5,Highly Constrained,0,Does Not Provide This Service,0,Does Not Provide This Service
f6b5b704-8118-4182-a2e5-2791b8fb322e,5,Highly Constrained,0,Does Not Provide This Service,0,Does Not Provide This Service
f6de3a27-5048-42e5-a582-2e7efc10816a,1,Likely Available,1,Likely Available,0,Does Not Provide This Service
f6f28565-1d0e-4f14-9a16-eebca20b6b4a,5,Highly Constrained,0,Does Not Provide This Service,0,Does Not Provide This Service
f7051b78-dc2d-4f3d-9a3f-3c5c04ff7d89,4,Constrained by Market,0,Does Not Provide This Service,0,Does Not Provide This Service
f723cbd8-f5f0-4aeb-b876-b7dda97159a7,3,Constrained by Size,0,Does Not Provide This Service,0,Does Not Provide This Service
f74247df-e96f-4246-9e01-3f6d2f0631c0,4,Constrained by Market,0,Does Not Provide This Service,0,Does Not Provide This Service
f78cf645-ee9b-44e2-b54c-d7aa665aff04,4,Constrained by Market,0,Does Not Provide This Service,0,Does Not Provide This Service
f7a4c1cc-a3db-4641-975d-d062e18044f1,5,Highly Constrained,0,Does Not Provide This Service,0,Does Not Provide This Service
f7d8aea4-d6d7-4a16-9d00-6eb6a1aa0939,4,Constrained by Market,0,Does Not Provide This Service,0,Does Not Provide This Service
f7ede5a9-9079-43f8-9aa3-a47776d6d5d6,3,Constrained by Size,1,Likely Available,0,Does Not Provide This Service
f7f1c155-7b7a-4a4a-bb03-8b8dcc350f44,5,Highly Constrained,0,Does Not Provide This Service,0,Does Not Provide This Service
f80cd251-eddf-4a63-ab88-351a3688913f,0,Does Not Provide This Service,0,Does Not Provide This Service,5,Highly Constrained
f8222511-c393-4a2c-89c3-8250cad2a9e4,4,Constrained by Market,0,Does Not Provide This Service,0,Does Not Provide This Service
f838e052-89c8-46fd-9a0c-6f0ffc75dfc0,2,Potentially Available,0,Does Not Provide This Service,0,Does Not Provide This Service
f84210c7-bad4-4c83-b2be-eb848850144d,5,Highly Constrained,0,Does Not Provide This Service,0,Does Not Provide This Service
f845590e-cd71-49df-a7d4-d31e32464008,4,Constrained by Market,0,Does Not Provide This Service,0,Does Not Provide This Service
f845c93a-c52b-46fb-86fa-b390cdabd4f2,5,Highly Constrained,0,Does Not Provide This Service,0,Does Not Provide This Service
f8548bd8-10e9-4a1a-8d1d-d0773e9c2fa2,2,Potentially Available,0,Does Not Provide This Service,0,Does Not Provide This Service
f8872b04-973c-4c3c-950a-3148b23e481e,0,Does Not Provide This Service,0,Does Not Provide This Service,3,Constrained by Size
f8aacaf1-bd0b-4ce1-9df4-4d935f7967d5,5,Highly Constrained,0,Does Not Provide This Service,0,Does Not Provide This Service
f8b40e4f-994b-4837-8fda-ecf00d9d38b8,5,Highly Constrained,0,Does Not Provide This Service,0,Does Not Provide This Service
f8b7c2f3-9641-4330-9dc8-a32ab7ba143e,5,Highly Constrained,0,Does Not Provide This Service,0,Does Not Provide This Service
f9136406-3b73-4b40-8590-734fadf66ea8,4,Constrained by Market,0,Does Not Provide This Service,0,Does Not Provide This Service
f918245f-e0af-4e44-905b-e366f3a25623,4,Constrained by Market,0,Does Not Provide This Service,0,Does Not Provide This Service
f918f5db-4173-49e3-a1b3-fe0928b1d9df,2,Potentially Available,0,Does Not Provide This Service,0,Does Not Provide This Service
f932034a-9a83-4e9c-843b-ff170254e7c7,5,Highly Constrained,0,Does Not Provide This Service,0,Does Not Provide This Service
f9447ea3-91d5-4974-9613-1e8b2c664365,4,Constrained by Market,0,Does Not Provide This Service,0,Does Not Provide This Service
f972d3c2-f77e-449e-9f73-3d33ee6bec62,0,Does Not Provide This Service,0,Does Not Provide This Service,2,Potentially Available
f97d5c84-974e-4b31-9cfb-bb11edfa42ca,4,Constrained by Market,0,Does Not Provide This Service,0,Does Not Provide This Service
f9828fd1-ed60-4ec3-a2b4-e05c5d9081e4,5,Highly Constrained,0,Does Not Provide This Service,0,Does Not Provide This Service
f99cd454-feb8-40cd-94e1-d9eeae2e5bd8,0,Does Not Provide This Service,0,Does Not Provide This Service,5,Highly Constrained
f99da2fb-fac1-40cb-9e62-ca4fcc3da578,5,Highly Constrained,0,Does Not Provide This Service,0,Does Not Provide This Service
f9a975f9-d1cf-4c50-a3ac-dee185c34a56,4,Constrained by Market,0,Does Not Provide This Service,0,Does Not Provide This Service
f9af1fef-c717-4b37-9236-fe37117f0f0a,4,Constrained by Market,0,Does Not Provide This Service,0,Does Not Provide This Service
f9afc9ac-6136-4b45-b404-0091839e6641,0,Does Not Provide This Service,0,Does Not Provide This Service,5,Highly Constrained
f9b5578f-19ba-46da-b0b3-0539f16caa67,3,Constrained by Size,0,Does Not Provide This Service,0,Does Not Provide This Service
f9b85c91-45db-41b7-bef3-e6f555574b22,4,Constrained by Market,0,Does Not Provide This Service,0,Does Not Provide This Service
f9dc84d5-3f7f-4102-95d8-fd5f76087eb4,5,Highly Constrained,0,Does Not Provide This Service,0,Does Not Provide This Service
fa06bfb7-592d-48bc-95db-aedba249ee31,4,Constrained by Market,0,Does Not Provide This Service,0,Does Not Provide This Service
fa267362-e7df-40b9-ac43-79815db80bc0,5,Highly Constrained,0,Does Not Provide This Service,0,Does Not Provide This Service
fa4f1821-1d2b-41d9-aedd-5dd34f9c8ce4,4,Constrained by Market,0,Does Not Provide This Service,0,Does Not Provide This Service
fa53485e-2921-468d-aa40-470ed510337c,4,Constrained by Market,0,Does Not Provide This Service,0,Does Not Provide This Service
fa6399f2-d15c-4a21-9af9-d3dcccbe0575,4,Constrained by Market,0,Does Not Provide This Service,0,Does Not Provide This Service
fa6b50a1-e0fb-4bd2-96a5-23d43406ccbd,5,Highly Constrained,0,Does Not Provide This Service,0,Does Not Provide This Service
fa8b79c9-2ca9-45a8-8677-4ff97507d4ec,3,Constrained by Size,0,Does Not Provide This Service,0,Does Not Provide This Service
faa57104-1b96-4b6d-979a-53cd8e8b556b,5,Highly Constrained,0,Does Not Provide This Service,0,Does Not Provide This Service
faaa700d-5a70-4b1e-bc86-4485562a0e42,4,Constrained by Market,0,Does Not Provide This Service,0,Does Not Provide This Service
fab1fb73-ab34-4f8f-a761-14597b3cf68f,4,Constrained by Market,0,Does Not Provide This Service,0,Does Not Provide This Service
fabf8148-b152-4057-ba2f-9c670a0ec09a,4,Constrained by Market,0,Does Not Provide This Service,0,Does Not Provide This Service
fac8292a-74fc-475e-a089-78ae0e90935c,5,Highly Constrained,0,Does Not Provide This Service,0,Does Not Provide This Service
facb3a25-2d27-4f2e-94a5-d14a4a25e1a2,5,Highly Constrained,0,Does Not Provide This Service,0,Does Not Provide This Service
faf22228-1b5f-4a65-846d-2f3325334140,5,Highly Constrained,0,Does Not Provide This Service,0,Does Not Provide This Service
fb02264f-e114-4bba-a1eb-c161febd4a42,4,Constrained by Market,0,Does Not Provide This Service,0,Does Not Provide This Service
fb32da9f-0729-4ed3-9a80-3d5212bf172a,5,Highly Constrained,0,Does Not Provide This Service,0,Does Not Provide This Service
fb6e836c-a652-4f52-9f77-517104bd27e1,5,Highly Constrained,0,Does Not Provide This Service,0,Does Not Provide This Service
fb7ec8c1-331a-4e18-a4ec-8ea9a8f240d2,4,Constrained by Market,0,Does Not Provide This Service,0,Does Not Provide This Service
fb8c9919-f5a9-494d-aedb-4477bd7ab104,4,Constrained by Market,0,Does Not Provide This Service,0,Does Not Provide This Service
fb96947c-2669-48c9-afb8-a501b9efe98c,5,Highly Constrained,0,Does Not Provide This Service,0,Does Not Provide This Service
fb98bb46-4e62-432e-8904-4b5c3f7c2ebb,1,Likely Available,1,Likely Available,0,Does Not Provide This Service
fb9a97a9-ea24-4e36-a54b-7a1aa4cb11e2,5,Highly Constrained,0,Does Not Provide This Service,0,Does Not Provide This Service
fbab169a-04ae-435f-a495-5d6c0c1a1e70,5,Highly Constrained,0,Does Not Provide This Service,0,Does Not Provide This Service
fbb44a0c-573a-492c-bbe3-f5dac1d2ddf6,3,Constrained by Size,5,Highly Constrained,0,Does Not Provide This Service
fbb66326-5d0c-483e-aad4-a8bae4c8eb0f,0,Does Not Provide This Service,0,Does Not Provide This Service,3,Constrained by Size
fbc19a71-bf78-48b1-97f1-0efe7d8d0e9b,5,Highly Constrained,0,Does Not Provide This Service,0,Does Not Provide This Service
fbd02ba7-720e-4996-9b8f-954ea6d90f17,4,Constrained by Market,0,Does Not Provide This Service,0,Does Not Provide This Service
fbff6898-30ea-47ed-8394-259cf942d02f,4,Constrained by Market,0,Does Not Provide This Service,0,Does Not Provide This Service
fc3a1aa0-5367-4bda-84a3-88bd7a57d862,4,Constrained by Market,0,Does Not Provide This Service,0,Does Not Provide This Service
fc58d744-3f0d-4cb5-a6c2-2217ea213b6b,1,Likely Available,1,Likely Available,0,Does Not Provide This Service
fc5d3ae6-30ed-42a3-ab1c-7e275e281c81,4,Constrained by Market,0,Does Not Provide This Service,0,Does Not Provide This Service
fc73de4a-7cef-435f-a05b-7f71f89155dc,5,Highly Constrained,0,Does Not Provide This Service,0,Does Not Provide This Service
fcd06537-dade-478f-8563-ee529c188939,0,Does Not Provide This Service,0,Does Not Provide This Service,3,Constrained by Size
fd2496c8-89c1-4a1b-90eb-8c5928420cad,4,Constrained by Market,0,Does Not Provide This Service,0,Does Not Provide This Service
fd32381d-a0ee-4f8c-bab3-08cdae56adcd,4,Constrained by Market,0,Does Not Provide This Service,0,Does Not Provide This Service
fd371717-459f-459a-883b-4615a4bf5af0,5,Highly Constrained,0,Does Not Provide This Service,0,Does Not Provide This Service
fd4802cc-0f5d-4273-8a19-7db711de9877,5,Highly Constrained,0,Does Not Provide This Service,0,Does Not Provide This Service
fd6dcc49-1811-4f63-8e27-7a82a0d9c046,5,Highly Constrained,0,Does Not Provide This Service,0,Does Not Provide This Service
fd9bce5d-36a0-4022-bf0c-59a11c5a844c,4,Constrained by Market,0,Does Not Provide This Service,0,Does Not Provide This Service
fdc90aea-665e-4074-a752-fc0fad542768,5,Highly Constrained,0,Does Not Provide This Service,0,Does Not Provide This Service
fde4646e-bb04-4219-b2d9-97ee132c7d2a,5,Highly Constrained,0,Does Not Provide This Service,0,Does Not Provide This Service
fde539a8-ce32-4326-a764-10cac04c6ab4,4,Constrained by Market,0,Does Not Provide This Service,0,Does Not Provide This Service
fdff8cd8-4e54-44a2-a5e7-430c22541774,2,Potentially Available,0,Does Not Provide This Service,0,Does Not Provide This Service
fe29f50d-1ff8-45f1-912f-74b24e5993b3,4,Constrained by Market,0,Does Not Provide This Service,0,Does Not Provide This Service
fe32212f-4e74-4024-8c6a-5f81de442e46,5,Highly Constrained,0,Does Not Provide This Service,0,Does Not Provide This Service
fe3c04c7-2967-4e5f-a039-4ba22afc7698,4,Constrained by Market,0,Does Not Provide This Service,0,Does Not Provide This Service
fe61d039-e569-4eeb-8307-e554197d8518,4,Constrained by Market,0,Does Not Provide This Service,0,Does Not Provide This Service
fe6f1ea8-4fad-4c9e-93b6-64fd33035969,5,Highly Constrained,0,Does Not Provide This Service,0,Does Not Provide This Service
fe76cc4e-0147-4386-ac16-f3eb2e2c40b8,3,Constrained by Size,0,Does Not Provide This Service,0,Does Not Provide This Service
fe786fb8-5829-4874-9e0a-8a116a6afd27,2,Potentially Available,0,Does Not Provide This Service,0,Does Not Provide This Service
fe7bd3ba-c6f6-41f4-9692-a05d49b8d36c,4,Constrained by Market,0,Does Not Provide This Service,0,Does Not Provide This Service
fe7c422d-5245-4d9c-92a0-5b89e0adbb26,5,Highly Constrained,0,Does Not Provide This Service,0,Does Not Provide This Service
fe7dcfbc-4e16-4630-9c24-4910c9bc9742,4,Constrained by Market,0,Does Not Provide This Service,0,Does Not Provide This Service
fe84b940-265d-4e4b-8fd1-7598b47cf498,4,Constrained by Market,0,Does Not Provide This Service,0,Does Not Provide This Service
fe8da2f5-f603-4ba9-9c5d-cdd72a4fea52,1,Likely Available,1,Likely Available,0,Does Not Provide This Service
feb7b978-e0b9-414e-b998-836860cfb327,4,Constrained by Market,0,Does Not Provide This Service,0,Does Not Provide This Service
feb948ac-add5-461b-9fa4-c13023a684aa,5,Highly Constrained,0,Does Not Provide This Service,0,Does Not Provide This Service
feba42d3-1615-42af-86a5-8dacec51d082,4,Constrained by Market,0,Does Not Provide This Service,0,Does Not Provide This Service
febe346e-fa60-44b2-b863-39914f1e46eb,5,Highly Constrained,0,Does Not Provide This Service,0,Does Not Provide This Service
fec4cfbc-64f0-4c3c-b0c6-0ef17d3d2a7c,4,Constrained by Market,0,Does Not Provide This Service,0,Does Not Provide This Service
fed5354f-54cc-4af4-ae94-633a425e0480,4,Constrained by Market,0,Does Not Provide This Service,0,Does Not Provide This Service
fed9ffd6-106c-44c3-8056-613261ec8ef7,5,Highly Constrained,0,Does Not Provide This Service,0,Does Not Provide This Service
fee116bf-f50b-466e-9a34-6bf61f57ee6c,3,Constrained by Size,0,Does Not Provide This Service,0,Does Not Provide This Service
fee5e752-034e-4c2e-b9f3-6f6c41c62c71,0,Does Not Provide This Service,0,Does Not Provide This Service,4,Constrained by Market
fefe7b5a-c8cb-4b30-af87-4b061fe70a8f,4,Constrained by Market,0,Does Not Provide This Service,0,Does Not Provide This Service
ff1051b6-cc23-49f2-9830-4b9315ca5850,4,Constrained by Market,0,Does Not Provide This Service,0,Does Not Provide This Service
ff3974fc-baad-4f81-8dc9-77ce75a47aad,5,Highly Constrained,0,Does Not Provide This Service,0,Does Not Provide This Service
ff4164c8-2fb2-4956-922e-a5c91835cb12,5,Highly Constrained,0,Does Not Provide This Service,0,Does Not Provide This Service
ff522b0e-ca6a-4618-9db0-32d6bc275517,4,Constrained by Market,0,Does Not Provide This Service,0,Does Not Provide This Service
ff5ab2b1-b33f-422a-b28e-52da2e70073f,4,Constrained by Market,0,Does Not Provide This Service,0,Does Not Provide This Service
ff5dc704-106c-485e-96ed-b3b778122ce7,4,Constrained by Market,0,Does Not Provide This Service,0,Does Not Provide This Service
ff6df550-9f6d-4842-8a7d-e5fad15af33d,3,Constrained by Size,0,Does Not Provide This Service,0,Does Not Provide This Service
ff6e1b26-1914-4234-b139-2a8bcff78c67,5,Highly Constrained,0,Does Not Provide This Service,0,Does Not Provide This Service
ff700ce2-d6f4-47a5-bd9a-ab3455aceeb7,4,Constrained by Market,0,Does Not Provide This Service,0,Does Not Provide This Service
ff937375-fb94-4bba-92f1-b3ebab27cfa1,2,Potentially Available,0,Does Not Provide This Service,0,Does Not Provide This Service
ffaa76e5-ce68-423e-84a8-75f990a06cf4,4,Constrained by Market,0,Does Not Provide This Service,0,Does Not Provide This Service
ffb85444-c9f1-4ab3-a692-761d33c0b9a8,4,Constrained by Market,0,Does Not Provide This Service,0,Does Not Provide This Service
ffc7c640-4dea-474e-aeed-be49bda5192a,5,Highly Constrained,0,Does Not Provide This Service,0,Does Not Provide This Service
ffd084ef-79d8-44f7-a6cf-136485598a40,4,Constrained by Market,0,Does Not Provide This Service,0,Does Not Provide This Service
ffdf7591-5e12-4636-960a-a9c6cf73b8a8,3,Constrained by Size,0,Does Not Provide This Service,0,Does Not Provide This Service
