facility_id,facility_supply_places,regional_demand_people,regional_supply_places,regional_demand_pressure,facility_supply_share_lga
f52839f6-aad1-4530-a1b9-be65b55db10a,37,271,364,0.7445054945054945,0.10164835164835165
b5807c0e-cdff-4898-8f01-3188de404e89,122,633,680,0.9308823529411765,0.17941176470588235
6682630d-b46b-417a-88a8-9a92cc3df8a6,12,0,12,0.0,1.0
816ec8b3-dd89-47b6-ab28-38c84219067a,90,625,666,0.9384384384384384,0.13513513513513514
4fe8361b-e220-4ea6-8607-96e3e2c1ca23,19,111,133,0.8345864661654135,0.14285714285714285
eb4a1fda-eacd-40f9-8798-456600cc5b51,14,65,137,0.4744525547445255,0.10218978102189781
9cc01186-064b-4b8c-a900-7e3cf97b3076,64,231,291,0.7938144329896907,0.21993127147766323
aa4d0a87-b70c-43d6-83bc-8550dba3a686,130,1285,1372,0.9365889212827988,0.09475218658892129
8599f1a8-f2e0-462a-8ced-36998623830d,19,74,129,0.5736434108527132,0.14728682170542637
98e3c065-99af-4eb7-aaf9-9e1d034e8da7,135,1553,1645,0.9440729483282675,0.08206686930091185
ab323dcc-263c-449f-93cb-51b782edb74a,21,104,133,0.7819548872180451,0.15789473684210525
7fa8f742-6dd6-4e07-b604-4520aa562899,77,625,666,0.9384384384384384,0.11561561561561562
e0170c77-7a32-42d5-ad6f-7e32744510b0,32,0,32,0.0,1.0
bf2f4f92-a93d-4977-9cb3-83c3e6635883,42,95,191,0.4973821989528796,0.2198952879581152
2c4e4c8c-41a2-44fa-a287-7d1cb261f901,55,109,122,0.8934426229508197,0.45081967213114754
08694788-5fb6-4736-b83d-c10b3e9b172a,10,74,97,0.7628865979381443,0.10309278350515463
72d4bfec-b909-4e39-938a-6a74a65e4855,21,598,687,0.8704512372634643,0.03056768558951965
88c4f338-96d6-46c3-99ca-6cd38341b71e,28,58,124,0.46774193548387094,0.22580645161290322
d056638d-c6f3-42ff-bf6a-0743f644a601,104,2590,2872,0.9018105849582173,0.036211699164345405
daf7b2a6-83e4-460d-b09a-b2f0dc448652,14,55,80,0.6875,0.175
76366f32-b2f9-49d4-8101-0dde5601a156,195,3548,3910,0.9074168797953964,0.049872122762148335
2088a221-8d77-405c-bdad-cbc7c71226db,21,44,68,0.6470588235294118,0.3088235294117647
afd1c518-347f-43cb-bd14-2ab458c429ec,80,3548,3910,0.9074168797953964,0.020460358056265986
91b4a171-682e-465f-8519-4f63e9679e51,9,109,152,0.7171052631578947,0.05921052631578947
b5300509-229f-4b00-994d-29f62b7ed7a8,101,3548,3910,0.9074168797953964,0.025831202046035805
07896338-b6db-4926-8707-e46d93d91f40,54,104,133,0.7819548872180451,0.40601503759398494
5cf1e818-55e0-4d0a-a450-3fc660fabfe4,100,2207,2405,0.9176715176715177,0.04158004158004158
9e33f075-8bb2-4e19-be96-c4a873c54d62,114,1919,2160,0.888425925925926,0.05277777777777778
4817c36b-eea6-41f0-a3d3-22d4cdfaf479,40,180,219,0.821917808219178,0.182648401826484
91e53f37-ed44-47ff-9a93-bbfb94b272fa,58,180,219,0.821917808219178,0.2648401826484018
36e91571-8976-43c7-b5f8-870ee3550a82,41,247,266,0.9285714285714286,0.15413533834586465
3762eedb-8e44-41db-96f4-0110c3abb74c,140,932,1144,0.8146853146853147,0.12237762237762238
725f3e07-e78e-4db3-be39-209018cf869d,76,2493,2674,0.9323111443530292,0.028421839940164548
9c6d7ecd-55f4-4970-91b6-8bb6ce2abe25,73,211,216,0.9768518518518519,0.33796296296296297
c79e816d-5395-433b-a404-8f922da4a30f,139,2021,2290,0.882532751091703,0.060698689956331875
0fa0ac44-b950-4e80-bbd0-8390389c6bc5,128,2021,2290,0.882532751091703,0.05589519650655022
972b366f-cb4c-4383-92cb-5fd84b924e02,204,2021,2290,0.882532751091703,0.0890829694323144
c57f33a0-2b42-427e-9451-411f8dbb4138,78,65,137,0.4744525547445255,0.5693430656934306
bb7397ef-05b7-43a5-aebd-26416e457a4c,55,134,154,0.8701298701298701,0.35714285714285715
4e7996fa-cb56-4fb9-a7b5-938eae83ff35,49,211,216,0.9768518518518519,0.22685185185185186
1c752f0c-4609-4d3a-a641-19cb71cb8872,84,111,133,0.8345864661654135,0.631578947368421
13474e0f-ad75-4fbf-8796-420ea2673720,105,1821,2120,0.8589622641509433,0.049528301886792456
2b6848b5-7210-44ce-ab8c-c72de32fc797,40,1334,1585,0.841640378548896,0.025236593059936908
a6a7b390-da40-40d6-8e72-91cf74b00ab5,50,106,110,0.9636363636363636,0.45454545454545453
3a28425b-d4ab-4f6d-8b93-f9f463ca20ea,17,78,96,0.8125,0.17708333333333334
30ebe24b-9c9a-47d0-9649-76d17803a2df,38,1553,1645,0.9440729483282675,0.023100303951367782
c98feb66-66e7-4f43-a19b-81375340478c,68,984,1055,0.9327014218009478,0.06445497630331753
626256c2-d3e5-49dd-a243-ffd0b3bceb1f,130,97,130,0.7461538461538462,1.0
7eac7ef9-c075-4918-8baa-79972a0af50c,36,2148,2486,0.8640386162510056,0.014481094127111826
6bc594d6-0311-4ca7-84bc-1ea622991d59,45,202,250,0.808,0.18
e843d815-9537-47d0-86a6-638706c170ce,80,320,371,0.862533692722372,0.215633423180593
57229ef6-b274-41e6-93e6-51a52ad46d27,36,480,512,0.9375,0.0703125
fc5d3ae6-30ed-42a3-ab1c-7e275e281c81,103,334,341,0.9794721407624634,0.3020527859237537
181b9baa-621d-4110-8ae0-3b170f545b57,48,624,711,0.8776371308016878,0.06751054852320675
94b802f2-54f1-4732-9240-90b8f4bd9893,83,624,711,0.8776371308016878,0.11673699015471167
b3d01a5e-e3e3-45e6-97f9-a2b476032f63,98,247,268,0.9216417910447762,0.3656716417910448
ffaa76e5-ce68-423e-84a8-75f990a06cf4,337,1057,1177,0.8980458793542906,0.286321155480034
72b5f9e5-4829-4228-b7ba-a16e572bf59d,52,480,512,0.9375,0.1015625
762c3458-ced8-4ec4-a8f0-be68c4d6993f,44,1487,1658,0.8968636911942099,0.026537997587454766
2bf0720d-9122-4572-a753-91bf33a2a463,125,132,152,0.868421052631579,0.8223684210526315
c9cc272d-7719-4c72-bdc7-5f430a82c91a,88,459,548,0.8375912408759124,0.16058394160583941
c36ace30-fc1a-4d79-a63d-20e4c712765c,134,237,254,0.9330708661417323,0.5275590551181102
68eaa4d5-ff11-4196-9b16-86a397e0d451,29,1487,1658,0.8968636911942099,0.017490952955367914
d80e3cbd-0e77-4786-9ba3-6e75290b7d1c,70,66,113,0.584070796460177,0.6194690265486725
9b0e4723-5d52-4da7-a0c5-7d52cfe9d178,195,2590,2872,0.9018105849582173,0.06789693593314763
adb968e6-dde1-4a51-868f-16db24d5030f,74,268,341,0.7859237536656891,0.21700879765395895
8f0c8c79-c98b-4f5a-b66a-c595175449de,88,1553,1645,0.9440729483282675,0.053495440729483285
d152d796-2e2b-49ab-aec2-4d72ec103996,134,1553,1645,0.9440729483282675,0.08145896656534954
ce389089-f0ba-44ab-83f8-39a34e9bb80c,95,240,278,0.8633093525179856,0.34172661870503596
45fa9707-5c39-4bc0-bc33-76466f926a4d,61,624,711,0.8776371308016878,0.08579465541490858
3ac8294d-8a85-42f6-9e8d-3a16e5ae2b8e,124,652,724,0.9005524861878453,0.1712707182320442
7e83775b-5aee-4bd9-8b87-2fd90241eddd,146,1919,2160,0.888425925925926,0.06759259259259259
f932034a-9a83-4e9c-843b-ff170254e7c7,40,1059,1148,0.9224738675958188,0.03484320557491289
4bd79b31-b15c-4d37-bf06-1f9db6605d9c,38,1991,2155,0.9238979118329467,0.017633410672853827
cbfeefeb-2545-4469-a4e4-22e1954a6178,68,315,387,0.813953488372093,0.17571059431524547
2d5b9690-d375-42e8-8e8f-86257b7973ef,118,1241,1556,0.7975578406169666,0.07583547557840617
44c4b5bb-0571-4a8a-9cb9-bc5024b3b5d6,73,2493,2674,0.9323111443530292,0.027299925205684368
5c5aca2e-bbbd-4a79-8309-7afa5f3bd11b,28,2148,2486,0.8640386162510056,0.011263073209975865
79dc610b-06c8-4620-9585-d1acacdef904,65,78,96,0.8125,0.6770833333333334
894ec123-4972-41a5-a116-dc165c1db8ab,136,1180,1370,0.8613138686131386,0.09927007299270073
aa5f8704-fd62-4b0a-b9f4-b2ae524594d9,78,536,575,0.9321739130434783,0.1356521739130435
df2c52aa-f9cf-44a2-9676-29766a1617d4,148,536,575,0.9321739130434783,0.2573913043478261
61e34dca-9a71-4dbe-abd7-a95b479d86be,80,1516,1679,0.9029184038117928,0.047647409172126266
0fa679cf-c064-4923-8d9e-edc3ce265863,120,2021,2290,0.882532751091703,0.05240174672489083
a773eb91-01f0-4e45-8c7b-ad744805611d,48,1553,1645,0.9440729483282675,0.02917933130699088
f84210c7-bad4-4c83-b2be-eb848850144d,23,3548,3910,0.9074168797953964,0.0058823529411764705
15eac556-ffbb-44d9-98d4-a93f7a3bf49b,85,271,364,0.7445054945054945,0.23351648351648352
7efa99c9-c72a-49ce-8aa7-743ce3aada76,50,2590,2872,0.9018105849582173,0.017409470752089137
377719ce-8611-4020-86fa-f4e11ab65d47,143,2590,2872,0.9018105849582173,0.04979108635097493
c1490e4c-78cb-470d-9aab-640106f55b21,52,1285,1372,0.9365889212827988,0.037900874635568516
a212ca51-1cbd-4f7b-b5ed-2363acd85b6f,172,1919,2160,0.888425925925926,0.07962962962962963
b0e94e0e-7e0a-428f-9b0b-97dee1b6471e,102,1461,1588,0.9200251889168766,0.06423173803526448
c5273814-4985-478a-9593-bb722aecc32f,47,984,1055,0.9327014218009478,0.04454976303317536
5cadb980-b4bc-4155-9b5a-c85daf6e66b1,84,117,118,0.9915254237288136,0.711864406779661
a068736e-7eb8-41ca-b24a-1b1adf82ebae,34,117,118,0.9915254237288136,0.288135593220339
6d455c3f-8560-45b8-bc4d-57465bb47fef,136,650,693,0.937950937950938,0.19624819624819625
b13188d3-01b1-4501-8362-8468ba151e39,44,1821,2120,0.8589622641509433,0.020754716981132074
ac7f40b8-a523-451f-b058-1731efefbfa9,253,2493,2674,0.9323111443530292,0.09461480927449514
9d28111d-dc21-4193-9232-dc8a0c18a898,109,239,262,0.9122137404580153,0.41603053435114506
75c961b3-0f47-45f6-9bc7-39af00dda58e,30,673,704,0.9559659090909091,0.04261363636363636
a3daad02-9eab-4387-84a4-84bbd8dfb1ac,90,598,687,0.8704512372634643,0.13100436681222707
f65de2fa-4fc4-4a42-88d3-ecb755e18e4d,62,598,687,0.8704512372634643,0.09024745269286755
c6b64007-e721-415d-ad2a-ed1ee8f4f72a,23,56,68,0.8235294117647058,0.3382352941176471
8ecd9332-1929-4ad6-b686-f0f17a2446ee,91,1334,1585,0.841640378548896,0.05741324921135647
8f2d3c70-ecf2-4738-a19c-fa1097cc94e0,36,65,76,0.8552631578947368,0.47368421052631576
8e00f16e-93ac-42d2-92fe-9fd51939bcbf,65,260,271,0.959409594095941,0.23985239852398524
ff700ce2-d6f4-47a5-bd9a-ab3455aceeb7,111,1516,1679,0.9029184038117928,0.06611078022632519
ebdd908c-ea23-4cc6-92ac-77428781cfde,30,95,191,0.4973821989528796,0.15706806282722513
1d6a29c6-55c8-460f-8d30-35fcc71da1af,113,1461,1588,0.9200251889168766,0.07115869017632241
ac299ab9-4387-48c0-ab61-6dbef2a36613,94,2021,2290,0.882532751091703,0.04104803493449782
1367229a-5ac7-471f-aa6a-0868d5c80b36,122,2021,2290,0.882532751091703,0.05327510917030567
0d14d3f3-4c31-4555-a24e-3b6f72a3e326,40,545,571,0.9544658493870403,0.07005253940455342
feb7b978-e0b9-414e-b998-836860cfb327,82,1334,1585,0.841640378548896,0.051735015772870666
0a6ae054-c746-431c-8ab2-7f9e1d021556,122,1516,1679,0.9029184038117928,0.07266229898749256
6ed72b61-f4f5-4c0f-94d2-70872bd64205,139,2207,2405,0.9176715176715177,0.0577962577962578
ff937375-fb94-4bba-92f1-b3ebab27cfa1,82,136,147,0.9251700680272109,0.5578231292517006
6be78446-fd1f-4b1a-a979-719152cb85a1,83,202,250,0.808,0.332
bf72af01-e1ed-41e1-b03a-6bcd789c2ba0,42,1314,1453,0.9043358568479009,0.028905712319339298
4b7eab5e-4b75-4cd0-9ea8-40ba442ab18a,24,2021,2290,0.882532751091703,0.010480349344978166
39b61859-61a1-4385-b2be-66f5fbddf84f,33,1821,2120,0.8589622641509433,0.015566037735849057
bf6a759a-764e-4839-90ed-3c5ef688261e,51,1991,2155,0.9238979118329467,0.023665893271461718
38cce7cf-0164-4d3f-8c85-d765bd3ac5db,72,1991,2155,0.9238979118329467,0.03341067285382831
ecb9c981-0691-4187-99af-40421e4d0177,50,2590,2872,0.9018105849582173,0.017409470752089137
717dc9d8-bb87-4e19-b731-5c9c866ac8d1,61,96,127,0.7559055118110236,0.48031496062992124
ff6e1b26-1914-4234-b139-2a8bcff78c67,55,247,266,0.9285714285714286,0.20676691729323307
06850055-f68d-4263-bbc1-1a80a311765c,146,1334,1585,0.841640378548896,0.09211356466876972
4278d002-188c-42d4-ae42-d5f0b271ff34,59,1298,1411,0.9199149539333806,0.041814316087880936
0243a6d1-7a1f-4510-a0f6-7fbc34887340,24,22,43,0.5116279069767442,0.5581395348837209
31a6ef1a-62e3-4492-9f56-a4302c13fc46,84,163,179,0.9106145251396648,0.4692737430167598
4fd1e053-0d24-4a3f-8034-7a2cf0eeac0f,74,576,632,0.9113924050632911,0.11708860759493671
bb47b345-2ce7-4a2e-8842-5f1c29c1105a,50,50,77,0.6493506493506493,0.6493506493506493
c9a9ac2c-6542-4afa-8ce1-c052520b6199,124,1234,1414,0.8727015558698727,0.0876944837340877
772b05eb-f0e7-41a2-901b-f5ae5b5ad677,54,100,157,0.6369426751592356,0.34394904458598724
4a4f4d07-afe1-4d22-9ca8-b9cf8d06a882,56,2207,2405,0.9176715176715177,0.023284823284823286
5ae5b453-3b4f-480f-ae55-1345f73c5243,22,45,69,0.6521739130434783,0.3188405797101449
1ca16f6e-c769-413e-b1f7-a3d824a87681,66,633,680,0.9308823529411765,0.09705882352941177
c48a4d64-8e7a-44d5-8fcf-9c7e0732f9b2,134,412,439,0.9384965831435079,0.3052391799544419
1584df75-3210-4cf2-9907-5b1c4a2eeb50,80,576,632,0.9113924050632911,0.12658227848101267
d4bcdc9a-38fd-4b83-b3ad-4d57771799ad,40,1245,1349,0.9229058561897702,0.029651593773165306
33f64875-5417-4da4-9743-6f77cfbf2b6b,117,1334,1585,0.841640378548896,0.07381703470031546
7450cef0-982f-4705-8f20-040f5f83b8d9,114,1487,1658,0.8968636911942099,0.06875753920386007
a6880e41-33f3-4caf-838d-20caeb53627c,53,3548,3910,0.9074168797953964,0.013554987212276215
e90299c6-09fb-4d53-a75d-96a599e91522,63,2207,2405,0.9176715176715177,0.026195426195426197
b5fa23c8-6d08-4b43-ba04-ee3402e920bc,75,2493,2674,0.9323111443530292,0.02804786836200449
80ff66fd-a96f-4907-9f67-9c39f9d06a2d,48,868,974,0.891170431211499,0.049281314168377825
0d7c4cf5-2688-4501-bfb1-578aeb4332a6,177,868,974,0.891170431211499,0.18172484599589322
a8d2a82c-5bb9-436d-a0c3-a3b218d4a53d,60,633,680,0.9308823529411765,0.08823529411764706
55036013-8848-45af-ba2b-f5d0d0fffa96,30,111,133,0.8345864661654135,0.22556390977443608
1a7c7100-0c7b-49c7-8b6d-4ce98276809e,40,2493,2674,0.9323111443530292,0.014958863126402393
8c1a925f-9754-4184-9cf6-9fee8c622664,130,2493,2674,0.9323111443530292,0.048616305160807775
c7c90a31-ad8f-430b-b7f5-3e37f4915e64,160,1334,1585,0.841640378548896,0.10094637223974763
38ac39ce-6f09-43bc-ae09-77bd24f78753,41,1553,1645,0.9440729483282675,0.02492401215805471
d8ebe0ce-3e2e-4d08-bd3c-ea403eb87be3,61,777,843,0.9217081850533808,0.07236061684460261
2497921e-a375-44c5-8f33-b152695e03ca,74,624,711,0.8776371308016878,0.10407876230661041
acf64759-ac56-47e5-81fd-6965785eb144,20,202,250,0.808,0.08
d7e93954-ef33-45a1-8c22-1824f56fe835,112,777,843,0.9217081850533808,0.132858837485172
e17c90b6-981e-40b7-b3d6-527e3bbe6b71,68,673,704,0.9559659090909091,0.09659090909090909
bccd8f9b-1d0a-43f3-9798-46139579c2d9,50,511,551,0.9274047186932849,0.09074410163339383
03c0beeb-3585-4aad-9f49-9d33faaf9595,64,1298,1411,0.9199149539333806,0.04535790219702339
c50ea7b5-1085-4dd4-82ea-d8dd888f161e,62,109,152,0.7171052631578947,0.40789473684210525
96c9a682-bd22-40d5-bf45-01f9def7ba13,45,493,500,0.986,0.09
8873fd93-8e22-41a9-9bda-0c6eed8ba915,112,493,500,0.986,0.224
a69fdc5f-99f7-4db1-9e53-08e7842afc10,28,56,94,0.5957446808510638,0.2978723404255319
5497b5c2-90a0-4bfd-9ff4-fd06b45cb142,36,56,94,0.5957446808510638,0.3829787234042553
97033287-4832-4e20-ad32-e42cb738fdd4,40,511,551,0.9274047186932849,0.07259528130671507
03e7f44a-dd40-4015-b6a0-47906785a097,25,220,293,0.7508532423208191,0.08532423208191127
6d3c2b84-f006-48f4-be7c-8cc5f2f93a0f,50,231,291,0.7938144329896907,0.1718213058419244
36975d7a-7347-483b-a5a6-245dbc3cdcf3,70,1245,1349,0.9229058561897702,0.05189028910303929
f9b5578f-19ba-46da-b0b3-0539f16caa67,21,48,66,0.7272727272727273,0.3181818181818182
64263b25-5590-4793-bef9-b176e836b135,70,569,616,0.9237012987012987,0.11363636363636363
6dd78179-a8f7-4b9f-bd4d-a08341a5e5b1,60,1234,1414,0.8727015558698727,0.042432814710042434
c339c692-d743-4efd-bc1d-7ffd5ff25fac,31,1334,1585,0.841640378548896,0.019558359621451103
ca0d7503-7d7f-49f2-98ca-2c954705faec,47,44,68,0.6470588235294118,0.6911764705882353
946998b9-9bd5-4847-88d8-2ba7d098e2ae,19,134,154,0.8701298701298701,0.12337662337662338
8dcbbcad-b8ee-4b04-817c-3d988cd9b728,40,1553,1645,0.9440729483282675,0.0243161094224924
d5137b00-2a53-40e7-87fa-38fddded43ec,48,2590,2872,0.9018105849582173,0.016713091922005572
7642e33e-96c8-4a38-8565-99b1b35a7359,38,1285,1372,0.9365889212827988,0.027696793002915453
699ddfd3-de0c-4989-b578-0683d1ff5ecd,80,984,1055,0.9327014218009478,0.07582938388625593
9edbb7dc-d1d5-4ca8-b87e-4dc25b040be6,149,545,571,0.9544658493870403,0.2609457092819615
609fabb1-6450-4b93-92a5-d55783be0fb4,69,2207,2405,0.9176715176715177,0.028690228690228692
564f78b7-01a6-43d6-a9ac-889c4e007c0d,180,2207,2405,0.9176715176715177,0.07484407484407485
c35d995f-9811-4ff5-902d-434bcdaf0cd6,71,2207,2405,0.9176715176715177,0.029521829521829523
fee116bf-f50b-466e-9a34-6bf61f57ee6c,30,100,157,0.6369426751592356,0.1910828025477707
e31ea57b-e979-4bab-aea3-802b2692ba49,28,107,154,0.6948051948051948,0.18181818181818182
298cb929-f85f-40c7-9fa2-80eb5d5f4a1f,50,1553,1645,0.9440729483282675,0.030395136778115502
2e4af2c3-6dce-4fc5-8da6-e08d9e57f6c3,17,109,122,0.8934426229508197,0.13934426229508196
edf46058-e763-40cc-98b0-21ace1e641ce,62,116,150,0.7733333333333333,0.41333333333333333
ca71f340-41cd-4f12-8ef4-e02139169ca5,33,30,47,0.6382978723404256,0.7021276595744681
4b7c6a52-e6af-4877-9f56-7b3bb968ff4f,36,74,129,0.5736434108527132,0.27906976744186046
f1d62407-bf5c-4cb7-82ff-debf437dc4b0,66,777,843,0.9217081850533808,0.07829181494661921
503d5914-fb1c-4f8e-b90b-4810fac7cbe9,76,3548,3910,0.9074168797953964,0.019437340153452685
43f285c0-f0bd-4052-b39d-795ec8ef33c3,21,58,124,0.46774193548387094,0.1693548387096774
ecd8a541-6dd4-4eaf-9761-32f9aa88cc27,70,66,70,0.9428571428571428,1.0
7cd38d01-a5d1-4003-a05e-dd59c9452c6f,20,58,124,0.46774193548387094,0.16129032258064516
8bf3cb04-5e23-42f5-bdd3-21494f1b3713,30,29,61,0.47540983606557374,0.4918032786885246
721bceca-e2f7-44ce-9502-319afcd8107e,47,474,591,0.8020304568527918,0.07952622673434856
71f315d6-5a90-42fb-bb2d-b526e3654256,42,474,591,0.8020304568527918,0.07106598984771574
ca1a9305-3a8c-4d46-99f5-572dad6f940e,69,3548,3910,0.9074168797953964,0.01764705882352941
fe7c422d-5245-4d9c-92a0-5b89e0adbb26,40,569,616,0.9237012987012987,0.06493506493506493
ba8144c1-cf14-4964-9b95-3089518483bc,19,220,293,0.7508532423208191,0.06484641638225255
12659306-1adb-4f8c-a9fb-bf2835d7ca75,64,1334,1585,0.841640378548896,0.04037854889589906
0b952fe5-93dd-474d-8f61-5ce5d3b047dd,102,1821,2120,0.8589622641509433,0.048113207547169815
b9b35325-bcb5-4f3c-92db-0dc517b5404d,27,45,69,0.6521739130434783,0.391304347826087
3817e9a9-65fe-44db-8aec-69442638abe8,18,16,29,0.5517241379310345,0.6206896551724138
5559323c-8c4a-4a6c-b9bc-c7fb3eaaf19d,32,3548,3910,0.9074168797953964,0.008184143222506393
d3437ca6-f1f1-4e9a-8a41-9be6294535a8,25,134,154,0.8701298701298701,0.16233766233766234
847cbb5c-6f62-4164-a3f6-c8342709e7b7,80,599,673,0.8900445765230312,0.1188707280832095
5eb78e5e-a40b-4f5a-9f40-7a79939f4bc4,123,1180,1370,0.8613138686131386,0.08978102189781022
be6dcf7a-e02b-49e0-9a1e-ca7c8a6bcf5d,98,1180,1370,0.8613138686131386,0.07153284671532846
a007bda3-0ba1-4dfa-9de1-d53336d7cba1,41,652,724,0.9005524861878453,0.05662983425414365
c1c894fc-17b7-4b72-87ff-c5deb55dbdeb,49,652,724,0.9005524861878453,0.06767955801104972
2a80aa18-f824-423b-9108-344e086cc1ee,83,609,674,0.9035608308605341,0.12314540059347182
c866a33c-7201-4828-b030-a1c8c7f422e4,29,633,680,0.9308823529411765,0.04264705882352941
5005fe52-7e84-4697-8fbe-b9d0aac61289,31,599,673,0.8900445765230312,0.04606240713224369
9a8a3068-b687-499d-afec-3e5f0b0de213,89,1180,1370,0.8613138686131386,0.06496350364963503
7732f670-d65e-43cd-9873-d8ad957ce82f,18,132,152,0.868421052631579,0.11842105263157894
d2d6f39b-e658-4dad-a3e8-bc0c8de5ddbc,41,1057,1177,0.8980458793542906,0.034834324553950725
7c8286d9-4f8a-44d5-9e75-1ed3a15d518e,87,598,687,0.8704512372634643,0.12663755458515283
d913b395-d763-423b-9c7e-81ef278f6b34,40,74,97,0.7628865979381443,0.41237113402061853
faf22228-1b5f-4a65-846d-2f3325334140,41,107,120,0.8916666666666667,0.3416666666666667
aa839ef2-c277-4e35-9e8d-4518c4356c1b,91,2590,2872,0.9018105849582173,0.03168523676880223
c6ddc946-eeb3-4e5a-b7bf-469795249b26,85,1644,1794,0.9163879598662207,0.04738015607580825
e0b8370d-9be9-4192-9009-64b76c55d1a1,66,459,548,0.8375912408759124,0.12043795620437957
761526d9-3c5e-4390-9e47-0606ce408cb1,32,231,291,0.7938144329896907,0.10996563573883161
4f31f32e-eb51-41b8-b894-25b98327733a,36,45,47,0.9574468085106383,0.7659574468085106
dbd84d4d-21c7-4beb-8747-6477a2dfbe41,30,29,45,0.6444444444444445,0.6666666666666666
8960523d-4057-477d-99ac-27908bb6a9cc,12,11,27,0.4074074074074074,0.4444444444444444
83365e0f-8a1c-4628-a723-53335b87ca1c,79,1644,1794,0.9163879598662207,0.04403567447045708
39556c15-2e39-4b86-8c81-12713b384e83,106,1919,2160,0.888425925925926,0.049074074074074076
d94bbd08-8848-48eb-8367-741740b5a45d,21,1180,1370,0.8613138686131386,0.015328467153284672
2463b8f0-2fe3-4bb7-9939-3be1d66c4f6f,238,1991,2155,0.9238979118329467,0.11044083526682134
190b4c7e-a9f0-410e-9454-037f1b03e1e9,144,1644,1794,0.9163879598662207,0.0802675585284281
953b798a-09b4-47d2-b6e4-67e24d87fec1,16,134,154,0.8701298701298701,0.1038961038961039
7039ba2e-67dc-4125-a9d1-92ba38dd8970,42,2207,2405,0.9176715176715177,0.017463617463617465
46feea27-052e-497d-93fd-d5da04f89b97,51,1919,2160,0.888425925925926,0.02361111111111111
21932b4a-aad7-4188-ae92-815283a3b2f9,53,536,575,0.9321739130434783,0.09217391304347826
ea282dca-4d99-4354-8339-0a2085b681c5,30,108,154,0.7012987012987013,0.19480519480519481
e92a9811-00b2-4068-b65b-c879ad6c59cb,42,423,476,0.8886554621848739,0.08823529411764706
c3100b29-e93c-43dc-a990-737a1d830803,60,598,687,0.8704512372634643,0.08733624454148471
150001c3-0741-4214-8886-6006b503ea79,65,1919,2160,0.888425925925926,0.03009259259259259
d9164ea7-72c3-4302-bd2e-382870fd7059,50,1919,2160,0.888425925925926,0.023148148148148147
9f3ff231-2d26-4d1c-8b22-df8c96bba2db,48,412,439,0.9384965831435079,0.10933940774487472
26478ca9-23aa-4fd5-9ed8-af6397b4ad69,66,423,476,0.8886554621848739,0.13865546218487396
2b3edbe0-682b-45ae-b07a-fe9b845c7c0c,120,237,254,0.9330708661417323,0.47244094488188976
2ade277b-5b68-4421-bef8-6fd9574d572c,19,17,31,0.5483870967741935,0.6129032258064516
b2f2adb8-25ec-4df2-b9c0-2b8aa5454f5f,92,1487,1658,0.8968636911942099,0.05548854041013269
ab46bfe4-eb4f-46ac-97a6-0fc93f3f2983,91,474,591,0.8020304568527918,0.15397631133671744
7399d5b5-fe95-4e54-82ad-fff6a9ba66f1,42,2148,2486,0.8640386162510056,0.016894609814963796
d3c2eff7-3e32-44d3-bd09-52fbd7415888,98,624,711,0.8776371308016878,0.13783403656821377
6627033d-abbb-4818-b041-fea5c43cf0b6,58,1285,1372,0.9365889212827988,0.04227405247813411
29bb6977-a906-47bf-93b6-230dab0bad7d,141,1644,1794,0.9163879598662207,0.07859531772575251
978c4693-0a78-47d7-b79e-a083af7c6c40,50,123,134,0.917910447761194,0.373134328358209
3c62409a-d5c0-48ec-9413-ac1f10af7b84,94,932,1144,0.8146853146853147,0.08216783216783216
14b27cc7-75a5-4897-aab1-ae22709f7ddc,50,1487,1658,0.8968636911942099,0.030156815440289506
2e9548cd-f31d-42c9-8361-d8acbae8ee9f,40,1180,1370,0.8613138686131386,0.029197080291970802
11a02880-16af-410b-9633-ec21c86c6273,106,3548,3910,0.9074168797953964,0.02710997442455243
96acd3fd-c175-4455-a1e6-666707f80f3d,160,1821,2120,0.8589622641509433,0.07547169811320754
00492bb7-9142-49f7-a7c6-6504f1e17002,6,777,843,0.9217081850533808,0.0071174377224199285
e31ff4ed-f71f-4394-9204-db74ea037380,89,2207,2405,0.9176715176715177,0.03700623700623701
2acf14f7-6640-4b82-a2dd-515b522d2635,30,211,216,0.9768518518518519,0.1388888888888889
b71d4137-8bf3-45f5-baca-d01c2374c1bc,128,2021,2290,0.882532751091703,0.05589519650655022
a3fbda47-4c25-423f-bdd7-0a5c9f7161b5,126,2148,2486,0.8640386162510056,0.050683829444891394
faa57104-1b96-4b6d-979a-53cd8e8b556b,50,2148,2486,0.8640386162510056,0.02011263073209976
e1fe3f74-c6b8-4566-829d-8ef4fec6b410,107,1461,1588,0.9200251889168766,0.06738035264483627
a6ba5ee9-7ca5-434c-8ca2-9ed89daa7f46,42,1991,2155,0.9238979118329467,0.01948955916473318
e14f4eb8-537d-403b-aa38-90449b6554c3,96,220,293,0.7508532423208191,0.32764505119453924
f367bd99-59cd-4cd2-81bf-2929ece14837,108,1991,2155,0.9238979118329467,0.05011600928074246
51626e66-70d8-4f83-b3e7-0cf4b5b47fbd,130,1991,2155,0.9238979118329467,0.060324825986078884
c2d98a19-f383-4c1f-8b12-2435e9f6c019,101,1245,1349,0.9229058561897702,0.0748702742772424
1e2025ac-efc6-498b-9a2d-0b52ba47b3f8,314,3548,3910,0.9074168797953964,0.08030690537084399
d37c4e4a-c0fd-4a49-bb2a-7022da547957,65,474,591,0.8020304568527918,0.10998307952622674
c1dba8e1-0855-464d-80a6-aaf27702dbc6,43,334,341,0.9794721407624634,0.12609970674486803
03947070-d556-4df9-bd0a-2088fe7de18e,84,1234,1414,0.8727015558698727,0.0594059405940594
6079e540-7467-465a-b845-4f73d8651886,30,28,60,0.4666666666666667,0.5
54e66632-dffd-495f-a433-bc06cf0c51db,32,624,711,0.8776371308016878,0.0450070323488045
0a30ff97-ca6d-4e8a-878e-ab2e98e6d8e3,65,3548,3910,0.9074168797953964,0.016624040920716114
1d0dd3f6-16a8-4330-95c2-8813d2aa608d,15,12,30,0.4,0.5
44f468b2-270d-486f-b518-6837b14486f8,95,599,673,0.8900445765230312,0.1411589895988113
4c0ddcaa-30e3-4b26-9329-73a55f1bf04e,42,268,341,0.7859237536656891,0.12316715542521994
45c717c8-6591-4935-9fed-895dc93da4a6,40,1245,1349,0.9229058561897702,0.029651593773165306
f9828fd1-ed60-4ec3-a2b4-e05c5d9081e4,41,1059,1148,0.9224738675958188,0.03571428571428571
c9e8291b-065f-410c-9315-d7b300a5394a,41,984,1055,0.9327014218009478,0.03886255924170616
821bacd0-aecf-4b26-9802-512182d756cf,41,1991,2155,0.9238979118329467,0.019025522041763342
b57edd45-5c38-4440-8b48-aaeea6fef633,102,2590,2872,0.9018105849582173,0.035515320334261836
e7d56cde-dae2-41da-86f8-d1f1706dbc1b,48,1314,1453,0.9043358568479009,0.03303509979353063
eb79a2df-e650-4fb1-a713-35c59c52594f,60,459,548,0.8375912408759124,0.10948905109489052
3c56a676-4908-4001-a822-74d52c457b00,71,1991,2155,0.9238979118329467,0.032946635730858466
e00baf41-b1b1-4643-bf5f-ecb61bb307f5,65,60,65,0.9230769230769231,1.0
c9d175e8-daba-4eb1-95ae-cb0121fdf698,136,626,663,0.9441930618401206,0.20512820512820512
ccc0cd0f-d193-4619-974c-21a9224aeff4,60,265,287,0.9233449477351916,0.20905923344947736
78c9f5a4-a140-4e6c-976c-fbc82b474c44,64,247,266,0.9285714285714286,0.24060150375939848
9f3f7f89-1fb9-4300-88fe-bf35f61c0661,63,60,63,0.9523809523809523,1.0
e4621280-30d9-4699-b685-afdbddd3f5ad,41,440,482,0.9128630705394191,0.08506224066390042
a965ee14-5c0c-464e-854a-6800fbd705dc,63,2590,2872,0.9018105849582173,0.02193593314763231
8b416679-7b5d-4770-953b-96ca2cd722db,40,2493,2674,0.9323111443530292,0.014958863126402393
cf63403e-7cf9-4b94-a85d-4a8a40f088f9,63,511,551,0.9274047186932849,0.11433756805807622
e6adbea6-3c75-41ba-a366-f3d0150b9ad6,116,673,704,0.9559659090909091,0.16477272727272727
7731f5f2-6b11-4b8c-af72-e80fc4de0925,125,576,632,0.9113924050632911,0.19778481012658228
b57671a6-5b09-48eb-95c2-44f6108f6cb4,61,673,704,0.9559659090909091,0.08664772727272728
365e8b01-d177-49e1-86fb-3cf31627677e,60,673,704,0.9559659090909091,0.08522727272727272
26f0f024-57da-4185-bad9-272ddbbff123,64,1487,1658,0.8968636911942099,0.038600723763570564
33703208-a63e-4d07-aa3e-67999a239288,72,650,693,0.937950937950938,0.1038961038961039
a2004a6e-5937-4ec7-be27-52611a23c835,80,2207,2405,0.9176715176715177,0.033264033264033266
c66ce3d5-4c67-4d5e-bc74-7cad523ba5bb,101,777,843,0.9217081850533808,0.11981020166073547
c2a83dcc-38f7-467c-8984-61463226259f,69,1298,1411,0.9199149539333806,0.04890148830616584
9c18d9f0-04bb-431d-9165-69cb261916c9,140,3548,3910,0.9074168797953964,0.03580562659846547
e07ae897-2856-43b0-a420-b09fe0a836f5,62,672,740,0.9081081081081082,0.08378378378378379
96d8353d-4f1a-4e6f-9a18-f9766554a713,44,265,287,0.9233449477351916,0.15331010452961671
2c5cdf03-9ea9-41c6-add7-e8033c9504e2,146,1461,1588,0.9200251889168766,0.09193954659949623
3f7f167c-2110-4a85-908a-5ee2fb81f3f5,62,141,166,0.8493975903614458,0.37349397590361444
6ba40a48-6af5-4d06-b7b9-31d715ae045d,68,2493,2674,0.9323111443530292,0.025430067314884067
b97543d5-c4dd-462c-82e3-a21f6c7f078e,180,2021,2290,0.882532751091703,0.07860262008733625
a7096235-ee6c-44f8-bad6-8730c714fe50,44,1553,1645,0.9440729483282675,0.026747720364741642
e8793201-1abb-4ed6-b7d7-2dc85fcb7fd6,41,1241,1556,0.7975578406169666,0.02634961439588689
e934b1b5-ab7d-4d8e-a917-0bcde006e6fa,106,598,687,0.8704512372634643,0.15429403202328967
5cece7f3-190b-46f9-9ca3-82c8a44f5f5f,41,480,512,0.9375,0.080078125
33254d5d-8ce0-4ae6-95ea-7d9fac982ee3,153,1991,2155,0.9238979118329467,0.07099767981438515
0634b91b-9ea5-46f6-804e-d2c46c137094,86,1991,2155,0.9238979118329467,0.03990719257540603
9e5094d0-11bd-4aa7-a9a0-8efc6c73ed92,74,3548,3910,0.9074168797953964,0.018925831202046037
49dd276a-548c-4e81-a15b-c5d4cc959369,46,1059,1148,0.9224738675958188,0.04006968641114982
d3a5658b-78d3-4d71-8b63-0f3400d98526,112,1285,1372,0.9365889212827988,0.08163265306122448
36e6cf2e-b9f7-4c32-b8e5-9f4342b31eef,65,202,250,0.808,0.26
8821c301-e796-4815-b845-f708a467a29a,103,1245,1349,0.9229058561897702,0.07635285396590066
4621229c-412a-4773-90b6-2dc725c8fe0b,115,1298,1411,0.9199149539333806,0.0815024805102764
d27111ac-05dd-4924-944e-b3bb3611133a,40,1821,2120,0.8589622641509433,0.018867924528301886
b45b25cd-5a7d-4724-a5ae-50509283a9e9,90,1334,1585,0.841640378548896,0.056782334384858045
846f4885-4049-4ab9-8ef8-9c319c6bcc34,57,1487,1658,0.8968636911942099,0.03437876960193004
dab7ade7-a637-4827-bac6-23263aec2758,130,1298,1411,0.9199149539333806,0.09213323883770376
c21302ee-fbc1-49d4-8890-40807f8d2a08,124,2207,2405,0.9176715176715177,0.05155925155925156
d571e213-0444-4411-b89e-ddc43e4b3514,67,2021,2290,0.882532751091703,0.02925764192139738
687ef7b5-eb2a-4417-accc-07722cbdeec1,221,2148,2486,0.8640386162510056,0.08889782783588093
520dc06f-815d-43a7-8567-cbf9726d098a,102,1241,1556,0.7975578406169666,0.06555269922879177
7899c8a3-8517-4c0e-be7a-eab0ad5856a8,99,672,740,0.9081081081081082,0.13378378378378378
b92dfb7c-44d6-4fe2-86bd-d2ea94b47d03,100,511,551,0.9274047186932849,0.18148820326678766
76f1cc83-19ce-4973-9709-372171490fdc,150,2590,2872,0.9018105849582173,0.05222841225626741
2a364879-1f7e-4082-ac7b-307a6b999b36,80,1991,2155,0.9238979118329467,0.037122969837587005
4045bf02-d6f3-4008-b71c-ec55b2775a96,120,650,693,0.937950937950938,0.17316017316017315
41a49df3-375c-471a-b15f-027fea4eda7b,55,493,500,0.986,0.11
830658da-05ce-4794-952f-4598f4a99029,120,2493,2674,0.9323111443530292,0.04487658937920718
a46b2e0b-d233-46d5-9ffb-452af8720008,82,1298,1411,0.9199149539333806,0.058114812189936214
5d4a6a8d-53fa-4e08-9c53-cba7457527a4,99,984,1055,0.9327014218009478,0.0938388625592417
6c0c7af9-ba51-4bad-95ae-13284c4e1d3a,296,474,591,0.8020304568527918,0.5008460236886633
518dfcd9-10dd-4044-b773-b04c4290e151,102,260,271,0.959409594095941,0.3763837638376384
28829780-7e73-4abc-8067-af9692581c3d,64,932,1144,0.8146853146853147,0.055944055944055944
f0f266bb-6862-4dec-ad2c-f089410284bb,62,576,632,0.9113924050632911,0.0981012658227848
14ebe800-45f8-477c-aac8-53c55a43f78f,130,320,371,0.862533692722372,0.3504043126684636
f6f28565-1d0e-4f14-9a16-eebca20b6b4a,63,1553,1645,0.9440729483282675,0.03829787234042553
6dff66b0-0982-44dd-ae4f-5c0608a0cd03,112,984,1055,0.9327014218009478,0.1061611374407583
278c0ccc-8c22-4554-9427-fa0cb6372e26,96,1553,1645,0.9440729483282675,0.05835866261398176
21f9df50-706e-492c-b83e-104424de2c4a,108,984,1055,0.9327014218009478,0.1023696682464455
c1399f37-6b91-4266-b7d6-da7b687847f9,40,984,1055,0.9327014218009478,0.037914691943127965
6a6e5c4b-b621-4122-9eef-24f9f8a7a522,194,1241,1556,0.7975578406169666,0.12467866323907455
7813e085-0f4c-4836-89a8-ca8cd0686827,45,1059,1148,0.9224738675958188,0.039198606271777
a90e8df7-b9fc-4363-b77e-4dd7caacbeb3,136,1553,1645,0.9440729483282675,0.08267477203647416
4c312d03-c2af-4ca0-bcf0-94cfd9253e4d,107,1487,1658,0.8968636911942099,0.06453558504221954
3c1e5648-6227-4dad-adbe-960aed8ac39b,73,1553,1645,0.9440729483282675,0.04437689969604863
fe7bd3ba-c6f6-41f4-9692-a05d49b8d36c,176,932,1144,0.8146853146853147,0.15384615384615385
ff4164c8-2fb2-4956-922e-a5c91835cb12,70,1241,1556,0.7975578406169666,0.04498714652956298
903b9da2-2784-4757-abec-cb8af2baf0fc,101,1553,1645,0.9440729483282675,0.06139817629179331
2d600325-d774-45ed-bb20-0cf1284bfb3c,70,320,371,0.862533692722372,0.18867924528301888
c42f0a7a-1ad3-47ea-954a-598e21442c27,75,2021,2290,0.882532751091703,0.03275109170305677
c4ca9171-1105-4a76-9363-aeca157db19a,60,1821,2120,0.8589622641509433,0.02830188679245283
789742ea-a536-4b3f-a33d-a705ba73f50e,64,330,357,0.9243697478991597,0.1792717086834734
526f7c3d-9508-4b01-aa5d-7d191ec077d4,55,1919,2160,0.888425925925926,0.02546296296296296
8ff83b3e-99d2-4771-973a-997b849e499a,72,1487,1658,0.8968636911942099,0.04342581423401689
bb217235-bf29-4ffc-9806-49fb74399781,116,984,1055,0.9327014218009478,0.10995260663507109
d1b3ff6b-9380-4076-9619-1240eb11429d,317,868,974,0.891170431211499,0.32546201232032856
7385c528-c829-493f-9703-53425a5c6da9,63,330,357,0.9243697478991597,0.17647058823529413
855d4600-6255-433b-b19d-79e3e79b1346,73,1487,1658,0.8968636911942099,0.04402895054282268
2ad1d43e-95f5-4918-84b3-915c18c37051,96,177,211,0.8388625592417062,0.4549763033175355
cb8b058d-60d4-470d-af7c-d1058d0a4ebb,51,1516,1679,0.9029184038117928,0.030375223347230494
ff522b0e-ca6a-4618-9db0-32d6bc275517,161,1644,1794,0.9163879598662207,0.08974358974358974
2bd20106-8e6e-4423-932b-844ed3f20bf6,90,626,663,0.9441930618401206,0.13574660633484162
43e7e46f-fa24-4a79-b600-46677b90daf8,155,1991,2155,0.9238979118329467,0.07192575406032482
b7165d69-865d-4eff-8b4c-6a734912b32a,48,1285,1372,0.9365889212827988,0.03498542274052478
947eb337-12b3-482b-8fee-41a19348d947,62,1059,1148,0.9224738675958188,0.05400696864111498
e854202c-feda-4342-bf3f-29f0d35f7399,59,109,152,0.7171052631578947,0.3881578947368421
0684b7ee-9b87-46fb-b293-c1b50df529e5,131,1919,2160,0.888425925925926,0.060648148148148145
206be34c-9faf-428f-be45-eefb54611803,72,2493,2674,0.9323111443530292,0.02692595362752431
aa4c5fed-a40e-4882-8872-0f4b19e88b9a,70,650,693,0.937950937950938,0.10101010101010101
e698589e-10ff-447a-b155-b83c4bef64b3,333,480,512,0.9375,0.650390625
2b1130ce-7b6d-4e2a-8eb1-f19b75fcb8ad,46,650,693,0.937950937950938,0.06637806637806638
825cf5b9-422e-49c7-86c5-872319d56bd4,110,1487,1658,0.8968636911942099,0.06634499396863691
05161791-972d-4437-9aa4-b848b96ea4a3,133,2021,2290,0.882532751091703,0.058078602620087336
edea817c-4936-4bda-89ab-d7429a7f066c,52,2590,2872,0.9018105849582173,0.018105849582172703
e6f3b882-6331-4645-b6c7-dad45cdb1a5f,216,2148,2486,0.8640386162510056,0.08688656476267095
bf3f7e30-1004-474e-9f40-fd23cd3a92e8,94,1059,1148,0.9224738675958188,0.08188153310104529
81fb8956-5280-4f57-9c68-b2c344aca1f4,62,1553,1645,0.9440729483282675,0.03768996960486322
b0c6f5a3-3180-4235-97cd-7efd51005703,87,239,262,0.9122137404580153,0.3320610687022901
6a1d13cf-a67c-4a0c-bbb0-1a0b3be35313,80,1553,1645,0.9440729483282675,0.0486322188449848
39fef8b5-1c10-470b-89f0-1dfe454fcbe8,128,2207,2405,0.9176715176715177,0.053222453222453225
3c9bdd1c-2079-4920-bfef-36b60a1e2c19,45,1285,1372,0.9365889212827988,0.03279883381924198
e8c5cd7b-5f7a-46fe-b81a-d93859c4866c,75,116,150,0.7733333333333333,0.5
00f322eb-2cf5-459c-b799-f5ac3f7caa96,165,334,341,0.9794721407624634,0.4838709677419355
d9e154c5-c24b-4a2a-a494-136a0aa5b24c,120,1241,1556,0.7975578406169666,0.07712082262210797
fed9ffd6-106c-44c3-8056-613261ec8ef7,32,1241,1556,0.7975578406169666,0.02056555269922879
1e50da57-a582-4962-8ed3-1f618e8b9d65,97,2207,2405,0.9176715176715177,0.040332640332640335
e9e4e21f-b65f-4a95-acf5-7262c100cf3a,106,1516,1679,0.9029184038117928,0.0631328171530673
5d6282d8-53e7-4c99-b7bf-6a7069b01c6e,40,1553,1645,0.9440729483282675,0.0243161094224924
9cc7c063-91aa-4587-add4-ea25eb341f94,76,609,674,0.9035608308605341,0.11275964391691394
218914ae-08bf-48d7-801a-63240ba732ab,123,2207,2405,0.9176715176715177,0.051143451143451146
e51071dc-a2fc-48d3-ac1c-61f110405b5f,121,180,219,0.821917808219178,0.5525114155251142
c612a532-edb6-4f8d-aac7-8b33e37b47b0,63,423,476,0.8886554621848739,0.1323529411764706
7bf7c260-6a87-4ac3-aae9-5ab999479e2b,62,231,291,0.7938144329896907,0.21305841924398625
9ad0ad1e-78ba-4374-a215-0448e14de689,74,423,476,0.8886554621848739,0.15546218487394958
efd31925-0bdb-4ba5-ac44-5410eaded68e,60,1516,1679,0.9029184038117928,0.0357355568790947
8b9191b2-816a-4e2a-bd8a-905d0d77c8ed,105,1461,1588,0.9200251889168766,0.06612090680100756
8475534a-fdf0-4e20-b5a7-85a17f530a7f,112,2207,2405,0.9176715176715177,0.04656964656964657
3a5bc0ea-9687-4e8a-a639-3e758857e5d9,164,868,974,0.891170431211499,0.16837782340862423
6817a432-2cc1-46fe-aaa6-a73f80c23794,77,2021,2290,0.882532751091703,0.033624454148471615
02e36d88-c5cf-410e-ae71-77a51a644433,77,2021,2290,0.882532751091703,0.033624454148471615
6445e7d9-7ee8-4b62-87e4-a5ada054dd96,110,1487,1658,0.8968636911942099,0.06634499396863691
6dbc14c1-7db2-4667-a2f6-3704168d1772,81,220,293,0.7508532423208191,0.2764505119453925
f1968d40-1433-41fa-9a72-fa691f1a7813,80,1461,1588,0.9200251889168766,0.05037783375314862
fb32da9f-0729-4ed3-9a80-3d5212bf172a,49,2148,2486,0.8640386162510056,0.019710378117457763
c766947f-5594-4e86-ad2b-b38ca04ff34e,114,1516,1679,0.9029184038117928,0.06789755807027993
45c7537f-3aa3-44cb-a7be-e15f4f7e9526,50,480,512,0.9375,0.09765625
f7051b78-dc2d-4f3d-9a3f-3c5c04ff7d89,141,412,439,0.9384965831435079,0.3211845102505695
8d2caa06-9abe-4d03-bbc2-5caaa232f27e,69,1285,1372,0.9365889212827988,0.05029154518950437
3b4ca6e5-60d9-4640-b5ee-f96ccf2d4aa4,77,1298,1411,0.9199149539333806,0.05457122608079376
a1ccaf0a-03a5-4e26-be8e-ca7a5ada7585,85,1285,1372,0.9365889212827988,0.0619533527696793
badc90ce-8cb6-4585-8c76-8c558cab6f75,70,423,476,0.8886554621848739,0.14705882352941177
be0235b8-e465-4304-bace-da16ae26e1c6,56,268,341,0.7859237536656891,0.16422287390029325
f8222511-c393-4a2c-89c3-8250cad2a9e4,136,1487,1658,0.8968636911942099,0.08202653799758745
38c35abd-117f-4194-9144-663b173350a9,79,268,341,0.7859237536656891,0.2316715542521994
c594fef3-6401-4231-a2bd-63543e931733,80,2493,2674,0.9323111443530292,0.029917726252804786
40aa5d4a-ce5a-436c-9833-bd28892320e5,95,1644,1794,0.9163879598662207,0.052954292084726864
d63289aa-85a7-4317-83de-4fad07ec2113,82,2148,2486,0.8640386162510056,0.03298471440064361
f0f10780-51d5-4203-b516-1555d7cce92d,98,1644,1794,0.9163879598662207,0.054626532887402456
f19b6ea4-471b-472d-b140-60b72bc4aa6c,109,1991,2155,0.9238979118329467,0.050580046403712296
9d0be9e8-40e8-44d1-abda-0c733c1c8dcb,48,2148,2486,0.8640386162510056,0.019308125502815767
c841ede3-6faa-4f3d-8a47-a54ad4052566,107,2021,2290,0.882532751091703,0.046724890829694325
f21c6735-370a-4209-a3f8-178fd11f5a22,70,2493,2674,0.9323111443530292,0.02617801047120419
4c46c80e-1363-4cac-9c66-8330989fcd26,49,2148,2486,0.8640386162510056,0.019710378117457763
32d3716d-c3ba-4f4b-8c46-82fe3d371023,68,1553,1645,0.9440729483282675,0.04133738601823708
52d969d6-aa8f-4b76-933e-8e8bc5852179,68,107,154,0.6948051948051948,0.44155844155844154
7173d675-a85b-4e1a-b151-d7fae7d93265,124,1516,1679,0.9029184038117928,0.07385348421679572
1b830755-ae35-4f30-a71b-5094e7877b84,69,1553,1645,0.9440729483282675,0.041945288753799395
bf42aa5e-94eb-4945-9001-2ccf6a56df64,51,1285,1372,0.9365889212827988,0.03717201166180758
50671da2-1585-4277-9838-effb2b30ff95,78,1487,1658,0.8968636911942099,0.047044632086851626
1879805b-e87a-46ce-aefb-a76d302a49af,60,1180,1370,0.8613138686131386,0.043795620437956206
1a8550e6-d8a7-4b40-a459-be93e52d9d60,53,1487,1658,0.8968636911942099,0.031966224366706875
6d1cd180-520a-4c97-83c0-6d87ca8bfdcf,134,1919,2160,0.888425925925926,0.062037037037037036
1612cc0e-8c2b-4103-ab47-701cac962db1,66,2590,2872,0.9018105849582173,0.02298050139275766
f086928b-c87c-4d01-8745-38e53b3995aa,80,320,371,0.862533692722372,0.215633423180593
402ebe72-ada3-46fe-afb6-4966015f2c86,126,1644,1794,0.9163879598662207,0.07023411371237458
957e1503-ff6e-4d0d-84be-73643b00a367,45,56,68,0.8235294117647058,0.6617647058823529
9d7e6fef-5481-446e-9db5-17a37a91b765,60,1285,1372,0.9365889212827988,0.043731778425655975
960c48a0-e37a-4d53-8f0d-f904d869d43d,110,271,364,0.7445054945054945,0.3021978021978022
38785e5b-4239-4c0e-8b3c-f21638b496fe,60,1821,2120,0.8589622641509433,0.02830188679245283
c8908fb8-0ac2-40bc-8a5b-4d7d18980356,100,1057,1177,0.8980458793542906,0.08496176720475786
372df667-fc27-4923-9181-733b0b854e11,82,1285,1372,0.9365889212827988,0.0597667638483965
144cb70f-f9ad-4736-80f8-700e43b5f069,100,2590,2872,0.9018105849582173,0.034818941504178275
9ea064e2-35b9-4243-8d9a-03b6a5ccfabf,66,231,291,0.7938144329896907,0.2268041237113402
78ec7278-5eeb-4771-98cd-cf6fe4e3c8b8,84,624,711,0.8776371308016878,0.11814345991561181
7465c097-53be-4c3d-b727-1e1800f770bb,112,2148,2486,0.8640386162510056,0.04505229283990346
0a918135-b3d5-4ab6-9669-bd8946c0423c,35,2148,2486,0.8640386162510056,0.01407884151246983
67ca0aea-6686-41a1-900d-dcf10436d2ba,115,177,211,0.8388625592417062,0.5450236966824644
eb855a05-aa05-47c8-a7dc-0108a417c30c,123,1919,2160,0.888425925925926,0.05694444444444444
2218a144-a25f-4a1e-85bc-fc3e0d48fc1c,92,1241,1556,0.7975578406169666,0.05912596401028278
9cf48efa-8e95-4136-bbd7-d7e24394f266,86,2590,2872,0.9018105849582173,0.029944289693593314
65628473-e954-4abe-b8ea-c15df3bd3088,131,1241,1556,0.7975578406169666,0.08419023136246787
6cb8fb9d-509e-4ed0-9782-8995b57197f0,146,1285,1372,0.9365889212827988,0.10641399416909621
ff3974fc-baad-4f81-8dc9-77ce75a47aad,55,1241,1556,0.7975578406169666,0.03534704370179949
383bc407-0494-4a15-9c6b-630487fc7741,78,2590,2872,0.9018105849582173,0.027158774373259052
a01b7d00-86cf-4876-8e64-7f05e8635c62,125,1241,1556,0.7975578406169666,0.08033419023136247
737b742e-14b0-4335-854b-c837ec9baa26,70,1553,1645,0.9440729483282675,0.0425531914893617
2420cdba-2675-4590-84b0-9b92a97908c7,112,2590,2872,0.9018105849582173,0.03899721448467967
9154fc5a-36ea-4efc-9933-6d9c89d6ca63,50,1553,1645,0.9440729483282675,0.030395136778115502
3f8848b7-a10d-4628-8590-11b121e06a76,120,609,674,0.9035608308605341,0.17804154302670624
8f967cd3-68cc-46ce-b325-ed72d738d337,90,1059,1148,0.9224738675958188,0.078397212543554
12496c26-61da-4f68-9824-12d0e31ff88e,139,2590,2872,0.9018105849582173,0.0483983286908078
d340fa0e-ca23-4346-920a-651b09a34c77,171,1285,1372,0.9365889212827988,0.12463556851311954
12e3ca17-772b-4291-b828-89ded71c6fb3,59,536,575,0.9321739130434783,0.10260869565217391
e382720b-c7b5-48f4-a9d0-e32a35eca4b6,84,1241,1556,0.7975578406169666,0.05398457583547558
3c42e6d3-a025-4fd9-9759-0eebec57a677,95,163,179,0.9106145251396648,0.5307262569832403
1f1b831e-7d8c-419a-9dee-43dde6c25ea3,80,247,268,0.9216417910447762,0.29850746268656714
b61920fa-f4b3-44a7-8e2b-f181288cc8bb,82,1516,1679,0.9029184038117928,0.048838594401429423
e188b63b-f22a-4943-81fd-99e21e1277cd,92,2148,2486,0.8640386162510056,0.03700724054706356
207ef607-924f-42a6-b00d-2d3beacf7316,39,1516,1679,0.9029184038117928,0.023228111971411555
39eaec6c-61b3-4ab2-bf3b-4a1026f51565,143,626,663,0.9441930618401206,0.21568627450980393
dcd762fa-d76e-4046-a823-e1f1dae379f4,62,1059,1148,0.9224738675958188,0.05400696864111498
6b74c0a8-a2d7-44c9-9fdc-0757fb459e81,106,2021,2290,0.882532751091703,0.0462882096069869
ee4a4f87-810a-441e-92ae-4ac5ff5d2ed3,100,1821,2120,0.8589622641509433,0.04716981132075472
e2d3fda2-2281-46d1-8deb-392f180795f6,49,777,843,0.9217081850533808,0.05812574139976275
6dc0392a-bb0a-437e-99d6-2b0d91079383,285,2148,2486,0.8640386162510056,0.11464199517296862
b52e416c-bfff-480b-899b-43f8b9606df0,60,633,680,0.9308823529411765,0.08823529411764706
16ad5d18-3df7-42d5-80cc-c8fe4dec10ed,127,2493,2674,0.9323111443530292,0.047494390426327596
45d37607-d2eb-4bc4-94cb-4433b97f3368,71,626,663,0.9441930618401206,0.10708898944193061
ddcc5070-b271-4e71-855b-4f3e404f3761,96,56,96,0.5833333333333334,1.0
345f630f-dfec-4db2-9049-0904912db81e,77,43,99,0.43434343434343436,0.7777777777777778
bd60845b-5c33-44f1-851b-ed135e8fe490,97,2148,2486,0.8640386162510056,0.03901850362027353
7a3f5e59-76f8-4e43-afc1-218d2e355389,140,1057,1177,0.8980458793542906,0.11894647408666101
d1188992-1494-4a2c-9a07-0827087f3467,95,315,387,0.813953488372093,0.2454780361757106
1d844fae-c316-44a4-8cc3-59392d87b143,98,626,663,0.9441930618401206,0.1478129713423831
2a765824-107c-4078-896c-b5a4d454ce78,80,576,632,0.9113924050632911,0.12658227848101267
98530d43-daf8-4bd5-bc3a-c4b2dcbae4eb,63,1180,1370,0.8613138686131386,0.04598540145985401
d94dcfc7-0b55-45f7-8c62-284c673b4586,201,1821,2120,0.8589622641509433,0.09481132075471699
82e82f36-8dc9-4f3c-81a8-91244f3e8c42,158,493,500,0.986,0.316
0272dab0-4df5-4a36-b74d-96d7b1fed25f,120,633,680,0.9308823529411765,0.17647058823529413
5319343f-2201-43b9-82f6-e8ec0af992f6,111,1821,2120,0.8589622641509433,0.05235849056603774
87a57de2-09b6-498b-a9a5-a691e737dccb,78,3548,3910,0.9074168797953964,0.019948849104859334
aa66b6b6-7a02-4435-ba59-0c41b8a5b3a2,71,3548,3910,0.9074168797953964,0.01815856777493606
20d1c1d6-78db-4a64-b14c-da21c53c31ee,66,96,127,0.7559055118110236,0.5196850393700787
f594d9ba-c43b-4293-9e2f-8b95738ba527,56,1553,1645,0.9440729483282675,0.03404255319148936
449eb83f-9d1c-43c8-a1b7-4d083c1c7dbc,57,100,157,0.6369426751592356,0.3630573248407643
97dc17b2-6947-44af-beb5-4b17f8855740,82,459,548,0.8375912408759124,0.14963503649635038
71882d2c-c506-4c40-a4b5-b6ff617d0507,120,625,666,0.9384384384384384,0.18018018018018017
72fbc9ff-271b-450a-a80d-1f8e5c45f636,120,1821,2120,0.8589622641509433,0.05660377358490566
f7f1c155-7b7a-4a4a-bb03-8b8dcc350f44,60,3548,3910,0.9074168797953964,0.015345268542199489
02ee5089-22c9-4f4f-96a0-ff95feff5932,112,624,711,0.8776371308016878,0.15752461322081576
902845dd-6c8b-4567-82e2-f2454e42c6d0,119,624,711,0.8776371308016878,0.16736990154711673
5ccdda9c-a3d7-4497-bdd8-5730b3b13ce9,99,95,191,0.4973821989528796,0.518324607329843
3d4263fb-ad33-48a6-a3fe-e1cf6b9475db,37,74,97,0.7628865979381443,0.38144329896907214
e33049a8-3577-4f80-87aa-c89ab56b718d,127,1919,2160,0.888425925925926,0.0587962962962963
ec0af03c-623b-49b4-b82b-f74bb3638abc,36,412,439,0.9384965831435079,0.08200455580865604
2deea491-25f3-40fe-94bc-9faa7d5b2ea6,100,1334,1585,0.841640378548896,0.06309148264984227
910bf4a8-783f-41d7-b6da-10fb67247ff4,85,2207,2405,0.9176715176715177,0.035343035343035345
c5717144-defd-4eb0-af36-9836c5d520dd,43,40,43,0.9302325581395349,1.0
c43f6be9-fd5f-4f37-89bc-b20f4d59c9f3,100,1298,1411,0.9199149539333806,0.07087172218284904
9fb54680-1ca9-433b-9ba7-f0e266f16aab,100,1644,1794,0.9163879598662207,0.055741360089186176
b0237379-40b9-41d2-a0c8-16d16eae484e,141,1180,1370,0.8613138686131386,0.10291970802919707
14b0673a-e530-4218-a3cc-feb5cefde5d0,66,247,266,0.9285714285714286,0.24812030075187969
4218bc9d-5202-4fb4-8458-e111690c6bea,123,625,666,0.9384384384384384,0.18468468468468469
e35a09b7-1376-42d8-aaa5-c777c6e08027,100,673,704,0.9559659090909091,0.14204545454545456
3604e4f7-cccc-4fdd-98e8-459114c3943b,80,652,724,0.9005524861878453,0.11049723756906077
5751d014-c60a-4021-a298-ed1172aadebc,154,673,704,0.9559659090909091,0.21875
f8548bd8-10e9-4a1a-8d1d-d0773e9c2fa2,50,109,122,0.8934426229508197,0.4098360655737705
bc786ede-c16a-4a35-a39e-c24d01a0ccf7,42,220,293,0.7508532423208191,0.14334470989761092
8bed63d2-6d25-4f8b-872b-a7be81857ad3,86,1245,1349,0.9229058561897702,0.06375092661230541
d6c1ee46-8eb9-4e02-ac34-455c96850870,61,598,687,0.8704512372634643,0.08879184861717612
ded599d5-556a-4c24-9739-b7d3bed66f07,80,625,666,0.9384384384384384,0.12012012012012012
49deed27-5f87-49b6-9137-f0d6c1fa023a,112,1245,1349,0.9229058561897702,0.08302446256486286
360d67ac-923d-4ef7-8499-16545338aaec,142,1234,1414,0.8727015558698727,0.10042432814710042
9566c2ab-a303-47be-b977-aeb019dcae30,90,599,673,0.8900445765230312,0.1337295690936107
a6346953-8360-42d5-98ed-2a87051cf3a7,64,211,216,0.9768518518518519,0.2962962962962963
6f15c81e-63db-4dfd-a9fd-cbf0dc5b3dfc,83,1234,1414,0.8727015558698727,0.0586987270155587
440b0467-18bb-47f8-9a38-0b84e33f7e71,68,52,80,0.65,0.85
a6f3ec45-3296-4a98-a0db-3c9aa4d30290,168,652,724,0.9005524861878453,0.23204419889502761
795a8ee1-e574-4d27-bfa3-3e56733f9358,124,1334,1585,0.841640378548896,0.07823343848580441
bd4ef76c-bff3-4ea3-a36a-543c79baea07,80,609,674,0.9035608308605341,0.11869436201780416
f845590e-cd71-49df-a7d4-d31e32464008,151,440,482,0.9128630705394191,0.3132780082987552
f40ff005-7e6d-47e0-a9fa-cfa140f3b8ae,213,2493,2674,0.9323111443530292,0.07965594614809275
359e0835-f4bd-4acf-b734-2e7e8a18d320,73,315,387,0.813953488372093,0.18863049095607234
e6fcb14a-21bc-4749-9960-a7259a89e1b4,76,2021,2290,0.882532751091703,0.03318777292576419
07b82d9c-a590-4424-b29b-b51e55b24129,62,134,154,0.8701298701298701,0.4025974025974026
b8112afe-3381-46d1-a6a6-c4505f90630a,60,106,110,0.9636363636363636,0.5454545454545454
e55f0805-f91e-43fe-a6ee-12d09775850c,42,672,740,0.9081081081081082,0.05675675675675676
57184458-bfa1-4a76-b78c-5a8289dacbf8,83,1461,1588,0.9200251889168766,0.052267002518891686
dcf94532-b904-4589-b543-98741d464897,90,247,268,0.9216417910447762,0.3358208955223881
7df23a57-7af6-4062-947e-e51b38eea5b0,41,2021,2290,0.882532751091703,0.017903930131004366
79b8450a-47bf-43f5-813f-62c9ac3b9424,80,1180,1370,0.8613138686131386,0.058394160583941604
4f52e2a6-4835-436e-9272-9a4023f8f69b,25,107,154,0.6948051948051948,0.16233766233766234
26f69e87-fe18-47df-ba5a-f08f4cc32285,77,108,154,0.7012987012987013,0.5
555c7ae8-be67-4f7e-b462-1497bd04341d,104,1919,2160,0.888425925925926,0.04814814814814815
32ad60e6-a12e-4f53-bd4c-54991f02b609,82,141,166,0.8493975903614458,0.4939759036144578
2fd079ca-7f12-41c8-b877-d5c3cbb2354b,79,107,120,0.8916666666666667,0.6583333333333333
8ba652fa-cf56-4e12-a747-e63c53ab896d,72,1516,1679,0.9029184038117928,0.04288266825491364
ff1051b6-cc23-49f2-9830-4b9315ca5850,152,1057,1177,0.8980458793542906,0.12914188615123195
b69e0480-db8e-44df-adf1-99638d957e1d,141,2590,2872,0.9018105849582173,0.049094707520891366
d74cd486-f6db-401b-b23f-1880e9d69dc1,133,1919,2160,0.888425925925926,0.06157407407407407
34dc5243-6fdd-4841-b870-d54fc01dc2c2,58,1461,1588,0.9200251889168766,0.036523929471032744
9c06284b-daed-4a5d-9b33-9b1152323aa7,65,136,147,0.9251700680272109,0.4421768707482993
0c92a7d2-8af8-4389-954c-a13a97a6551c,46,2590,2872,0.9018105849582173,0.016016713091922007
d4761d69-9769-4e66-a259-b7db5a4adb2e,50,474,591,0.8020304568527918,0.08460236886632826
55bf3eda-c675-4d6a-98a4-e51e44e51fab,99,1298,1411,0.9199149539333806,0.07016300496102056
715c26f3-0c16-44bf-83ac-a3d889768078,80,2148,2486,0.8640386162510056,0.032180209171359615
55e187dd-16af-4e9b-9afc-c173fc13ba08,106,1234,1414,0.8727015558698727,0.07496463932107496
f2d182e5-3fe7-4036-956a-e0cedf2695bb,102,3548,3910,0.9074168797953964,0.02608695652173913
478c5843-e2b3-463a-883a-891caf98ae53,40,65,76,0.8552631578947368,0.5263157894736842
746367a3-79b5-45a4-b9a9-98d3b9c03955,150,2590,2872,0.9018105849582173,0.05222841225626741
729f9ed9-e558-4ea4-8c7f-a85106771d81,52,1314,1453,0.9043358568479009,0.035788024776324846
93414d69-679e-49d4-bc91-7bc2ca946648,54,2148,2486,0.8640386162510056,0.02172164119066774
311f5fc5-30de-4d8f-a3f3-3e73b79a7d85,80,440,482,0.9128630705394191,0.16597510373443983
bdce394c-8669-4723-834b-910be5831065,130,599,673,0.8900445765230312,0.19316493313521546
de9d99d7-0d2e-4c97-afff-cb08a6895a08,111,1245,1349,0.9229058561897702,0.08228317272053373
f5cd153b-fcc8-4f6f-bfab-36a249b2378e,148,2148,2486,0.8640386162510056,0.05953338696701529
a18d0347-5364-4c19-b42a-a955bc174304,162,3548,3910,0.9074168797953964,0.04143222506393862
a8efae1a-dc92-4ea9-b9d9-44c6529d1625,182,2207,2405,0.9176715176715177,0.07567567567567568
feba42d3-1615-42af-86a5-8dacec51d082,121,3548,3910,0.9074168797953964,0.030946291560102302
1fe8a524-50c6-4dcc-a783-d71dfb507c0a,160,3548,3910,0.9074168797953964,0.04092071611253197
04e83d37-9501-4336-9705-588985201ec0,100,650,693,0.937950937950938,0.1443001443001443
b23dcc86-ea55-4159-845d-e52dc166c746,100,536,575,0.9321739130434783,0.17391304347826086
b765c59f-3073-46c4-b22a-4ecdf4ac9d0a,58,330,357,0.9243697478991597,0.16246498599439776
0038e720-09b6-4cef-84cc-3b6f8a634de7,55,265,287,0.9233449477351916,0.1916376306620209
a4a4b866-7e43-4d2c-b78d-7b89149dc9e6,51,2148,2486,0.8640386162510056,0.020514883346741754
8cc1c2e5-8a66-42da-a7d0-4b3c15dea5d7,72,1285,1372,0.9365889212827988,0.052478134110787174
bed3068b-74c3-432f-b4f0-54538201fda3,116,984,1055,0.9327014218009478,0.10995260663507109
af66c217-6aff-4452-bdbd-3d4e327fe0ad,176,1644,1794,0.9163879598662207,0.09810479375696766
d7a4e62e-90f5-4ec1-82fd-a0aa5157ee5b,119,633,680,0.9308823529411765,0.175
77be0109-83b6-4e49-879c-c835a3f2bac6,105,777,843,0.9217081850533808,0.12455516014234876
372411c1-8050-43b7-aac5-33f80a51f750,90,1644,1794,0.9163879598662207,0.05016722408026756
bc56167a-fcf5-42e1-9464-68a68dd8b582,45,330,357,0.9243697478991597,0.12605042016806722
96bbfa4d-09d2-44fb-86d8-98ace123b8b3,110,1285,1372,0.9365889212827988,0.08017492711370262
0106697c-f77f-4027-9b7a-7af3735d09a4,66,511,551,0.9274047186932849,0.11978221415607986
61440247-f572-4e4c-adaa-1b31925015e6,72,2538,2752,0.9222383720930233,0.02616279069767442
9ad1c8a8-414b-4ce2-b130-e8a4ea045faa,62,2538,2752,0.9222383720930233,0.02252906976744186
ec43eaf3-a6d8-4113-84c5-697369e9f300,79,2538,2752,0.9222383720930233,0.028706395348837208
a36be05d-fd13-45b6-9591-85c93483b0f4,53,2538,2752,0.9222383720930233,0.019258720930232558
23b86421-e55e-4f99-95c1-1e9a009a602a,108,2538,2752,0.9222383720930233,0.03924418604651163
1785d8ad-a853-41c4-b238-7301446cc5b0,81,2538,2752,0.9222383720930233,0.02943313953488372
54542205-7510-4630-93cc-93018f96f064,42,2538,2752,0.9222383720930233,0.015261627906976744
bcaf253d-0dda-43a6-9008-ddba0fd831ba,110,2538,2752,0.9222383720930233,0.03997093023255814
b222cddc-1211-4b61-9021-7d13f731d50a,68,2538,2752,0.9222383720930233,0.024709302325581394
44fe6332-f691-42ab-becc-d063f44f2b03,67,2538,2752,0.9222383720930233,0.02434593023255814
b0b6f43c-9904-4a24-a327-fffcc8bff4e3,176,2538,2752,0.9222383720930233,0.06395348837209303
75ab1f6c-f6d9-4eac-996e-aa007a113636,139,2538,2752,0.9222383720930233,0.05050872093023256
44693bba-0503-477b-8181-e4a7e76f3d98,21,2538,2752,0.9222383720930233,0.007630813953488372
dacba4d0-a4eb-4cad-b835-3ec0fba648c6,120,2538,2752,0.9222383720930233,0.0436046511627907
48e2d775-7d48-4065-a988-b8b188f04a19,161,2538,2752,0.9222383720930233,0.058502906976744186
8f1377c3-ffc5-4958-85c2-a0cd7dd42ea2,114,2538,2752,0.9222383720930233,0.04142441860465116
40e4e86a-9832-45b8-80a7-ddf2182f2cef,124,2538,2752,0.9222383720930233,0.04505813953488372
2c75884b-37b6-41b1-957d-d98993c8249d,115,2538,2752,0.9222383720930233,0.041787790697674417
6ef122ef-645c-4c0f-88e8-757600e404bd,169,2538,2752,0.9222383720930233,0.06140988372093023
7e733b26-8bcc-4b82-aba3-d0f13b100d7d,33,105,124,0.8467741935483871,0.2661290322580645
67ebf7e7-9c40-4136-95f9-e084be9333c4,120,917,1065,0.8610328638497653,0.11267605633802817
f5b06bd0-0879-4ac2-af21-b83911314dc0,100,1163,1286,0.9043545878693624,0.07776049766718507
3490129c-6ee5-455c-90dc-748245b79df9,41,284,332,0.8554216867469879,0.12349397590361445
cd4ed711-24f6-4288-af70-69ae4b0ad596,95,1305,1609,0.8110627719080175,0.05904288377874456
40f429f9-2c7f-459d-888e-ef1e7fcb66ca,109,210,274,0.7664233576642335,0.3978102189781022
f4a31a06-6cda-4825-98d9-23dbb0471f54,120,1943,2308,0.8418544194107452,0.05199306759098787
e8d8d4e4-2932-4e5a-9f99-24cc192c91b8,40,149,185,0.8054054054054054,0.21621621621621623
453b7bce-5f8a-4a2c-9b78-d297790c4010,98,432,482,0.8962655601659751,0.2033195020746888
f3af9293-6fef-4be1-9926-1d7e642c757b,60,284,332,0.8554216867469879,0.18072289156626506
aef04247-7409-48cd-8f5a-815bcc81e390,180,1106,1301,0.8501152959262106,0.13835511145272866
3f15c3b5-950a-4584-a566-f7e07ff7f578,138,831,910,0.9131868131868132,0.15164835164835164
18429162-3a1b-4e1c-abfa-0baabcfa1c8c,156,560,623,0.898876404494382,0.2504012841091493
4d549802-fe88-4c77-af8c-7793566e76d0,100,1943,2308,0.8418544194107452,0.043327556325823226
c9eb39fd-f397-4b8f-ada4-1b2593c32139,80,428,482,0.8879668049792531,0.16597510373443983
159decf9-174e-4677-a3dd-e20db330f2aa,75,238,299,0.7959866220735786,0.2508361204013378
feb948ac-add5-461b-9fa4-c13023a684aa,65,1943,2308,0.8418544194107452,0.028162911611785094
18e02061-1c3f-45f8-a7e9-6c3a87611fe5,50,133,152,0.875,0.32894736842105265
e5e3ee8b-5248-48f2-b009-3ed3ed791790,35,1305,1609,0.8110627719080175,0.02175264139216905
f21e9a52-b0e7-42cf-aadb-e15083d69e44,112,917,1065,0.8610328638497653,0.10516431924882629
da8b4471-8ae3-4e72-a35a-042ce8933fd3,102,2186,2403,0.9096962130669995,0.04244694132334582
30aef67e-1f5d-459d-8831-b2d54b1db67d,170,1469,1615,0.9095975232198142,0.10526315789473684
6edf9f9b-072e-4e2e-8c14-ad1c17be63a6,120,1294,1368,0.945906432748538,0.08771929824561403
da941f2a-50a6-4f17-b306-a886ceb1cce4,182,1689,1968,0.8582317073170732,0.09247967479674797
a136e74e-a127-4c49-8634-f833aaf3fb65,42,1025,1203,0.8520365752285952,0.034912718204488775
368cf320-4a84-46c8-b2af-77cbaa4c92a2,38,113,156,0.7243589743589743,0.24358974358974358
a4dc447d-89b1-462a-bba9-f47c0b5253f2,92,503,564,0.8918439716312057,0.16312056737588654
b55057f7-e7ff-4ee4-a022-ae6d5132c70c,60,267,283,0.9434628975265018,0.21201413427561838
56c2fdad-0fb0-44ae-96c9-29903057d2f1,60,230,240,0.9583333333333334,0.25
bc8ebec5-74a0-4d96-92c7-a80eec910b7e,43,1025,1203,0.8520365752285952,0.03574397339983375
ce7a04d8-174d-4254-8bd5-bb53c49f760c,103,1689,1968,0.8582317073170732,0.05233739837398374
8c1ea6a8-b2a0-4eae-b0a2-473351dfde86,41,493,580,0.85,0.0706896551724138
369ef3f1-ab28-40fb-8c97-a7a1ed7e61f2,80,1294,1368,0.945906432748538,0.05847953216374269
503138d7-ba68-4b6f-a403-be172bfc5cc4,76,193,213,0.9061032863849765,0.3568075117370892
1fa59b30-64ca-4900-b667-f43cb3bd823e,99,290,324,0.8950617283950617,0.3055555555555556
98f802a4-4f1e-4678-8123-36ed4205017f,72,332,344,0.9651162790697675,0.20930232558139536
b3fd19ac-1052-43f9-ab88-e85fb3fbabdb,146,560,623,0.898876404494382,0.23434991974317818
b6dcc006-eb30-4906-864e-83fd37f9593e,60,135,141,0.9574468085106383,0.425531914893617
cbfdc8a1-eae3-4b4e-bb37-667bb73d6fa8,37,432,482,0.8962655601659751,0.07676348547717843
d41c5c00-d470-4755-9392-41c6f06ca1c6,68,526,626,0.8402555910543131,0.10862619808306709
5c6f2004-0c14-4397-b391-f26505313e87,67,1169,1319,0.8862774829416225,0.05079605761940864
475dbb02-dacc-40bf-a2ee-c4e36d358a8c,77,1943,2308,0.8418544194107452,0.033362218370883885
e9abe75c-2ab2-4d2f-a355-eabdeab149b3,120,1275,1401,0.9100642398286938,0.08565310492505353
be4a6c57-021e-4965-a56f-e4b1fcdb54d0,150,1275,1401,0.9100642398286938,0.10706638115631692
ded51fa4-789e-4426-aa5a-38d98e64362e,134,2186,2403,0.9096962130669995,0.055763628797336665
f8b40e4f-994b-4837-8fda-ecf00d9d38b8,62,1943,2308,0.8418544194107452,0.026863084922010397
132ce497-fe7f-4686-a66c-48b1f157a188,125,1169,1319,0.8862774829416225,0.09476876421531463
0063068c-0bc9-484a-bea9-dfe2e63cce63,51,2954,3412,0.865767878077374,0.014947245017584994
3a0c14c1-e597-4194-ac83-78e959927943,120,1689,1968,0.8582317073170732,0.06097560975609756
fed5354f-54cc-4af4-ae94-633a425e0480,120,1943,2308,0.8418544194107452,0.05199306759098787
95fa14ec-91a9-4038-90e2-a2c16648e35c,30,428,482,0.8879668049792531,0.06224066390041494
2516e2e2-2a61-44f8-82b6-c801fba290a9,46,428,482,0.8879668049792531,0.0954356846473029
6bd94ec4-2526-4332-a1eb-218949070fbf,185,1943,2308,0.8418544194107452,0.08015597920277297
ea2d31ee-48bf-45ff-b69a-56fb99e7e10e,15,103,126,0.8174603174603174,0.11904761904761904
490b6aaf-5802-45b9-9972-352e0439525a,110,1363,1489,0.9153794492948287,0.07387508394895903
4c2f79a2-d8fe-4195-b473-3244e623e0ae,23,113,156,0.7243589743589743,0.14743589743589744
027d9db0-ff8a-4960-9959-455f7343fced,45,1943,2308,0.8418544194107452,0.01949740034662045
c9869b9c-86ae-4764-ae65-83d763bdb523,102,1943,2308,0.8418544194107452,0.04419410745233969
da7ec909-78f6-45ad-a8f3-e3184a1adf73,49,1449,1696,0.8543632075471698,0.028891509433962265
b0b20d5e-f6f4-4865-916a-833243449116,120,1025,1203,0.8520365752285952,0.09975062344139651
69038c7e-4399-402b-ab69-e40574158eb1,101,917,1065,0.8610328638497653,0.09483568075117371
cf281847-9cd0-4a45-a1c3-e5aecbc0f6b5,67,917,1065,0.8610328638497653,0.06291079812206572
e541e487-4769-47b5-ae3e-84d79aebb058,155,831,910,0.9131868131868132,0.17032967032967034
3bb4aad0-5045-4748-bbb2-0e64ccd57e40,46,917,1065,0.8610328638497653,0.0431924882629108
27cbf2ed-111b-454d-80d0-d9ecbe103544,74,2186,2403,0.9096962130669995,0.03079483978360383
9a16fff2-16b5-4865-8f45-b7ef117e5956,27,168,193,0.8704663212435233,0.13989637305699482
9fac55d0-8a3c-4b1e-9997-4fcb0c74fdb1,217,1689,1968,0.8582317073170732,0.11026422764227642
2a2b6f05-c3b4-4bc6-8066-35f9afff179f,57,1449,1696,0.8543632075471698,0.033608490566037735
4aa361ad-2809-4137-8191-997d6bc91e04,103,1106,1301,0.8501152959262106,0.07916986933128363
0b55e314-80e4-4594-9f01-2eb49aefd944,70,284,332,0.8554216867469879,0.21084337349397592
b3df0eba-0a5a-4ac4-ad19-418fc3623d62,29,432,482,0.8962655601659751,0.06016597510373444
8263f6a4-b3d8-4b63-b04f-a1acd0b170c8,220,1163,1286,0.9043545878693624,0.17107309486780714
5123e216-92ee-4303-9190-e32b98a40eeb,50,1159,1250,0.9272,0.04
1ebf00c3-c106-4c81-8463-2043ca031c83,120,2217,2568,0.8633177570093458,0.04672897196261682
82bb46c4-0989-48ac-957c-7c58b563898f,69,1262,1444,0.8739612188365651,0.04778393351800554
1a882a6f-45ef-49d9-b5e4-39e0d089efed,178,2186,2403,0.9096962130669995,0.07407407407407407
f642aa5a-5014-4e6a-81ed-2ef33412d0cf,90,810,899,0.9010011123470523,0.10011123470522804
a19ace89-afca-4de5-ab25-e92887c7388f,47,676,724,0.9337016574585635,0.0649171270718232
7df88c36-1e45-407c-8740-6718a8a97132,99,1689,1968,0.8582317073170732,0.05030487804878049
786ba568-70fa-4d57-8056-8b276658f891,150,1305,1609,0.8110627719080175,0.09322560596643878
9146a0a5-2610-44cc-8d89-ecfef6190912,30,810,899,0.9010011123470523,0.03337041156840934
263ef370-890b-4bcf-b092-5ea9e6f37fcc,62,560,623,0.898876404494382,0.09951845906902086
1c7459cd-9727-4840-91a1-48a2c170bbda,97,560,623,0.898876404494382,0.15569823434991975
cc385c86-96cb-47e9-9b44-7eee2388711a,134,319,330,0.9666666666666667,0.40606060606060607
15f3e1c4-3093-43ff-82e2-53040a49833f,50,1169,1319,0.8862774829416225,0.03790750568612585
524afea3-3e8a-445a-8547-6409ef50bbd9,122,1449,1696,0.8543632075471698,0.07193396226415094
929a4f8b-7ac4-4754-a83a-50fdc9e51414,30,284,332,0.8554216867469879,0.09036144578313253
e159d745-42c7-4f56-9b56-3cf598423492,146,1159,1250,0.9272,0.1168
03ca73e2-1c56-4352-a78d-2496464f1a5f,40,120,122,0.9836065573770492,0.32786885245901637
e8ebbd05-8345-4bde-8439-821b2225e75b,120,1294,1368,0.945906432748538,0.08771929824561403
98f11a85-b28e-48ce-9682-8c36943f1eda,45,1169,1319,0.8862774829416225,0.03411675511751327
2e47ce67-650f-4781-af6b-d35f24715bf0,75,284,332,0.8554216867469879,0.22590361445783133
632aa289-8683-4560-a8c9-6eef6d1a0d04,215,1689,1968,0.8582317073170732,0.1092479674796748
e781c71d-92ac-42ad-9ea4-cb26429cbad1,103,2954,3412,0.865767878077374,0.03018757327080891
f2a65a11-f716-44a8-9dd7-d412e2ca33ae,60,761,859,0.8859138533178114,0.06984866123399301
8bad712f-eab8-431b-b411-e660a7926188,62,1449,1696,0.8543632075471698,0.036556603773584904
0e679190-5d04-491c-995c-36b95d6e5e68,50,2954,3412,0.865767878077374,0.014654161781946073
223fa8f4-3dc0-4d9c-8efa-594dbebf0ea5,90,2217,2568,0.8633177570093458,0.035046728971962614
d06e6aec-1a58-4150-ab58-0ad06c061228,96,1361,1517,0.8971654581410679,0.06328279499011207
5fc30aba-f693-42ce-8801-63e7184e00c6,24,135,141,0.9574468085106383,0.1702127659574468
abf79e46-3ade-4c92-8a0c-adb265e0f3f4,65,1193,1357,0.8791451731761238,0.047899778924097275
d9c9f40c-d720-499c-866c-aa560fcbedc1,110,219,233,0.9399141630901288,0.4721030042918455
baa2ca3c-9326-4c1d-a036-1470bada8502,120,1361,1517,0.8971654581410679,0.07910349373764008
6b6c7501-4aca-4881-98bc-4b05afda3440,55,1025,1203,0.8520365752285952,0.0457190357439734
1a9b112a-d764-4c0a-aca8-aaab5dfc0ffb,30,1449,1696,0.8543632075471698,0.01768867924528302
eb121706-9510-4133-925e-b1e1eed46e69,30,238,299,0.7959866220735786,0.10033444816053512
c2da267d-8960-42f3-aafa-d8ec28682aea,147,1449,1696,0.8543632075471698,0.0866745283018868
557adb82-ecae-4577-ab03-8f9d1c092c8f,92,1943,2308,0.8418544194107452,0.03986135181975736
af416239-b08e-49ee-a64f-4eb047d7d3ba,54,1449,1696,0.8543632075471698,0.031839622641509434
25ce60b9-9c09-4291-b88f-ce8cf0b539ac,50,1449,1696,0.8543632075471698,0.0294811320754717
a861cdc8-351d-497d-9caf-de69ee15bddb,12,135,141,0.9574468085106383,0.0851063829787234
65c686b3-c3c0-4db1-ad75-c40478ccb441,60,342,364,0.9395604395604396,0.16483516483516483
5ea79665-7f33-487e-ac55-1ebccf57cd76,51,428,482,0.8879668049792531,0.10580912863070539
413c46bc-c9f3-4efc-8f43-4a2b6282ff84,84,188,209,0.8995215311004785,0.4019138755980861
5cba5cb3-475b-4111-ba25-2cdee60e5fdb,100,2954,3412,0.865767878077374,0.029308323563892145
17b4b614-4fc3-4636-86f7-02899cd48fd0,58,720,766,0.9399477806788512,0.07571801566579635
fe6f1ea8-4fad-4c9e-93b6-64fd33035969,46,2186,2403,0.9096962130669995,0.01914273824386184
2beabff6-3b2d-4001-b83e-ba3df8f1aa00,30,264,270,0.9777777777777777,0.1111111111111111
cb460ea2-f7e6-4612-a7b6-6be09c14ddef,30,1025,1203,0.8520365752285952,0.02493765586034913
f6ab8db1-fdeb-41d9-8c0e-36f8eaa23681,65,1275,1401,0.9100642398286938,0.046395431834404
fb9a97a9-ea24-4e36-a54b-7a1aa4cb11e2,52,1567,1786,0.8773796192609182,0.029115341545352745
af8f243e-d6a6-4557-a762-627e764f1772,240,1556,1723,0.9030760301799188,0.13929193267556586
2e84b5b8-d062-4e9e-9e78-81028897e5f8,60,149,185,0.8054054054054054,0.32432432432432434
d4d42426-62d7-44b8-9ae7-2fde1d689da7,47,1449,1696,0.8543632075471698,0.027712264150943397
e3c0215c-e1b5-420a-8eae-2ee0aaaf31c3,45,1157,1260,0.9182539682539682,0.03571428571428571
0f7e02bc-e46e-4a7f-9f93-6ac9a9ddeaf9,44,1159,1250,0.9272,0.0352
a74b2485-a1ba-4046-9ba6-921ecb5a78a9,17,1943,2308,0.8418544194107452,0.007365684575389948
8d5efdd3-6842-4082-aca5-f7e8b3bf9d40,90,1334,1564,0.8529411764705882,0.05754475703324808
ee143d62-612d-438c-9d19-4fa96c13509f,45,1334,1564,0.8529411764705882,0.02877237851662404
33970eab-2fa5-4724-b55f-414737de528c,128,1361,1517,0.8971654581410679,0.08437705998681608
efc7ee81-9795-451b-9a15-627ce59d8cd5,60,1262,1444,0.8739612188365651,0.04155124653739612
390bff6a-a2d7-46d4-94a6-322a597c8e63,45,1334,1564,0.8529411764705882,0.02877237851662404
0dfc390f-b951-45b3-8e5d-e5f7bc95c3c6,62,1334,1564,0.8529411764705882,0.03964194373401535
6f08594b-bbba-4f5a-a73d-267bf58b9c5c,129,2217,2568,0.8633177570093458,0.05023364485981308
1ec4a532-3bc1-4308-bf1b-7260d37af82b,32,493,580,0.85,0.05517241379310345
54779efe-ea4b-47e7-bce9-740d300e73c4,22,57,61,0.9344262295081968,0.36065573770491804
22aead7a-78fc-49bc-981c-0afe48abdff0,45,1469,1615,0.9095975232198142,0.02786377708978328
eb3a4e7d-83f5-4dc7-a25c-375a8e92b27c,64,1567,1786,0.8773796192609182,0.03583426651735722
580b0cb9-f95a-4f86-801e-d774d75ad1a4,69,1363,1489,0.9153794492948287,0.04633982538616521
a3e19ebf-3bad-4aec-89e9-6f8c910ebe8d,75,354,429,0.8251748251748252,0.17482517482517482
34814da2-4f1d-47e3-aeb9-d1d6cd2e4fa5,155,1334,1564,0.8529411764705882,0.09910485933503836
7df737c4-b69d-42ff-86d9-b6b5487e3fa7,81,1106,1301,0.8501152959262106,0.0622598001537279
2b6e1719-e79c-4b8c-81eb-6bae1925748c,98,526,626,0.8402555910543131,0.15654952076677317
5580bb1d-27f0-4113-a1d6-d3e8e0a56026,60,1157,1260,0.9182539682539682,0.047619047619047616
d602fc1a-1fd8-4c85-b96f-e4b8d39ca77c,10,47,57,0.8245614035087719,0.17543859649122806
1114d94b-ed74-4019-8c22-2b674d3e2d07,51,290,324,0.8950617283950617,0.1574074074074074
bfabdf78-9901-44a5-9a42-c46b5df5ff6f,52,1755,1903,0.9222280609563847,0.027325275880189175
3274103f-e470-49dd-9add-187d8cc64aa5,91,687,752,0.913563829787234,0.12101063829787234
c3a53e7d-1355-441e-9547-c19c908b090c,36,44,103,0.42718446601941745,0.34951456310679613
c1d1d3e9-a280-42ba-8692-64c71bc9aa85,34,1157,1260,0.9182539682539682,0.026984126984126985
4e36b441-8599-4c29-a416-8831a6ee5eb1,90,537,669,0.8026905829596412,0.13452914798206278
15469d74-76b0-4e60-9101-228b6fdfca42,28,384,435,0.8827586206896552,0.06436781609195402
dae563b6-3a51-4ca1-9e60-75255fcb878d,102,565,658,0.8586626139817629,0.15501519756838905
26d67ab6-53ee-4ffe-a541-bb58927eda1f,82,503,564,0.8918439716312057,0.1453900709219858
ae61155b-9651-4258-8dae-154319a4bf10,42,58,72,0.8055555555555556,0.5833333333333334
fe7dcfbc-4e16-4630-9c24-4910c9bc9742,83,216,233,0.927038626609442,0.3562231759656652
cd3c0ce3-8fd4-4e06-94dc-3da8e7c5d2a4,59,213,234,0.9102564102564102,0.25213675213675213
8080b157-56fc-42e8-9ddb-f7421d2ada4a,96,1755,1903,0.9222280609563847,0.05044666316342617
27a20827-1b24-4665-abd6-743967c9d645,36,384,435,0.8827586206896552,0.08275862068965517
448c7164-9bcc-4707-87da-b108f0bcfc31,38,88,132,0.6666666666666666,0.2878787878787879
a049f2c7-5afe-4117-b084-db2e4e99e7c5,136,1363,1489,0.9153794492948287,0.0913364674278039
32e00571-032e-4a91-afb5-156c57eb3eef,28,56,63,0.8888888888888888,0.4444444444444444
5b96bbc8-9b98-4212-90b7-c18e84396fed,56,133,152,0.875,0.3684210526315789
64c4fda3-839c-4c93-bbce-9cb17525262b,43,687,752,0.913563829787234,0.057180851063829786
b0bf90d1-6a24-44ef-bf19-cd30aa22aea0,12,245,266,0.9210526315789473,0.045112781954887216
6f5e7daf-03e7-4e12-bfd7-82b0e9aa4abc,64,484,575,0.8417391304347827,0.11130434782608696
8c9a474b-ce44-4861-934d-f5d92feea536,117,264,270,0.9777777777777777,0.43333333333333335
51ebc325-20d8-4724-b3ed-0a5d5618e26c,65,245,266,0.9210526315789473,0.24436090225563908
b3644eb2-dded-411e-a234-d0bc611ce791,50,103,126,0.8174603174603174,0.3968253968253968
454bef29-e5b0-4f27-8f6f-370e37e8405d,35,560,623,0.898876404494382,0.056179775280898875
b570f0c6-5400-418f-b691-40682585dc74,27,1193,1357,0.8791451731761238,0.01989683124539425
858769c8-ee48-4660-ac27-9d8913c5fa10,60,1305,1609,0.8110627719080175,0.037290242386575516
6d528696-fe61-4b59-af42-93d3146e5b44,89,1159,1250,0.9272,0.0712
68d0f1fb-c844-412d-a84e-0b62f50f0699,53,195,204,0.9558823529411765,0.25980392156862747
27936b53-440e-4dc4-ba34-32a6690f164d,84,412,429,0.9603729603729604,0.1958041958041958
e0f4c48e-b43c-42ee-b2da-7f4ee76f7af4,75,2954,3412,0.865767878077374,0.021981242672919107
6892b90a-2967-4d83-b5c0-6509b3d9cfe9,60,1363,1489,0.9153794492948287,0.040295500335795834
749ff11d-d828-44df-84ea-3555ebc407d9,20,245,266,0.9210526315789473,0.07518796992481203
5649b9ed-22c2-48df-8c01-4aa87a6824ca,12,47,57,0.8245614035087719,0.21052631578947367
4db7f957-a4e6-4af9-9d91-ac3cc85852f8,32,810,899,0.9010011123470523,0.035595105672969966
2c60ede8-93a1-48b0-8d3a-034145e3dd5c,38,2954,3412,0.865767878077374,0.011137162954279016
5e6d5b32-f928-4d31-800e-d845d785fcaa,101,384,435,0.8827586206896552,0.23218390804597702
a25082a1-d849-4709-88e6-ad3a85236206,65,1363,1489,0.9153794492948287,0.04365345869711216
b3397c66-4994-4f60-81c4-5b4da1e5aa36,30,1169,1319,0.8862774829416225,0.022744503411675512
1fa2d19e-d763-4171-8342-4bbc6318dc1b,100,168,193,0.8704663212435233,0.5181347150259067
fa06bfb7-592d-48bc-95db-aedba249ee31,115,412,429,0.9603729603729604,0.2680652680652681
7382556e-1644-4e8b-8cb9-1144b9a01cdb,120,687,752,0.913563829787234,0.1595744680851064
b3e257ce-770b-4c6c-97d5-90489a951b12,91,2954,3412,0.865767878077374,0.026670574443141852
5c0eaba3-6f97-4fef-995a-2bc8d244435b,72,539,604,0.8923841059602649,0.11920529801324503
7bc3cdde-a1bc-4116-ac0f-4c666e9abe1f,45,267,283,0.9434628975265018,0.15901060070671377
1c519fbd-c2e2-49e5-afb0-a25d56a57ea4,52,120,122,0.9836065573770492,0.4262295081967213
67209491-29f2-46a4-a6db-b67a5c89e6e1,40,2954,3412,0.865767878077374,0.011723329425556858
d786ac57-c84d-4140-8c11-8b5f34db7123,77,1193,1357,0.8791451731761238,0.056742815033161385
331e3dc0-5b35-4f00-bad9-9f6c24fd1dca,105,687,752,0.913563829787234,0.13962765957446807
348b3f48-c748-48d2-bfc8-dbedc10d1ee6,30,384,435,0.8827586206896552,0.06896551724137931
69051f17-bfa1-48e3-86ad-a2773a3c4479,10,57,61,0.9344262295081968,0.16393442622950818
dfebff73-acbe-402a-85d6-b066e79e84fe,150,1106,1301,0.8501152959262106,0.11529592621060722
af2269b4-0c29-4b19-bfce-e9f3c504e65d,20,56,63,0.8888888888888888,0.31746031746031744
f8b7c2f3-9641-4330-9dc8-a32ab7ba143e,58,676,724,0.9337016574585635,0.08011049723756906
9addb446-3f18-48d3-9240-73cfcabd41fb,45,1157,1260,0.9182539682539682,0.03571428571428571
94f1b8fa-43e3-4560-bd88-b257bd10cedf,90,1363,1489,0.9153794492948287,0.06044325050369376
78320b1f-2f6b-4101-99a7-481feaf46a23,112,831,910,0.9131868131868132,0.12307692307692308
17f79c1d-200d-40a8-ba4a-0aec5a772e0c,35,1334,1564,0.8529411764705882,0.02237851662404092
3017488d-2740-4d1f-97b0-fbeec6844368,207,676,724,0.9337016574585635,0.28591160220994477
a734e03f-bcb5-40a5-9b63-bffe661328bd,100,1334,1564,0.8529411764705882,0.0639386189258312
ef69ea88-97d8-4ae8-914c-e8fd0bbd8a61,29,1469,1615,0.9095975232198142,0.017956656346749224
f8aacaf1-bd0b-4ce1-9df4-4d935f7967d5,31,1193,1357,0.8791451731761238,0.022844509948415623
5d1787dc-b875-4049-a740-0dcbf10e9991,30,113,156,0.7243589743589743,0.19230769230769232
e1386271-0f78-4f06-808c-11e35fd7d469,63,1159,1250,0.9272,0.0504
80433261-7b82-41be-a34e-d94f913389b5,36,193,213,0.9061032863849765,0.16901408450704225
a84916c9-1a23-4b40-a2d9-1accbe063a46,48,539,604,0.8923841059602649,0.07947019867549669
1d64e08f-5b3c-44f4-99dc-edca74941d91,51,526,626,0.8402555910543131,0.08146964856230032
1b3c0a3f-6029-4bce-a523-23f69c2010ca,41,831,910,0.9131868131868132,0.045054945054945054
cae35878-53e2-4ede-8108-1d43ea8af124,85,687,752,0.913563829787234,0.11303191489361702
aaf8b8a0-9c68-4894-a977-ae4281cc0dc4,50,213,234,0.9102564102564102,0.21367521367521367
eb7b9296-8354-4a37-8cbd-6567b5689e7f,4,493,580,0.85,0.006896551724137931
c9854cd8-6db6-49e2-8465-91700782c927,180,1755,1903,0.9222280609563847,0.09458749343142407
79115b51-0958-407a-b6a4-bef58b47348b,14,1334,1564,0.8529411764705882,0.008951406649616368
bb6698b7-21ff-4f39-9f60-40ebc0253a36,91,1334,1564,0.8529411764705882,0.058184143222506396
598a7d59-5bad-4a59-bf2f-9e2a26448f9c,30,238,299,0.7959866220735786,0.10033444816053512
18a96351-287f-447f-ac60-5029d667f227,153,230,274,0.8394160583941606,0.5583941605839416
6a0b1826-f56c-47e3-85d2-55d11bbc075d,36,503,564,0.8918439716312057,0.06382978723404255
ab0458cf-e4f6-4ce0-a187-6398b8b8e61a,62,503,564,0.8918439716312057,0.1099290780141844
162ddd90-d356-4d55-bf85-5d5650a7bbe7,17,493,580,0.85,0.029310344827586206
6d537e8d-7071-429f-8aa6-c58d9a9f57df,193,2954,3412,0.865767878077374,0.05656506447831184
cf95e0e4-6c7f-4d4c-97eb-8479de0ae458,20,384,435,0.8827586206896552,0.04597701149425287
e6831d2e-9b85-4507-86ff-d5156e315417,63,484,575,0.8417391304347827,0.10956521739130434
75e00cb6-4cf9-49bc-a412-4349dbdee309,51,1363,1489,0.9153794492948287,0.03425117528542646
dacce77b-7d57-4a9b-ad88-9a6fa654e94f,36,284,332,0.8554216867469879,0.10843373493975904
2e366d5d-0cf7-436e-95e9-76318cadf60e,20,1157,1260,0.9182539682539682,0.015873015873015872
a3478919-fb60-49e4-b096-48e332010655,90,1689,1968,0.8582317073170732,0.04573170731707317
954f7f5d-ec7e-4e09-970a-75a430b7bc78,69,1469,1615,0.9095975232198142,0.04272445820433437
350e8064-87d9-4955-a922-52dcf69515e9,104,1169,1319,0.8862774829416225,0.07884761182714177
064932c2-c634-4cdb-80d7-f82ad9ae622f,20,720,766,0.9399477806788512,0.02610966057441253
a15a2c02-2338-409e-b0c6-ba248ca30065,30,290,324,0.8950617283950617,0.09259259259259259
fe61d039-e569-4eeb-8307-e554197d8518,128,1275,1401,0.9100642398286938,0.0913633119200571
2b36bfc7-4925-4656-9db1-39ca7be89c08,75,565,658,0.8586626139817629,0.11398176291793313
2df985b5-2323-4024-aee0-d248a2dc0c1c,60,1943,2308,0.8418544194107452,0.025996533795493933
f6b5b704-8118-4182-a2e5-2791b8fb322e,42,503,564,0.8918439716312057,0.07446808510638298
76543a28-8408-49e6-8b6f-388f7d25ea38,20,687,752,0.913563829787234,0.026595744680851064
5d4059d2-894e-4e02-8285-97ba6cede3a9,65,412,429,0.9603729603729604,0.15151515151515152
c5e7f951-d61e-4693-beee-6a08d98a2c22,36,149,185,0.8054054054054054,0.1945945945945946
94bb4b65-f9da-441d-a15d-89fc40f3cab7,30,428,482,0.8879668049792531,0.06224066390041494
3eb9406c-d2ed-4af5-b091-f126cc162eb7,15,687,752,0.913563829787234,0.0199468085106383
4362cb2f-01ee-452a-8a5f-1e8cda809cd3,60,193,213,0.9061032863849765,0.28169014084507044
11c0163c-10be-4479-84c8-4dfa98f5127d,75,210,274,0.7664233576642335,0.2737226277372263
d9f4c9aa-a2da-4e2b-a491-eee068324daf,30,267,283,0.9434628975265018,0.10600706713780919
9651f9e1-de9e-45d7-84fc-a0da5b365a0f,45,219,233,0.9399141630901288,0.19313304721030042
196fac0f-c13d-4389-b33a-f848600c8fa6,30,216,233,0.927038626609442,0.12875536480686695
7f2181ca-1609-4da6-ab41-c5cfdb69cbde,51,526,626,0.8402555910543131,0.08146964856230032
a60a9772-7d92-4f4e-bcdf-d46ff7de7153,30,105,124,0.8467741935483871,0.24193548387096775
c1dc5bb5-1ec8-47b5-952c-9216c8fe3ced,50,428,482,0.8879668049792531,0.1037344398340249
2c36e40c-7427-4c08-bbac-8e5f51e2d104,45,135,141,0.9574468085106383,0.3191489361702128
5935bb53-d146-4fdd-95e7-4a914cf1fa90,30,168,193,0.8704663212435233,0.15544041450777202
bff47064-b1c9-4652-8301-3a41db9d8496,30,58,72,0.8055555555555556,0.4166666666666667
63813a48-8b6e-4c1c-9e16-f51e12f321a1,36,168,193,0.8704663212435233,0.18652849740932642
fa8b79c9-2ca9-45a8-8677-4ff97507d4ec,26,105,124,0.8467741935483871,0.20967741935483872
edd291ef-ddb1-4fb1-bbf1-485a1df254d6,30,384,435,0.8827586206896552,0.06896551724137931
b8c54006-c13b-4cda-b0b7-258099db9f82,45,238,299,0.7959866220735786,0.1505016722408027
9fcd8b25-bd67-4a76-944d-e271fca9c3c8,28,230,274,0.8394160583941606,0.10218978102189781
b3faa93a-cf92-4c13-8e8b-0116b81b8056,20,284,332,0.8554216867469879,0.060240963855421686
d8752024-8213-44be-bf1a-06dbd2205657,30,133,152,0.875,0.19736842105263158
ccaba7f7-766c-4a0f-8c82-cb42201f2746,30,384,435,0.8827586206896552,0.06896551724137931
9e236352-0758-48e1-b9ee-89ceefe52ec1,32,113,156,0.7243589743589743,0.20512820512820512
3c3960dc-9969-407b-b708-8548fea9560b,40,230,240,0.9583333333333334,0.16666666666666666
eb225262-bf7b-47d1-8e0f-49ec611de4b1,30,88,132,0.6666666666666666,0.22727272727272727
4a921883-8553-4cd2-b7b8-90259757b6b8,30,432,482,0.8962655601659751,0.06224066390041494
b00abab1-c85f-44cc-b032-d0a7d11314ae,15,56,63,0.8888888888888888,0.23809523809523808
84fad118-204a-4357-8605-e4954c03d6a4,124,2217,2568,0.8633177570093458,0.048286604361370715
61ae133e-e442-4391-b4b0-cf294891638e,30,267,283,0.9434628975265018,0.10600706713780919
e6030acf-17e1-4a4a-a122-f37d1b5e2da4,18,57,61,0.9344262295081968,0.29508196721311475
504db148-0bcf-483b-a18d-aa97d9315d2e,30,384,435,0.8827586206896552,0.06896551724137931
de2fd565-654b-4582-8a93-bb2b41d43318,60,831,910,0.9131868131868132,0.06593406593406594
07a9495f-8ba5-4c99-a3f4-03dbb7b9593e,30,230,240,0.9583333333333334,0.125
f9dc84d5-3f7f-4102-95d8-fd5f76087eb4,76,1755,1903,0.9222280609563847,0.039936941671045716
9d733476-6ece-4f38-86c9-12ba988e0992,91,1106,1301,0.8501152959262106,0.06994619523443504
bed69f8e-58df-47eb-997a-320d681f352f,15,245,266,0.9210526315789473,0.05639097744360902
3a0042e5-3353-492e-92c6-2e9d7bfb7ad6,120,539,604,0.8923841059602649,0.1986754966887417
84a41a04-4c39-47a6-8da5-17df94aa5988,60,1157,1260,0.9182539682539682,0.047619047619047616
39010701-5bea-486b-81dd-e9c86b5165e5,90,2186,2403,0.9096962130669995,0.03745318352059925
18d936eb-17b3-414f-82f5-b7e57253e31b,30,1157,1260,0.9182539682539682,0.023809523809523808
b3415267-a948-4875-af5b-ab040f429457,169,1262,1444,0.8739612188365651,0.11703601108033242
201e59a9-948c-406e-b100-bd7e3abc4354,167,917,1065,0.8610328638497653,0.1568075117370892
82970d86-6c10-476d-a0c9-0fed9d8b1a6d,39,1169,1319,0.8862774829416225,0.029567854435178165
666eb662-9021-4277-93c5-b366b64e9d2e,16,917,1065,0.8610328638497653,0.015023474178403756
c4f839f1-2047-4dad-8560-ff4afbdc4c55,108,565,658,0.8586626139817629,0.1641337386018237
0233808d-9f88-4878-8705-ea73a809e36c,40,1275,1401,0.9100642398286938,0.028551034975017844
c13af9d8-cca2-49ba-8dfb-c569e23d63b9,42,1556,1723,0.9030760301799188,0.024376088218224026
bb213cfb-3691-49db-a583-58802df64a47,32,810,899,0.9010011123470523,0.035595105672969966
a4907cc0-8225-4c0a-ae35-c4a02f2124d2,42,565,658,0.8586626139817629,0.06382978723404255
66d0625f-c646-4e0f-a146-6b35b11d080a,120,2217,2568,0.8633177570093458,0.04672897196261682
736988f5-bcee-42b4-9489-e06d7d681eec,40,720,766,0.9399477806788512,0.05221932114882506
1d7ea91b-bbf6-4c37-9a7e-10775d82e175,60,1567,1786,0.8773796192609182,0.0335946248600224
fbc19a71-bf78-48b1-97f1-0efe7d8d0e9b,45,412,429,0.9603729603729604,0.1048951048951049
98db16ce-2dc1-44ec-9b9b-fb985951cffb,63,810,899,0.9010011123470523,0.07007786429365963
350c3061-5914-4d9f-bf05-593fa1ab2cb8,62,761,859,0.8859138533178114,0.07217694994179279
3e11f628-e14b-4885-9c4e-b41ebc81e09f,123,1556,1723,0.9030760301799188,0.0713871154962275
dac7a5ac-88ec-419f-865c-195d644ce2a5,41,1334,1564,0.8529411764705882,0.026214833759590793
7067f862-8c20-4e81-a41b-3a3d190c00d2,110,2954,3412,0.865767878077374,0.03223915592028136
7ed8e5f1-ba36-409b-ba1c-10de37521a65,120,1169,1319,0.8862774829416225,0.09097801364670205
0acad282-a9a1-4cf1-aa04-55d53d9da7ce,10,113,156,0.7243589743589743,0.0641025641025641
2ec32930-c502-4099-87f1-1b4cd0df4521,69,2217,2568,0.8633177570093458,0.026869158878504672
8dbe10ce-e233-4c62-8d02-ef573401fc4b,52,1305,1609,0.8110627719080175,0.032318210068365445
cd60e17e-f2c2-4746-b452-741818f2f626,190,761,859,0.8859138533178114,0.22118742724097787
aa66d40a-4e65-44ee-ae4f-e13d34bc4e36,60,2217,2568,0.8633177570093458,0.02336448598130841
cb685170-bb9b-4cd1-b771-71cded3c0839,50,1567,1786,0.8773796192609182,0.027995520716685332
d6943a96-61bf-4ae2-8ee3-1b7ad99faba9,60,810,899,0.9010011123470523,0.06674082313681869
b1c7e37a-cf2a-40bc-b20c-e60133822345,70,1334,1564,0.8529411764705882,0.04475703324808184
ac08ff3d-aa78-42de-946f-1b04c72cd21e,45,1193,1357,0.8791451731761238,0.03316138540899042
e7a34160-8380-4386-942a-350e4a291fc6,45,1469,1615,0.9095975232198142,0.02786377708978328
69ec6a2d-0cf7-409e-b61a-c23763546f2b,45,213,234,0.9102564102564102,0.19230769230769232
fd6dcc49-1811-4f63-8e27-7a82a0d9c046,60,1361,1517,0.8971654581410679,0.03955174686882004
413390d8-974a-410a-ab6b-feb70a7a71db,30,1294,1368,0.945906432748538,0.021929824561403508
bddb7597-6f80-48f9-9ec3-50b73c9f59ee,120,1755,1903,0.9222280609563847,0.0630583289542827
17d6578e-8595-43a0-b2a9-7189ecae3942,76,493,580,0.85,0.1310344827586207
4b6a3d94-0586-4f65-94d6-7b71e7add682,105,1363,1489,0.9153794492948287,0.07051712558764271
a96752c5-c501-4a8c-b60b-bda860ab0dac,170,2186,2403,0.9096962130669995,0.07074490220557636
1e86f371-8e41-413f-96a0-4e3a6a6617c3,130,1361,1517,0.8971654581410679,0.08569545154911008
24623aa5-662d-4f84-8997-759697822264,45,1106,1301,0.8501152959262106,0.034588777863182166
a60880f0-9da0-4187-86f3-acb1984045a6,112,2954,3412,0.865767878077374,0.032825322391559206
b34f21c6-f05f-4d89-8b8e-dd0d978ebc25,70,1159,1250,0.9272,0.056
00ee34db-1e22-4e18-b502-56ffd0521631,60,332,344,0.9651162790697675,0.1744186046511628
78d05462-030a-4e87-b531-e42674d2443b,163,1567,1786,0.8773796192609182,0.09126539753639418
d6128662-98d0-402f-94fa-ad721490f5f3,120,1159,1250,0.9272,0.096
de8db064-50c4-4e26-9446-51f317cce504,51,1305,1609,0.8110627719080175,0.031696706028589185
5d412ce3-15f0-45f9-9bfa-fd1df1450b2a,110,432,482,0.8962655601659751,0.22821576763485477
87f443e9-101e-4ae9-affe-e835984b3678,90,2186,2403,0.9096962130669995,0.03745318352059925
1450d126-3cda-4163-ae65-54f00d51ffb8,62,1361,1517,0.8971654581410679,0.04087013843111404
d9e28187-b725-436a-8c4e-cc6a3ae54d32,71,1567,1786,0.8773796192609182,0.03975363941769317
1bdc7528-ab30-49f5-b994-7d9d927e6e0e,58,1275,1401,0.9100642398286938,0.04139900071377588
f68ed86c-4a3e-4dbe-979d-63971af2f5f2,45,1025,1203,0.8520365752285952,0.03740648379052369
05203a46-9359-4b68-a790-25c52af453f8,96,1106,1301,0.8501152959262106,0.07378939277478862
911cd57e-4c44-4cd6-bb02-f132355263c8,125,1193,1357,0.8791451731761238,0.09211495946941783
1800e7ba-a6bb-487d-b78b-67cb2ab1bd2e,81,1469,1615,0.9095975232198142,0.05015479876160991
472f11ec-5f7f-42d0-b6e9-5f26f4efd65c,54,1193,1357,0.8791451731761238,0.0397936624907885
efbe40c8-f1b0-4245-86e7-dc38998cf089,159,1469,1615,0.9095975232198142,0.09845201238390093
b8c80f66-cfa1-48e2-9210-12bffd6bc77a,79,1689,1968,0.8582317073170732,0.04014227642276423
0fe660de-fb90-441d-b72d-e0426c780def,260,2954,3412,0.865767878077374,0.07620164126611957
6475cc47-d240-4a71-8693-6ea713520480,44,1363,1489,0.9153794492948287,0.029550033579583614
7edb9346-7e31-4f79-a3e3-f3802fe94fe1,103,342,364,0.9395604395604396,0.28296703296703296
f99da2fb-fac1-40cb-9e62-ca4fcc3da578,60,1361,1517,0.8971654581410679,0.03955174686882004
b40884e6-341f-4b81-89a7-182bc3089a7a,127,539,604,0.8923841059602649,0.21026490066225165
27112cd3-df2c-437a-94ce-65588346047d,140,1275,1401,0.9100642398286938,0.09992862241256245
2feef231-c48a-410e-90c8-f0cba9dc12c1,60,917,1065,0.8610328638497653,0.056338028169014086
ddf25c1e-22d9-4c63-9361-f14ea3270718,90,1294,1368,0.945906432748538,0.06578947368421052
00eaf4e6-64ae-4aba-a0cd-8fc868cb4663,49,2186,2403,0.9096962130669995,0.02039117769454848
3ffb68fa-4b04-4026-b47f-6fb46ef2947d,104,2954,3412,0.865767878077374,0.03048065650644783
5e34633d-539e-4a59-9bb8-4b7c01c88402,91,1106,1301,0.8501152959262106,0.06994619523443504
98c99164-47ee-4e10-b866-bb4d3a27687d,106,1294,1368,0.945906432748538,0.07748538011695906
bd272d44-3914-4c5c-bc7c-f385d5015585,75,1106,1301,0.8501152959262106,0.05764796310530361
7331a97d-8a78-421d-ba34-97b9f8abf5c4,147,1449,1696,0.8543632075471698,0.0866745283018868
68a3e4e4-6d93-40dc-b09d-6c3dd49208d9,70,1169,1319,0.8862774829416225,0.05307050796057619
b43aa7b3-be23-48ea-8971-9554944d8ac6,112,1262,1444,0.8739612188365651,0.07756232686980609
ca9dfafb-165e-4b18-8a8d-2f25ea29e83e,121,1262,1444,0.8739612188365651,0.08379501385041552
aade47e1-0e29-4d98-8bef-bfcf21934939,63,1106,1301,0.8501152959262106,0.04842428900845504
b601494b-c282-498e-8b77-d316a5be6934,110,1305,1609,0.8110627719080175,0.06836544437538844
263d63c7-dea5-4a0b-a15d-38bee32e0f39,110,2186,2403,0.9096962130669995,0.04577611319184353
45ee2df0-0b89-4bac-8245-6a94513392ae,90,1106,1301,0.8501152959262106,0.06917755572636433
aebc570a-7e4d-4ab4-9ac5-1e9268feb8ec,120,1469,1615,0.9095975232198142,0.07430340557275542
e136c0e4-f344-4174-9697-06486bdb79b4,73,1334,1564,0.8529411764705882,0.046675191815856776
f36d2b3a-0d0c-4092-90f3-f036f7971f35,94,1363,1489,0.9153794492948287,0.0631296171927468
851e3bfc-4d27-48f7-8f0a-07f000df86f0,77,2954,3412,0.865767878077374,0.022567409144196953
8ab8058c-a743-4db5-bc63-6c71152d03f9,60,1275,1401,0.9100642398286938,0.042826552462526764
038cd013-fb11-400c-8cf2-e9c57a7f6cd0,61,1275,1401,0.9100642398286938,0.04354032833690221
fde4646e-bb04-4219-b2d9-97ee132c7d2a,60,1294,1368,0.945906432748538,0.043859649122807015
5ee4345e-fe8a-4d1f-b6de-7ee0019765b1,90,2954,3412,0.865767878077374,0.02637749120750293
accc11e2-9759-419f-9cc9-db36adc84f10,151,1449,1696,0.8543632075471698,0.08903301886792453
fa6b50a1-e0fb-4bd2-96a5-23d43406ccbd,75,1305,1609,0.8110627719080175,0.04661280298321939
b7d8f327-278b-4d1d-ad41-d35702852523,83,1943,2308,0.8418544194107452,0.03596187175043328
be822cc4-2354-42d8-a78c-51af937f459b,75,1449,1696,0.8543632075471698,0.044221698113207544
f3910b68-630f-4247-9217-ec67d0f2f331,140,1305,1609,0.8110627719080175,0.0870105655686762
05794935-080d-4b6c-bf34-c29dc2498461,84,1163,1286,0.9043545878693624,0.06531881804043546
8e43cd25-a2ba-4d39-bde4-cec1f04269df,92,2954,3412,0.865767878077374,0.026963657678780773
7e83fd3e-95fd-4089-9a9c-51f1157d5cb8,90,1755,1903,0.9222280609563847,0.047293746715712036
f2f096c2-60f0-41eb-b078-bb2ca822337f,113,537,669,0.8026905829596412,0.16890881913303438
fa267362-e7df-40b9-ac43-79815db80bc0,30,1262,1444,0.8739612188365651,0.02077562326869806
fec4cfbc-64f0-4c3c-b0c6-0ef17d3d2a7c,94,831,910,0.9131868131868132,0.10329670329670329
9e6f47c5-2234-405c-b245-309b2504de2a,120,2954,3412,0.865767878077374,0.035169988276670575
6ef045fc-0881-4ade-9490-694e13c9f15d,104,1363,1489,0.9153794492948287,0.06984553391537945
20f36c53-c0b0-475c-b27a-763ac83142f6,50,1159,1250,0.9272,0.04
c46e814d-2704-478c-abd3-8da8e54ceba4,140,1943,2308,0.8418544194107452,0.060658578856152515
23fff513-a566-4994-8a6d-2004c6d01376,70,1556,1723,0.9030760301799188,0.04062681369704005
8978c97e-c120-4887-a117-e9da43645fd8,98,484,575,0.8417391304347827,0.17043478260869566
43d18fd2-7556-4b33-8d10-2d04c50413c0,146,1755,1903,0.9222280609563847,0.0767209668943773
bf78838b-3fca-4ee9-9959-d86b64d8aab2,68,1361,1517,0.8971654581410679,0.04482531311799604
c209e629-f659-4e2f-9661-af0ca546ffda,60,2217,2568,0.8633177570093458,0.02336448598130841
9e1ba19e-30c4-41bf-bf4b-ae81de380d43,35,1275,1401,0.9100642398286938,0.024982155603140613
bfb31cb7-072b-4f1c-a08f-85a53af533d4,70,1449,1696,0.8543632075471698,0.041273584905660375
33d1735a-e95f-4e27-a2e7-af2f47587979,64,1943,2308,0.8418544194107452,0.02772963604852686
0022f30c-0cc0-4ccd-a59d-4ef20a1409f7,52,1689,1968,0.8582317073170732,0.026422764227642278
4f283a04-104c-456c-951f-cfa97c13d2d4,22,831,910,0.9131868131868132,0.024175824175824177
0479d907-7f55-4fc6-b73b-561e8f0d12b5,64,1294,1368,0.945906432748538,0.04678362573099415
148c4373-d553-4cc1-b2dd-db687e99016d,90,720,766,0.9399477806788512,0.1174934725848564
0eba323d-ae0a-4c41-8709-e4afa78f4c7d,119,720,766,0.9399477806788512,0.15535248041775457
653781e7-e2aa-44ab-abca-899a50e2a828,84,1262,1444,0.8739612188365651,0.05817174515235457
ef40459b-3bb6-4ddb-9ed8-f10f039db243,170,2217,2568,0.8633177570093458,0.06619937694704049
f441c89b-6dd8-44e1-ad47-b9d7c6d99743,96,1449,1696,0.8543632075471698,0.05660377358490566
f13e42f8-7008-4172-a767-6c47e0a981c7,113,1157,1260,0.9182539682539682,0.08968253968253968
e704571b-a19d-4879-92a3-1b48fc6e19f3,100,2954,3412,0.865767878077374,0.029308323563892145
e4abfec7-b384-46eb-aff0-cc11b2183126,96,687,752,0.913563829787234,0.1276595744680851
cd4aeca9-d61b-4efe-8eaa-fa926c560c37,90,1262,1444,0.8739612188365651,0.062326869806094184
4398fc80-f04f-4a4d-aaf3-592d11acf6c7,60,1334,1564,0.8529411764705882,0.03836317135549872
9d7d9ede-4a0a-4df2-a888-1dcee3880a5b,65,1159,1250,0.9272,0.052
be104b02-b970-4499-a61a-d68692d261cf,74,1159,1250,0.9272,0.0592
18d6ad1a-f62f-4ab7-8c04-4e4302dd7597,73,1361,1517,0.8971654581410679,0.04812129202373105
139c3ec6-65fb-460d-8d46-ada44354ac6d,82,810,899,0.9010011123470523,0.09121245828698554
a4a7c103-f45b-4f92-a333-324acdfded4b,51,761,859,0.8859138533178114,0.059371362048894066
811689a8-3b70-4d6d-884c-5eceff2b1e52,116,319,330,0.9666666666666667,0.3515151515151515
7a00b4b0-a68a-4e5a-a1aa-7e21b8853516,96,1334,1564,0.8529411764705882,0.061381074168797956
944c2af7-c820-41f0-bd62-98140cb58811,55,1159,1250,0.9272,0.044
61172097-24f7-4a2a-9d57-87e2647b7ad0,108,2954,3412,0.865767878077374,0.031652989449003514
cb01962d-5d89-4930-a362-49a4c2b382e8,90,761,859,0.8859138533178114,0.10477299185098952
939f445e-b722-4435-bbcd-917ebd28eeee,118,1305,1609,0.8110627719080175,0.07333747669359851
14271d35-f0fc-49f6-9709-a5a2949f0abc,65,1556,1723,0.9030760301799188,0.03772489843296576
9f33b68f-ac32-436a-b3ec-29982cc212cd,73,565,658,0.8586626139817629,0.11094224924012158
e1704895-d8a2-4adb-a783-aa80541ab1d5,30,560,623,0.898876404494382,0.048154093097913325
7d70a1a5-3096-4da8-adbe-95e993d98c04,96,1363,1489,0.9153794492948287,0.06447280053727333
822241bd-9f61-4218-8fcb-e0e09bc30d99,90,761,859,0.8859138533178114,0.10477299185098952
5a2fd503-fbb8-4582-b386-e20e3b0988eb,99,1689,1968,0.8582317073170732,0.05030487804878049
d7e5af5f-fead-41f2-be5b-3f84b43178f2,45,1449,1696,0.8543632075471698,0.02653301886792453
42452fb6-29ed-4e17-a443-2e1910b55ffc,110,1163,1286,0.9043545878693624,0.08553654743390357
0b20335a-3165-49e4-b456-f84407f67d9b,60,539,604,0.8923841059602649,0.09933774834437085
38592de6-fc61-4588-a4fd-c9218cd1c545,41,193,213,0.9061032863849765,0.19248826291079812
ecba35d6-d6be-447c-8d8a-117a7eaa7c48,142,1556,1723,0.9030760301799188,0.0824143934997098
ca4974ce-8803-46af-8c19-61776a63deaf,85,195,204,0.9558823529411765,0.4166666666666667
e108dad1-2c50-4ee5-ad90-5164d8adcf01,91,720,766,0.9399477806788512,0.11879895561357702
08667338-42ea-4221-a58c-675ee97b2437,62,687,752,0.913563829787234,0.08244680851063829
d1b386f8-8038-4551-935b-815179c83d2d,120,1169,1319,0.8862774829416225,0.09097801364670205
91f854c7-0816-4c4d-a874-cc4e7879e54b,145,1157,1260,0.9182539682539682,0.11507936507936507
a2eb6e86-a4fb-4065-8398-c33f184a36db,12,88,132,0.6666666666666666,0.09090909090909091
f2f735d5-ce7a-4b75-86db-b7a9846422ba,11,57,61,0.9344262295081968,0.18032786885245902
6832c921-b52c-4395-8f8f-3840baac0d71,20,47,57,0.8245614035087719,0.3508771929824561
c04cd447-40ff-42cc-8c0c-02f1bcf52987,22,354,429,0.8251748251748252,0.05128205128205128
03502bb8-7269-4494-99d3-c45048383692,16,133,152,0.875,0.10526315789473684
c0fd02fb-b9a3-4853-b4c8-032431e60fc1,75,493,580,0.85,0.12931034482758622
3bc1149b-7aa2-4193-b532-e0b7e5f16cd4,66,195,204,0.9558823529411765,0.3235294117647059
a2f8c167-fff4-4836-a365-deb8c9c7a160,90,1567,1786,0.8773796192609182,0.05039193729003359
4c1004b9-7629-45f1-8543-593f059826bf,110,1025,1203,0.8520365752285952,0.0914380714879468
d8cd326c-7090-4dd4-bb34-61ee02da3af7,12,88,132,0.6666666666666666,0.09090909090909091
a4163fdf-f2fc-4699-8371-65ec07173ec6,23,113,156,0.7243589743589743,0.14743589743589744
e9d9faaa-6e6e-4fc6-a5b3-e016517408e0,10,103,126,0.8174603174603174,0.07936507936507936
ceeb4007-0d95-423e-ae4d-d9427b50d99d,15,105,124,0.8467741935483871,0.12096774193548387
a9d6c712-ef16-4aec-908c-24cafc4c1a0e,20,105,124,0.8467741935483871,0.16129032258064516
8434f511-c388-4e0a-af37-f8eae15df690,95,1025,1203,0.8520365752285952,0.07896924355777224
aa01404e-4094-4eb3-8e5f-34761a4368fd,15,149,185,0.8054054054054054,0.08108108108108109
22885fc5-4e8c-449e-912e-b41acb9bddda,29,213,234,0.9102564102564102,0.12393162393162394
83a315d3-6c6f-4885-acc7-4c4696e88a7a,50,188,209,0.8995215311004785,0.23923444976076555
a6b42123-0a2a-496c-835b-71748a5695e6,15,44,103,0.42718446601941745,0.14563106796116504
2126adb2-ea9b-4c70-9d97-c4b9e5aaca32,12,1169,1319,0.8862774829416225,0.009097801364670205
eceeedbe-1c61-42ea-9e3f-a223d47f9436,78,537,669,0.8026905829596412,0.11659192825112108
f47e7fe0-3648-497d-9be7-1d8b21457e47,19,219,233,0.9399141630901288,0.0815450643776824
542766ba-f2c5-4fd1-a8e6-0453dcac3905,51,213,234,0.9102564102564102,0.21794871794871795
40404152-be15-4a4c-bcd7-edf502c70e3a,30,2217,2568,0.8633177570093458,0.011682242990654205
293b8c56-9fb3-45cd-8253-452e1b523590,60,1157,1260,0.9182539682539682,0.047619047619047616
b8960c8f-d743-44a5-989c-8dee35cbf380,18,245,266,0.9210526315789473,0.06766917293233082
e486051f-fc7c-43b9-8de7-8e1638a462a8,107,1262,1444,0.8739612188365651,0.07409972299168975
a3554a9d-fdf8-4d1b-9fdc-ce5fffd6da5b,30,1363,1489,0.9153794492948287,0.020147750167897917
c696739c-0c44-4392-925c-ddbcc583997f,90,1449,1696,0.8543632075471698,0.05306603773584906
3e591fb0-8933-48cd-a5b8-3409003e0a22,68,2186,2403,0.9096962130669995,0.028297960882230546
b0910fb0-8a52-4898-abfe-2ecc91b1fee7,51,103,126,0.8174603174603174,0.40476190476190477
719eedf6-7f8f-466b-b1bd-c12343afc4a8,30,230,240,0.9583333333333334,0.125
11a565e4-2a8b-4538-9e8e-ec9b9d7b0569,26,2217,2568,0.8633177570093458,0.010124610591900311
aa74b5e3-ce04-4329-a504-f698e0336980,150,1163,1286,0.9043545878693624,0.1166407465007776
7a502f07-5ce6-4ca3-9721-789b677ebf67,118,2217,2568,0.8633177570093458,0.045950155763239874
bb28bcd7-6dc4-4388-855a-3a4d9f8b0ffc,30,1361,1517,0.8971654581410679,0.01977587343441002
3e1e2638-0a84-40a3-831f-f4fa933d8a38,70,503,564,0.8918439716312057,0.12411347517730496
3a28d432-d82e-4ae8-acf3-92caabbfcb49,30,1157,1260,0.9182539682539682,0.023809523809523808
09d892ef-a8fd-413b-8484-ecb403b01e67,30,428,482,0.8879668049792531,0.06224066390041494
f42e2cff-58d3-4386-a3ba-6f52f604e6d0,90,1469,1615,0.9095975232198142,0.05572755417956656
582b99d3-361c-4c69-8d1c-813012881075,76,2954,3412,0.865767878077374,0.022274325908558032
05f8d74e-4630-4b89-8bbc-8d8c8135b72d,30,120,122,0.9836065573770492,0.2459016393442623
cdf09881-a731-40f5-a126-51417eabac72,60,1157,1260,0.9182539682539682,0.047619047619047616
df8e719b-6ecd-4a8e-a996-315b3eded17f,65,428,482,0.8879668049792531,0.13485477178423236
3024bd0d-52a1-4266-bbd6-a0f60160cad0,10,493,580,0.85,0.017241379310344827
114030f1-e3f0-4d5f-a4ff-c4df645d7063,45,1193,1357,0.8791451731761238,0.03316138540899042
ce8e0ada-ce49-4a1b-8dbb-a383023778bd,30,1305,1609,0.8110627719080175,0.018645121193287758
5c055830-e3f1-4600-8c92-09912612c24e,30,245,266,0.9210526315789473,0.11278195488721804
940b3424-0230-4f17-b789-da74f46338a2,15,47,57,0.8245614035087719,0.2631578947368421
681aca6e-f869-4b23-8b03-614ba8f208d9,30,1363,1489,0.9153794492948287,0.020147750167897917
c5f5924a-fb8b-42a5-9316-2673e480b15d,202,1689,1968,0.8582317073170732,0.10264227642276423
69574dcc-6ab0-4de0-a97b-f92306d8ea1f,124,761,859,0.8859138533178114,0.14435389988358557
e589bc14-0a1e-4b69-86a5-16c9b120134d,97,2186,2403,0.9096962130669995,0.040366208905534745
ca68528f-fc88-4b6e-b014-40370580556a,56,354,429,0.8251748251748252,0.13053613053613053
0085f391-b605-45ea-8f33-53ce2f390230,124,1025,1203,0.8520365752285952,0.10307564422277639
3781fb2f-6a57-4a4a-a45a-a1c3129d9f6b,74,1556,1723,0.9030760301799188,0.042948345908299476
5ed55d63-eceb-4c50-8091-0e5aa9e48ba9,146,332,344,0.9651162790697675,0.42441860465116277
59c0eaf0-643e-4be9-ab85-5ebabd58c1af,100,1025,1203,0.8520365752285952,0.0831255195344971
0e8e2068-9306-4739-b0da-92a160dbae31,30,1943,2308,0.8418544194107452,0.012998266897746967
ffdf7591-5e12-4636-960a-a9c6cf73b8a8,20,149,185,0.8054054054054054,0.10810810810810811
f44426ea-d638-40ef-9287-f9df3965a518,90,1469,1615,0.9095975232198142,0.05572755417956656
8926d5ec-a1eb-4d04-98d4-50db1f08ff7e,66,332,344,0.9651162790697675,0.19186046511627908
96c70a3a-253f-496b-98c4-99fc70ad2b54,60,1169,1319,0.8862774829416225,0.045489006823351025
85b1518f-f4da-4dcd-9a7f-a9534a03ab28,120,810,899,0.9010011123470523,0.13348164627363737
1016c9de-7ed7-477f-a886-3382b7a254f3,68,1193,1357,0.8791451731761238,0.050110537951363304
02e13429-de0d-4eff-b20b-cafa53e9f3ca,90,1305,1609,0.8110627719080175,0.05593536357986327
c8c71563-1f57-4aa7-93ea-9f47c584bf69,90,493,580,0.85,0.15517241379310345
e2bf9c6b-5744-4624-bc36-f8d246b2afff,45,2217,2568,0.8633177570093458,0.017523364485981307
612925f5-c7c2-46aa-9ce0-c95b89a19736,50,1294,1368,0.945906432748538,0.03654970760233918
d5b71026-a4d7-4bc7-b76f-149176f5b89d,100,493,580,0.85,0.1724137931034483
7fb997b5-ceb2-4496-9b7f-33155a1f0370,126,1305,1609,0.8110627719080175,0.07830950901180858
583480eb-a6dd-4f0b-8e99-a2f262cef760,121,1305,1609,0.8110627719080175,0.07520198881292728
1983adbc-c53e-44a7-914d-d46888a6748f,120,1363,1489,0.9153794492948287,0.08059100067159167
9d9f9484-7384-4854-9b45-029b7ae0dcd3,100,1025,1203,0.8520365752285952,0.0831255195344971
44feb6db-7bf9-4841-ae6a-0805854be0be,20,1943,2308,0.8418544194107452,0.008665511265164644
4289f187-097d-4f7b-90de-798caf6c0297,90,1334,1564,0.8529411764705882,0.05754475703324808
31916c35-deb4-488a-abea-e4c0a12777ef,51,917,1065,0.8610328638497653,0.04788732394366197
b5cac1ba-58be-49a4-8fd8-86b4195ddbd3,137,9371,10276,0.9119307123394317,0.013332035811599844
0bea08fa-b5be-4df0-9ecb-706b1749a39d,161,4965,5356,0.9269977595220313,0.030059746079163556
bda199f5-9d4a-42dc-9607-25adc58f8c82,52,155,166,0.9337349397590361,0.3132530120481928
cc842701-b654-4731-8fe6-8c5bb34dda73,100,9371,10276,0.9119307123394317,0.00973141300116777
fd2496c8-89c1-4a1b-90eb-8c5928420cad,155,4965,5356,0.9269977595220313,0.0289395070948469
3ac7b8ba-4798-4f54-89d7-2c91a780cfb9,124,1925,2104,0.9149239543726235,0.058935361216730035
02c67ec0-280f-4f82-999e-a1ad880d63d1,33,47,86,0.5465116279069767,0.38372093023255816
5ac6f2f9-043f-41d1-9c6b-b569d684accb,71,966,1044,0.9252873563218391,0.06800766283524905
a0a19fa2-d83b-47db-b169-5e5dea1ac6f0,61,292,301,0.9700996677740864,0.2026578073089701
37a21f68-6b7d-4aaa-aa30-e55cba19eabf,73,9371,10276,0.9119307123394317,0.0071039314908524715
cf29b686-80bc-48cd-8e80-2bee9532e0be,120,9371,10276,0.9119307123394317,0.011677695601401323
8e37df1b-d301-4c83-b1a9-89947ca11bc4,50,3875,4152,0.9332851637764933,0.012042389210019268
a40b006a-3238-4b3c-b3be-9629685735bb,29,91,118,0.7711864406779662,0.2457627118644068
02a88649-532a-4325-b08c-cf1d2c6fd6bd,61,2187,2290,0.9550218340611354,0.026637554585152837
1ec5a41c-9afd-44fa-9eaa-a26530b8a232,70,1187,1281,0.9266198282591726,0.0546448087431694
dd133ab8-ff29-477f-90a4-9861776f80f4,128,1925,2104,0.9149239543726235,0.060836501901140684
559e9698-e225-41d9-a992-95cd628dd1e2,81,9371,10276,0.9119307123394317,0.007882444530945894
d9b56916-9779-4060-b6b2-7fe0d1453a33,62,203,207,0.9806763285024155,0.2995169082125604
735b0306-3b09-4226-8ed8-7f7a8e049c27,96,9371,10276,0.9119307123394317,0.009342156481121059
ba81c7ab-154a-49c4-b198-0238958dc52c,71,966,1044,0.9252873563218391,0.06800766283524905
c15904cb-2c4c-4b2b-bf4f-f353f178bfea,72,9371,10276,0.9119307123394317,0.0070066173608407945
770d92df-dca7-4eeb-ab83-82ea854cffc3,64,9371,10276,0.9119307123394317,0.006228104320747372
90ed165e-7dd1-4a5c-ab79-d96e59b89056,105,9371,10276,0.9119307123394317,0.010217983651226158
6b868a1b-8d44-424d-80e2-e0dd7a9a5849,82,1925,2104,0.9149239543726235,0.03897338403041825
5d146930-12bf-4486-927a-c9b2e77b621c,101,9371,10276,0.9119307123394317,0.009828727131179446
b88dcb00-2959-4f5b-ac1d-7cbb903063ab,57,9371,10276,0.9119307123394317,0.005546905410665629
fe84b940-265d-4e4b-8fd1-7598b47cf498,125,9371,10276,0.9119307123394317,0.012164266251459712
8f9f6d4c-5e83-49c2-86c7-a968b0400150,100,966,1044,0.9252873563218391,0.09578544061302682
791a3623-71c1-4705-945e-332419dbe47e,122,4048,4324,0.9361702127659575,0.028214616096207217
8c864534-e136-4b8c-af49-3939d3542ae8,105,361,373,0.967828418230563,0.28150134048257375
6e169362-92f6-424a-a8d8-cc74440a70e6,100,1330,1434,0.9274755927475593,0.0697350069735007
c4301c13-48ee-4d6d-96d1-042a748c66e6,92,4965,5356,0.9269977595220313,0.01717699775952203
614c2319-61eb-4341-b280-88f0b6ea958a,112,9371,10276,0.9119307123394317,0.010899182561307902
5b4c5a68-3117-4dfd-b6ce-013d9b4b8936,94,1925,2104,0.9149239543726235,0.04467680608365019
f19f7f22-c8a2-4499-b464-f0a79c6d15c1,74,4965,5356,0.9269977595220313,0.013816280806572068
d8bbe4a3-47fd-412d-b4d7-65fa03c0ae2a,91,1377,1486,0.9266487213997309,0.06123822341857335
fdff8cd8-4e54-44a2-a5e7-430c22541774,71,97,144,0.6736111111111112,0.4930555555555556
babfd093-2039-4057-a1e0-50c8246e71b3,132,1377,1486,0.9266487213997309,0.08882907133243607
0c327d6e-93dc-423f-b956-2e16e146a539,146,777,892,0.8710762331838565,0.16367713004484305
55b04f05-f485-458b-af19-70ed955e0462,92,143,173,0.8265895953757225,0.5317919075144508
e65eed4e-a221-4232-9607-982ce4973590,60,46,81,0.5679012345679012,0.7407407407407407
21c6c007-72ab-44bc-ba18-c8a57ae5a13d,160,217,294,0.7380952380952381,0.54421768707483
fc3a1aa0-5367-4bda-84a3-88bd7a57d862,152,9371,10276,0.9119307123394317,0.01479174776177501
e9ec9901-98d6-4175-86b6-b8355778ea3b,84,1925,2104,0.9149239543726235,0.039923954372623575
33c69525-6de4-4eb2-ab4e-26c2de44ef15,116,9371,10276,0.9119307123394317,0.011288439081354613
4def5781-ad3b-4b19-87ea-99175c669833,164,4048,4324,0.9361702127659575,0.037927844588344126
da8af9e3-494f-4e40-9f5b-8bca5c535d84,100,443,482,0.9190871369294605,0.2074688796680498
f13a217e-e892-4f0f-a35a-311b1f754985,125,361,373,0.967828418230563,0.3351206434316354
c3bfb466-d037-4ee5-b0e8-64f5f13cf78d,134,1330,1434,0.9274755927475593,0.09344490934449093
f5ae7e92-b018-4777-8229-8f7b6527373a,81,279,302,0.9238410596026491,0.2682119205298013
2cc857ec-ec50-40a3-90ef-ae0881f408d0,48,279,302,0.9238410596026491,0.15894039735099338
e16fdad4-feb1-4719-82ba-f678fecca74a,94,966,1044,0.9252873563218391,0.09003831417624521
0d1679f1-32d0-480e-b55f-15b1d4caa915,130,1377,1486,0.9266487213997309,0.08748317631224764
83be01ad-352f-427c-b352-3bb6942e6539,179,9371,10276,0.9119307123394317,0.017419229272090306
37bc42b9-f376-4d01-908f-91b51bf6ded0,96,9371,10276,0.9119307123394317,0.009342156481121059
e0c5cd23-9fc4-4551-8d9c-d475c553336b,32,9371,10276,0.9119307123394317,0.003114052160373686
59cd05af-6499-4e0b-867b-066e2f02adb1,120,202,252,0.8015873015873016,0.47619047619047616
d09bf8b9-2567-4f71-84e0-12ef3e789353,92,658,770,0.8545454545454545,0.11948051948051948
74d660ce-ab58-4297-b63a-6b62e76e4450,167,966,1044,0.9252873563218391,0.15996168582375478
460a8d4e-8f77-4456-ae20-69773ce1b48f,137,4965,5356,0.9269977595220313,0.02557879014189694
e8900cc0-a70a-4992-9e86-cfcd06c6e150,122,4048,4324,0.9361702127659575,0.028214616096207217
786fea36-e253-4d04-b4dd-13ad39cc678b,127,1187,1281,0.9266198282591726,0.09914129586260734
d751121a-4d05-46ae-b7d8-388dcd23e205,82,1925,2104,0.9149239543726235,0.03897338403041825
19c9b475-3f80-4dc5-8152-19d706e3b535,22,279,302,0.9238410596026491,0.0728476821192053
f0a39314-0f36-4fc0-bbda-ed15e391f4d9,83,1377,1486,0.9266487213997309,0.05585464333781965
777296c2-ae9a-4fb4-8001-bc5c5c1bbb81,29,443,482,0.9190871369294605,0.06016597510373444
82aba676-7c20-47a7-88ff-a9f3b624970f,40,108,111,0.972972972972973,0.36036036036036034
e7213005-e581-4d5b-8dfd-e646f5dad7db,142,9371,10276,0.9119307123394317,0.013818606461658233
750bc0fd-1cee-4cc1-b363-419d05c92997,38,1925,2104,0.9149239543726235,0.01806083650190114
2b62c93a-b040-4297-855c-1ada0a85879e,168,804,886,0.90744920993228,0.18961625282167044
9ef3bb6c-e78d-4241-9c79-91b6fa6405f7,59,4965,5356,0.9269977595220313,0.011015683345780434
588cb10e-e81f-43b3-a20c-b636b3a0ad2e,128,4048,4324,0.9361702127659575,0.02960222016651249
38ead7b5-e1fb-4c4e-a13b-57442b495c58,132,4048,4324,0.9361702127659575,0.030527289546716005
7764ac51-1bd7-4f86-86e2-735ae6539305,194,1377,1486,0.9266487213997309,0.13055181695827725
e867e20f-3f27-41aa-9cfe-b262356fa593,64,87,92,0.9456521739130435,0.6956521739130435
f469fed9-8ea7-4eb4-85a5-e781afdb938b,74,804,886,0.90744920993228,0.0835214446952596
b611f72f-751b-4638-a433-c0aa5747e931,209,9371,10276,0.9119307123394317,0.02033865317244064
378f97da-4147-4a8e-a825-b0ccbdeafaeb,94,292,301,0.9700996677740864,0.3122923588039867
d336ccb4-4ba3-49ab-884c-3d1805ecdfde,85,203,207,0.9806763285024155,0.4106280193236715
689ab93d-6af8-4395-9559-a36d8bb2f92b,65,91,118,0.7711864406779662,0.5508474576271186
08df650a-0e6e-4358-b271-bd7497039232,101,1925,2104,0.9149239543726235,0.04800380228136882
5fd6d80b-bb2a-4dc6-bdb5-f4c9623eb444,156,2187,2290,0.9550218340611354,0.06812227074235808
3e78e05d-312a-4dda-9bb9-c45cf4f617ae,61,1510,1726,0.8748551564310545,0.03534183082271147
e9a39f1a-80c3-48ff-8a87-a8c82e5a02d5,164,403,445,0.9056179775280899,0.3685393258426966
e83fd18a-7185-4d86-ab67-ad57498f738a,175,658,770,0.8545454545454545,0.22727272727272727
dd40c94a-e1b4-40be-96b9-96827a7ee327,106,9371,10276,0.9119307123394317,0.010315297781237836
a97c558b-c996-4c1c-bfe3-4b8f13f4173a,55,1925,2104,0.9149239543726235,0.02614068441064639
e695a4e8-e57c-49b7-803c-3d22df67f47a,60,1330,1434,0.9274755927475593,0.04184100418410042
f845c93a-c52b-46fb-86fa-b390cdabd4f2,41,361,373,0.967828418230563,0.10991957104557641
065f1185-6bd8-434b-be9d-e3c4bacee889,94,777,892,0.8710762331838565,0.10538116591928251
b5fb2ab1-3c6e-4171-a3d2-8b993027f25b,62,217,294,0.7380952380952381,0.2108843537414966
e91770ce-923c-4545-95e6-c4ffc1d4a8a5,50,777,892,0.8710762331838565,0.05605381165919283
44c66832-02bd-47f0-b450-0c0e50c1fa2c,89,149,199,0.7487437185929648,0.4472361809045226
a04c76c8-f49a-4881-ad37-b3d7e449210a,40,292,301,0.9700996677740864,0.132890365448505
11797ed7-379e-49f3-aa14-f0fb139a7b79,41,108,111,0.972972972972973,0.36936936936936937
d72985ac-e406-44a8-886b-c4d2da00091a,70,4965,5356,0.9269977595220313,0.013069454817027632
da3f1b55-ef4a-4742-9b9e-21cafc055802,32,3875,4152,0.9332851637764933,0.007707129094412331
36a88e1e-9104-4e1b-91ad-54fb7779b9cc,41,4965,5356,0.9269977595220313,0.0076549663928304704
aec20a94-4fba-46e2-aee6-885c274f9a0f,111,844,915,0.9224043715846995,0.12131147540983607
25aa9fcc-1453-45f5-95f1-ff82a18fc675,49,9371,10276,0.9119307123394317,0.004768392370572207
d84821a2-543c-4ad9-8c88-add6eeef5b8b,68,9371,10276,0.9119307123394317,0.006617360840794083
d3ac8858-e0f0-4400-9257-5de4e2695ecb,51,9371,10276,0.9119307123394317,0.004963020630595562
18979c54-77df-4db0-9895-c3ecf7820e04,53,9371,10276,0.9119307123394317,0.005157648890618918
28f3eb24-a5c7-410d-856f-a5b50248bdfc,52,9371,10276,0.9119307123394317,0.00506033476060724
8af57f14-6b20-4a4f-8938-534986c9df08,144,9371,10276,0.9119307123394317,0.014013234721681589
7e261a44-064a-4432-8760-5a2c3ed2c2a8,58,9371,10276,0.9119307123394317,0.0056442195406773065
13d0807d-2e90-4fdc-aeac-f71f59abc623,66,9371,10276,0.9119307123394317,0.006422732580770728
b9b9d953-286e-4566-9b5c-a92e696ac085,60,9371,10276,0.9119307123394317,0.0058388478007006615
511593fe-354f-4ce9-b9f5-d54f7595dae4,272,9371,10276,0.9119307123394317,0.02646944336317633
7a153369-a9be-46f8-9d08-07b281aec211,50,155,166,0.9337349397590361,0.30120481927710846
41abb151-fb60-458b-9f8f-c34baf963983,20,6,20,0.3,1.0
7bc51930-0b39-4db1-845e-b7a5970e995c,92,3875,4152,0.9332851637764933,0.022157996146435453
519e4a89-f8c5-4e51-9b72-e60ad89ab268,189,1510,1726,0.8748551564310545,0.10950173812282735
a2a384cb-b673-42d8-a60e-196e2c7335ce,20,279,302,0.9238410596026491,0.06622516556291391
b253fd7e-0249-4f02-8819-20d90e5c5248,50,2187,2290,0.9550218340611354,0.021834061135371178
c1eb6da6-67f4-43ad-a92d-28d6039a4909,36,88,127,0.6929133858267716,0.28346456692913385
56249e47-1958-4d7d-8d6a-a2ed901c15af,98,2187,2290,0.9550218340611354,0.04279475982532751
f636c8aa-57a8-40b6-8885-e34abf7af6ff,60,3875,4152,0.9332851637764933,0.014450867052023121
53bd81e7-fdaa-4ec1-bc25-c754be7f983b,50,4965,5356,0.9269977595220313,0.009335324869305451
199977bc-f923-44d4-957a-9978d718e859,121,4965,5356,0.9269977595220313,0.022591486183719194
47d5bacf-e8ca-497b-9602-9561255992af,93,4048,4324,0.9361702127659575,0.02150786308973173
def710c0-5e96-49c3-9116-1cea71fbfa2a,65,3875,4152,0.9332851637764933,0.01565510597302505
fc73de4a-7cef-435f-a05b-7f71f89155dc,76,1510,1726,0.8748551564310545,0.0440324449594438
bd22d744-5827-43e6-8c20-41634950e822,50,4965,5356,0.9269977595220313,0.009335324869305451
52b06eed-772d-41f5-8c92-5c0d4b49a2b5,104,238,265,0.8981132075471698,0.39245283018867927
0e89e8ae-9ab6-4bca-bbf0-eda8f364a861,57,1330,1434,0.9274755927475593,0.0397489539748954
9c10de04-11ee-487b-955a-48e06b0ab2ca,115,9371,10276,0.9119307123394317,0.011191124951342935
fd371717-459f-459a-883b-4615a4bf5af0,73,9371,10276,0.9119307123394317,0.0071039314908524715
35ff5dc8-1270-44a8-9146-110cd47d845e,172,4048,4324,0.9361702127659575,0.039777983348751156
5a2dfd54-8e5c-43ce-ab05-c21fa30aee07,52,88,127,0.6929133858267716,0.4094488188976378
ecc36add-30ac-42b4-af30-dc5cb0580605,94,4965,5356,0.9269977595220313,0.01755041075429425
e221ec5a-5838-420e-ba55-ae3433137105,161,2187,2290,0.9550218340611354,0.0703056768558952
b720c346-335e-41bc-ba4a-7af2e00dd6ce,126,9371,10276,0.9119307123394317,0.01226158038147139
75b86f4d-6bcd-49c0-babe-15f15641a192,131,199,230,0.8652173913043478,0.5695652173913044
e25677bb-3575-46ed-8631-d040e774bd35,73,966,1044,0.9252873563218391,0.06992337164750957
ece478af-0dd3-464f-a3e8-d2a0dc97f796,69,4965,5356,0.9269977595220313,0.012882748319641523
72ba8e28-1202-4068-b1df-1fb94e6b38be,50,1510,1726,0.8748551564310545,0.028968713789107765
9b109bbc-3aaf-4fc2-8c20-c2c048ad3144,30,443,482,0.9190871369294605,0.06224066390041494
6ac1f692-35bb-4891-80cd-4bdcd25cefbd,102,361,373,0.967828418230563,0.2734584450402145
ce64cc58-55a1-486a-afbd-4bc3269fc91f,54,4048,4324,0.9361702127659575,0.012488436632747455
7ceac3bf-6bcd-4093-ac40-59a6f39e3839,115,4965,5356,0.9269977595220313,0.02147124719940254
d80bd344-56f5-429a-8f50-cb89c4d18a73,25,16,43,0.37209302325581395,0.5813953488372093
7d54501e-4f3b-44d4-8b63-71f145ef9ead,26,21,26,0.8076923076923077,1.0
04d2da77-38df-4e31-b350-3f3752cfef26,48,804,886,0.90744920993228,0.05417607223476298
16b447a5-0fde-4f6c-9b27-fb615c8b309f,97,1330,1434,0.9274755927475593,0.06764295676429567
eec49c97-e8c8-4a8d-9e83-80cad11dfed2,60,1330,1434,0.9274755927475593,0.04184100418410042
17a7bcc2-43b7-4e5d-ae61-ca60651e47e8,115,844,915,0.9224043715846995,0.12568306010928962
68ee44d4-4030-464b-8b8f-2206f4061ee2,50,3875,4152,0.9332851637764933,0.012042389210019268
e8edb24f-a0e4-4f49-a2eb-b6dbdd874f04,71,3875,4152,0.9332851637764933,0.01710019267822736
ab81f593-c4f6-4a4f-9ff3-d40980dc59a6,156,3875,4152,0.9332851637764933,0.03757225433526012
97b7ed3d-c8f3-4648-abb6-6f36bce6cbda,74,112,145,0.7724137931034483,0.5103448275862069
c245a71f-62a4-47f4-91e3-63d4788908c1,92,3875,4152,0.9332851637764933,0.022157996146435453
6bcc7086-5a33-4317-9bc7-e32912af5055,126,4965,5356,0.9269977595220313,0.02352501867064974
95d38da0-7faa-4c62-bc53-372f7562a0ca,50,804,886,0.90744920993228,0.056433408577878104
1299cfdb-ca64-4c42-b6a1-0d3002d4954f,61,4048,4324,0.9361702127659575,0.014107308048103609
725f3d4c-4e45-4350-83d0-8221b9d1da4f,15,1925,2104,0.9149239543726235,0.007129277566539924
4dbf7e08-5edb-4fb2-b2e9-8230f0457383,88,844,915,0.9224043715846995,0.09617486338797815
deec1da9-1f51-4ad7-93e4-1ae65a8778ea,30,403,445,0.9056179775280899,0.06741573033707865
38796cd1-1525-43c3-a156-eb374effd594,50,844,915,0.9224043715846995,0.0546448087431694
db71b73a-87b4-410f-8537-742ad014435c,128,4965,5356,0.9269977595220313,0.02389843166542196
c333fa6c-e1a0-4ed5-9865-0245ae6a9af0,64,9371,10276,0.9119307123394317,0.006228104320747372
98305f4e-ac85-4278-a36d-637427a6f54f,48,3875,4152,0.9332851637764933,0.011560693641618497
d8b36881-9ae6-4f6b-836a-9b399b7c1fab,64,2187,2290,0.9550218340611354,0.02794759825327511
e7bc2e3c-a9b5-445e-91de-28353a8d2cdd,72,4965,5356,0.9269977595220313,0.01344286781179985
4c3d6c61-f43d-495e-a91d-8160330b5b79,43,2187,2290,0.9550218340611354,0.018777292576419215
2930e154-f260-477e-a6b7-6ab222404911,30,844,915,0.9224043715846995,0.03278688524590164
f0a5e067-8725-4faa-830e-ae3333264fe2,157,4965,5356,0.9269977595220313,0.02931292008961912
12e6eab2-1afc-4f5f-a96a-0b49810fb616,66,202,252,0.8015873015873016,0.2619047619047619
22ded663-9233-45ba-acad-fb9cf95fc9b7,104,9371,10276,0.9119307123394317,0.01012066952121448
fb7ec8c1-331a-4e18-a4ec-8ea9a8f240d2,132,9371,10276,0.9119307123394317,0.012845465161541456
9ac59d4c-753a-41c9-94a0-20ffcd034e17,81,143,173,0.8265895953757225,0.4682080924855491
a761530f-3330-429b-9dae-240285312c82,94,4048,4324,0.9361702127659575,0.021739130434782608
a373a442-12bc-4aae-8f10-efb36c260ebf,30,108,111,0.972972972972973,0.2702702702702703
29d85168-2d8b-4b64-923e-7614c3df90a5,102,1187,1281,0.9266198282591726,0.07962529274004684
7d0a6e38-778f-4f42-b746-dc293271b88a,30,279,302,0.9238410596026491,0.09933774834437085
eabd807b-526c-416b-9769-a792bd4a09bd,40,213,220,0.9681818181818181,0.18181818181818182
7cacc133-e6c2-4db7-b7e2-d851b22014d5,95,1330,1434,0.9274755927475593,0.06624825662482567
88605d52-e472-48ed-bda7-e1f6b89b6fc9,49,9371,10276,0.9119307123394317,0.004768392370572207
42c2149a-4d65-483c-9572-f8365d8d6892,37,4965,5356,0.9269977595220313,0.006908140403286034
7ce81128-53a8-43e6-aabe-4b6b9bf94f61,40,4965,5356,0.9269977595220313,0.0074682598954443615
ec5f3bcb-642a-4ea1-97dd-fb1b1c345a7c,51,238,265,0.8981132075471698,0.19245283018867926
f16cba75-d2a8-4735-8c9e-eb8f891729bd,42,1925,2104,0.9149239543726235,0.019961977186311788
66bec6a5-e46e-4630-bd7b-af06c00b41e3,120,3875,4152,0.9332851637764933,0.028901734104046242
fbab169a-04ae-435f-a495-5d6c0c1a1e70,60,4965,5356,0.9269977595220313,0.011202389843166542
e235aa45-5f04-4dba-ae6d-7249c88cf0fd,69,62,99,0.6262626262626263,0.696969696969697
6d4d64be-8ee3-42c9-9ab3-a955458a0672,94,4965,5356,0.9269977595220313,0.01755041075429425
42753cc1-8c95-4382-b865-93d490444041,16,1510,1726,0.8748551564310545,0.009269988412514484
778dbdee-0d1c-45f9-b920-0413474ce79a,80,777,892,0.8710762331838565,0.08968609865470852
d6bd074b-d0a6-4ec9-8f39-047892447e1d,70,403,445,0.9056179775280899,0.15730337078651685
4f135bfc-7bb7-45af-a15d-888ec4155b43,48,4965,5356,0.9269977595220313,0.008961911874533234
969a8931-5bab-47ba-b272-49c782bf893f,68,3875,4152,0.9332851637764933,0.016377649325626204
1a1d61f1-e654-40ec-b02f-32c2e69253d9,70,4965,5356,0.9269977595220313,0.013069454817027632
33508c5a-b832-41b3-af2e-14ba3651c191,78,1330,1434,0.9274755927475593,0.05439330543933055
1ae5e98b-5a82-41d5-9920-8cdcba7f8895,80,1925,2104,0.9149239543726235,0.03802281368821293
0bbc4b8a-a887-48ce-bd1f-78e6c84dd883,101,1330,1434,0.9274755927475593,0.07043235704323571
42986368-d767-481e-90d2-91da59c81e22,82,3875,4152,0.9332851637764933,0.0197495183044316
0f825b22-d0d7-4d6e-a42a-7b0e610b903d,45,28,55,0.509090909090909,0.8181818181818182
724ea2ed-5bf0-4357-9979-b6d76f84ca9e,63,804,886,0.90744920993228,0.07110609480812641
d181f3be-fa96-4c43-8a95-e8856fbb2331,14,279,302,0.9238410596026491,0.046357615894039736
2dbbef43-be7b-4b89-a817-020bef956d55,98,9371,10276,0.9119307123394317,0.009536784741144414
27eb6240-db9f-4057-96d0-a62e91327c2b,80,9371,10276,0.9119307123394317,0.007785130400934216
72b6b049-251b-40de-a116-ef14a8ec6b4c,100,3875,4152,0.9332851637764933,0.024084778420038536
ab731bf4-b747-4881-a0ae-dc328d4daefe,40,4965,5356,0.9269977595220313,0.0074682598954443615
3c913ff6-4a26-4c4c-a32c-cd09ff5ed5af,151,9371,10276,0.9119307123394317,0.014694433631763332
afe8d643-e4a7-4652-9cc6-9f87710e3c98,70,1510,1726,0.8748551564310545,0.04055619930475087
b9b7fa9b-dcd6-43e0-b5cc-821cb0c41822,77,4048,4324,0.9361702127659575,0.017807585568917667
60841efe-40cc-4330-984a-359bb3d06c30,99,4048,4324,0.9361702127659575,0.022895467160037004
81721e66-d8c1-4550-be5a-a0f853b61293,56,9371,10276,0.9119307123394317,0.005449591280653951
2b14b060-a711-4eff-8a9f-b09600742a83,138,1510,1726,0.8748551564310545,0.07995365005793743
a5e4fd21-18b8-47ed-9892-3b58cd9ad714,108,804,886,0.90744920993228,0.12189616252821671
ef9a2e6d-f305-454a-bd67-0b3e3b91e25f,113,1510,1726,0.8748551564310545,0.06546929316338354
5c4f2585-1750-4e47-89b3-a3651d4af238,39,4965,5356,0.9269977595220313,0.007281553398058253
2d59cde2-d39f-4cdb-aafe-f06e99a8b340,60,203,207,0.9806763285024155,0.2898550724637681
97620d20-ef88-42d7-8251-0eeb926487d2,119,9371,10276,0.9119307123394317,0.011580381471389645
93e81da9-9dbe-41e5-976e-e53938e43382,113,844,915,0.9224043715846995,0.12349726775956284
b65a6d11-657e-4240-b483-2d0a23fc9d19,94,1510,1726,0.8748551564310545,0.054461181923522596
f09a0ad6-c70c-4ede-9e39-fc9f4a9e19df,40,9371,10276,0.9119307123394317,0.003892565200467108
0bf8ac0e-a72f-4a79-8303-39c05aef587e,110,149,199,0.7487437185929648,0.5527638190954773
340438f5-1bbf-480f-af64-097bebbafc33,80,777,892,0.8710762331838565,0.08968609865470852
a165aea7-87a5-47d0-b1b4-67fe4894d5e2,40,1925,2104,0.9149239543726235,0.019011406844106463
797a0640-4ab4-42d8-83bd-1fa91a286667,88,1925,2104,0.9149239543726235,0.04182509505703422
3c9b2628-c2e5-459a-a824-3ff013397121,145,9371,10276,0.9119307123394317,0.014110548851693265
67a3eae4-2007-4597-b53e-49c8ff8b0573,60,4048,4324,0.9361702127659575,0.013876040703052728
61f58afb-8cb4-4930-a268-d9660b690182,69,777,892,0.8710762331838565,0.0773542600896861
2ca1e6d5-1b2b-4bcd-9a10-fc75166608fb,96,1330,1434,0.9274755927475593,0.06694560669456066
586dc062-6791-44ee-8df5-e085b9305899,40,97,144,0.6736111111111112,0.2777777777777778
5277ca1f-8569-4981-8da2-b66f5f0ab104,80,279,302,0.9238410596026491,0.26490066225165565
696a2e78-bbe2-4482-8ed5-a3a8e3ef96a8,46,292,301,0.9700996677740864,0.15282392026578073
3e59366b-d3f9-4965-b116-bf316f32c008,70,1187,1281,0.9266198282591726,0.0546448087431694
d3624a53-5156-43f8-a66e-822487a96de5,100,777,892,0.8710762331838565,0.11210762331838565
2a51410c-f1a7-458e-9ab8-33e66b2549ec,59,53,59,0.8983050847457628,1.0
71c35021-eab8-42ae-a54b-dcd02e97eced,71,1925,2104,0.9149239543726235,0.03374524714828897
8fec05c1-466a-42a7-b129-38aa0aa4b287,28,3875,4152,0.9332851637764933,0.00674373795761079
f9136406-3b73-4b40-8590-734fadf66ea8,72,217,294,0.7380952380952381,0.24489795918367346
318ce972-2647-42ff-b39b-d4bb861675ce,31,443,482,0.9190871369294605,0.06431535269709543
14b2c26e-9d3f-46bb-8a46-268938ec886f,116,966,1044,0.9252873563218391,0.1111111111111111
113a42fb-561d-4c56-8bfb-5d3b1042fa9e,166,4965,5356,0.9269977595220313,0.0309932785660941
aaffc141-f742-441c-80cf-2175c81cd1fb,80,4048,4324,0.9361702127659575,0.018501387604070305
d6302ece-fb1f-4cc1-8f3d-5b7d7f7c9aa1,40,443,482,0.9190871369294605,0.08298755186721991
c2ea3720-c22a-4f59-b4ec-301791f2b226,94,4048,4324,0.9361702127659575,0.021739130434782608
8492e0cb-acd5-44f7-aa16-7d847459016c,125,3875,4152,0.9332851637764933,0.03010597302504817
ffc7c640-4dea-474e-aeed-be49bda5192a,74,2187,2290,0.9550218340611354,0.032314410480349345
39297f5a-c831-4ece-af2a-ab10b655a91d,144,9371,10276,0.9119307123394317,0.014013234721681589
63c4086d-77b8-4863-b354-164063ea995a,162,3875,4152,0.9332851637764933,0.03901734104046243
7b085a0f-62ff-41dd-af27-ed25a39bdd5d,61,403,445,0.9056179775280899,0.13707865168539327
c2e4b96b-520b-4d79-bfb8-f53439b41581,36,9371,10276,0.9119307123394317,0.0035033086804203972
87bf0982-0356-48ba-92e1-70f24eb2530f,196,777,892,0.8710762331838565,0.21973094170403587
2b43deb1-c7ed-4097-b094-81d7a7fbddf3,99,1925,2104,0.9149239543726235,0.0470532319391635
0cae7c92-0493-4bfb-95fa-a9c3dba66da6,71,4048,4324,0.9361702127659575,0.016419981498612395
1ff1cd15-2470-4542-a7ec-0df489634005,40,9371,10276,0.9119307123394317,0.003892565200467108
670be310-ad5e-4183-9bb2-353f1701c61a,148,804,886,0.90744920993228,0.1670428893905192
b0cf33be-bf5a-4fdf-a967-d8a9842c40fd,114,1925,2104,0.9149239543726235,0.05418250950570342
4b6034fe-8556-4b6a-b968-27941910dd20,110,9371,10276,0.9119307123394317,0.010704554301284546
4ac57f06-8c5c-4890-90ac-71b997cd5173,28,87,92,0.9456521739130435,0.30434782608695654
5f32c150-e169-4a9e-b133-7f20acb36d16,100,9371,10276,0.9119307123394317,0.00973141300116777
1e5545a6-8272-4c5f-8bc4-0702698266b8,72,2187,2290,0.9550218340611354,0.0314410480349345
cab49229-02ea-4558-88de-23b84424af55,128,9371,10276,0.9119307123394317,0.012456208641494744
9a670b3b-0a22-42dc-9596-3b0d506a5aac,87,9371,10276,0.9119307123394317,0.00846632931101596
ab21f91a-00a4-4ce4-aa67-74213008d34a,148,9371,10276,0.9119307123394317,0.014402491241728299
8689923b-7b45-455e-945c-6201747b4d18,64,155,166,0.9337349397590361,0.3855421686746988
1b08276d-0945-498a-8738-be7a09e9b343,102,9371,10276,0.9119307123394317,0.009926041261191124
578fe0d9-232e-4104-a780-0b6748858c87,122,844,915,0.9224043715846995,0.13333333333333333
bf6b180e-a796-4c93-a1e7-a17ba99dbb04,175,1187,1281,0.9266198282591726,0.1366120218579235
faaa700d-5a70-4b1e-bc86-4485562a0e42,90,3875,4152,0.9332851637764933,0.02167630057803468
5933bb56-1b10-459e-bb30-faf5c4031458,81,4965,5356,0.9269977595220313,0.015123226288274831
ce62f266-2e85-4cc0-8856-49cb843f3efa,122,9371,10276,0.9119307123394317,0.011872323861424679
7fb81360-2dc4-49b0-9de8-f031ae7bb808,114,3875,4152,0.9332851637764933,0.02745664739884393
b7bcd5d4-dfef-41c6-a4c7-3b9d9b118c5a,42,1187,1281,0.9266198282591726,0.03278688524590164
0af8d926-d2f4-47db-8a1a-3d0857becd18,134,9371,10276,0.9119307123394317,0.013040093421564812
3a90ec0b-0fc1-4639-a88b-5a60793da069,122,9371,10276,0.9119307123394317,0.011872323861424679
5a62d5de-7d9c-4c02-9f9f-62081ae74d44,150,4048,4324,0.9361702127659575,0.03469010175763182
11379aa9-0b19-4fac-a572-14c0b5cad243,70,4965,5356,0.9269977595220313,0.013069454817027632
c82f79f7-c9c5-4d1b-848d-7f0fd1747ca7,72,9371,10276,0.9119307123394317,0.0070066173608407945
cb784d87-c50b-45bc-a84a-e036d97680ae,120,403,445,0.9056179775280899,0.2696629213483146
f24fe021-bedc-48c2-b6f5-ccc575f05017,171,966,1044,0.9252873563218391,0.16379310344827586
8a933561-d4bb-48e1-ad24-cff9ecc98ab0,98,844,915,0.9224043715846995,0.10710382513661203
3c8a447a-970c-4e03-bfda-441d8e7d24fe,90,1510,1726,0.8748551564310545,0.05214368482039398
9031943c-50b7-44fd-9f32-9d0cbaf5e4cf,93,9371,10276,0.9119307123394317,0.009050214091086025
1a48e6f0-30a7-4f40-a9b8-2b726e426e91,128,9371,10276,0.9119307123394317,0.012456208641494744
307f8ce6-fec0-4247-b2c7-4e6f100a9ef6,81,1925,2104,0.9149239543726235,0.03849809885931559
ae381f16-1954-4b67-a671-2f7473caa229,82,966,1044,0.9252873563218391,0.07854406130268199
5ee9cef7-0a7a-497a-9de6-00909f824d8b,148,9371,10276,0.9119307123394317,0.014402491241728299
0e6b746e-ffb3-452a-9b9a-1fc0cba6c36f,176,9371,10276,0.9119307123394317,0.017127286882055275
6a855e8d-f5fd-48a3-9506-5ae899df96e4,246,1187,1281,0.9266198282591726,0.1920374707259953
448d827a-3b63-466f-8541-e8bec917b57d,63,4048,4324,0.9361702127659575,0.014569842738205366
3aa3ce7b-62bf-465d-9a95-1836b8bb6fe2,117,9371,10276,0.9119307123394317,0.011385753211366291
02f22ecf-e4f4-447d-8271-746a1946e2e6,117,3875,4152,0.9332851637764933,0.028179190751445087
5fd5038f-10ac-45ad-871d-e8111bcb604c,82,9371,10276,0.9119307123394317,0.007979758660957572
7bb267d1-0e9e-4df8-a68d-b69e7e943f57,162,9371,10276,0.9119307123394317,0.015764889061891788
951b4161-e6d0-423b-be36-41bc58d97a65,30,9371,10276,0.9119307123394317,0.0029194239003503307
47ab2660-ab38-454d-9fb2-d23b541a75bb,180,658,770,0.8545454545454545,0.23376623376623376
c1f9fd75-e598-4458-a1d2-dd89c4d53410,185,4048,4324,0.9361702127659575,0.04278445883441258
1d37f139-ebe8-4fb1-a1e3-8a09d17a356a,21,443,482,0.9190871369294605,0.043568464730290454
252d08a1-7011-46a4-bd55-7e45ee27e1ce,86,4965,5356,0.9269977595220313,0.016056758775205376
98b4c1d7-f63f-4d58-a0dd-b7b17d1a92d8,41,47,86,0.5465116279069767,0.47674418604651164
23b0b1c2-0994-45ef-bc23-9ddce5db977b,127,4965,5356,0.9269977595220313,0.02371172516803585
bc8b7b3f-6d16-4b41-9ad7-a75c9d6418a3,60,292,301,0.9700996677740864,0.19933554817275748
efacb7de-d61d-4713-a62e-4b8504e678f2,128,9371,10276,0.9119307123394317,0.012456208641494744
6eec2625-721c-4eaa-b9c9-fb731856e170,155,4965,5356,0.9269977595220313,0.0289395070948469
32ff2461-1426-489c-9162-39e06d388d61,69,3875,4152,0.9332851637764933,0.016618497109826588
cae28b9b-34ae-499e-a45b-de1024b51059,72,3875,4152,0.9332851637764933,0.017341040462427744
15927400-adb5-4de7-b30c-035ea528e041,73,9371,10276,0.9119307123394317,0.0071039314908524715
fb02264f-e114-4bba-a1eb-c161febd4a42,108,9371,10276,0.9119307123394317,0.010509926041261192
79ca9025-e2de-458b-8a8c-31b68779f224,41,1925,2104,0.9149239543726235,0.019486692015209126
530015ac-e6a6-4dc8-ace8-ec178f32c9eb,79,9371,10276,0.9119307123394317,0.007687816270922538
140e17ce-6fe4-447d-a972-a7280d46b346,96,1142,1199,0.9524603836530442,0.08006672226855713
f4b40895-c8c0-4770-8d9c-93599cf79cea,42,38,42,0.9047619047619048,1.0
61bb5e68-0f2f-4ca7-90e7-b914686d2097,38,836,873,0.9576174112256587,0.043528064146620846
40ed5ddc-7d37-4fdd-804c-9a8e5dfde6da,22,105,145,0.7241379310344828,0.15172413793103448
93159ffe-2c06-4e76-b034-02bb3c17819a,72,205,219,0.9360730593607306,0.3287671232876712
ebcf9e73-f482-44cd-b4fe-2e318b7e9561,115,385,414,0.9299516908212561,0.2777777777777778
9d78f67e-20b5-45fe-aa01-1ff97358fa54,25,95,125,0.76,0.2
74a500f8-cbd1-448e-a153-6837d1148a6e,76,527,551,0.956442831215971,0.13793103448275862
708feaaf-9a97-458f-b603-57375e34fa26,163,895,935,0.9572192513368984,0.17433155080213902
5e3d1e89-4540-4462-821a-e7837994c52e,90,143,186,0.7688172043010753,0.4838709677419355
c132ea09-bced-4539-8fbe-b9e8a8ca84a8,43,64,71,0.9014084507042254,0.6056338028169014
dbfd5535-a470-4184-986f-4219e8f9054d,21,205,219,0.9360730593607306,0.0958904109589041
f7d8aea4-d6d7-4a16-9d00-6eb6a1aa0939,96,610,634,0.9621451104100947,0.15141955835962145
536b100c-6a0b-4e87-9575-65861a7ab42a,173,973,1021,0.9529872673849168,0.1694417238001959
295c9f9c-cbe9-4f19-9ea4-fe5c715d7326,89,782,851,0.918918918918919,0.1045828437132785
db000ed0-d1a1-4d0b-9e3d-9b288ce2cc4e,62,100,140,0.7142857142857143,0.44285714285714284
d480b808-8623-408b-9a24-14fa827a2e4e,145,1609,1672,0.9623205741626795,0.0867224880382775
ba48503e-fada-4ad5-bb39-841504a974bc,31,27,47,0.574468085106383,0.6595744680851063
40f98d46-9cc4-4a19-a372-2590abad76d2,74,130,150,0.8666666666666667,0.49333333333333335
f4903b05-8cfd-43e1-b5bb-430a0f428bb9,164,975,1051,0.9276879162702188,0.1560418648905804
6a026bd1-9cde-45b3-a4ae-22581d12c6ab,33,95,125,0.76,0.264
9101e065-6650-421f-a738-630857f6b8ef,52,105,145,0.7241379310344828,0.3586206896551724
add04b23-bb9e-4c96-8b68-dc28be49c68c,87,136,165,0.8242424242424242,0.5272727272727272
481d06b8-f0f3-41c0-8833-292527c384fd,30,29,64,0.453125,0.46875
75e2c972-9c27-4d17-982b-ee22aa0843fd,92,836,873,0.9576174112256587,0.10538373424971363
ae93c0aa-fa5f-49d5-9b59-3d846ff5ebef,41,50,66,0.7575757575757576,0.6212121212121212
663a2861-768f-4294-ae50-ae98f0ac75d5,26,70,79,0.8860759493670886,0.3291139240506329
d9622da7-2b70-4c83-96b3-854186d81a94,38,290,308,0.9415584415584416,0.12337662337662338
febe346e-fa60-44b2-b863-39914f1e46eb,40,105,145,0.7241379310344828,0.27586206896551724
9664df0f-e094-4e6d-b107-18b07bad049e,60,116,160,0.725,0.375
65f87123-c9b7-4c70-b746-351d15a545bb,30,30,30,1.0,1.0
092c8038-2dfb-494b-bdd4-9725dd3eda38,52,82,82,1.0,0.6341463414634146
90fc32b1-7ce1-4466-b5a4-00ad0abc30d3,16,23,26,0.8846153846153846,0.6153846153846154
a86c60fb-cdba-45e1-bf76-266d58b47812,168,1345,1426,0.9431977559607293,0.11781206171107994
ba8422c0-a094-47a8-a443-9a21da99f2af,87,83,87,0.9540229885057471,1.0
34f0cb4e-aaeb-4e54-9d2a-3c43288aeae5,102,836,873,0.9576174112256587,0.11683848797250859
fd9bce5d-36a0-4022-bf0c-59a11c5a844c,98,238,250,0.952,0.392
a6f8303b-9ca8-4ece-a0c3-a3a3b6888121,95,1142,1232,0.926948051948052,0.07711038961038962
28551ef4-56d3-40be-9a90-af3dede30c8c,191,472,496,0.9516129032258065,0.3850806451612903
9755c9c3-f5b8-487d-a957-69add4606d17,90,1609,1672,0.9623205741626795,0.05382775119617225
c96c425c-3701-4106-82f4-cc6797c628b7,59,610,634,0.9621451104100947,0.09305993690851735
eace7a81-44ae-4c77-9100-a6be39aedffe,170,1142,1232,0.926948051948052,0.137987012987013
725e00f8-3668-4eaf-b71e-29040c3907a4,58,975,1051,0.9276879162702188,0.05518553758325404
aecef734-e39e-4a82-a868-8f589b811362,83,1345,1426,0.9431977559607293,0.05820476858345021
72cd2283-0449-453e-8e1f-08666fd1fc0a,60,975,1051,0.9276879162702188,0.05708848715509039
e7b9c47b-2629-4370-80eb-858130d843a3,144,840,890,0.9438202247191011,0.16179775280898875
e1941a31-55b1-4b5d-957a-4cadd676c731,42,197,241,0.8174273858921162,0.17427385892116182
72b56ab2-4d6a-47ec-9422-355041116135,120,282,296,0.9527027027027027,0.40540540540540543
161d3ddd-bdf3-4a81-82bf-9efaad51e599,50,121,131,0.9236641221374046,0.3816793893129771
e7138d61-56b0-4588-aaa6-ccc51bde369a,60,128,146,0.8767123287671232,0.410958904109589
b82c7ee0-872b-4c50-8b3a-eefd3bd0c71f,64,385,414,0.9299516908212561,0.15458937198067632
4b7d7ef4-741a-40f3-a37f-e03b1da55886,60,290,308,0.9415584415584416,0.19480519480519481
e91593cd-3996-425d-9097-1351c0649c83,35,610,634,0.9621451104100947,0.055205047318611984
e4ef164e-ab5f-41b1-8624-c3b11a22ca3f,33,840,890,0.9438202247191011,0.03707865168539326
fdc90aea-665e-4074-a752-fc0fad542768,33,128,146,0.8767123287671232,0.22602739726027396
34187c7d-833e-4d03-b03e-7f265fe09241,120,1345,1426,0.9431977559607293,0.08415147265077139
5d976a13-e97e-43ef-a341-b5ce322334c1,30,290,308,0.9415584415584416,0.09740259740259741
2ce8032c-acf0-458e-816b-4a0d8db44d42,53,297,314,0.945859872611465,0.16878980891719744
ba3b8b24-c4d0-43f1-8369-8402bc239f29,11,10,11,0.9090909090909091,1.0
2d6ffcd5-fe7e-459e-a326-5953ca70c5e5,132,895,935,0.9572192513368984,0.1411764705882353
e8452bd6-f3ca-49ef-853b-5f6f79be3245,98,782,851,0.918918918918919,0.11515863689776733
3dcb07da-c9ec-4762-9347-b1b116c1cf4e,40,1142,1232,0.926948051948052,0.032467532467532464
afaafdd8-d103-44a7-bb67-16985cad8fe0,88,1609,1672,0.9623205741626795,0.05263157894736842
ab5282d7-302f-4008-8707-b8006ed1c899,87,973,1021,0.9529872673849168,0.08521057786483839
24ef25b3-a038-4dc7-9dca-e793b4dde04b,41,99,104,0.9519230769230769,0.3942307692307692
40256016-a1c0-4503-b914-5821e0df84d8,80,353,375,0.9413333333333334,0.21333333333333335
34aa36b4-aa68-4539-80f6-8c425260b863,87,1345,1426,0.9431977559607293,0.061009817671809255
4e42cf3b-68f2-4618-b324-d144dd19d207,68,1142,1232,0.926948051948052,0.05519480519480519
e400857a-0375-4d01-a142-1a5e75c60865,100,895,935,0.9572192513368984,0.10695187165775401
a1553143-25ec-445c-bc3c-ec000184c5b2,60,57,60,0.95,1.0
dca9bc57-660a-4819-8b48-404828f960a6,40,610,634,0.9621451104100947,0.06309148264984227
46b0882d-c9d7-48dc-a9c5-aeeb73d9539b,42,290,308,0.9415584415584416,0.13636363636363635
e3a48cd3-81e2-4145-a22b-8c72b52b9f13,57,1142,1199,0.9524603836530442,0.0475396163469558
9aa8cc41-f91a-4b86-bebe-b00a15538e7f,81,1142,1232,0.926948051948052,0.06574675324675325
d32985cc-de07-4e63-a2a4-fe6b2ae0f425,59,1142,1199,0.9524603836530442,0.04920767306088407
d6912dfc-292e-48e0-94ef-24309b42ca6d,60,1345,1426,0.9431977559607293,0.04207573632538569
ed4b0093-ec95-4fc8-9423-55b6f344219d,56,840,890,0.9438202247191011,0.06292134831460675
eb443b7e-a43a-4004-843f-3b374a93b6ac,61,1345,1426,0.9431977559607293,0.042776998597475455
1cd192ed-a500-4b1c-9a9f-1a2bb0206e1e,50,95,125,0.76,0.4
468c492a-5196-4d8c-b783-168c24851e45,81,121,131,0.9236641221374046,0.6183206106870229
87375abb-9aa8-40dc-9abd-8398e7b58a4c,73,305,316,0.9651898734177216,0.2310126582278481
77b95748-5ad9-41a6-9ea1-9b90f61b9113,97,1609,1672,0.9623205741626795,0.05801435406698564
309260af-71a4-4b5a-91fd-7b8acf85ac53,57,115,116,0.9913793103448276,0.49137931034482757
26c39301-23f3-4fed-8b40-b8f5445bf5a3,80,297,314,0.945859872611465,0.25477707006369427
7977e37b-e2f6-4fd3-9c2e-b6048ab96c29,35,282,296,0.9527027027027027,0.11824324324324324
fe76cc4e-0147-4386-ac16-f3eb2e2c40b8,18,128,146,0.8767123287671232,0.1232876712328767
f5d4a44a-3ac9-4743-a46f-8ceaa8fc2e46,75,749,801,0.9350811485642946,0.09363295880149813
b7d05b92-e6a5-4be2-adc4-15f926a8ad54,61,1142,1232,0.926948051948052,0.049512987012987016
d1ff8e8b-2581-4be2-98e4-831e5379a6a5,118,1609,1672,0.9623205741626795,0.07057416267942583
29310847-9e73-4a80-a58d-3ffc43bca16b,74,749,801,0.9350811485642946,0.09238451935081149
cfdb2a4f-c892-4a01-bc12-dc7268aa42f7,92,1609,1672,0.9623205741626795,0.05502392344497608
160cb100-544b-4cd3-bbf0-96adbdbf8dc4,89,1609,1672,0.9623205741626795,0.053229665071770335
aeccb945-29c1-43bf-82e9-7484c659049e,60,749,801,0.9350811485642946,0.0749063670411985
7c786a3f-45bf-4489-ac24-59a489ad0f41,52,610,634,0.9621451104100947,0.08201892744479496
bb18bc22-0108-49e2-8a25-441aaac42a6e,90,197,241,0.8174273858921162,0.37344398340248963
d90ed67e-2110-49b3-8799-91c704ef1132,36,290,308,0.9415584415584416,0.11688311688311688
6e71eab7-ea38-4215-a702-a7ed5bd84511,101,1609,1672,0.9623205741626795,0.060406698564593304
8c00c306-63d9-4390-80b5-5258f45ee56c,92,333,374,0.8903743315508021,0.24598930481283424
529542e8-381f-42cb-adee-1c7e3cb75941,100,975,1051,0.9276879162702188,0.09514747859181731
cebc69d3-e228-4991-b620-5075807c51f4,225,973,1021,0.9529872673849168,0.22037218413320275
66f63fad-a95d-4e12-9419-e57264c2823c,127,975,1051,0.9276879162702188,0.120837297811608
c6d7359b-95b8-484d-ba04-71fd49854f46,36,472,496,0.9516129032258065,0.07258064516129033
8f1bb179-320e-4258-8a08-11cdf513bf8d,39,1609,1672,0.9623205741626795,0.02332535885167464
52b318bd-8903-4e14-9595-f5a6523fc5c7,70,1345,1426,0.9431977559607293,0.04908835904628331
03f02f71-bc8b-46f5-80cd-3c633892fa7f,63,99,104,0.9519230769230769,0.6057692307692307
c8c48ce4-f456-4e1c-a8e1-caf2ca48889d,127,232,278,0.8345323741007195,0.4568345323741007
7e8cd193-3acf-4c25-9df3-684f97a0ce2c,17,95,125,0.76,0.136
d09438ff-89ed-449f-b3b3-d36fe2de1059,85,1609,1672,0.9623205741626795,0.05083732057416268
369c1182-d793-4e9d-913a-2e034a7b3c70,46,1142,1232,0.926948051948052,0.037337662337662336
9f486822-b263-4d63-89d4-0a387c6b7a3e,58,116,160,0.725,0.3625
6c610918-a15a-444f-87ce-d4eea9458420,101,895,935,0.9572192513368984,0.10802139037433155
5f7b583c-9d99-4470-81b0-76e9b34be54c,120,1345,1426,0.9431977559607293,0.08415147265077139
704a7fc1-5626-42cb-b7b3-3380cb87eae2,54,1142,1232,0.926948051948052,0.04383116883116883
7a63a763-5451-4c05-bbbf-fdaf436a4ff8,60,143,186,0.7688172043010753,0.3225806451612903
43d18d02-cef7-4445-aac5-8102337a18a3,35,128,146,0.8767123287671232,0.23972602739726026
d5778e2c-bb74-4dea-a0dd-be9e6cb70ec2,76,527,551,0.956442831215971,0.13793103448275862
821b88c3-421f-4da8-9653-951bac097dcb,40,975,1051,0.9276879162702188,0.038058991436726926
b1b4c137-f562-4a2a-a825-47901637f7cf,56,975,1051,0.9276879162702188,0.0532825880114177
d4c4c0d2-2626-44a9-9ae4-ec669a0aa03a,84,472,496,0.9516129032258065,0.1693548387096774
2de068f0-8a61-4186-b121-b9690feab6b9,32,385,414,0.9299516908212561,0.07729468599033816
96070b33-54fc-467c-a16a-6551e75ca8ea,140,1142,1199,0.9524603836530442,0.11676396997497915
d90f7aa0-253c-4057-981f-9337f08ba562,144,1345,1426,0.9431977559607293,0.10098176718092566
f838e052-89c8-46fd-9a0c-6f0ffc75dfc0,78,136,165,0.8242424242424242,0.4727272727272727
37e04aa9-9284-4193-98d8-3d463d52c946,40,1142,1232,0.926948051948052,0.032467532467532464
dd9acaa8-beb4-4577-a947-d020e4411d79,137,527,551,0.956442831215971,0.24863883847549909
a70d02dc-f770-42f1-9e21-864106bb7104,106,472,496,0.9516129032258065,0.21370967741935484
bc25b82f-69f0-4fd5-9e61-5c04e5a402fd,118,836,873,0.9576174112256587,0.13516609392898052
c1c5d52a-9b60-40c1-9882-7ca50394ef6f,77,975,1051,0.9276879162702188,0.07326355851569934
08260e80-72a6-459c-b17f-7290e9f266a1,78,975,1051,0.9276879162702188,0.07421503330161751
9b9d29c9-3802-41db-9402-44cbdc59b813,101,895,935,0.9572192513368984,0.10802139037433155
754d176f-5526-41dd-be71-eb4684ae72f8,153,840,890,0.9438202247191011,0.17191011235955056
eb30670c-f92f-4966-a5ba-b2de39a75db1,55,975,1051,0.9276879162702188,0.05233111322549953
5fe46db2-a271-4a10-bbab-8c695545518a,43,840,890,0.9438202247191011,0.048314606741573035
4700d905-ce51-4e0c-a989-c9730e2ca875,100,836,873,0.9576174112256587,0.1145475372279496
d0e30c7d-705b-45ea-9567-5c77ff5c8418,108,1345,1426,0.9431977559607293,0.07573632538569425
534aa37d-6396-4523-b1f2-47c703e85e81,79,472,496,0.9516129032258065,0.1592741935483871
b8e884c3-07f5-458f-9e5e-a9c30bd8c763,52,1345,1426,0.9431977559607293,0.0364656381486676
941e16ad-8f18-4d4b-ae40-4499b20cd434,53,70,79,0.8860759493670886,0.6708860759493671
0c714ff2-41ab-4fc2-b916-93c7e1cd0f55,69,353,375,0.9413333333333334,0.184
1eda6533-14f3-42c6-a46d-836f01f1f6e3,102,290,308,0.9415584415584416,0.33116883116883117
af087bb8-cb29-4c29-a1d7-cc3323a2a31e,82,836,873,0.9576174112256587,0.09392898052691867
4a04e2c5-48ea-4509-9ccf-2bda6192e1ff,125,749,801,0.9350811485642946,0.1560549313358302
19dc4a8d-fa56-4882-b1ad-29638a07d024,70,1142,1199,0.9524603836530442,0.058381984987489574
a4929eac-1f44-49cb-9536-8d91ae61f365,69,1345,1426,0.9431977559607293,0.04838709677419355
18efe5e7-ca1c-4cc7-8e08-63a9f61bf392,115,840,890,0.9438202247191011,0.12921348314606743
18ba2ee8-fae0-486e-855f-cfc6661c7457,102,895,935,0.9572192513368984,0.10909090909090909
6a071ff5-d88a-4490-959c-adb5866fd69e,71,975,1051,0.9276879162702188,0.0675547098001903
10ef8ebc-e13e-4e84-bac1-40edb1dc022a,88,973,1021,0.9529872673849168,0.08619000979431929
d002cb24-b624-48c6-a6d2-28156a165fbe,126,353,375,0.9413333333333334,0.336
9ab2e773-b49e-48fc-ac41-953ba84c8dfc,121,836,873,0.9576174112256587,0.13860252004581902
83a9f4aa-7995-4eff-bbd5-e749b7c479b2,91,232,278,0.8345323741007195,0.3273381294964029
54b3df26-7296-4b22-b914-6ba20a1ef1fd,39,610,634,0.9621451104100947,0.061514195583596214
53b46382-4875-49ae-85e8-51e3a1ce45d4,153,143,153,0.934640522875817,1.0
f4292ebd-211c-4b7c-a7a5-c40b43631bf1,119,282,296,0.9527027027027027,0.40202702702702703
13ca4859-465a-4f55-904c-bdb25e464331,73,305,316,0.9651898734177216,0.2310126582278481
492e6fc9-7903-458c-9fa4-05a942cb6361,99,973,1021,0.9529872673849168,0.0969637610186092
830a7ebc-9ad2-460e-a6c6-13c0e2c59d41,101,527,551,0.956442831215971,0.18330308529945555
889d7ee6-e3f7-4d92-b6aa-36942c53b7fe,84,610,634,0.9621451104100947,0.13249211356466878
bd57b5d0-6faa-4ce8-8a0c-c11afd04b463,159,973,1021,0.9529872673849168,0.15572967678746327
3268acb6-64e2-4a3e-8e20-9ad3dc5eb6bd,30,82,82,1.0,0.36585365853658536
4ed89186-c694-4a58-ae72-2660954edeb8,120,973,1021,0.9529872673849168,0.11753183153770813
0c4a98c1-e0bb-4615-bd4b-4232da0d8316,93,610,634,0.9621451104100947,0.14668769716088328
339a0586-ed6a-4876-b888-5645cf034f04,134,527,551,0.956442831215971,0.24319419237749546
fa6399f2-d15c-4a21-9af9-d3dcccbe0575,180,1609,1672,0.9623205741626795,0.1076555023923445
b21e81db-a041-4573-842d-b448732c52eb,147,840,890,0.9438202247191011,0.1651685393258427
60021b91-ecf5-4f31-9586-97a3227430ec,89,83,89,0.9325842696629213,1.0
57c622ca-c7b6-458f-8f74-d1798be15834,101,297,314,0.945859872611465,0.321656050955414
8f3e6219-783b-4918-9d36-170f055f13d0,136,610,634,0.9621451104100947,0.21451104100946372
42770cec-4461-4d4b-89e6-0e3a65d8c5f9,100,353,375,0.9413333333333334,0.26666666666666666
f6a08736-0088-4957-b284-4f195e63769d,108,1345,1426,0.9431977559607293,0.07573632538569425
5bb35cfd-2cb8-42c8-9882-cd9dcf583aa0,101,1345,1426,0.9431977559607293,0.07082748948106592
c5e1ea93-1030-4340-88a5-82e9b9dd2c9f,98,1609,1672,0.9623205741626795,0.05861244019138756
3a76600c-bffa-4272-8d70-5f5327aa0984,77,205,219,0.9360730593607306,0.3515981735159817
f1032e3b-aac8-4809-8847-b3cc3f39187d,136,749,801,0.9350811485642946,0.16978776529338327
b7626ac0-28db-46c8-870f-0c0c3c2ea6f5,27,527,551,0.956442831215971,0.04900181488203267
4e4f4469-be86-4862-8133-113a7b9eadf3,117,1609,1672,0.9623205741626795,0.06997607655502393
219f5c16-c756-49b7-9828-98d9a40e0623,76,130,150,0.8666666666666667,0.5066666666666667
b63b444a-47c4-450b-84bc-cee72637f639,68,1142,1199,0.9524603836530442,0.0567139282735613
b01c7f2a-990d-4d6b-9408-e8e23afa2818,35,1345,1426,0.9431977559607293,0.024544179523141654
43e52a43-eaa3-46ae-a74d-21ddd918efd8,96,385,414,0.9299516908212561,0.2318840579710145
642e79f6-9de6-47e4-8916-5486a5481300,76,1142,1232,0.926948051948052,0.06168831168831169
8d551710-e95e-418f-9d74-2f9311bafb41,70,975,1051,0.9276879162702188,0.06660323501427212
39b146c4-318f-45f4-9272-2a51b6d36353,67,197,241,0.8174273858921162,0.27800829875518673
63961e6c-3449-47f7-b471-65485327e427,60,1142,1199,0.9524603836530442,0.05004170141784821
ffd084ef-79d8-44f7-a6cf-136485598a40,121,749,801,0.9350811485642946,0.15106117353308365
a8204be5-faea-48b4-a05c-f93e9f5ba958,116,1142,1232,0.926948051948052,0.09415584415584416
31f23ef6-29c9-4a55-b7f6-e2e50075e755,78,1142,1232,0.926948051948052,0.0633116883116883
8f3fe29c-b5e4-4df0-91b4-30c125021dc0,80,238,250,0.952,0.32
dad6399c-a86f-409b-bef8-bee86bb4e9ff,113,1142,1232,0.926948051948052,0.09172077922077922
cc5fd5aa-1954-44f3-8d33-99ce6c69d0fa,49,205,219,0.9360730593607306,0.2237442922374429
0966c164-f176-4be7-981c-5c4fe6209b8e,80,1142,1199,0.9524603836530442,0.06672226855713094
b2a26ff9-839f-4e9a-b40a-ca8bbdc1f13e,59,115,116,0.9913793103448276,0.5086206896551724
cfc46c38-3941-4dea-aadd-ed7b662767dc,46,100,140,0.7142857142857143,0.32857142857142857
285801f3-0efb-4d66-99c7-6cf7d4c27a45,54,1142,1232,0.926948051948052,0.04383116883116883
b4dc3f3e-f060-45f7-ac33-9b6ba803d751,60,333,374,0.8903743315508021,0.16042780748663102
df39a633-9e6f-4417-9e6d-8e67c2b9fb7f,37,1609,1672,0.9623205741626795,0.022129186602870814
34a08e5a-829f-4e7b-bb5a-2df98ed2af35,68,152,168,0.9047619047619048,0.40476190476190477
43954f3a-91f2-461f-b8f2-d6fb31a8b973,27,52,75,0.6933333333333334,0.36
52f8fd44-446e-43a6-b501-e33592cf2df4,26,242,246,0.983739837398374,0.10569105691056911
f5dd6d67-304c-4191-867a-a03f55ecd5d8,88,83,88,0.9431818181818182,1.0
4c38ecbb-320a-4d1e-a1ec-a7f5b5da19a5,30,52,75,0.6933333333333334,0.4
74ec39ef-e4e9-41ea-b4c4-0025c745c283,60,152,168,0.9047619047619048,0.35714285714285715
6b87e883-b6d9-452f-97c3-fa678b8bccb9,40,152,168,0.9047619047619048,0.23809523809523808
6d46a582-7e14-4519-a046-b77e8bdccdc4,76,66,76,0.868421052631579,1.0
405d088d-34d1-45f7-9ca7-0c0793ecd356,120,732,818,0.8948655256723717,0.1466992665036675
803e8c40-e7e9-46a4-8d59-21a492f0037b,70,68,70,0.9714285714285714,1.0
09c3450e-5c2e-4a5e-b7ee-116ae3c71172,36,430,459,0.9368191721132898,0.0784313725490196
8013d4be-be2f-45cc-8042-e54cbc4c13ba,65,64,74,0.8648648648648649,0.8783783783783784
b095c630-fc82-4c44-9af3-c644951ce2ad,102,376,423,0.8888888888888888,0.24113475177304963
f57d10cc-afc7-430d-a8f1-22778dd5c77d,46,548,605,0.9057851239669421,0.07603305785123966
ad956a5b-9b88-4347-966c-d46b395d693c,38,368,407,0.9041769041769042,0.09336609336609336
db044bd9-5338-4757-9f0e-2b12d95abf6a,58,368,407,0.9041769041769042,0.14250614250614252
c9fc06fa-0274-4ea9-b4b5-357e1feb62b5,70,548,605,0.9057851239669421,0.11570247933884298
fa4f1821-1d2b-41d9-aedd-5dd34f9c8ce4,136,810,912,0.8881578947368421,0.14912280701754385
249b3f65-8f38-4ece-a218-9111e423e0e9,58,1341,1418,0.9456981664315938,0.04090267983074753
25207cb8-3995-4884-87ba-40022d7dd438,52,1341,1418,0.9456981664315938,0.036671368124118475
95f24c04-1bc7-437f-a9c6-26e75ff32432,22,21,26,0.8076923076923077,0.8461538461538461
b776b807-3d95-4861-ba76-61b905b29950,64,2127,2183,0.9743472285845167,0.029317453046266605
10fce102-f5c4-47f1-b721-82fe40c3cccd,60,2127,2183,0.9743472285845167,0.027485112230874943
37c9c923-082e-460e-b6c5-f5768525e803,40,430,459,0.9368191721132898,0.08714596949891068
911efcaf-1035-4e78-afc9-64e9bc4d1712,72,810,899,0.9010011123470523,0.08008898776418243
35cc57c0-8a65-4121-ac1b-ae05c4272c47,57,411,427,0.9625292740046838,0.13348946135831383
8e0451cc-a90f-406e-b167-f6d9e1434d58,192,1086,1131,0.9602122015915119,0.16976127320954906
a4e9d4ec-a570-4685-a74c-f7075679f6d0,51,103,106,0.9716981132075472,0.4811320754716981
06a3aa63-f27d-444e-a838-d3f3e87e9545,64,60,64,0.9375,1.0
289e80e5-5d23-4fa6-9458-a8b6d67cb734,40,329,339,0.9705014749262537,0.11799410029498525
168fe2f9-0c40-4ef2-9653-673ce3954b04,128,707,731,0.9671682626538988,0.17510259917920656
e59c7a1f-f4cf-4940-bbdd-2b2d00d84931,121,548,605,0.9057851239669421,0.2
78a99446-d68a-4950-856b-cf54612048a2,62,325,355,0.9154929577464789,0.17464788732394365
2bdc372d-a6a0-4e90-82ca-7da7639bdab7,26,26,44,0.5909090909090909,0.5909090909090909
71ebb195-fa29-4efe-8e35-1769f1e66c03,42,2127,2183,0.9743472285845167,0.01923957856161246
4736ea7a-ed63-405a-9e89-4946a4c9a44f,43,667,692,0.9638728323699421,0.06213872832369942
bf8aadd7-689a-4094-a099-7128bb7d10f4,110,582,626,0.9297124600638977,0.1757188498402556
261ddce2-6068-4a9b-8ca4-47bba6030d0a,47,47,51,0.9215686274509803,0.9215686274509803
17a51db2-074c-4ac7-84be-00ae63928bd2,82,707,731,0.9671682626538988,0.1121751025991792
71f31441-8ef6-4e70-a171-9fa859b3f612,96,499,526,0.9486692015209125,0.18250950570342206
9d99a15a-8d87-4712-9211-0e0261649f4b,40,156,193,0.8082901554404145,0.20725388601036268
c32b5070-a978-4634-a32e-20c433c01d29,40,350,366,0.9562841530054644,0.1092896174863388
c69470f4-6f81-485a-aea6-525f12bc3cbe,45,667,692,0.9638728323699421,0.06502890173410404
b1eec123-8313-4f88-90a1-8f0317dda13e,18,13,18,0.7222222222222222,1.0
d289ada9-9db8-4c93-9745-b9d399b08288,128,126,128,0.984375,1.0
6ea05972-e4f3-4550-bc00-3f69ddf2554c,51,1341,1418,0.9456981664315938,0.03596614950634697
f4cd9d6d-11c3-4f17-8748-c6ad93cb67c4,44,40,44,0.9090909090909091,1.0
872e9d60-ca9d-481b-96de-50f9e54b39f5,45,44,45,0.9777777777777777,1.0
30d329c6-40c8-45e0-a77b-c544fe06324e,32,31,32,0.96875,1.0
69bd02a9-8914-4088-a0e0-63ea37aed847,39,796,817,0.9742962056303549,0.04773561811505508
0be6e46f-1da9-4a62-b62e-0fe4180f826e,80,277,281,0.9857651245551602,0.2846975088967972
a1e531c7-b604-40fe-b6b9-3326e29d9cae,26,350,366,0.9562841530054644,0.07103825136612021
5c918ba2-cac8-4af5-9e04-80584e538ad2,33,73,78,0.9358974358974359,0.4230769230769231
fb96947c-2669-48c9-afb8-a501b9efe98c,65,1086,1131,0.9602122015915119,0.05747126436781609
cfd2d4cb-8347-41fc-8e7c-8f4c147d0c35,60,2127,2183,0.9743472285845167,0.027485112230874943
bc17b2f8-949f-4d5f-a6ec-8072b155616d,46,2127,2183,0.9743472285845167,0.021071919377004124
8f02dae8-4702-409f-8562-7154f581a674,42,732,818,0.8948655256723717,0.05134474327628362
08aeef24-072a-4759-bea1-80d8af06e75b,57,732,818,0.8948655256723717,0.06968215158924206
e304e429-ab88-4c7e-aa15-8c12988f6279,52,732,818,0.8948655256723717,0.06356968215158924
2860a55a-efe8-4a51-af64-3f78e89a98f8,61,707,731,0.9671682626538988,0.08344733242134063
5fbce98f-6e26-4f12-a6cf-e6a852f56df6,141,221,306,0.7222222222222222,0.46078431372549017
5dc33978-665b-457a-8a90-e872955f59ab,178,2127,2183,0.9743472285845167,0.081539166284929
ec97bbf3-a104-4ccc-8e6b-c9c1b424175e,41,2127,2183,0.9743472285845167,0.018781493357764543
9b8113f9-f3ba-4d06-8f31-82fd18b6df12,40,667,692,0.9638728323699421,0.057803468208092484
154bd61a-5f8f-4ad2-94af-0fbd96d5718c,87,810,912,0.8881578947368421,0.09539473684210527
4aca2e9b-f944-4132-9ccd-ed25fd6dbf77,96,2127,2183,0.9743472285845167,0.043976179569399906
f1472014-879d-494e-a99d-3ca385e9e6e5,101,582,626,0.9297124600638977,0.16134185303514376
78b8d944-e408-4b2c-b11a-2e093518a84b,55,33,55,0.6,1.0
4ec1dda4-c3ff-496b-bb69-7c4a0414da16,40,167,167,1.0,0.23952095808383234
6f3a3c09-e4a3-4f4e-b0d6-5c209487a19c,110,866,1012,0.8557312252964426,0.10869565217391304
a5d2b08f-3e84-466a-8340-73f086e7a3e1,30,16,30,0.5333333333333333,1.0
8eea6b9a-5b59-4a24-9afa-6a2cd73e4a59,39,684,700,0.9771428571428571,0.055714285714285716
3a9c82d6-0523-4d72-a150-0073b482f0a5,33,684,700,0.9771428571428571,0.047142857142857146
239a22c5-b057-4abe-b19f-b7b2d52b7f28,68,68,68,1.0,1.0
40309523-e89a-4528-b2bd-530e5b92d6dc,28,17,28,0.6071428571428571,1.0
f608babe-ec45-4ac8-9c82-5ec592e98767,44,158,172,0.9186046511627907,0.2558139534883721
af064a2b-7c10-4f94-bb54-77a5cfbf7724,38,2127,2183,0.9743472285845167,0.017407237746220796
c89b6b37-31b4-4d1c-83ff-38907acd2aff,73,672,715,0.9398601398601398,0.1020979020979021
5f4feaa1-03ca-4944-95e1-2e30a679eb9e,42,1086,1131,0.9602122015915119,0.03713527851458886
fb6e836c-a652-4f52-9f77-517104bd27e1,24,684,700,0.9771428571428571,0.03428571428571429
dbdadd28-c06b-41ec-af7e-e5ebaa668bde,44,734,765,0.9594771241830066,0.05751633986928104
b343d706-4b29-4c6c-a029-8bba47e73eb8,40,1341,1418,0.9456981664315938,0.028208744710860368
85cf3588-1cfd-463b-9627-2e39275045e6,36,430,459,0.9368191721132898,0.0784313725490196
93c417af-bc8d-49ec-8d80-691f6775a1ba,40,156,193,0.8082901554404145,0.20725388601036268
42ae8331-65f3-4b12-aa22-6c58d939cdbb,40,796,817,0.9742962056303549,0.04895960832313342
b7c5f4e5-c9eb-45a4-a9da-2b4a79f68273,50,499,526,0.9486692015209125,0.09505703422053231
f625d9f9-eafe-43bd-bf4f-006d670248c4,102,2127,2183,0.9743472285845167,0.0467246907924874
c8ee3aef-771b-4807-8f19-8b4973e0ab5c,37,684,700,0.9771428571428571,0.05285714285714286
8bf011c1-ed77-4565-8bc6-d95eb565b5fa,75,672,715,0.9398601398601398,0.1048951048951049
a1dd069f-e316-4f75-bac1-e13d0b2866aa,110,1086,1131,0.9602122015915119,0.09725906277630415
282fe7ab-c852-4ca3-9fd2-51a56a273e68,85,368,407,0.9041769041769042,0.20884520884520885
2262808c-aaaa-44dc-9724-11fe192e0294,114,684,700,0.9771428571428571,0.16285714285714287
b3732653-a150-4df2-969d-32bec4e72692,50,810,912,0.8881578947368421,0.05482456140350877
49044a1f-0f60-43b0-8d74-b581adc62352,33,707,731,0.9671682626538988,0.04514363885088919
7dd70484-57d4-4d93-a231-f572169a8a28,65,430,459,0.9368191721132898,0.14161220043572983
0acc47fd-0b14-44d3-b414-199735285296,54,734,765,0.9594771241830066,0.07058823529411765
7b7e7d71-51a1-4436-9b6a-e6d456998b14,50,87,100,0.87,0.5
09d82866-d2cb-418f-b6b9-0745ee4f392f,130,866,1012,0.8557312252964426,0.12845849802371542
5d2c9ee9-82d8-4d13-80b0-a13dcac3a64f,61,1341,1418,0.9456981664315938,0.04301833568406206
4dd11ca1-ab3b-4744-9c14-5005c8cdcb44,85,866,1012,0.8557312252964426,0.08399209486166008
f7a4c1cc-a3db-4641-975d-d062e18044f1,30,2127,2183,0.9743472285845167,0.013742556115437472
577fb292-6aaa-4a35-b844-faf54b82203a,73,411,427,0.9625292740046838,0.17096018735362997
8daed008-cee7-4a3e-935a-937a728ec4b8,77,796,817,0.9742962056303549,0.09424724602203183
3286cd7f-a24c-4007-8572-b51c566c7656,106,810,912,0.8881578947368421,0.1162280701754386
e730ba89-293b-4d5d-9a6a-4e9fd367ab81,51,1341,1418,0.9456981664315938,0.03596614950634697
c2b2eabf-ef5d-40b8-8248-c9d414ca5a9c,61,684,700,0.9771428571428571,0.08714285714285715
bb0e8798-03b2-4085-b824-f0beac683dd5,61,734,765,0.9594771241830066,0.07973856209150326
9504425d-379d-4039-acf7-093d0bda0790,102,684,700,0.9771428571428571,0.1457142857142857
3c846e53-962a-4ac3-bcae-aaddb8ead134,66,667,692,0.9638728323699421,0.0953757225433526
10c961e5-8349-4e76-8beb-d5304d458ea6,65,411,427,0.9625292740046838,0.1522248243559719
ad2a15e6-f392-42c7-a0a6-30dc3b560231,78,672,715,0.9398601398601398,0.10909090909090909
c2c5e2e3-4271-437b-b424-7db9314b9d2a,45,350,366,0.9562841530054644,0.12295081967213115
88c1f7a5-b233-4691-b734-cf510ed3061f,95,325,355,0.9154929577464789,0.2676056338028169
af485cc7-ca3b-4b37-b9d5-a67490c5fc6c,104,100,104,0.9615384615384616,1.0
8593a04b-9ddf-4021-aab3-405a5701894b,42,325,355,0.9154929577464789,0.11830985915492957
256ed635-6015-49e9-aeab-7fded769a7d4,127,411,427,0.9625292740046838,0.297423887587822
12bce58b-7983-4d76-bd6f-d56821622258,27,499,526,0.9486692015209125,0.051330798479087454
64064e7a-ca7f-47f0-983d-4cb446e87cc8,64,350,366,0.9562841530054644,0.17486338797814208
193214ae-b31b-4927-aad3-a7ba7b7c3455,62,265,287,0.9233449477351916,0.21602787456445993
c336d036-1cf0-442c-b920-0653f7e611fa,90,281,297,0.9461279461279462,0.30303030303030304
043b217b-d0de-44c8-af75-136eea975c74,56,2127,2183,0.9743472285845167,0.02565277141548328
0f90e91a-7ccf-475c-8a5a-472d6ab78287,43,40,43,0.9302325581395349,1.0
3a7e1314-2394-431d-a73a-57e3eb37b04f,43,28,67,0.417910447761194,0.6417910447761194
c7163c74-3669-4d9b-9e42-c4f515f87227,136,582,626,0.9297124600638977,0.21725239616613418
e91982a9-6451-4ce8-90ba-6fbada377456,28,667,692,0.9638728323699421,0.04046242774566474
0c480233-12aa-485d-bab3-ea3fb080b45c,96,548,605,0.9057851239669421,0.15867768595041323
fe786fb8-5829-4874-9e0a-8a116a6afd27,58,128,141,0.9078014184397163,0.41134751773049644
1e4f8dcf-d148-4206-921b-3afa3c8aaeaf,82,667,692,0.9638728323699421,0.11849710982658959
794164b7-ccde-40c3-a868-692cd1687f4e,60,2127,2183,0.9743472285845167,0.027485112230874943
966e7034-0996-4d32-829b-8b24ab438741,79,265,287,0.9233449477351916,0.27526132404181186
8f2357ff-e666-487b-9755-810514117d32,91,2127,2183,0.9743472285845167,0.04168575355016033
49f00ae5-cac7-46f6-99aa-b580f936cd5f,102,1341,1418,0.9456981664315938,0.07193229901269393
bcd575c1-e6c2-4c2c-aa48-54e19fbbad6a,35,265,287,0.9233449477351916,0.12195121951219512
c232879d-0b5c-4597-a03c-2fa755a2e66f,47,548,605,0.9057851239669421,0.07768595041322314
b61643f8-1713-4fca-a44a-eae5ead5000a,87,672,715,0.9398601398601398,0.12167832167832168
987cbc66-3158-4522-b56d-c97aa41707ed,127,167,167,1.0,0.7604790419161677
eb51022e-f4ab-447f-95c3-f0f0fb0d299f,72,548,605,0.9057851239669421,0.11900826446280992
648bea1b-ee66-4c86-9bf5-6dce5734f60a,44,2127,2183,0.9743472285845167,0.02015574896930829
224edeab-4ac3-4537-8c81-68f04d25a3ae,50,672,715,0.9398601398601398,0.06993006993006994
d8cf04bf-8dee-40fd-81f2-6f5351d3bc19,111,277,281,0.9857651245551602,0.39501779359430605
6e34fb19-72c7-4e94-8263-b09f46044aeb,78,732,818,0.8948655256723717,0.09535452322738386
efdb4c1c-0415-43c8-9815-ddb2316499ec,41,582,626,0.9297124600638977,0.06549520766773163
cf3a34e8-9d47-41a8-99a4-cb9fee0a69e3,40,734,765,0.9594771241830066,0.05228758169934641
1861969d-40d6-4192-aa84-ab1e4b0998f9,118,732,818,0.8948655256723717,0.14425427872860636
69a0a280-dc2a-4ed0-941f-7628e8cb1135,160,732,818,0.8948655256723717,0.19559902200489
3d65f715-b7b9-4d7e-a8c5-1bbe0df23936,35,158,172,0.9186046511627907,0.20348837209302326
451ee677-cd1a-44e3-851d-36cdf96228d7,46,158,172,0.9186046511627907,0.26744186046511625
199ce9ad-e32b-498f-8d47-a24c7eb59079,45,411,427,0.9625292740046838,0.1053864168618267
2c273762-e440-4035-8f8a-dff7ab683504,81,325,355,0.9154929577464789,0.22816901408450704
10ae2e45-2d83-4f88-b85d-23486c78bf62,77,350,366,0.9562841530054644,0.2103825136612022
439853f4-4ac9-45ee-b41a-d0fa18cd2d52,52,499,526,0.9486692015209125,0.09885931558935361
5e80c39d-b11c-465d-bea4-702be7de573b,120,430,459,0.9368191721132898,0.26143790849673204
2147bccc-20b2-4ef7-9ed2-fde1734ebe6f,80,75,80,0.9375,1.0
75f1947b-4433-4540-9b44-c6a3a5f827ae,62,667,692,0.9638728323699421,0.08959537572254335
3253a738-3b55-4bde-947d-b4ae4d97f967,60,732,818,0.8948655256723717,0.07334963325183375
ac571689-75f4-4ab5-945e-4024fe7639b2,68,866,1012,0.8557312252964426,0.06719367588932806
d8938519-a842-45a0-96a6-85a89fd9b20e,80,329,339,0.9705014749262537,0.2359882005899705
5406c2bc-fc22-43e8-88f8-79dedd5c502e,197,866,1012,0.8557312252964426,0.19466403162055335
1bfd1da9-adf4-4ebe-b7cd-cdc75a79df83,110,672,715,0.9398601398601398,0.15384615384615385
abf522f5-b631-4162-abf9-cb4a3dd32352,116,796,817,0.9742962056303549,0.1419828641370869
35a252d4-b313-4479-b364-4aa7bb5fe00b,73,1341,1418,0.9456981664315938,0.05148095909732017
85ca016a-7362-4727-b300-ba98a2e2c0d9,93,329,339,0.9705014749262537,0.2743362831858407
30a3a67f-4ed9-45b3-83e3-c1ba8a551df2,132,1341,1418,0.9456981664315938,0.0930888575458392
011f2a82-57e3-485e-815d-a80dc14006fc,98,866,1012,0.8557312252964426,0.09683794466403162
e0fd6441-b7f5-48bb-84ba-98910834db61,120,2127,2183,0.9743472285845167,0.054970224461749886
d972e5da-58aa-4451-bbff-f84f3b3e54dd,75,325,355,0.9154929577464789,0.2112676056338028
f9a975f9-d1cf-4c50-a3ac-dee185c34a56,126,329,339,0.9705014749262537,0.37168141592920356
a44b270d-4e45-4d83-af7e-c1ccb962bfc4,50,87,100,0.87,0.5
aa585f2e-fedd-4e28-93a3-09ba4b010be1,52,368,407,0.9041769041769042,0.12776412776412777
51689d4d-8be5-4a5c-a262-51328675677a,90,277,281,0.9857651245551602,0.3202846975088968
ef15af3f-6c74-40b0-9ee3-e3be63834602,73,810,912,0.8881578947368421,0.0800438596491228
5503c918-426b-4f68-87e0-70c934e96bd5,123,123,123,1.0,1.0
d6ba1cee-2cfa-47bb-9a92-36624dd214a1,54,810,912,0.8881578947368421,0.05921052631578947
18e242bc-f091-458b-aaa4-4b024e1c37c8,52,866,1012,0.8557312252964426,0.05138339920948617
4ff4f23a-07bf-4441-b181-b1d6e1f53b50,59,684,700,0.9771428571428571,0.08428571428571428
9099235c-c062-4e74-8175-94ee72b66470,96,707,731,0.9671682626538988,0.13132694938440492
c27d19e6-a65b-40f0-8a87-64fc12201f43,45,73,78,0.9358974358974359,0.5769230769230769
04fabc9a-41b1-4405-9b69-344c1ca1e192,60,411,427,0.9625292740046838,0.1405152224824356
c7e07d26-068c-4fc7-bb39-b47f13843096,98,734,765,0.9594771241830066,0.12810457516339868
601277dc-0bb9-4195-84ee-9ed6d0398ce3,53,866,1012,0.8557312252964426,0.05237154150197629
ed1a0f42-de64-4406-8cc4-1df6dbba0017,55,1086,1131,0.9602122015915119,0.04862953138815208
fac8292a-74fc-475e-a089-78ae0e90935c,67,782,851,0.918918918918919,0.07873090481786134
e2416ce5-488d-408b-b441-7c337eddc23a,89,101,105,0.9619047619047619,0.8476190476190476
f20842bf-fded-48d7-910b-abc37229afbb,67,67,67,1.0,1.0
3c4d3bae-656d-4a8b-ab63-8649535568f4,112,288,300,0.96,0.37333333333333335
cd23ef49-ab59-4de0-ac63-480f44354352,111,548,611,0.8968903436988543,0.18166939443535188
2c5fb591-1cc2-4603-808c-cc5c257202a5,80,606,678,0.8938053097345132,0.11799410029498525
90f8f1cf-d50b-4387-a848-c0323ebb3f99,60,782,851,0.918918918918919,0.07050528789659224
a3bdb025-bed9-4193-894e-d603057e2609,93,82,93,0.8817204301075269,1.0
edcdae62-7002-4f36-9e81-cbc793416007,52,211,226,0.9336283185840708,0.23008849557522124
fd4802cc-0f5d-4273-8a19-7db711de9877,48,158,170,0.9294117647058824,0.2823529411764706
d767198e-9b11-4d32-949d-aadf632c67b4,77,606,678,0.8938053097345132,0.11356932153392331
3ae81583-69c5-4692-affc-d1ac03c60182,82,130,152,0.8552631578947368,0.5394736842105263
52134fdd-1673-493f-990a-5f1ebeaa8f5f,50,49,50,0.98,1.0
ab8d47ca-9308-44b0-bd52-3997a225b5bb,78,239,250,0.956,0.312
c4152c5c-4b72-4b43-8419-c9db191fc14f,16,15,16,0.9375,1.0
51d51aeb-08bd-4d72-961c-6e5b7e2902fc,72,63,72,0.875,1.0
7054fb8d-4092-40c5-a01f-801d47922071,33,216,256,0.84375,0.12890625
cb6d6628-a9db-4130-8f2c-7d001c4d5e49,119,606,678,0.8938053097345132,0.17551622418879056
7953931e-8c0d-4fac-ab3b-b20e58c71bc4,106,216,256,0.84375,0.4140625
a18a9609-3f7f-4635-9901-e67c48dc2a88,69,606,678,0.8938053097345132,0.10176991150442478
b2dccad0-f2e2-4de9-bcc6-32f2fa04377e,75,158,170,0.9294117647058824,0.4411764705882353
d7668e64-107d-403e-9c14-b4861b03318c,134,782,851,0.918918918918919,0.15746180963572268
40612fc4-0d3d-44ac-b767-239cbf0cbc1e,95,782,851,0.918918918918919,0.11163337250293771
b281f389-cffe-4c30-97d9-dccad6b17320,94,782,851,0.918918918918919,0.11045828437132785
e4ba7567-5a2c-40c6-91f6-511185b435c6,68,145,148,0.9797297297297297,0.4594594594594595
7a3e7350-333f-4bfb-958b-c0645e5e9d3b,66,50,90,0.5555555555555556,0.7333333333333333
c2cf5073-d7c3-4fbe-a61f-7eec0f7caea3,62,58,62,0.9354838709677419,1.0
f2c19c4e-2c14-43bc-8d29-c73804a8325a,94,606,678,0.8938053097345132,0.13864306784660768
a3887d09-19cd-4be6-8cf7-dd81bf7f9a6f,70,130,152,0.8552631578947368,0.4605263157894737
3611cf97-f28f-47a1-be62-72984f4b3753,45,477,545,0.8752293577981651,0.08256880733944955
70fbb0bd-796c-4530-aed0-d05c02d07572,112,477,545,0.8752293577981651,0.20550458715596331
f6368623-3a16-475e-a106-e108d32d5e51,99,239,250,0.956,0.396
28f78205-5a8e-48bb-a641-c67ecd8f3a72,140,288,300,0.96,0.4666666666666667
f348bd06-5297-447e-8daf-c6b26f3e2852,56,477,545,0.8752293577981651,0.10275229357798166
03f84b3c-6aaa-4aea-8a5c-1100565cda9b,73,239,250,0.956,0.292
544728ed-d604-47f4-bf16-e7ef0b06d42c,47,158,170,0.9294117647058824,0.27647058823529413
3a47f364-cbb1-4ddb-9338-7f7855dceed4,69,56,69,0.8115942028985508,1.0
437a7010-2df6-4e54-8599-2f24aa7f4d5f,178,163,178,0.9157303370786517,1.0
a4436f64-3eeb-4147-8789-eacb7d010fa3,56,606,678,0.8938053097345132,0.08259587020648967
da651bd9-ef31-43cd-a14f-4d2837b5e5bc,55,48,55,0.8727272727272727,1.0
00463b83-c852-4e50-9b04-db566711d2ce,46,46,46,1.0,1.0
c2554998-62be-41d5-bbbf-13742a1176fc,48,288,300,0.96,0.16
5d70a19b-4d4a-49b4-88bd-3a37268b4041,126,782,851,0.918918918918919,0.14806110458284372
9470548a-50c6-4a7a-bf9c-8a47af6de807,98,211,226,0.9336283185840708,0.4336283185840708
e8243af6-84f3-463d-9cc6-d7b0dd15874b,86,548,611,0.8968903436988543,0.1407528641571195
15d7b6f0-0cf4-4d64-a015-824808cca45a,18,18,18,1.0,1.0
18a2b0f6-0802-42fe-ab80-ed67b7cbac74,14,14,14,1.0,1.0
4209c5bd-15b8-4f5b-ba50-a3869629d015,16,101,105,0.9619047619047619,0.1523809523809524
8c553b0e-88a7-414e-bd37-62bc970b1f28,9,9,9,1.0,1.0
92125518-d7e7-4d39-8a63-31163ac1f905,100,777,843,0.9217081850533808,0.11862396204033215
6c70c3ca-84e6-49a3-b19b-d8926f504238,40,1510,1726,0.8748551564310545,0.023174971031286212
1d8733a3-e323-45a9-9519-75dc7f737357,121,4048,4324,0.9361702127659575,0.027983348751156337
da8ca0da-b8ba-4de3-8207-3f60be0baffb,136,9371,10276,0.9119307123394317,0.013234721681588166
d84e2860-ded8-44fc-9ebd-d6b3b6d62fe6,91,4965,5356,0.9269977595220313,0.01699029126213592
8cedef48-62b8-44e3-9b96-80aeba06a3b0,55,1461,1588,0.9200251889168766,0.034634760705289674
e7d0d3ca-4db7-43db-adef-27160c219c52,75,1193,1357,0.8791451731761238,0.0552689756816507
74691ce5-3e87-4cb0-8863-3365a5c22017,96,1821,2120,0.8589622641509433,0.045283018867924525
1c3aa113-5197-44f1-9267-8fd491a1ca37,40,599,673,0.8900445765230312,0.05943536404160475
54a6dcbe-393f-45ad-bd84-cb222f4c9f5c,80,3548,3910,0.9074168797953964,0.020460358056265986
07dbe0a5-97bd-4dbf-9a04-a598503acf8a,99,199,230,0.8652173913043478,0.43043478260869567
6292ce35-a1d7-4374-92d1-34c7c5f90dc7,78,1567,1786,0.8773796192609182,0.043673012318029114
736e2456-28cb-457a-81c4-d32121842878,99,2954,3412,0.865767878077374,0.029015240328253224
c1d8cbea-14eb-45b0-a8de-7360b2d8c342,127,1469,1615,0.9095975232198142,0.07863777089783282
75c32e3b-0a31-4918-a621-5b22751e1790,40,1275,1401,0.9100642398286938,0.028551034975017844
5435fbbe-a55c-4110-8cbe-6c19ba5225b4,63,49,63,0.7777777777777778,1.0
decb3a4c-99ac-40ef-b4fa-482fcbc18ad2,132,271,364,0.7445054945054945,0.3626373626373626
ed40d7b4-aca0-49e4-976b-9a185ac7cd1e,64,265,287,0.9233449477351916,0.2229965156794425
14419cf2-7791-4412-bb3a-bb2b7199be79,66,315,387,0.813953488372093,0.17054263565891473
f4b85902-1d3b-49f7-ba76-f70c19d8c224,64,265,287,0.9233449477351916,0.2229965156794425
da2c0e31-4e7d-4747-88ee-c577680b78d1,60,210,274,0.7664233576642335,0.21897810218978103
9b944f9e-8272-4fff-a215-8086cd47769b,28,64,71,0.9014084507042254,0.39436619718309857
32f4a7c1-a137-4dbd-88ec-5154dd6ac74e,120,1755,1903,0.9222280609563847,0.0630583289542827
89e7fa97-f83d-4d31-945e-d38c733ed7b2,107,1461,1588,0.9200251889168766,0.06738035264483627
f9447ea3-91d5-4974-9613-1e8b2c664365,91,1943,2308,0.8418544194107452,0.039428076256499134
4bbac8aa-a182-4216-bcf1-f8097ed6198f,145,9371,10276,0.9119307123394317,0.014110548851693265
ef4c2099-d4c3-4f50-8e90-8df71a61aabc,160,1241,1556,0.7975578406169666,0.10282776349614396
93055511-a0a4-408d-a3f1-61ab359888d5,89,1142,1199,0.9524603836530442,0.07422852376980818
6273dc43-4a5c-4190-aea5-d9b0f8568f47,60,440,482,0.9128630705394191,0.12448132780082988
911a7ec0-cde1-402e-960e-0d57e977a039,111,4965,5356,0.9269977595220313,0.020724421209858103
c1c9e743-5254-4072-8bb5-de20cba2744c,104,1689,1968,0.8582317073170732,0.052845528455284556
b43308c6-6071-4e93-8f12-8ee1b06a309a,79,1180,1370,0.8613138686131386,0.05766423357664233
416a6fae-8596-4cc2-b112-a1c17795361b,73,796,817,0.9742962056303549,0.08935128518971848
63198b9c-dcd6-4511-9d30-20234b087595,89,368,407,0.9041769041769042,0.21867321867321868
1acacace-7d08-4cb0-bfa9-7770e575b024,65,4048,4324,0.9361702127659575,0.015032377428307124
ba5a1e29-a8a4-41ad-a6da-22cec7cb3bca,107,385,414,0.9299516908212561,0.2584541062801932
bb6d92ca-1fb7-4f47-b4ff-20216ec76ba8,90,1305,1609,0.8110627719080175,0.05593536357986327
ee102d6e-44dc-4fa1-836d-01615131201f,93,749,801,0.9350811485642946,0.11610486891385768
2751ade3-2b40-4949-9501-af015db1c79d,79,667,692,0.9638728323699421,0.11416184971098266
617789b9-f24f-4686-9996-e004b668caad,98,4965,5356,0.9269977595220313,0.018297236743838687
b1717434-7f41-435f-846e-3e1671ff7541,152,1169,1319,0.8862774829416225,0.1152388172858226
707f2041-bb27-4b8b-ad6c-af778fa58e01,99,4048,4324,0.9361702127659575,0.022895467160037004
9237c1de-e4f1-40e6-85f3-b1b61d662da0,167,1821,2120,0.8589622641509433,0.07877358490566037
b2f01654-6a78-448f-b782-e33a3466e732,78,2148,2486,0.8640386162510056,0.031375703942075624
b394ba18-ca10-454b-9981-d6b06341e9f9,100,477,545,0.8752293577981651,0.1834862385321101
0fda4f14-ad56-4455-9b38-9cba3be214fa,142,1275,1401,0.9100642398286938,0.10135617416131334
3ac89709-172e-4934-a666-88a19934212b,90,1157,1260,0.9182539682539682,0.07142857142857142
81c5006f-a14a-4468-ab43-685bbfa972a4,80,71,80,0.8875,1.0
35aebe3b-42ba-4e6e-8ec6-88208171b0f1,123,606,678,0.8938053097345132,0.18141592920353983
6b7bf27a-7247-4d26-8271-d8c115127646,149,1755,1903,0.9222280609563847,0.07829742511823437
59ef528d-5090-4d29-8b17-8b27f745465e,25,1059,1148,0.9224738675958188,0.02177700348432056
4f902e20-5663-4c25-9432-11dd9b7a60c2,30,1142,1232,0.926948051948052,0.024350649350649352
4516d360-60cf-41dd-988c-70dc5cdd921b,98,1245,1349,0.9229058561897702,0.072646404744255
a10f3522-8bad-4107-91eb-4e93bf0c0ef7,100,1086,1131,0.9602122015915119,0.08841732979664015
9aed2bbc-2f26-47c1-ab98-4ab7c8e15483,81,75,186,0.4032258064516129,0.43548387096774194
2875d0f8-677f-4d10-b802-6a99d0b9e7ba,137,1262,1444,0.8739612188365651,0.09487534626038781
07f944af-4943-4fa8-a2b1-d485f82105b5,100,1943,2308,0.8418544194107452,0.043327556325823226
bfa34c71-be9b-4b87-a39a-5f743c6af3bd,131,1943,2308,0.8418544194107452,0.05675909878682842
5cfb0bf3-0c6c-49cd-b9e2-46bea9b9786a,145,548,611,0.8968903436988543,0.23731587561374795
7f0f9f3b-9832-4268-be57-3caf37d5e640,90,836,873,0.9576174112256587,0.10309278350515463
1a9f5e9b-4ee5-4673-abb5-2166199645a3,62,1142,1199,0.9524603836530442,0.05170975813177648
078e5f63-a7ab-4161-8d01-4cdbad3a63f9,96,810,912,0.8881578947368421,0.10526315789473684
4b57c2fa-c5fc-4e7e-85c9-34af8cebc9bc,37,0,37,0.0,1.0
2747aaa4-b5b0-4458-b667-6b1d6a78d026,61,1567,1786,0.8773796192609182,0.0341545352743561
4957b7c3-13d2-42d5-b671-e599f93db1c4,118,1449,1696,0.8543632075471698,0.0695754716981132
0d7c8124-7e33-4624-a8c2-dccc6c87b487,113,342,364,0.9395604395604396,0.31043956043956045
c07e1b06-d552-42e5-be65-b1061880cf2d,60,2186,2403,0.9096962130669995,0.024968789013732832
9fb718bd-73d5-4082-8933-e7d2178e826a,29,216,256,0.84375,0.11328125
d4fca3a2-468e-4490-b1ff-500febb1f9cb,24,50,90,0.5555555555555556,0.26666666666666666
8cbf510b-bd0e-4da7-8555-55700c123d9f,17,46,81,0.5679012345679012,0.20987654320987653
2f940d12-52d8-4211-8d48-945fba230239,6,16,43,0.37209302325581395,0.13953488372093023
8cef3fb0-6765-4fb6-86e0-f58bd0e64aaa,29,112,145,0.7724137931034483,0.2
2a7cb80e-d65c-4f76-ae9c-9866c8601c35,24,0,24,0.0,1.0
f2bc53a8-4d88-49c3-b34d-5ad54fdbab58,16,62,99,0.6262626262626263,0.16161616161616163
5ed2dde4-9904-4ed8-9ce8-002b46472145,14,62,99,0.6262626262626263,0.1414141414141414
11af3703-cec8-4902-8774-e90f53efe4fc,19,91,118,0.7711864406779662,0.16101694915254236
8a43dc96-4dd2-4290-b15f-e988ce201a45,14,0,19,0.0,0.7368421052631579
576ba4cd-c36a-43fc-865c-c3e2c281e7ed,5,0,19,0.0,0.2631578947368421
00ec440e-2238-4d1f-8f62-7aac929b5aee,11,0,11,0.0,1.0
6eb9d416-dd60-4f34-a058-2caa63a714e7,21,88,127,0.6929133858267716,0.16535433070866143
ac1de968-dd48-49c7-8c7a-aab0b032c961,124,1106,1301,0.8501152959262106,0.09531129900076864
216cddba-5e96-471e-beab-58c455e41f79,90,1449,1696,0.8543632075471698,0.05306603773584906
b48f1e66-d135-46d5-86d0-cce19f804c2f,65,777,892,0.8710762331838565,0.07286995515695067
1d505e58-55c6-49eb-92b7-10d19607db0b,19,0,19,0.0,1.0
e27e01ea-a847-45d4-8132-6d2cbbcefbe1,43,0,43,0.0,1.0
6f60a077-d6f6-4724-adb3-8262f9104d1f,187,1689,1968,0.8582317073170732,0.09502032520325203
cc94efd8-1808-46fe-bcea-a50076d40ef8,21,108,154,0.7012987012987013,0.13636363636363635
2ad47473-09dc-4f1d-adf6-faea978367a8,60,720,766,0.9399477806788512,0.0783289817232376
e797381f-9945-465e-9563-fed7dc87f765,101,2954,3412,0.865767878077374,0.029601406799531067
6563ac98-0cbf-4147-b9d9-ad0b05baf4aa,21,58,124,0.46774193548387094,0.1693548387096774
33b57324-4c03-4a61-9e41-0284ecb60d40,74,74,129,0.5736434108527132,0.5736434108527132
d23e582f-6352-446d-980a-d389e4b6425e,102,1314,1453,0.9043358568479009,0.07019958706125258
b0186094-60ba-4ae5-992c-9347ca59f9e9,60,2954,3412,0.865767878077374,0.017584994138335287
927e1531-34cd-44bb-8e01-771f719c65d4,60,188,209,0.8995215311004785,0.28708133971291866
262eed9d-462d-463d-b177-d280477070f2,55,103,106,0.9716981132075472,0.5188679245283019
49936da9-15aa-4f7a-802e-bb6c0ad0a9ea,62,4965,5356,0.9269977595220313,0.01157580283793876
f9b85c91-45db-41b7-bef3-e6f555574b22,149,650,693,0.937950937950938,0.215007215007215
bd9121b4-d328-4dfd-9a0c-e475f9214e38,135,242,246,0.983739837398374,0.5487804878048781
2e93303c-3a25-4583-a2ad-34c13bbdeecb,141,1341,1418,0.9456981664315938,0.09943582510578279
d0cd8171-a2e1-40ff-9283-d405226d8961,76,211,226,0.9336283185840708,0.336283185840708
5f86a87f-93ca-4724-95f3-ee42d7f1ae11,108,1341,1418,0.9456981664315938,0.076163610719323
f97d5c84-974e-4b31-9cfb-bb11edfa42ca,102,2127,2183,0.9743472285845167,0.0467246907924874
99e09ab1-1b6d-4c67-8528-fbfc8c648c3d,98,1142,1199,0.9524603836530442,0.0817347789824854
3698226b-65b9-4999-9960-1ed713e6598f,98,1361,1517,0.8971654581410679,0.06460118655240607
d8b27dbf-a5e7-4c7d-8a6c-f8bdbd9b1ddf,153,548,605,0.9057851239669421,0.2528925619834711
d00151c4-06cf-433c-be2c-b7119afcc29f,152,1334,1564,0.8529411764705882,0.09718670076726342
ad7e0824-b6da-45c3-9189-b28e8a15dc68,91,526,626,0.8402555910543131,0.14536741214057508
cba5346c-1867-405a-8399-a733679c0ad7,77,1163,1286,0.9043545878693624,0.059875583203732506
facb3a25-2d27-4f2e-94a5-d14a4a25e1a2,70,1334,1564,0.8529411764705882,0.04475703324808184
bdd225aa-67b0-449e-890e-35d526b30875,140,2217,2568,0.8633177570093458,0.05451713395638629
511299df-05f6-4bc2-ad34-aff2520ada9f,250,3548,3910,0.9074168797953964,0.0639386189258312
088c1ea9-650d-405e-9358-dfdf6d5a4fe8,38,123,134,0.917910447761194,0.2835820895522388
0685ef8b-24ad-4145-8c84-ab8fce8582c3,136,1991,2155,0.9238979118329467,0.06310904872389791
cf038269-d496-43f1-877f-600361bc5d7d,99,376,423,0.8888888888888888,0.23404255319148937
fe32212f-4e74-4024-8c6a-5f81de442e46,67,1057,1177,0.8980458793542906,0.05692438402718777
493f6210-6e4a-4d0e-8b16-d4b546dc12ec,130,1363,1489,0.9153794492948287,0.08730691739422432
f4e5d893-7924-4058-9bec-5295998995d8,103,3875,4152,0.9332851637764933,0.024807321772639692
0db47169-232f-4837-82f0-256424cb3bf3,20,65,137,0.4744525547445255,0.145985401459854
2864f2bc-176f-4802-8759-6dc644eafdbb,16,598,687,0.8704512372634643,0.023289665211062592
7ac7b1e5-6dc2-4d88-94aa-e1a854f5d794,68,1556,1723,0.9030760301799188,0.03946604759141033
7552721d-a091-43bd-a5b1-0e0a443a5232,14,78,96,0.8125,0.14583333333333334
67e72c59-c03d-41da-8b92-5bcf830e8602,24,220,293,0.7508532423208191,0.08191126279863481
0ff2fc94-468b-4ff6-911a-374eb716aef8,50,1516,1679,0.9029184038117928,0.029779630732578916
0a2e6452-9bf3-41c5-ab58-c1ef0f6cd444,50,9371,10276,0.9119307123394317,0.004865706500583885
2da08329-dc97-4cd6-b8f9-2c09e7950cf4,130,2217,2568,0.8633177570093458,0.050623052959501556
ca68eb16-3952-45f4-adf5-b78803f5bb26,88,1644,1794,0.9163879598662207,0.04905239687848383
3008ca47-ff55-41be-a633-53ad3a9c734b,126,1180,1370,0.8613138686131386,0.09197080291970802
b8c98f8f-aae3-4ec5-996c-6c07504a0cd8,19,0,37,0.0,0.5135135135135135
0ab07a8a-e7b4-4c30-bc06-691ba5a87a4f,95,975,1051,0.9276879162702188,0.09039010466222645
cf21e635-a376-43cb-8dce-8158a3597db7,74,569,616,0.9237012987012987,0.12012987012987013
6be93885-a3bb-4d45-8446-18a5ad3ca602,121,1305,1609,0.8110627719080175,0.07520198881292728
aa369e29-2cf0-4b91-8ed9-6e0a12d56f73,103,238,265,0.8981132075471698,0.3886792452830189
6ce1f455-85f9-424a-805e-b179ae491ff5,144,1516,1679,0.9029184038117928,0.08576533650982728
3d386b21-2e3a-4673-b429-223af984ff74,130,493,500,0.986,0.26
172ed847-7424-4603-9ef3-8d7f93843163,171,1361,1517,0.8971654581410679,0.11272247857613711
99949fef-fb63-40b2-b790-c5a8e80a2c99,92,1159,1250,0.9272,0.0736
2045e5c6-2c7c-4b42-ad6a-4debd80acf09,51,625,666,0.9384384384384384,0.07657657657657657
590b7993-d6d6-496c-b31e-b9145f4dbfae,35,810,912,0.8881578947368421,0.03837719298245614
0124c524-72e6-4f27-aab6-11c759bdde3e,50,3875,4152,0.9332851637764933,0.012042389210019268
5a9a0096-a27a-4f4f-9709-014c2e6177f3,90,1159,1250,0.9272,0.072
34d4099b-d901-484b-86e5-346be569e50d,104,1142,1199,0.9524603836530442,0.08673894912427023
783df85b-0d3c-43cc-980e-ecea4279eab8,40,1345,1426,0.9431977559607293,0.028050490883590462
d65a362e-ae48-4efd-872f-d75925508cc4,138,1193,1357,0.8791451731761238,0.1016949152542373
58b1fd1a-db45-405c-8d61-0f903c82f56a,35,75,186,0.4032258064516129,0.1881720430107527
bd8572c7-cd65-4053-8088-9aaabb527808,116,1234,1414,0.8727015558698727,0.08203677510608204
e4cc2532-cbf2-4783-a6bb-39d8b9990aad,115,599,673,0.8900445765230312,0.17087667161961367
db9b4945-384f-409f-acf8-ad08ac5e4b84,102,2954,3412,0.865767878077374,0.029894490035169988
ae137875-0681-48f5-b5e8-458f32a0a4a4,137,548,611,0.8968903436988543,0.22422258592471359
3f0902e8-9a0f-4084-9c36-ac7338c339ca,60,503,564,0.8918439716312057,0.10638297872340426
bed58804-5068-4161-8518-3e21e415ee69,24,844,915,0.9224043715846995,0.02622950819672131
2b09fee3-02ab-412f-aaac-610f14e015b4,146,1919,2160,0.888425925925926,0.06759259259259259
8a446d51-0e30-4d69-94b7-d5a11ec9b6f9,90,4048,4324,0.9361702127659575,0.020814061054579093
f6de3a27-5048-42e5-a582-2e7efc10816a,28,0,28,0.0,1.0
eac8d83a-f4dd-4a2a-be35-2a9ef4cdd6be,167,4965,5356,0.9269977595220313,0.031179985063480208
0dbc14ff-13bc-43bc-a5af-9fe8d0dd77ac,61,984,1055,0.9327014218009478,0.05781990521327014
b812f459-a777-4b4a-a096-9740c417b43f,109,1245,1349,0.9229058561897702,0.08080059303187546
02118e5d-fc8d-4c7d-bfa9-ab7be81b5a67,108,707,731,0.9671682626538988,0.14774281805745554
cde35fb4-f8f2-4bf5-ad06-a5798cb4c9d2,60,232,278,0.8345323741007195,0.2158273381294964
166487ad-9d6d-44ae-996f-3d6cf59b27b4,65,1275,1401,0.9100642398286938,0.046395431834404
dfd83b18-b4b5-4fcb-a8a8-eb5d18b9698f,45,1755,1903,0.9222280609563847,0.023646873357856018
6a522de3-dce2-4f92-93e3-79bce2befcb1,63,1142,1199,0.9524603836530442,0.05254378648874062
69babe37-e86d-4d26-b53e-9221f5344081,119,1314,1453,0.9043358568479009,0.08189951823812801
e4ddcfaa-dbd1-41f8-b707-88128de0b7c9,105,1689,1968,0.8582317073170732,0.053353658536585365
c4e750b5-a519-4e53-9ced-a899542b00ab,88,782,851,0.918918918918919,0.10340775558166862
6e09eeb9-9d07-4b19-b034-fd9086ce0c06,73,1142,1199,0.9524603836530442,0.060884070058381985
b4cfa10f-1711-40cb-9d52-472bb6c3abef,81,333,374,0.8903743315508021,0.21657754010695188
8444f53f-cde9-482f-94b7-d8426a2a5372,92,1609,1672,0.9623205741626795,0.05502392344497608
6a973343-a885-4516-9bac-129a3cb230b2,80,840,890,0.9438202247191011,0.0898876404494382
5bf41748-e38a-4ced-bd73-441ec074d050,47,333,374,0.8903743315508021,0.12566844919786097
8f76b173-3d19-4d97-9522-3103665119a3,80,1142,1199,0.9524603836530442,0.06672226855713094
81d6e865-d95a-4b96-92fa-61160cd9e593,60,606,678,0.8938053097345132,0.08849557522123894
744cf5f6-18a6-46ae-9551-e11e86806717,60,3548,3910,0.9074168797953964,0.015345268542199489
c7f62702-715c-4e82-9d24-a98a26acf545,169,734,765,0.9594771241830066,0.22091503267973855
bfb13669-bb25-49e6-bbb8-64d80a9fa1a4,164,984,1055,0.9327014218009478,0.15545023696682464
c508e323-2edf-424f-b44a-8bd6dda17867,58,565,658,0.8586626139817629,0.08814589665653495
834cd150-22cd-4ce9-b6f6-1c3da553b012,44,493,580,0.85,0.07586206896551724
80c0e3cd-90ef-455e-b157-ec926d7afd18,30,210,274,0.7664233576642335,0.10948905109489052
409f2029-1abb-4ba0-b965-d07bcc9e353a,52,44,103,0.42718446601941745,0.5048543689320388
4e4eb94a-750d-4552-a9c4-8c879238384d,150,440,482,0.9128630705394191,0.3112033195020747
8d48c7d4-9c60-43e6-8602-7174e662a79f,130,658,770,0.8545454545454545,0.16883116883116883
9429301d-f93f-4d0c-bd44-15f2b361e8ba,96,4048,4324,0.9361702127659575,0.022201665124884366
0d62d3d6-6f75-4667-a84f-630f4c0ad538,80,609,674,0.9035608308605341,0.11869436201780416
3d203c88-8d1d-4267-b751-de70333d07ba,124,1262,1444,0.8739612188365651,0.08587257617728532
aabfc38b-4eac-4e8e-95ef-84857ed12a1a,179,1510,1726,0.8748551564310545,0.1037079953650058
8a7d0bfa-8986-4ba3-943e-0f1ac718a604,84,3548,3910,0.9074168797953964,0.021483375959079284
7c5ba076-8807-4b3d-8b20-0b89a73c51e7,110,1086,1131,0.9602122015915119,0.09725906277630415
42a751aa-834e-4603-b588-96c3d9864654,11,45,47,0.9574468085106383,0.23404255319148937
7acea7d4-5b85-4464-9f60-c1e4bf710ac6,128,3548,3910,0.9074168797953964,0.03273657289002557
107a85d2-da0b-4f28-a4d2-652633f05870,156,149,156,0.9551282051282052,1.0
26050179-5086-44bc-a447-fdc55acdf105,106,667,692,0.9638728323699421,0.1531791907514451
856d8bef-9946-435c-a494-17ecdde96663,20,45,69,0.6521739130434783,0.2898550724637681
7944fb09-0684-49c9-adb7-4923eba4a5b1,16,100,157,0.6369426751592356,0.10191082802547771
4cf41815-1eb9-43a7-9056-6bfe23196e05,10,0,37,0.0,0.2702702702702703
4e0a7379-1d34-4271-aaef-cfee5462d8e7,14,30,47,0.6382978723404256,0.2978723404255319
d6fe5a91-54ae-4754-a47c-13ee174b7157,19,50,77,0.6493506493506493,0.24675324675324675
9fcb766d-1f90-4cf0-b4a2-50453a8b53dd,36,0,36,0.0,1.0
4594d327-c448-4bdb-9f25-ba4f759efb39,12,28,60,0.4666666666666667,0.2
63314d04-58df-475b-88f2-48654fceb095,12,17,31,0.5483870967741935,0.3870967741935484
b484cd47-b297-4bed-99e4-dc6df78b7b14,28,66,113,0.584070796460177,0.24778761061946902
e62eecbd-8a1b-4833-906c-a2c51503075b,16,43,99,0.43434343434343436,0.16161616161616163
9f9fbbcc-4180-48ae-bbdc-2ea8c647e70d,9,0,9,0.0,1.0
c3e63257-3a26-471f-97fe-9ae5a1a4df53,12,0,12,0.0,1.0
b23fd305-aed9-4add-96d2-d8c6664144bb,16,0,47,0.0,0.3404255319148936
615203e5-ac51-4548-9728-a2af39e1f3e7,53,0,53,0.0,1.0
1fb30514-9b61-4579-a298-4738201d6d94,35,0,35,0.0,1.0
98f02373-71bf-41b4-bbfc-2827d9ffe749,38,0,47,0.0,0.8085106382978723
113ffb30-91ea-442d-8830-efa89a9b1c7f,14,149,185,0.8054054054054054,0.07567567567567568
c16d4fb1-a6aa-465d-a6e1-fac4f04f26ce,19,238,299,0.7959866220735786,0.06354515050167224
3a90eca3-a9c2-4b7f-8a35-ed45126ad950,13,116,150,0.7733333333333333,0.08666666666666667
b227023c-5bab-4c8d-b673-e65079a61291,127,330,357,0.9243697478991597,0.3557422969187675
cd741f66-af63-4764-b132-246e98b36a26,115,4965,5356,0.9269977595220313,0.02147124719940254
0df63141-27d1-4591-b408-c5ca3ca74a11,134,4965,5356,0.9269977595220313,0.02501867064973861
af3bf1a0-8f5f-4638-8d31-a7b64791a568,120,3875,4152,0.9332851637764933,0.028901734104046242
1abcc18f-e9bb-4ac7-9911-a2a27a53e399,60,2187,2290,0.9550218340611354,0.026200873362445413
e1cea289-c8ff-46e9-9e3d-e45ffa7d2586,120,1510,1726,0.8748551564310545,0.06952491309385864
6c61eefb-ac2a-4658-8b43-9fd4e26e8023,109,2187,2290,0.9550218340611354,0.04759825327510917
efa61888-01ed-43a3-8355-164caa8c9342,99,3875,4152,0.9332851637764933,0.02384393063583815
b01c79d7-f059-49dd-b9bd-94ac5e226612,52,213,220,0.9681818181818181,0.23636363636363636
f26433c8-1fe4-42f8-ad71-be943fa1e497,66,202,252,0.8015873015873016,0.2619047619047619
4c959fb4-f0d1-4aa1-91d5-354b5e2a9f36,68,305,316,0.9651898734177216,0.21518987341772153
29a744b8-efb9-4eb5-8a57-faafa6ee5c6c,100,2538,2752,0.9222383720930233,0.036337209302325583
134446ef-4f1f-4712-8b79-d5c9907a3776,18,26,44,0.5909090909090909,0.4090909090909091
8e429e1b-35fc-4108-a16c-0e00d6397c49,148,2187,2290,0.9550218340611354,0.06462882096069869
3974cabd-363c-46ee-9947-c78022b605cb,120,9371,10276,0.9119307123394317,0.011677695601401323
919008db-8f5e-44d6-ba01-ead273838a55,9,64,74,0.8648648648648649,0.12162162162162163
807802af-51ec-4312-83a3-a6cdb15048e3,12,0,12,0.0,1.0
46ef18e7-de23-4849-a018-e49641e14a0d,17,0,17,0.0,1.0
995b626a-5b93-40b0-bbcf-ed6327d541c6,36,46,82,0.5609756097560976,0.43902439024390244
591f5b7e-f5b2-4656-b641-0e8490c73b39,10,0,10,0.0,1.0
2574d071-3956-4e84-b2ce-0637709ee5f3,11,0,11,0.0,1.0
41dd98f1-0151-4863-be12-58e607ec5f7b,7,0,7,0.0,1.0
fc58d744-3f0d-4cb5-a6c2-2217ea213b6b,8,0,8,0.0,1.0
001085ed-daf6-48a5-9029-ac890675c5c1,19,0,19,0.0,1.0
1b1b23ef-4eb5-4b2c-a678-793805a3d996,11,0,11,0.0,1.0
9084801c-3ae4-49f9-a6e2-368e6ba5beab,37,0,37,0.0,1.0
b94386e0-96dd-497b-a5b8-4b42c5d463cb,19,0,19,0.0,1.0
b9c9cb4b-7bc1-444c-a710-d645492ef1ae,100,1234,1414,0.8727015558698727,0.07072135785007072
04b76f6c-b570-4b43-9901-72259723ed0a,49,0,49,0.0,1.0
cb03e7f5-131c-4a04-ad27-38bf7e7138b1,120,1755,1903,0.9222280609563847,0.0630583289542827
b31887f5-a1de-4c89-98a0-d12d8704ffa1,50,1180,1370,0.8613138686131386,0.0364963503649635
f7ede5a9-9079-43f8-9aa3-a47776d6d5d6,28,25,54,0.46296296296296297,0.5185185185185185
34f93000-c64a-43e2-8a5d-780ffef8ad47,26,0,26,0.0,1.0
190920b9-2ccb-415d-95b3-c2979e157147,2,0,2,0.0,1.0
7f7bac38-ee7b-4660-a218-3df15eeaa501,22,0,22,0.0,1.0
5374a4c7-86cc-45ba-bc2c-50763524131b,16,0,16,0.0,1.0
20dfc518-61ec-4280-a67e-044e19328696,15,0,15,0.0,1.0
aeb6e2be-1ce9-4bf2-9e50-0c85f21e62a6,6,0,6,0.0,1.0
2d0b1ef1-5cb2-44fb-858f-45fef0b82e13,12,0,12,0.0,1.0
b00e04d0-1166-4657-93fc-a513fd830221,13,0,13,0.0,1.0
9f6e8934-8e4a-4d8b-a726-d52e2731b0c0,14,0,14,0.0,1.0
051b7a91-9c4a-40f8-9494-17fc4977edbf,9,0,9,0.0,1.0
fb98bb46-4e62-432e-8904-4b5c3f7c2ebb,14,0,14,0.0,1.0
f077912c-52fe-4a6c-98c3-3808ffd32be2,46,46,82,0.5609756097560976,0.5609756097560976
cb92451e-5909-4721-a935-9484ff03fa0e,142,1086,1131,0.9602122015915119,0.125552608311229
501d2ca5-4440-4dd5-a7e8-11899c99643c,102,1086,1131,0.9602122015915119,0.09018567639257294
5db6f130-aa85-4758-99e8-693fca63807b,105,2127,2183,0.9743472285845167,0.04809894640403115
fbb44a0c-573a-492c-bbe3-f5dac1d2ddf6,11,320,371,0.862533692722372,0.029649595687331536
1cc5e039-42d4-4db9-a6f2-406663b36703,121,1334,1585,0.841640378548896,0.07634069400630915
68d77ee4-808d-4f2d-a76c-830b72ed3922,121,3548,3910,0.9074168797953964,0.030946291560102302
9bf81487-8e9d-42ca-8777-402e51d35b67,90,484,575,0.8417391304347827,0.1565217391304348
fe29f50d-1ff8-45f1-912f-74b24e5993b3,155,1821,2120,0.8589622641509433,0.07311320754716981
b027ea0e-d8ce-40aa-a7a7-e394997ddd72,148,3548,3910,0.9074168797953964,0.037851662404092073
7e9b4e16-86f5-49bc-a1f2-b4a58b9efeae,151,545,571,0.9544658493870403,0.26444833625218916
76e162e4-ba42-4c47-9b3a-83eb8081d9a7,12,58,124,0.46774193548387094,0.0967741935483871
c43b04c1-8af4-4761-b88a-0161709b9f9e,90,2186,2403,0.9096962130669995,0.03745318352059925
b5a6d429-27f5-486b-ab02-f8f24f65a27b,110,1361,1517,0.8971654581410679,0.07251153592617007
643db04f-9401-4c18-9128-75dc8d6f1652,123,777,843,0.9217081850533808,0.14590747330960854
93b9e889-bfc5-444f-b25f-5755e94b1396,100,1334,1585,0.841640378548896,0.06309148264984227
c23a8a82-9ffb-433a-8d20-34246dd8279b,15,11,27,0.4074074074074074,0.5555555555555556
bc1db7ee-b93f-4657-a9f2-10ac99aba704,60,1314,1453,0.9043358568479009,0.04129387474191328
91ee4a3d-29d6-4e28-8040-5e3d2426df9e,60,2207,2405,0.9176715176715177,0.02494802494802495
3cb152bb-68bc-48e5-bfa6-5681f2548bd2,155,734,765,0.9594771241830066,0.20261437908496732
eddfaea9-115b-479d-ac21-c8f1c428712e,80,319,330,0.9666666666666667,0.24242424242424243
5ee27e81-d733-415b-8f32-7dca4dc52570,83,1567,1786,0.8773796192609182,0.04647256438969765
61bf65fd-a2fd-4f51-8ff2-3d8824b69e11,70,576,632,0.9113924050632911,0.11075949367088607
74755932-81c4-43e3-b5d3-1cff8ff2a5c4,128,2127,2183,0.9743472285845167,0.05863490609253321
438f4be6-4a10-469b-8257-ee18f838bcb6,110,4965,5356,0.9269977595220313,0.020537714712471993
0faac811-8260-4bcc-9ae1-04f7ed41545d,30,1059,1148,0.9224738675958188,0.02613240418118467
44756056-f749-41ee-92ff-92f0ce3c35cb,120,1567,1786,0.8773796192609182,0.0671892497200448
ea9581fd-3f3b-4e82-8973-fca2b82a3eaf,120,1755,1903,0.9222280609563847,0.0630583289542827
815a2139-a4d4-454d-8ab9-9d254dd0b316,100,1609,1672,0.9623205741626795,0.05980861244019139
fde539a8-ce32-4326-a764-10cac04c6ab4,108,1193,1357,0.8791451731761238,0.079587324981577
0768f8cd-98f9-4063-be98-f41db646207f,78,1262,1444,0.8739612188365651,0.054016620498614956
c44298a2-9cdd-4964-940f-0d97246c6945,47,1262,1444,0.8739612188365651,0.03254847645429363
a143f42e-7011-4c1f-9e3a-7f31dbcee1ff,25,65,137,0.4744525547445255,0.18248175182481752
85cd31e7-f031-4933-9179-d7e0830bcd98,60,1567,1786,0.8773796192609182,0.0335946248600224
4f242a33-386a-42d0-ab57-bdb9d8e95c8e,20,95,191,0.4973821989528796,0.10471204188481675
04f25c26-6502-426f-aaf5-80e1130ed87a,15,134,154,0.8701298701298701,0.09740259740259741
b2ec6660-b7fd-4b0e-a088-6525f6f52f89,10,108,154,0.7012987012987013,0.06493506493506493
d70a1b84-75a0-4ef7-97e5-bd56f3a1ef13,17,231,291,0.7938144329896907,0.058419243986254296
1c1dd2d7-8aac-4194-b39f-0f26be2f7669,31,29,61,0.47540983606557374,0.5081967213114754
2c9d4eaf-d608-418e-b6e4-b31180b19010,15,56,94,0.5957446808510638,0.1595744680851064
372acdb4-97aa-4ad8-8275-a2e22f201a66,15,29,45,0.6444444444444445,0.3333333333333333
77cb7ed4-7adb-4bc7-ad46-3d076b7cb3da,15,56,94,0.5957446808510638,0.1595744680851064
72c612f3-7075-46b8-8a93-eebf392b5489,6,43,99,0.43434343434343436,0.06060606060606061
993dbb16-07cc-40bc-b7dc-3b40a35b5e91,9,132,152,0.868421052631579,0.05921052631578947
2a681910-53c7-4fe1-83f9-322a3c0b1f42,12,109,152,0.7171052631578947,0.07894736842105263
1c914049-87b3-4660-b5c0-6d2e1505136f,7,238,265,0.8981132075471698,0.026415094339622643
89b33cd0-683b-494c-b440-e2cf885cb9e5,10,0,10,0.0,1.0
c5add1ca-1abb-4667-8edd-384bc77abaa2,110,2954,3412,0.865767878077374,0.03223915592028136
bf46720b-ee69-4680-9fbe-ce58c2ed94fa,66,3548,3910,0.9074168797953964,0.01687979539641944
57e3eb37-ddd5-408d-9f8f-76f3cdc0ab8e,88,342,364,0.9395604395604396,0.24175824175824176
8f7f5566-50f2-45b8-853a-fdbd131348be,92,599,673,0.8900445765230312,0.13670133729569092
1055beea-cd67-450e-a8da-555762020db5,56,423,476,0.8886554621848739,0.11764705882352941
e56ce232-bce3-45eb-b1e4-8857e5705448,51,2207,2405,0.9176715176715177,0.021205821205821207
205e4cbd-c5b2-42bb-a716-38626de8ddae,30,334,341,0.9794721407624634,0.08797653958944282
86f163e9-6aa8-4283-9f7e-83d0793e98f5,80,2148,2486,0.8640386162510056,0.032180209171359615
2bafe8c1-9187-4af5-80fa-028fb3768649,155,1059,1148,0.9224738675958188,0.13501742160278746
ca1355ec-e2b9-4414-bbd6-bafdeee75245,140,3548,3910,0.9074168797953964,0.03580562659846547
9479ae89-b99e-4fdc-ac7d-e87d9232f609,101,2493,2674,0.9323111443530292,0.03777112939416604
d658ebb4-be18-4281-b247-004965c69d62,106,1821,2120,0.8589622641509433,0.05
3cc91a9d-3a56-4c3d-96ad-f575c4fb5329,109,1991,2155,0.9238979118329467,0.050580046403712296
ab5b7cfe-e45e-41c7-b371-65325f959ec6,75,1334,1585,0.841640378548896,0.0473186119873817
0b3e46ad-74d6-4f80-9ec7-efdf1636ac0e,58,104,133,0.7819548872180451,0.43609022556390975
3dd0651e-8355-47f9-af12-24d0096d1bbe,104,260,271,0.959409594095941,0.3837638376383764
9e8c6e33-b6fd-486b-81a6-6a0b2381d24b,121,1487,1658,0.8968636911942099,0.07297949336550061
c07b248f-dabb-488d-b617-8b84b78328a6,120,2207,2405,0.9176715176715177,0.0498960498960499
cbf37dd7-ba69-4258-a34c-dcff8e8f4411,120,1245,1349,0.9229058561897702,0.08895478131949593
3bc652bc-65ac-4eca-b689-dc2eeebf79e2,90,1644,1794,0.9163879598662207,0.05016722408026756
09eff5ff-28ba-4936-a1a6-b8853e45aaae,80,633,680,0.9308823529411765,0.11764705882352941
5ccaa68d-ed1f-4cd9-b80f-0c1550892e77,68,1180,1370,0.8613138686131386,0.049635036496350364
ee76abf2-2cb0-4d69-bee1-c5499d59847c,100,932,1144,0.8146853146853147,0.08741258741258741
ec195d36-4d1e-44c8-8475-b2f5002de768,120,3875,4152,0.9332851637764933,0.028901734104046242
79dd5658-faa6-4667-91ce-37fdf38f8b78,132,2187,2290,0.9550218340611354,0.05764192139737991
1e6ffceb-2f5c-4e40-bb8b-132216e1bd35,178,2187,2290,0.9550218340611354,0.0777292576419214
d61ee045-eb8e-42d1-b34a-4a01235783f5,131,810,912,0.8881578947368421,0.14364035087719298
b0bf915d-b5d6-476d-98a3-4a4ab7577f4b,100,1341,1418,0.9456981664315938,0.07052186177715092
a5ecdb3c-6fce-46fe-bb27-e2442af98f97,102,684,700,0.9771428571428571,0.1457142857142857
c5bff73b-f657-4c78-9737-17aacbd0a4ee,100,2538,2752,0.9222383720930233,0.036337209302325583
fe8da2f5-f603-4ba9-9c5d-cdd72a4fea52,4,0,4,0.0,1.0
587ca819-76b3-4ad6-9203-84d7ddb850ff,48,0,48,0.0,1.0
db45d02e-0e32-4a24-b88a-dd00bd0d0d30,60,1193,1357,0.8791451731761238,0.04421518054532056
726857af-34ea-4a99-aaa1-96cde65418ca,130,3875,4152,0.9332851637764933,0.0313102119460501
8d6d15f5-5ecd-4a7d-96a7-275c0c9f6122,150,2954,3412,0.865767878077374,0.043962485345838215
20e224d6-699d-4cb3-9478-8cbdb7632890,100,565,658,0.8586626139817629,0.1519756838905775
1370f5ba-5c4d-4b0b-bf07-e41885828edc,130,384,435,0.8827586206896552,0.2988505747126437
4ad8d919-1c95-4825-9f15-ced7f874ced9,92,2217,2568,0.8633177570093458,0.03582554517133956
a69287be-ceee-46eb-8785-299ffc99319a,120,1556,1723,0.9030760301799188,0.06964596633778293
ea68a763-810e-4a5b-8bf8-073631810b63,96,917,1065,0.8610328638497653,0.09014084507042254
a4abc787-0f1c-4664-9c40-617246eac8e6,120,1556,1723,0.9030760301799188,0.06964596633778293
eaebc59e-40d1-4061-938b-e213f4ac723c,121,1755,1903,0.9222280609563847,0.06358381502890173
79f36e07-b247-4046-b392-fab5089cae9f,45,1159,1250,0.9272,0.036
14a852a2-002c-4828-a310-f6e756a74425,60,354,429,0.8251748251748252,0.13986013986013987
105b2ccb-4081-4796-a6ee-0d3f74c057f5,60,1305,1609,0.8110627719080175,0.037290242386575516
73890f2c-7f5d-44d5-b797-2d744f179090,89,539,604,0.8923841059602649,0.14735099337748345
0897659a-2237-4731-9a11-59fb4995b7de,104,1262,1444,0.8739612188365651,0.07202216066481995
01949f76-9b7d-471f-b411-d7af012bf929,121,1556,1723,0.9030760301799188,0.0702263493905978
66aef179-eb41-479e-b9f4-3a46ef23c997,120,111,120,0.925,1.0
7ab958d6-20a1-4ea8-9d23-12117a09aeab,80,432,482,0.8962655601659751,0.16597510373443983
74cfdbba-3114-4e13-a47f-403566ca5d85,90,1556,1723,0.9030760301799188,0.0522344747533372
4b9d1054-deb5-4d2a-9df5-e33273cbb823,103,1193,1357,0.8791451731761238,0.0759027266028003
4c0e8a52-ad7e-4fb8-974c-7a098ce44c8d,110,676,724,0.9337016574585635,0.15193370165745856
179b6c34-b3d0-4866-bca2-e9469f4d0080,160,1361,1517,0.8971654581410679,0.1054713249835201
0c4a5e47-f4b2-4a53-a631-a36a4c3a4d31,106,1294,1368,0.945906432748538,0.07748538011695906
68e4d314-dd71-4b9a-b303-7064e517a86d,75,1943,2308,0.8418544194107452,0.03249566724436742
642e3aa9-ab5f-4200-bbb5-8115f4f79cf2,180,1556,1723,0.9030760301799188,0.1044689495066744
727eec1c-c89d-4336-a131-f8031a6933c0,91,2217,2568,0.8633177570093458,0.03543613707165109
d8e279fd-9723-4f30-81d6-045a05bc5580,70,1469,1615,0.9095975232198142,0.043343653250773995
268f13bd-9652-4b4c-970b-1c9f7cc82abe,118,1469,1615,0.9095975232198142,0.07306501547987616
a910ec08-8531-41f9-849c-e318f67bd35b,80,1363,1489,0.9153794492948287,0.053727333781061114
c56db5d9-9a0b-4e6c-bdce-819457e7dee9,90,1275,1401,0.9100642398286938,0.06423982869379015
a94f880a-ce53-49dd-82f4-3f5a84b4bd12,108,868,974,0.891170431211499,0.11088295687885011
15c16c61-7f3e-48f7-bcbd-a281b1f9d736,144,4965,5356,0.9269977595220313,0.0268857356235997
e383b818-af81-472c-b8d3-a7e817c624e8,72,1330,1434,0.9274755927475593,0.0502092050209205
b0a03794-4e13-4dd6-ad47-663179d1ed6a,155,1755,1903,0.9222280609563847,0.0814503415659485
dcce1b71-18c7-478d-91a0-1c2ce0141021,108,1821,2120,0.8589622641509433,0.0509433962264151
d6577a04-37ba-47c3-aade-83117a13cee2,97,240,278,0.8633093525179856,0.3489208633093525
66a04055-6753-471f-b8f5-c5f50fbfc38f,113,1644,1794,0.9163879598662207,0.06298773690078038
8864039a-aac3-4175-8b2e-f84591939a9e,136,4048,4324,0.9361702127659575,0.03145235892691952
87641349-4a16-4f60-8304-3fb529f5a8cb,72,4965,5356,0.9269977595220313,0.01344286781179985
ad96a81a-cee0-4fc3-8d06-d1ab705fef52,122,4048,4324,0.9361702127659575,0.028214616096207217
01b2368b-5fd7-4366-a5b3-fa07ee0295ac,154,9371,10276,0.9119307123394317,0.014986376021798364
b6f0b72d-28dd-42b4-9c05-256dc2366559,120,4965,5356,0.9269977595220313,0.022404779686333084
12686db9-6d2e-40a1-b9a6-b1db810f26eb,126,895,935,0.9572192513368984,0.13475935828877006
a63edbdd-941b-453c-b7b1-356c17f7e644,79,1086,1131,0.9602122015915119,0.06984969053934571
36951fa0-2a99-42eb-b5cb-6bd065d03ada,128,1510,1726,0.8748551564310545,0.07415990730011587
5cb4826a-dfbf-4b0f-a18e-282f08a19eb3,80,145,148,0.9797297297297297,0.5405405405405406
bd147511-abb2-49a0-bf6b-3a4392166d95,80,230,240,0.9583333333333334,0.3333333333333333
8fc17733-cfdb-4105-9197-bd77cb84e405,108,831,910,0.9131868131868132,0.11868131868131868
0946ffc0-86d3-4777-a674-2be6457a31d2,75,1025,1203,0.8520365752285952,0.06234413965087282
094640dc-1b5e-44dc-9eab-85687791f1f4,60,1361,1517,0.8971654581410679,0.03955174686882004
26c19c9d-9899-4625-aa52-87aca452947e,132,2186,2403,0.9096962130669995,0.05493133583021224
b04be1d1-9c17-4f32-bacd-f30256a5b50a,128,1275,1401,0.9100642398286938,0.0913633119200571
dfe20e33-a8ab-4e3c-991b-781d792c6aea,120,9371,10276,0.9119307123394317,0.011677695601401323
87d11ed4-bc50-415d-909b-5ba61b985cac,171,2493,2674,0.9323111443530292,0.06394913986537024
2479ff30-984f-49de-92a9-4d3d842611fe,116,672,740,0.9081081081081082,0.15675675675675677
b1f4cd17-d122-4f2e-add5-221a46d0a7cb,115,1245,1349,0.9229058561897702,0.08524833209785027
55607594-068d-4543-a580-f9571b3cde31,25,1305,1609,0.8110627719080175,0.015537600994406464
784ba8a9-3fa6-41bc-ad8f-b2786125b8f4,40,3548,3910,0.9074168797953964,0.010230179028132993
986de93f-2a8b-4ff7-b1e8-fbb3c814d402,60,868,974,0.891170431211499,0.061601642710472276
c8ef7634-819b-464f-848f-cc6d13670738,90,1245,1349,0.9229058561897702,0.06671608598962195
b7389609-5483-44b5-86dc-3abef85a09ee,12,0,12,0.0,1.0
2004df0c-b57f-4b3c-98ca-cea113bc7fb0,8,50,77,0.6493506493506493,0.1038961038961039
f4765eaf-688b-47db-aa0b-8190b00792aa,129,684,700,0.9771428571428571,0.18428571428571427
2b0036a4-b286-4d92-9de1-51b31157b91f,276,1059,1148,0.9224738675958188,0.24041811846689895
dae0a688-8268-40dd-a611-702b6aeaf150,141,511,551,0.9274047186932849,0.2558983666061706
0e5f59c2-4cde-44a6-bcb3-6215ac0241a2,62,2493,2674,0.9323111443530292,0.02318623784592371
dfebcd55-c704-4eff-be0f-db67f07ffa89,63,1553,1645,0.9440729483282675,0.03829787234042553
09e11aae-5e4f-478e-b8c9-4add9c4a2c63,46,123,134,0.917910447761194,0.34328358208955223
4d60367d-c585-4c91-a690-040d4daac5e9,172,459,548,0.8375912408759124,0.31386861313868614
7febe988-3756-4705-ba72-fba778809cff,168,1821,2120,0.8589622641509433,0.07924528301886792
3077852c-d064-47ed-9322-f3fb947debfd,90,569,616,0.9237012987012987,0.1461038961038961
404004b0-fca0-40c9-a329-fdfc6633d49b,70,1487,1658,0.8968636911942099,0.04221954161640531
a0a85708-0036-4c57-92ca-5add65c55328,144,2493,2674,0.9323111443530292,0.05385190725504862
46ca5ab1-8edd-4966-b4d6-98a30cebf68d,100,545,571,0.9544658493870403,0.17513134851138354
8fd754b6-5510-4543-b649-c32f0a32fc12,110,1234,1414,0.8727015558698727,0.07779349363507779
9f273be7-7885-4157-b01a-f74fcdb0677e,86,240,278,0.8633093525179856,0.30935251798561153
102c366f-53aa-43e2-8e2b-f1c9a0b1fb60,142,1991,2155,0.9238979118329467,0.06589327146171693
c16926bb-cb51-438b-8996-467428166e2f,143,2590,2872,0.9018105849582173,0.04979108635097493
5a66f6a6-0c7e-4655-95f3-e01940b53bfe,154,1245,1349,0.9229058561897702,0.11415863602668644
2d5b140d-8465-43ef-8b7d-e00e6cc69e3a,101,1516,1679,0.9029184038117928,0.06015485407980941
48756817-2655-4296-9d82-6e7a049a0a12,32,100,140,0.7142857142857143,0.22857142857142856
e63c9723-7361-46fc-8358-663b3d1d6c24,33,749,801,0.9350811485642946,0.04119850187265917
e472d16c-06ca-4c1f-a43b-3b40bf80dd18,9,0,47,0.0,0.19148936170212766
e1a096ef-568f-4e70-943f-aa3019a10335,20,0,26,0.0,0.7692307692307693
4d76558b-8da2-4d09-bee8-890258271bdc,14,0,14,0.0,1.0
6ee0ebd4-7261-417d-bf02-53766d03514a,21,156,193,0.8082901554404145,0.10880829015544041
9f87c3f6-1005-42c9-ba72-fc3d4883f04b,12,47,86,0.5465116279069767,0.13953488372093023
14155929-2d1f-4aa6-a372-7fd035baf3df,122,2538,2752,0.9222383720930233,0.04433139534883721
692c4c48-8703-43c7-b53b-06724af6143d,24,9371,10276,0.9119307123394317,0.0023355391202802647
b77c13e8-ce50-4ecb-8e9a-d076c2856a0a,19,0,37,0.0,0.5135135135135135
43053cb2-2b66-4b05-a5fa-94ff8d3e5f38,11,0,11,0.0,1.0
4eaebc06-273a-4dc7-a644-b3bb0cd01500,22,0,22,0.0,1.0
8118b4ab-8901-4983-9f30-1a686d7601a2,4,91,118,0.7711864406779662,0.03389830508474576
458c2b2d-682e-4a88-8df2-c23ac4a4ec46,11,88,127,0.6929133858267716,0.08661417322834646
13de14c9-004d-46d0-ba5d-fdef98b564d1,4,46,81,0.5679012345679012,0.04938271604938271
b4fe23ed-289c-4cd2-b5cb-0386513f9952,7,88,127,0.6929133858267716,0.05511811023622047
57536eb0-a9d0-4027-89c9-a7f6714ab12d,12,0,12,0.0,1.0
7b609440-5c19-40bb-9296-aa6620d13cdb,102,796,817,0.9742962056303549,0.12484700122399021
3605fb1e-45f2-4d15-b280-f04261a87e1d,42,2538,2752,0.9222383720930233,0.015261627906976744
f4d290ae-1f4f-4115-bcb8-adafe916e1bf,118,1755,1903,0.9222280609563847,0.06200735680504467
c50964e6-7c43-4478-acc2-afb844244c88,56,38,56,0.6785714285714286,1.0
88b1e1cd-8a0c-48c7-b842-96f554dec5bc,120,3548,3910,0.9074168797953964,0.030690537084398978
70a7069a-26a4-4529-b9b7-425aa0e48755,66,1991,2155,0.9238979118329467,0.03062645011600928
64f43b29-5f59-4fa2-b19d-71c086ded037,86,1821,2120,0.8589622641509433,0.040566037735849055
0f45a8a5-9f06-4423-a9d8-d9a62631cd2d,106,1180,1370,0.8613138686131386,0.07737226277372262
d9600795-bf2d-4c8d-9547-bcf290404e30,110,672,740,0.9081081081081082,0.14864864864864866
51d3127c-51df-40af-b564-0517e2c221e6,106,1334,1585,0.841640378548896,0.06687697160883281
44645e9a-1745-4633-be02-8a9dc72b1af5,80,459,548,0.8375912408759124,0.145985401459854
7dca3217-3383-49ee-9314-0d280bdead58,30,48,66,0.7272727272727273,0.45454545454545453
a5195237-443f-4f2c-8d1c-24a4724165e2,125,626,663,0.9441930618401206,0.1885369532428356
9089427f-8309-4bff-b370-95f4902bfb26,144,652,724,0.9005524861878453,0.19889502762430938
95f6e00a-d4e3-40ab-8390-4deb390fa495,85,315,387,0.813953488372093,0.21963824289405684
2573eb71-66b6-4f3b-afc8-a364209d818a,140,376,423,0.8888888888888888,0.3309692671394799
a08c07f3-e301-441e-b97d-97d0df1e1b2c,162,430,459,0.9368191721132898,0.35294117647058826
31ed1250-deaf-4faa-93af-33d278ba2333,73,281,297,0.9461279461279462,0.24579124579124578
d96e6406-c6b9-467f-9137-6e26d8617ab1,96,4048,4324,0.9361702127659575,0.022201665124884366
da7efaa8-5895-4ae2-ac78-d63187452658,60,9371,10276,0.9119307123394317,0.0058388478007006615
73dc6fd3-f60b-4948-83fa-f18e0ef4dd86,96,3875,4152,0.9332851637764933,0.023121387283236993
d396940c-69a2-4c22-ae4b-7a5f91e01384,75,3875,4152,0.9332851637764933,0.018063583815028903
fb8c9919-f5a9-494d-aedb-4477bd7ab104,120,3875,4152,0.9332851637764933,0.028901734104046242
192d96d5-c0e2-4fd5-9cf0-9ad2d686c61d,96,4965,5356,0.9269977595220313,0.017923823749066467
f4b6e986-9433-48c2-b087-2395b55001fd,95,1943,2308,0.8418544194107452,0.04116117850953206
9cf4c7b4-c6f0-490a-8abe-827735ecb752,70,973,1021,0.9529872673849168,0.06856023506366307
276104ec-c308-4d55-a23d-cba6386da7e5,136,477,545,0.8752293577981651,0.24954128440366974
230cc4d3-7350-4292-bfa4-b6b0c2901529,93,537,669,0.8026905829596412,0.13901345291479822
771bb89b-72d9-4911-819c-4ea49acc1b38,108,1567,1786,0.8773796192609182,0.060470324748040316
597630a3-4392-4d31-a8c2-e1aa025d65f6,140,676,724,0.9337016574585635,0.19337016574585636
b91ed0e3-cb5b-4c59-9590-ff596d795120,155,2186,2403,0.9096962130669995,0.06450270495214315
f02635dd-a4db-46e6-ab6f-17bf788f62ea,90,720,766,0.9399477806788512,0.1174934725848564
cf70a40d-2987-43fd-a6d3-0fbce70554e2,83,831,910,0.9131868131868132,0.0912087912087912
11141274-0a14-4692-9005-823f6e353df7,120,412,429,0.9603729603729604,0.27972027972027974
90e0045c-fd7b-4543-93de-728b707b8074,3,984,1055,0.9327014218009478,0.002843601895734597
b8f4afed-bf17-4c17-8609-2c513667e4bf,70,667,692,0.9638728323699421,0.10115606936416185
1497a8d2-e0eb-4c01-821f-52198e68ca2f,151,4965,5356,0.9269977595220313,0.028192681105302465
deafc98e-907c-4db1-aeb3-eac9ea49142a,79,499,526,0.9486692015209125,0.15019011406844107
98ee72ed-fa69-4753-b46c-5879025a6582,147,2207,2405,0.9176715176715177,0.061122661122661126
2a4a5894-0951-4415-8090-2a1681f1b5f4,57,1991,2155,0.9238979118329467,0.026450116009280742
f74247df-e96f-4246-9e01-3f6d2f0631c0,130,2538,2752,0.9222383720930233,0.047238372093023256
8df51868-f7a7-43ee-b15f-81c79ee43ee3,5,1925,2104,0.9149239543726235,0.002376425855513308
eaa352f2-e78b-4b56-b47e-e5ae8547add9,10,74,97,0.7628865979381443,0.10309278350515463
50caffee-0efb-4830-9018-c59c6c4d78bf,4,0,36,0.0,0.1111111111111111
d12b2c89-8ae0-4a6f-8cd7-c77ca10eb1d3,85,569,616,0.9237012987012987,0.137987012987013
04eb08f7-04f8-4e3d-90e9-7a549fba21b8,66,672,740,0.9081081081081082,0.0891891891891892
d2c4a836-7c31-4eb5-97d9-9a88048e49ff,36,0,36,0.0,1.0
55dd00ec-dd11-4f03-ae6c-6d3807289ff3,100,1755,1903,0.9222280609563847,0.05254860746190226
00351956-40c3-4b61-9855-9917e3f21967,144,2538,2752,0.9222383720930233,0.05232558139534884
bb589f93-ea68-4a06-be2c-26d8f70cd00e,183,2493,2674,0.9323111443530292,0.06843679880329095
9f15396a-0d70-48cb-a161-9ecde33fb073,91,1991,2155,0.9238979118329467,0.04222737819025522
d52504e3-edb5-405e-9327-5013deb221c2,100,2590,2872,0.9018105849582173,0.034818941504178275
843c8bf0-7c42-4274-8ec6-95431b84449c,160,1314,1453,0.9043358568479009,0.11011699931176876
fa53485e-2921-468d-aa40-470ed510337c,125,625,666,0.9384384384384384,0.18768768768768768
98e619fc-430c-4046-b7c9-7a1ca80c9c7b,150,3548,3910,0.9074168797953964,0.03836317135549872
4c34544f-b388-483d-b008-968547cd9019,122,1314,1453,0.9043358568479009,0.08396421197522368
e088b03c-cfb7-4988-9351-08b375b734c5,101,2493,2674,0.9323111443530292,0.03777112939416604
41c445ce-b9ad-49e1-907b-17254ff88f30,143,1314,1453,0.9043358568479009,0.09841706813489333
c6b92717-987a-4671-8129-2452f582ce6b,85,242,246,0.983739837398374,0.34552845528455284
64515e62-688e-4de4-a632-50aab5ae035b,131,4965,5356,0.9269977595220313,0.024458551157580284
f918f5db-4173-49e3-a1b3-fe0928b1d9df,128,213,220,0.9681818181818181,0.5818181818181818
7a4ab093-546f-405e-a082-8361adf36e85,166,4965,5356,0.9269977595220313,0.0309932785660941
fefe7b5a-c8cb-4b30-af87-4b061fe70a8f,125,1377,1486,0.9266487213997309,0.08411843876177658
09260381-c36a-4842-8b61-158f0cbca65e,80,4048,4324,0.9361702127659575,0.018501387604070305
e7cb7058-16c8-4285-bef6-ec50940b2d16,102,658,770,0.8545454545454545,0.13246753246753246
e9a31cce-ddde-4c03-881b-486d44d6c626,145,1330,1434,0.9274755927475593,0.10111576011157601
78ac1683-b46b-4018-9f54-b871c9579225,133,1510,1726,0.8748551564310545,0.07705677867902665
47b4f9d0-9390-44c0-ba8e-61845f9346ff,60,836,873,0.9576174112256587,0.06872852233676977
1789433f-baa0-4640-962f-cf8b8d3a744d,180,1294,1368,0.945906432748538,0.13157894736842105
6f66427c-4b38-44f1-98d6-67e25444efb7,100,565,658,0.8586626139817629,0.1519756838905775
44b2a89b-62d1-44f7-b3e0-f96f27c0b164,91,493,580,0.85,0.15689655172413794
91d22a0c-8385-49b3-8a70-e64c5294dbc8,118,267,283,0.9434628975265018,0.4169611307420495
48d86571-1a57-4394-ae08-05316d71f78c,72,761,859,0.8859138533178114,0.08381839348079162
099c3aad-eb90-4cee-a139-d935c6e7524c,111,796,817,0.9742962056303549,0.13586291309669524
e78cf596-4205-44ef-b5f8-999a94faa6e3,118,672,715,0.9398601398601398,0.16503496503496504
1ea31e00-6812-4fb5-8b35-71371bc0b5ef,13,202,250,0.808,0.052
91bb5ace-abd8-402e-a1a9-1a3827f34c14,118,1163,1286,0.9043545878693624,0.09175738724727839
56330267-d39c-45ec-84b4-d786650ea59d,32,0,32,0.0,1.0
a2555590-8032-4353-af37-6b51ab2d7ec0,24,29,64,0.453125,0.375
80193e39-bb25-4e56-b2d6-1c5f72870083,42,116,160,0.725,0.2625
f231f925-f5b9-4130-8e6f-5da354f4cf13,22,0,22,0.0,1.0
6c3d81d4-45b3-4c8c-be4b-be460d9cc82b,93,569,616,0.9237012987012987,0.15097402597402598
e970bbc8-7f0d-44f3-b2b0-0d2a38030456,31,105,145,0.7241379310344828,0.21379310344827587
355f22dc-837e-4219-a46f-e810b0ffe8dc,36,143,186,0.7688172043010753,0.1935483870967742
26ef046e-8fa6-4043-b01c-fade021d4ca6,124,569,616,0.9237012987012987,0.2012987012987013
8d4810c0-0e97-42eb-9578-5cf6cdce1b62,120,1469,1615,0.9095975232198142,0.07430340557275542
a3c36a17-3076-4870-a6a7-fbe5042b0ff8,130,1241,1556,0.7975578406169666,0.08354755784061697
a8a86365-74b8-44b7-8c6f-f94fa51caaff,65,687,752,0.913563829787234,0.08643617021276596
e91e37ce-0b7c-45c2-831d-a965b495d8ad,88,539,604,0.8923841059602649,0.1456953642384106
8168ffc0-7874-481e-b414-8260d0fd20de,66,239,262,0.9122137404580153,0.25190839694656486
6c182c20-1749-4fd2-a596-43ea10a0c27f,134,2186,2403,0.9096962130669995,0.055763628797336665
e8c40647-3c23-4b02-9800-08aa93113538,26,25,54,0.46296296296296297,0.48148148148148145
88123a7a-952a-43f6-87e4-e7cc1aa40341,102,305,316,0.9651898734177216,0.3227848101265823
27766f0e-07d4-489c-8034-bc334147acd0,119,2148,2486,0.8640386162510056,0.047868061142397424
59eaf1f2-a92e-4aed-948f-2c6e1de33a34,98,432,482,0.8962655601659751,0.2033195020746888
3b8baf16-bd8f-40cd-a950-7dc701b00baa,76,2021,2290,0.882532751091703,0.03318777292576419
8f6c79a2-82e9-4072-8bce-e33abb614772,12,197,241,0.8174273858921162,0.04979253112033195
5305b18d-27b9-4a5b-ae40-89d6de0e2b61,6,0,26,0.0,0.23076923076923078
6f86d0a2-9cf1-4c17-9d54-22e37c9364c0,30,0,38,0.0,0.7894736842105263
c9cfec01-b732-4d6e-b575-dfcee6d75dd7,74,2021,2290,0.882532751091703,0.032314410480349345
bfefad26-f5a8-48bc-9827-9eb9f65a9578,144,1314,1453,0.9043358568479009,0.09910529938059189
2288af3e-f874-4090-a962-1e02eaec4134,77,1487,1658,0.8968636911942099,0.046441495778045835
763cb358-afbc-4fbd-8aa3-e54ad23e22b6,95,1516,1679,0.9029184038117928,0.05658129839189994
44e75464-283e-4ec9-b6a3-05ade460727e,232,1314,1453,0.9043358568479009,0.1596696490020647
230fda82-927a-47b0-a1b9-5fd353fbcb2d,156,2493,2674,0.9323111443530292,0.05833956619296934
6b9e2015-0482-4f47-853b-38b3d85423f8,146,2590,2872,0.9018105849582173,0.05083565459610028
6930fd11-fdf3-4d57-8982-eb670ef88789,155,2187,2290,0.9550218340611354,0.06768558951965066
b310f450-f553-4318-9921-ebe97f14c70a,120,4965,5356,0.9269977595220313,0.022404779686333084
e4925ca7-889d-412b-8280-65441a8319af,100,9371,10276,0.9119307123394317,0.00973141300116777
96d2fb84-afc7-4a96-8951-9bd60a50baa3,95,1187,1281,0.9266198282591726,0.0741608118657299
2401f2df-2fd9-4564-8eef-9a87a98ba195,94,1377,1486,0.9266487213997309,0.063257065948856
aa32436f-22c0-4f20-b667-0119900b1aa2,124,9371,10276,0.9119307123394317,0.012066952121448035
f918245f-e0af-4e44-905b-e366f3a25623,110,1142,1232,0.926948051948052,0.08928571428571429
070dc27d-bd29-4bfb-9884-6e89b755cf66,94,1567,1786,0.8773796192609182,0.05263157894736842
fbd02ba7-720e-4996-9b8f-954ea6d90f17,120,1025,1203,0.8520365752285952,0.09975062344139651
459d20de-3415-4ff4-9e87-df0b45ba25d1,102,2217,2568,0.8633177570093458,0.0397196261682243
129ae258-052f-430e-8f9f-c16f5d0f29a4,162,676,724,0.9337016574585635,0.22375690607734808
e89de009-c29a-43ab-b993-f18d21a9af39,90,2954,3412,0.865767878077374,0.02637749120750293
06caac53-9637-436f-9c18-8787416280f0,145,2127,2183,0.9743472285845167,0.06642235455794777
98ebfbff-d557-4b9c-b255-a6219f634357,4,844,915,0.9224043715846995,0.004371584699453552
4dc5bc8b-7a76-4a2c-b004-bde7a8090ce2,10,28,55,0.509090909090909,0.18181818181818182
608cbeb8-a94c-41e7-bf26-3b52767f349a,18,97,144,0.6736111111111112,0.125
f723cbd8-f5f0-4aeb-b876-b7dda97159a7,13,107,154,0.6948051948051948,0.08441558441558442
75b6d878-1a0d-4868-8ed5-d6b7bc45527e,18,28,60,0.4666666666666667,0.3
a7dfa701-fbc6-41a1-9ed5-e732345a00ae,12,16,43,0.37209302325581395,0.27906976744186046
97c71ebb-e973-407a-9254-cff7543cb278,15,12,30,0.4,0.5
bcb2a1e1-f899-4bca-8c72-f22e4d3d6343,102,1298,1411,0.9199149539333806,0.07228915662650602
a3c1df53-784d-4a2b-a6a3-08213a5e28b2,169,2493,2674,0.9323111443530292,0.06320119670905011
c3de8913-4da9-4e23-b0d1-e85bd96ae985,71,667,692,0.9638728323699421,0.10260115606936417
c1942c7f-18d2-4b79-b545-f216cf78926d,117,672,740,0.9081081081081082,0.1581081081081081
3bc2fe98-22bc-426b-bddd-f69f67b8abff,59,219,233,0.9399141630901288,0.2532188841201717
54418713-24d9-43c6-8449-9342cb909640,108,3875,4152,0.9332851637764933,0.02601156069364162
5aff5dd5-9616-4d16-8559-3fa5ce03fe76,103,443,482,0.9190871369294605,0.21369294605809128
530fa741-bda6-4310-9187-b5fb062fe2a1,30,687,752,0.913563829787234,0.0398936170212766
f4b8ef3b-bee9-42d4-a11a-0bb610d21052,119,840,890,0.9438202247191011,0.13370786516853933
fe3c04c7-2967-4e5f-a039-4ba22afc7698,90,2493,2674,0.9323111443530292,0.033657442034405384
67c7b38f-d6c2-4f85-979a-26d66c03738f,112,1469,1615,0.9095975232198142,0.0693498452012384
5f73324d-f40c-4d42-8eed-d5849e7815fb,80,932,1144,0.8146853146853147,0.06993006993006994
b4f481c3-48a9-4714-9f2d-0d989f10b32a,66,1059,1148,0.9224738675958188,0.05749128919860627
27b53c31-75c1-4f9a-b9ea-e614ac7f9c0d,44,609,674,0.9035608308605341,0.06528189910979229
32320b73-8bba-4239-993d-467c46c015a1,128,1298,1411,0.9199149539333806,0.09071580439404678
c6c17ee4-d1fd-40b9-a9e9-e8e73ddf2d4a,131,545,571,0.9544658493870403,0.22942206654991243
a4513d00-0539-43f3-ba7a-37607aeb8466,137,1510,1726,0.8748551564310545,0.07937427578215528
72ab0bf9-bc8a-4f8c-b19b-9a1cd6e5f282,10,9371,10276,0.9119307123394317,0.000973141300116777
ff5dc704-106c-485e-96ed-b3b778122ce7,98,4048,4324,0.9361702127659575,0.022664199814986123
ac32729e-70b9-4076-b21f-1a515fbdf109,120,9371,10276,0.9119307123394317,0.011677695601401323
81240af8-7df2-48f0-a356-60a7107b2247,105,9371,10276,0.9119307123394317,0.010217983651226158
7e17222c-ed5d-4942-bab0-a15590a3e2c2,96,4965,5356,0.9269977595220313,0.017923823749066467
ff5ab2b1-b33f-422a-b28e-52da2e70073f,160,844,915,0.9224043715846995,0.17486338797814208
bdadf5e6-c581-46a9-87ad-ff2d14e424bd,90,3875,4152,0.9332851637764933,0.02167630057803468
2881b590-f05f-49da-b94d-3f79d86ea077,104,4048,4324,0.9361702127659575,0.024051803885291396
708ceaf9-d340-4937-8897-406f96b8eb6a,94,333,374,0.8903743315508021,0.25133689839572193
1beb5fda-19f2-483b-99db-d4ea6a6bcc6d,137,1159,1250,0.9272,0.1096
18861381-0d44-4a6e-a674-9910cbd03934,90,810,899,0.9010011123470523,0.10011123470522804
572945f9-5da5-400e-b3e5-450b2a766f20,91,1361,1517,0.8971654581410679,0.05998681608437706
3b5c3918-a78a-4dd0-b821-6798cbd39979,132,810,899,0.9010011123470523,0.1468298109010011
7d2d6643-dcfa-4b1d-a197-cf3dd155d939,111,265,287,0.9233449477351916,0.3867595818815331
1a21e261-b0f5-486c-8525-084dc2cc0a06,87,4965,5356,0.9269977595220313,0.016243465272591486
9c5d9dcd-1bf1-4e4e-91a0-7d4aad13a60a,12,777,892,0.8710762331838565,0.013452914798206279
106f66da-8354-4b6a-90ff-1bf67a5a1dde,40,598,687,0.8704512372634643,0.05822416302765648
a9010747-ddb2-492f-ad41-e787025e506d,18,1377,1486,0.9266487213997309,0.012113055181695828
46e8deb3-c285-4d52-a9b2-bb8df76b237f,4,0,4,0.0,1.0
b637354f-7b97-4957-bc8a-4122b08c30e5,12,52,80,0.65,0.15
10afd5ff-7c48-47b4-b052-cc7fccfe9980,15,48,66,0.7272727272727273,0.22727272727272727
584ad9e6-b23a-4fc6-bb62-eacaf3a57aeb,18,134,154,0.8701298701298701,0.11688311688311688
21e8be6c-afe5-4d0f-ae41-8b5fdbe75f0a,3,0,3,0.0,1.0
57d4a703-4834-4138-a48f-6a4e110cec40,43,1285,1372,0.9365889212827988,0.03134110787172012
cf3c0096-8d60-478f-a71a-43545d0c36e8,40,569,616,0.9237012987012987,0.06493506493506493
b73b0208-cb91-4461-ac4a-0f95aba08908,6,220,293,0.7508532423208191,0.020477815699658702
0ee19ccf-4b6d-44a9-a5cc-56cd84a60844,91,511,551,0.9274047186932849,0.16515426497277677
a96b4251-23ce-4626-8bbf-57085692b816,30,197,241,0.8174273858921162,0.12448132780082988
06a37972-215c-4069-ab0b-e166333e83ca,24,633,680,0.9308823529411765,0.03529411764705882
a1f636f5-c259-4088-80ee-f5c0f4466526,118,652,724,0.9005524861878453,0.16298342541436464
4be2aa41-1af4-4165-9d13-3b19e6ab0bbf,120,1991,2155,0.9238979118329467,0.05568445475638051
47a36454-f530-4c05-a876-cf945a40575a,57,1461,1588,0.9200251889168766,0.03589420654911839
36d04d15-425a-473d-aab0-8cb597097430,80,412,439,0.9384965831435079,0.18223234624145787
abe9412c-62e8-41f5-904d-883e6481d017,116,1059,1148,0.9224738675958188,0.10104529616724739
07cc0d07-c70c-480e-bda4-4aa224cf7b6a,64,1057,1177,0.8980458793542906,0.05437553101104503
8ca43547-8532-444b-b294-7a6eb3d3e54b,60,536,575,0.9321739130434783,0.10434782608695652
c85227c2-2573-46cf-80ca-c993248cef84,80,2538,2752,0.9222383720930233,0.029069767441860465
b602ee2c-a01e-4474-9e05-6cdb36a4b59a,153,2538,2752,0.9222383720930233,0.05559593023255814
af42e174-3046-445a-9d42-f0453a3b1103,75,4048,4324,0.9361702127659575,0.01734505087881591
68a0f725-7cb2-4f87-8b63-a8d613409f6c,120,4048,4324,0.9361702127659575,0.027752081406105456
ffb85444-c9f1-4ab3-a692-761d33c0b9a8,96,1187,1281,0.9266198282591726,0.07494145199063232
3afb99b6-447d-4d32-ba5b-3176519dbdec,107,804,886,0.90744920993228,0.12076749435665914
97c31cde-5c7c-48c6-984b-be20f7074ac2,140,3875,4152,0.9332851637764933,0.03371868978805395
405db5cb-018d-4eff-8a2c-8a4c81360aca,90,3875,4152,0.9332851637764933,0.02167630057803468
253e8517-b3b5-494d-bdce-9d36c91af642,65,9371,10276,0.9119307123394317,0.00632541845075905
ef65d4cb-0480-47f2-90e0-151d1ea13a95,120,4048,4324,0.9361702127659575,0.027752081406105456
f24987bb-ca12-45ae-9e7f-deb3da831bea,80,297,314,0.945859872611465,0.25477707006369427
73cf3319-86aa-4a6c-a8fd-a0ec72a8704b,13,50,66,0.7575757575757576,0.19696969696969696
00412780-fa68-4015-953f-566e2336d1de,92,548,611,0.8968903436988543,0.15057283142389524
11dba035-971a-4a2a-91f5-7d649fdd2d9f,120,917,1065,0.8610328638497653,0.11267605633802817
632563f8-d09d-4dae-9327-53e47ec27144,120,503,564,0.8918439716312057,0.2127659574468085
885dce9c-dc7e-49f0-9368-63a6f99f6b38,170,2217,2568,0.8633177570093458,0.06619937694704049
44588958-ff59-42ac-9e3b-984a2fb8b2a6,106,245,266,0.9210526315789473,0.39849624060150374
73a5cec7-e92f-4e16-aeed-172ae12037b3,130,484,575,0.8417391304347827,0.22608695652173913
63a0b2f2-bafd-4e5f-a16f-019dd9316fb9,141,1193,1357,0.8791451731761238,0.10390567428150331
4faae743-7af0-46d8-9638-a871b4de161d,120,354,429,0.8251748251748252,0.27972027972027974
7342eb38-9d19-4062-808f-63530f62f1d8,96,810,899,0.9010011123470523,0.1067853170189099
801efb77-99ea-4bf6-ba8b-41f9200e2f48,49,1943,2308,0.8418544194107452,0.02123050259965338
bf7303fd-e86b-47ff-849c-298c6bf1dfae,40,38,40,0.95,1.0
1e4e01a9-0a29-4816-a22e-0c573b98170b,105,2127,2183,0.9743472285845167,0.04809894640403115
12f3c874-c4d1-4218-84a1-88cd5d28269d,7,97,144,0.6736111111111112,0.04861111111111111
9d71ee2b-bc8d-4a35-b604-0f53359a8fff,8,97,144,0.6736111111111112,0.05555555555555555
a1306e4c-30fe-4d66-9a8a-541c7e40633b,105,423,476,0.8886554621848739,0.22058823529411764
6a5b76be-54cf-4c1b-bd43-53475bd5ecc9,108,2127,2183,0.9743472285845167,0.049473202015574896
d32505c3-04a5-48ee-a46d-5feafac0d956,99,2207,2405,0.9176715176715177,0.041164241164241167
6f8f0c0e-7dad-4b4b-bcc1-e78ab0717c82,58,2186,2403,0.9096962130669995,0.024136496046608405
88cb09e0-cfac-4dc5-ae5e-3093f1d6c7b0,11,16,29,0.5517241379310345,0.3793103448275862
d39907b2-0718-482b-96c9-8babba29dd78,6,0,6,0.0,1.0
7d298983-2b79-4b41-8fce-c0f4a0ebb602,10,109,152,0.7171052631578947,0.06578947368421052
64f76890-7f8a-4ab1-9874-b4b9c10cb158,38,0,38,0.0,1.0
508747a2-8bef-4d25-bfd6-9b5e3941330a,63,2590,2872,0.9018105849582173,0.02193593314763231
2f8a7285-8708-4d12-81e1-57a30bebf354,73,673,704,0.9559659090909091,0.10369318181818182
eb68e52a-e81e-442b-939d-f3fabbb61a3e,114,1516,1679,0.9029184038117928,0.06789755807027993
8ab190e4-5706-46ce-977b-4e9787ca6a3b,15,188,209,0.8995215311004785,0.07177033492822966
805a589e-49b7-4c55-a215-097ea66118f4,130,484,575,0.8417391304347827,0.22608695652173913
952f13d9-233f-44f2-ace3-1cbffa67dce6,28,1187,1281,0.9266198282591726,0.02185792349726776
d278c9fa-422e-4af4-9cf1-676a54a8eb41,42,1377,1486,0.9266487213997309,0.02826379542395693
9d2a670b-93a9-4af4-b573-8231c2253180,38,30,38,0.7894736842105263,1.0
a1c18163-7c80-4504-a3f7-8186ba998315,148,1377,1486,0.9266487213997309,0.09959623149394348
d95c6e1f-95ff-4671-8a93-56f52328bb7d,66,55,80,0.6875,0.825
4b95a00a-6de0-42e4-9ff9-64122f23c93f,67,831,910,0.9131868131868132,0.07362637362637363
216b60d0-8034-4a8f-a1b2-874c94f338a3,96,4965,5356,0.9269977595220313,0.017923823749066467
ed89a347-f056-4dd1-a51f-c97e5538bc29,142,1567,1786,0.8773796192609182,0.07950727883538634
dade9d7d-b312-481c-82c9-340ac826047d,81,576,632,0.9113924050632911,0.1281645569620253
1061d0c3-c8c7-4302-abba-139d79de04d8,80,1234,1414,0.8727015558698727,0.056577086280056574
8e7fbf16-e8a3-477f-a038-240ac39b23b4,144,1157,1260,0.9182539682539682,0.11428571428571428
3d56fb55-cacd-48ff-9443-c63ee415c471,48,1943,2308,0.8418544194107452,0.02079722703639515
a351de02-5332-4679-a96c-9a08521ebde3,58,1567,1786,0.8773796192609182,0.032474804031354984
d336efb9-50d1-46bc-ab1e-e383d68a0c66,96,1487,1658,0.8968636911942099,0.05790108564535585
4df700d4-262e-4bb8-83dd-fc8ed29900e5,120,1556,1723,0.9030760301799188,0.06964596633778293
b5483d34-2950-4e0b-a19a-6374997fcf9d,114,1157,1260,0.9182539682539682,0.09047619047619047
01bce66f-abed-4b5e-a373-ac253a97a4e8,144,2590,2872,0.9018105849582173,0.05013927576601671
8ee38718-19ec-406a-9c09-fb1570a18be9,120,2954,3412,0.865767878077374,0.035169988276670575
9adfcfbb-c444-4390-b585-4f5687420b9e,61,1294,1368,0.945906432748538,0.0445906432748538
bf35adb2-4d9b-4013-b732-8a955fc08b4d,150,1567,1786,0.8773796192609182,0.083986562150056
7d2c1ff6-864e-446c-ade8-fc52fdbb74f0,96,1925,2104,0.9149239543726235,0.045627376425855515
1b2345aa-0ebb-489c-b1ba-9e12c55cbd77,108,4965,5356,0.9269977595220313,0.020164301717699777
58c61ab6-6b8f-4e19-933d-f337725a4049,144,4048,4324,0.9361702127659575,0.03330249768732655
1b1e82d5-f212-47b2-9c15-006928b2a63b,135,3875,4152,0.9332851637764933,0.03251445086705202
404a8097-ae0a-4d16-b2fe-1eecb5dc3d0a,99,866,1012,0.8557312252964426,0.09782608695652174
7701b07b-e737-44d2-afc2-0f7f0c770dc3,138,707,731,0.9671682626538988,0.18878248974008208
4bbeadf2-c1d1-473e-95af-de6bc84c95b8,40,1341,1418,0.9456981664315938,0.028208744710860368
6726e09f-ca6b-41fc-9786-f22d538e4454,108,1341,1418,0.9456981664315938,0.076163610719323
8bfe7fac-a52d-44af-a75a-c5354e4413ed,75,2186,2403,0.9096962130669995,0.031210986267166042
196264a1-d957-4cbf-a2e4-a01d54182a3c,98,1821,2120,0.8589622641509433,0.04622641509433962
43d9d06c-1e79-4517-8068-e0bb3456e507,85,221,306,0.7222222222222222,0.2777777777777778
4f94075f-f85c-4758-ae15-c63fc3dac3d8,154,1330,1434,0.9274755927475593,0.10739191073919108
318551f1-5876-4655-94f7-42baf2e2a37b,85,707,731,0.9671682626538988,0.11627906976744186
eda6f2c2-6838-4103-995a-50cedaea8668,60,3875,4152,0.9332851637764933,0.014450867052023121
1beda149-110a-4a23-b653-15693d6f788b,151,1377,1486,0.9266487213997309,0.1016150740242261
b810e259-169a-4e88-b944-379e92a59068,75,2590,2872,0.9018105849582173,0.026114206128133706
96f7e34c-6048-4a4a-9ed7-060f785931a5,119,4048,4324,0.9361702127659575,0.02752081406105458
2b48d91d-e4e7-4d3e-b6ea-964dc4ab9ae4,8,0,37,0.0,0.21621621621621623
d59cbda3-b1a4-4386-8054-2f1378a38cbd,123,526,626,0.8402555910543131,0.1964856230031949
83fc4c18-576e-4a65-bc38-767477bab5f3,100,2954,3412,0.865767878077374,0.029308323563892145
2ce61f40-596f-4c45-bd8d-7fc32ec87611,60,1159,1250,0.9272,0.048
0dfee873-2465-4179-bfe2-6873ccb92dc2,99,1461,1588,0.9200251889168766,0.06234256926952141
b38bd039-db77-48c5-8954-e79ff5cbff82,76,2148,2486,0.8640386162510056,0.030571198712791632
0948284a-2ee7-438c-a15a-7e5b504f2aaf,132,1057,1177,0.8980458793542906,0.11214953271028037
001efff7-26d9-46e6-8a51-a8de7efe201e,132,2148,2486,0.8640386162510056,0.05309734513274336
ee55428c-7ece-4973-beff-4f95be441b2c,66,1169,1319,0.8862774829416225,0.050037907505686124
7ee972ad-dea2-4849-ada4-3314af411a31,125,2217,2568,0.8633177570093458,0.04867601246105919
2f6662e4-0c66-4d85-8af9-b3832f16a512,68,1644,1794,0.9163879598662207,0.0379041248606466
69cd3869-6397-47a7-9c28-0019d33bd575,225,9371,10276,0.9119307123394317,0.021895679252627483
a1c456fb-bb60-4348-8643-b6ffa1340ff6,25,0,25,0.0,1.0
ca262519-97b7-46dd-8a2b-ef3c92f4f273,13,88,132,0.6666666666666666,0.09848484848484848
79dfd7bb-4c66-4ef9-beab-c808f539a2b7,58,499,526,0.9486692015209125,0.11026615969581749
34628631-bbd1-4386-b70b-afc08b740192,60,1305,1609,0.8110627719080175,0.037290242386575516
1bcf565f-a4f9-4dca-865e-45ac2a82fd87,82,2186,2403,0.9096962130669995,0.03412401165210154
9fbbc97f-2648-4408-9b76-f72a3d03b546,110,9371,10276,0.9119307123394317,0.010704554301284546
c4778cf9-8aaf-4462-8c62-26d08ba17703,120,1157,1260,0.9182539682539682,0.09523809523809523
00e0a8b1-1443-42cc-a8d1-b3b9a6e64c19,98,134,154,0.8701298701298701,0.6363636363636364
c3f4e498-b6b3-46e1-800a-d7e70ebd1f88,77,536,575,0.9321739130434783,0.13391304347826086
8a46fcc8-e0df-4a7a-9827-10ec4ef80b24,100,1298,1411,0.9199149539333806,0.07087172218284904
5d41ebb6-ce03-4dfc-8993-2f2f6bd2f32b,250,932,1144,0.8146853146853147,0.21853146853146854
4143668d-48a8-41d1-84dc-4425fb9c5e85,145,2021,2290,0.882532751091703,0.06331877729257641
5f16748f-7fb3-41a6-a314-430c1c5e6b44,130,1298,1411,0.9199149539333806,0.09213323883770376
786205b5-5d2c-4073-aef2-379835b8fa55,125,1314,1453,0.9043358568479009,0.08602890571231935
b1fea1df-7461-427d-b26d-f7719aaff0ae,104,1609,1672,0.9623205741626795,0.06220095693779904
68825858-46d3-4735-9de7-a35b033f8e8f,140,1187,1281,0.9266198282591726,0.1092896174863388
51303f08-8ffe-4a46-9458-f269a6b04b13,150,2217,2568,0.8633177570093458,0.05841121495327103
271abf0f-c909-464f-93a7-7ee146aa4316,148,1556,1723,0.9030760301799188,0.08589669181659895
8d86016c-8702-4634-adf3-d8a5bf97dbb9,155,2590,2872,0.9018105849582173,0.05396935933147632
636111f1-0893-42df-8d10-3b0977f656ff,102,1919,2160,0.888425925925926,0.04722222222222222
f1cdca00-7c48-416f-aa0b-8db5218525e6,104,1919,2160,0.888425925925926,0.04814814814814815
82042d29-1830-4d6e-ba24-12d1f8146371,96,354,429,0.8251748251748252,0.22377622377622378
8b6a2b80-fec0-4cf5-b6af-02582fe07272,42,112,145,0.7724137931034483,0.2896551724137931
8426299f-f362-4688-914f-e05efe1750df,129,2217,2568,0.8633177570093458,0.05023364485981308
e4147e1e-7172-4b22-a552-7b20cd115dcb,100,428,482,0.8879668049792531,0.2074688796680498
08da7602-a922-40c5-970d-c492c899606b,144,1169,1319,0.8862774829416225,0.10917361637604246
61a746fa-4df9-495f-8b7a-0e3ee6d61054,144,290,324,0.8950617283950617,0.4444444444444444
61e2fed6-37e8-438d-a5f8-be813ce24293,123,264,270,0.9777777777777777,0.45555555555555555
c51359e9-8822-45c6-9842-bf559d0268e9,180,2954,3412,0.865767878077374,0.05275498241500586
ccbf1c0c-37db-40e0-89d0-cf4f2a6f6198,90,1187,1281,0.9266198282591726,0.0702576112412178
df4b10b9-f1a0-4cd0-99c5-b335bb391219,68,1234,1414,0.8727015558698727,0.04809052333804809
00c4611d-8693-4e7f-a7f7-cb8d071ad97a,146,4048,4324,0.9361702127659575,0.033765032377428304
d380ac64-21ed-48f2-868e-c5e9194db07d,151,3875,4152,0.9332851637764933,0.03636801541425819
f78cf645-ee9b-44e2-b54c-d7aa665aff04,91,658,770,0.8545454545454545,0.11818181818181818
17f0bf4c-ff9f-4138-99d2-6add5c548214,126,3875,4152,0.9332851637764933,0.030346820809248554
3f604c01-9fb4-4922-bbe4-6f692028a66a,150,1925,2104,0.9149239543726235,0.07129277566539924
f145c509-7d9f-48fa-a5a6-73669cad151d,90,238,299,0.7959866220735786,0.3010033444816054
82ece147-8c4f-4a26-a32f-2bd43fd2b3f2,137,2187,2290,0.9550218340611354,0.05982532751091703
90cf74cb-b4bd-4bc3-94fd-e8866b366844,190,2186,2403,0.9096962130669995,0.07906783187682064
09d0c41e-c821-4e36-80ce-4a6ea7e569a4,102,1241,1556,0.7975578406169666,0.06555269922879177
d7b2299e-f7c3-41f1-8364-6864db201517,138,1925,2104,0.9149239543726235,0.0655893536121673
e75a0dc7-ecc9-4399-98eb-12bd729767d5,111,2127,2183,0.9743472285845167,0.05084745762711865
e95a8640-8fcf-4543-9430-65014e287ca7,164,499,526,0.9486692015209125,0.311787072243346
3cf1c425-5f09-4338-84d8-d820a5d2ccc3,85,368,407,0.9041769041769042,0.20884520884520885
4724d45f-7e6a-4b82-9a11-05d92a9ae0f3,88,216,256,0.84375,0.34375
26742d7d-cf90-443b-af97-4212e54aeffa,148,1925,2104,0.9149239543726235,0.07034220532319392
521ba3e1-77d2-4570-bcd0-bddef4f36116,135,1943,2308,0.8418544194107452,0.05849220103986135
c86037e1-6a19-4a65-9227-6f89a3e49598,80,1163,1286,0.9043545878693624,0.06220839813374806
d8f1fd95-3555-4c54-b49d-e1beb6cd10f3,149,1919,2160,0.888425925925926,0.06898148148148148
40dcbf37-5496-4367-82e9-6ba51f667e5f,156,1298,1411,0.9199149539333806,0.1105598866052445
eb3f676b-18c8-49a4-ae05-48be5e97dbff,128,1516,1679,0.9029184038117928,0.07623585467540203
deacbecd-4fc2-40cb-b082-2f912e8b81f6,110,895,935,0.9572192513368984,0.11764705882352941
a7bb0c7e-cb25-4443-901b-158bb3ce6cf3,93,9371,10276,0.9119307123394317,0.009050214091086025
f9af1fef-c717-4b37-9236-fe37117f0f0a,102,1567,1786,0.8773796192609182,0.05711086226203808
3c825d0a-3199-4ac0-be7f-ca2d5a2de0e7,119,9371,10276,0.9119307123394317,0.011580381471389645
25e6d894-4c8f-45ce-b66a-cb7811554804,22,0,22,0.0,1.0
bcefda5b-9f9d-453a-945f-57c860937196,22,0,22,0.0,1.0
f5e5b707-3fc4-469b-9128-28e8f9dc0229,8,0,38,0.0,0.21052631578947367
d90256ea-0c5e-44ad-8c4d-df3a4cf4f895,22,0,22,0.0,1.0
3df1a929-fe8a-47cc-bf04-e726b68f111f,16,27,47,0.574468085106383,0.3404255319148936
50498009-ce8f-477d-8082-360b851746f7,31,0,47,0.0,0.6595744680851063
a9fd7127-0590-4e33-b54a-2d9f462e50df,26,0,26,0.0,1.0
5c1f8c3d-d3d2-41ef-8f27-50e1243ff13d,16,0,16,0.0,1.0
c0f6ae5e-7dd9-468c-9415-d33dde734cca,26,0,26,0.0,1.0
5b7cbe5b-ae75-4059-a372-2fc77c02e0d9,12,50,66,0.7575757575757576,0.18181818181818182
753deaa6-f849-4251-ab47-e064223325ca,10,29,64,0.453125,0.15625
92f5e7d7-7384-4098-b4d5-ecbcfa9afb9d,42,1469,1615,0.9095975232198142,0.026006191950464396
57709364-9c60-4291-8c6d-9540e2f6e061,25,75,186,0.4032258064516129,0.13440860215053763
9eb2aa11-b891-46c1-b616-7102cbb25ae3,45,75,186,0.4032258064516129,0.24193548387096775
4c11f127-95a3-4239-9b1c-494b2885d592,27,88,132,0.6666666666666666,0.20454545454545456
0aec67f2-38be-41e9-9b18-a1654ba6ce78,10,238,299,0.7959866220735786,0.033444816053511704
7c887c57-d667-4b2a-bde2-e6e3061b3727,11,0,11,0.0,1.0
c0840dc9-4b81-4701-811c-99956fe1741f,18,0,37,0.0,0.4864864864864865
fbff6898-30ea-47ed-8394-259cf942d02f,108,1925,2104,0.9149239543726235,0.051330798479087454
8ab02c3b-b285-4b63-a0a3-93d6b77f6b59,50,9371,10276,0.9119307123394317,0.004865706500583885
ff6df550-9f6d-4842-8a7d-e5fad15af33d,24,28,67,0.417910447761194,0.3582089552238806
4361bbaa-ed51-4e53-861d-6c1938c58a9e,90,1157,1260,0.9182539682539682,0.07142857142857142
3ee3cb07-a9ad-4f9f-9086-c11a9e4b9ff6,8,0,8,0.0,1.0
ab7e0f63-c9d0-4bcc-b856-71054a8a9282,4,21,26,0.8076923076923077,0.15384615384615385
2f65c106-8c79-4c32-913e-d97ae17532ba,4,47,51,0.9215686274509803,0.0784313725490196
d05999ee-04be-4f48-ab5e-d1287d67c1cb,14,0,14,0.0,1.0
ebbb5758-add9-49c7-89e1-a99a75f0e7f9,11,0,11,0.0,1.0
ce0bb552-c6c5-4e05-8f54-04237cbc87ec,12,0,12,0.0,1.0
aee0aa1b-5eeb-445a-b94b-f20fe0dc57a8,79,537,669,0.8026905829596412,0.11808669656203288
656f2af8-66a8-44a8-8a2a-ed7166a8e91d,24,16,24,0.6666666666666666,1.0
300d38a5-bb0f-4ebf-8ef6-4d8ee5af95cf,8,0,8,0.0,1.0
5cd50990-2efa-4365-b9ee-f5f65b69b482,14,0,14,0.0,1.0
9eb977e1-4e14-459b-8655-dcc19cc8d3ce,6,0,6,0.0,1.0
af994a11-35ad-4576-9bfd-169b466939e9,120,216,233,0.927038626609442,0.5150214592274678
725d053f-c333-4fce-8caf-953b1c469a1b,109,917,1065,0.8610328638497653,0.10234741784037558
347e5bee-5706-4e1b-8e23-63f8e2348e6b,148,1377,1486,0.9266487213997309,0.09959623149394348
3b10faaa-359e-47cf-aa46-29e33d0dafc0,161,1294,1368,0.945906432748538,0.11769005847953216
bcbb212b-3739-4006-bb48-621daaf8d689,130,1377,1486,0.9266487213997309,0.08748317631224764
19e94e83-366d-4050-9d28-34ce0a016339,96,477,545,0.8752293577981651,0.1761467889908257
8f5fbf3e-0362-49d1-9694-3fc8413c59e4,50,1334,1585,0.841640378548896,0.031545741324921134
699608e6-221e-4863-9a60-d7a1c261e218,110,2187,2290,0.9550218340611354,0.048034934497816595
ced524ab-8bdb-4f6d-be26-b482342b08a5,82,376,423,0.8888888888888888,0.1938534278959811
e0c88b8f-ae6b-487b-8900-6cbb1f167d86,123,2127,2183,0.9743472285845167,0.05634448007329363
69be19d2-b47c-4bb3-8bd0-3b402d257f02,150,4048,4324,0.9361702127659575,0.03469010175763182
1a08fc30-39f5-445a-9ae3-9887f35ea114,120,796,817,0.9742962056303549,0.14687882496940025
32d9837b-013d-49a5-9689-66638239e5f9,120,804,886,0.90744920993228,0.13544018058690746
d95899e7-e264-4c07-9d00-b8647259a35d,96,4048,4324,0.9361702127659575,0.022201665124884366
08a38a75-90e1-4a98-81a7-539c445ca67d,94,4048,4324,0.9361702127659575,0.021739130434782608
cf1bd1e2-11ca-43d8-8234-aa0c0cee9a44,99,966,1044,0.9252873563218391,0.09482758620689655
5040ca64-cb33-485d-a35e-83e9b8bd77ba,84,1461,1588,0.9200251889168766,0.05289672544080604
e1056ae1-1f95-466a-95d1-8e70630f43aa,88,1334,1585,0.841640378548896,0.0555205047318612
b33c8dfb-291c-4a86-a945-aae672b43094,137,2187,2290,0.9550218340611354,0.05982532751091703
438ec2d6-daeb-4d3b-b24d-53b8feceee25,104,1314,1453,0.9043358568479009,0.07157604955264969
d7736edb-34cd-42cf-9bec-8b6e8e44ce6f,60,2186,2403,0.9096962130669995,0.024968789013732832
e2e890e4-4f92-47b7-bfbf-d7d08727845e,91,2187,2290,0.9550218340611354,0.03973799126637555
f5a827f1-8beb-461d-973f-1395593e1c3f,20,107,154,0.6948051948051948,0.12987012987012986
365d9ddc-dee1-41bd-9f7c-2aea80c599ad,16,108,154,0.7012987012987013,0.1038961038961039
c212692f-ba67-445c-9617-58729380f1b8,42,673,704,0.9559659090909091,0.05965909090909091
5b972bb7-8c59-4c59-9d68-5469ca54b4c7,54,2186,2403,0.9096962130669995,0.02247191011235955
49a0d378-4f52-46f4-a98b-b7f247f0ea85,65,1169,1319,0.8862774829416225,0.04927975739196361
f5fb9e30-1dd8-4c5a-96f4-18357448d223,126,1163,1286,0.9043545878693624,0.09797822706065319
c8aa2a68-7a27-4af4-831b-72127f82593f,120,1163,1286,0.9043545878693624,0.09331259720062209
61f21b93-9189-481b-b0d7-cc489bc18f69,14,0,14,0.0,1.0
c9e77303-419a-457c-a698-a2efa32c00d1,119,1567,1786,0.8773796192609182,0.06662933930571109
472e7104-b9ef-47e2-b874-5c090b4b4c10,45,1461,1588,0.9200251889168766,0.028337531486146095
4298d3c0-2bf1-44d4-a1c8-3bba84f8293c,139,796,817,0.9742962056303549,0.1701346389228886
0d17c65a-b06d-4df8-bc9b-235371b4881d,112,1106,1301,0.8501152959262106,0.08608762490392007
deddb90d-ccef-49c0-8d7f-569a672066ad,4,0,4,0.0,1.0
e8221d25-d775-4bd0-b019-156ae978b7f1,198,720,766,0.9399477806788512,0.2584856396866841
1ef83c1e-6773-4c6e-b84c-76d96da6bb94,144,2187,2290,0.9550218340611354,0.062882096069869
d353fc6e-c6cb-427f-ad03-13f2efa9343b,191,609,674,0.9035608308605341,0.28338278931750743
7c1248c0-25b8-45f5-9c2a-dec7f00846d4,114,3875,4152,0.9332851637764933,0.02745664739884393
49a15ffa-2203-4a9e-90b6-67d9902f4e5e,60,2493,2674,0.9323111443530292,0.02243829468960359
9249afdb-c7e3-4787-9442-0cf3106d90df,102,4048,4324,0.9361702127659575,0.02358926919518964
f634edcf-fd63-445f-a6a4-51d5b4ee46ef,122,3875,4152,0.9332851637764933,0.029383429672447014
93a62951-c2a3-47a8-824f-ae0dca8db089,40,548,611,0.8968903436988543,0.06546644844517185
35ed4262-8773-4d79-9149-feda3517a2b1,60,576,632,0.9113924050632911,0.0949367088607595
a6a4585a-96b5-4dd9-887e-766546be0cb5,134,1086,1131,0.9602122015915119,0.1184792219274978
73c04eaa-5056-41b9-adf9-71e67cae64cf,238,582,626,0.9297124600638977,0.3801916932907348
bc064db7-8567-4275-96ed-91dda884bfbb,119,1341,1418,0.9456981664315938,0.08392101551480959
8c411c4c-cc68-4e53-ac2d-336aac6db609,148,1919,2160,0.888425925925926,0.06851851851851852
4a8df48f-3eb5-4c1e-98f2-e26997b50459,90,2954,3412,0.865767878077374,0.02637749120750293
d0ad35a6-d792-4d4f-b897-47616abf0ead,95,1755,1903,0.9222280609563847,0.049921177088807146
a4d61a35-d361-40e9-ad01-387b79a1e9e1,124,672,715,0.9398601398601398,0.17342657342657342
da3cf6f6-bbeb-4f3e-b0e0-1ef349130829,128,672,740,0.9081081081081082,0.17297297297297298
4200a7cf-f546-4fec-8c1e-4963d1486345,160,3548,3910,0.9074168797953964,0.04092071611253197
fabf8148-b152-4057-ba2f-9c670a0ec09a,86,1516,1679,0.9029184038117928,0.05122096486003574
a5245e1c-1704-4c01-a1c0-c4e08317b286,125,9371,10276,0.9119307123394317,0.012164266251459712
270c3e4c-4a98-4e35-802d-636e23764711,84,749,801,0.9350811485642946,0.10486891385767791
7f135b8e-c714-4b9c-b8cc-e68a56139e64,104,2217,2568,0.8633177570093458,0.040498442367601244
9acff8c9-c184-43d6-ae55-6d62e49c68b7,128,443,482,0.9190871369294605,0.26556016597510373
125af005-938c-4b26-b812-a83689401d2c,144,1025,1203,0.8520365752285952,0.11970074812967581
82dd0256-4c7f-471a-b100-57d8135f0ba4,100,868,974,0.891170431211499,0.1026694045174538
e9d7aaf3-5103-4ecc-b2a5-0881882efc2a,99,2217,2568,0.8633177570093458,0.038551401869158876
8a81c3d6-31de-45e6-9391-f87e9b1e0a51,106,4965,5356,0.9269977595220313,0.019790888722927558
fab1fb73-ab34-4f8f-a761-14597b3cf68f,131,732,818,0.8948655256723717,0.16014669926650366
4de41d29-0150-42b5-b10e-a4744ccd7864,110,2187,2290,0.9550218340611354,0.048034934497816595
363749d7-c017-4fd6-a0de-14b700c4f208,140,1644,1794,0.9163879598662207,0.07803790412486064
9904608c-a80f-452d-bed0-bb78e103fad5,101,1163,1286,0.9043545878693624,0.07853810264385692
ac7ab345-fc0b-4c6b-a4f8-9b3729f1d6dc,140,9371,10276,0.9119307123394317,0.013623978201634877
e29b3893-e42c-4154-a4ef-6f786da523f2,30,831,910,0.9131868131868132,0.03296703296703297
dda5aa8b-1bc8-4b12-badd-9b4d8ebf3bdd,91,4965,5356,0.9269977595220313,0.01699029126213592
ced1a632-6067-48fd-9116-75f1ca871954,92,156,193,0.8082901554404145,0.47668393782383417
7bda622e-4b6f-4768-a14c-912bea6e506b,102,9371,10276,0.9119307123394317,0.009926041261191124
53547c91-ab8b-404d-87e0-54b89fb92575,10,0,10,0.0,1.0
4dda1a7a-476e-440d-8ddc-c63741b3886b,15,0,15,0.0,1.0
350dab7a-7b48-4d01-8564-00d6a7e79035,15,0,15,0.0,1.0
ccaa7228-fb59-416c-9990-b4bb340bbfe7,15,66,113,0.584070796460177,0.13274336283185842
59f21739-35a9-478d-8fcc-4b5c0e35a332,105,1487,1658,0.8968636911942099,0.06332931242460796
c0e72ac2-1da0-478a-9c2c-a07186c6f350,83,128,141,0.9078014184397163,0.5886524822695035
75f99416-dbb6-4851-ba75-721e8d7d1677,96,9371,10276,0.9119307123394317,0.009342156481121059
90092b1f-eb58-4db3-b9f8-ffc67311d8a5,107,9371,10276,0.9119307123394317,0.010412611911249514
ac41d38d-ffae-4c40-96db-a785878a660e,121,1193,1357,0.8791451731761238,0.08916728076639646
155c6a53-49a5-472d-9694-138741587031,105,1461,1588,0.9200251889168766,0.06612090680100756
48fa9e7a-e87e-4878-9dbe-93d05ebbc4ca,105,2186,2403,0.9096962130669995,0.04369538077403246
2cf93f23-f4ae-4521-96c6-6692143a899f,1,91,118,0.7711864406779662,0.00847457627118644
2e43ebbc-febd-4c75-bac1-12e8e4379e80,97,560,623,0.898876404494382,0.15569823434991975
9d2fba26-4ee7-4cdf-886e-631ac19e9ed1,122,3548,3910,0.9074168797953964,0.031202046035805626
d3d5be78-be56-4801-8ea3-2fe98d3e7c05,114,1689,1968,0.8582317073170732,0.057926829268292686
a0ab4d50-a844-4ced-b3c3-72f4176311e7,120,777,843,0.9217081850533808,0.1423487544483986
bbace864-6168-4628-ac57-18c70354e420,156,1341,1418,0.9456981664315938,0.11001410437235543
57c328ef-1015-445c-8540-6f37532982ae,93,230,274,0.8394160583941606,0.33941605839416056
34da4c70-8b58-4096-8f30-a7d9222e48d4,90,1180,1370,0.8613138686131386,0.06569343065693431
e72f8258-f51f-45f6-997d-0977355426d8,140,1294,1368,0.945906432748538,0.1023391812865497
61946daf-f8e5-412e-ae68-12797edb7772,144,1057,1177,0.8980458793542906,0.12234494477485132
381cc011-2ba7-4c89-957c-7c6ac28a2b4c,109,1234,1414,0.8727015558698727,0.07708628005657708
ef0a9a9b-cc9a-4941-9799-8b74c57dbe4d,144,932,1144,0.8146853146853147,0.1258741258741259
dcc773a2-8662-49d5-a59b-ca1280df5c6b,144,810,912,0.8881578947368421,0.15789473684210525
e5b08f7b-902b-4013-8ff0-53e9686ffc0d,120,537,669,0.8026905829596412,0.17937219730941703
3ff449ba-1765-4910-814f-2ac1bdfbce8d,144,734,765,0.9594771241830066,0.18823529411764706
9778171d-17b9-4ffd-b962-d30052850851,144,598,687,0.8704512372634643,0.2096069868995633
ac4d87a9-ca70-4477-90b8-044a97bd676b,185,1330,1434,0.9274755927475593,0.1290097629009763
c71ba5ec-f74f-480b-a2d3-698a8c46fd79,144,526,626,0.8402555910543131,0.23003194888178913
99e3bdbc-67fc-4cf4-8c29-f6efbabb3680,20,687,752,0.913563829787234,0.026595744680851064
952405a9-2458-4cc6-b1ca-e9e4a4295bfc,72,238,250,0.952,0.288
eddee6a3-f3d9-4991-8952-3b00c54eafe4,120,866,1012,0.8557312252964426,0.11857707509881422
492be4bc-35fb-40b4-874d-fb9728c55de2,112,1943,2308,0.8418544194107452,0.04852686308492201
1ffe8056-a007-4803-83a7-5ef0f6e1cbfd,60,1991,2155,0.9238979118329467,0.027842227378190254
157f5419-7577-4513-af09-30847e660356,118,1461,1588,0.9200251889168766,0.0743073047858942
14131af3-d529-45bd-9586-dada17c3683d,100,2148,2486,0.8640386162510056,0.04022526146419952
79adc0cd-73ac-45fa-ab02-99671f78581f,74,1193,1357,0.8791451731761238,0.054532056005895356
be90ac57-c6dc-4958-9b87-00e6550c2ea6,45,1469,1615,0.9095975232198142,0.02786377708978328
83a9e4f4-69fd-4fc6-91c6-1808b5dcaf06,100,2954,3412,0.865767878077374,0.029308323563892145
ad4539e6-b232-4cd7-b98e-2dda2171b1a6,75,2217,2568,0.8633177570093458,0.029205607476635514
3f13297e-b46b-4086-b3b2-7f9ce9acfc96,79,1275,1401,0.9100642398286938,0.05638829407566024
efe57174-ad81-4345-97df-3f08ffe4b516,120,761,859,0.8859138533178114,0.13969732246798602
260d0092-1e6e-4fc7-9d6e-d65f6351227a,120,2954,3412,0.865767878077374,0.035169988276670575
089c9e7e-c317-4314-9e0d-4b8ce40761eb,121,1449,1696,0.8543632075471698,0.07134433962264151
a1272631-20d6-44da-ad5c-580afcbfb4e3,8,0,8,0.0,1.0
88d7d878-6e8f-4b7d-9030-0923631e2279,90,1943,2308,0.8418544194107452,0.0389948006932409
4ca92e72-73a3-4db0-b170-870a2eeb7401,138,1234,1414,0.8727015558698727,0.09759547383309759
b6d7d281-dbb5-4eed-b1fc-dd16395eb33b,150,3875,4152,0.9332851637764933,0.036127167630057806
43272b66-2ec2-4280-9421-cb21dfc7d715,150,9371,10276,0.9119307123394317,0.014597119501751655
1d865842-63ff-4a20-9847-59bf5b9ea75f,150,9371,10276,0.9119307123394317,0.014597119501751655
1e79c021-853c-4998-80a5-d68065242f04,120,120,120,1.0,1.0
1937ec3b-5fa6-45e1-a605-5e0ea4c4760b,141,9371,10276,0.9119307123394317,0.013721292331646555
b119c119-cfd7-40dd-bbf6-127c7ccd65b9,10,0,10,0.0,1.0
44f77ab8-23a3-4225-9945-5130793dcb21,134,281,297,0.9461279461279462,0.4511784511784512
3ce3c132-af53-4af0-a4d0-68845b8408d6,92,1510,1726,0.8748551564310545,0.05330243337195829
edcd9efa-b4f4-4cf8-bf9e-7a912b843a30,90,268,341,0.7859237536656891,0.26392961876832843
0554edf8-4073-4eb3-9f20-303aaaab32c0,30,4048,4324,0.9361702127659575,0.006938020351526364
752014d9-ef42-42de-a3c5-68c2cc6542c5,70,9371,10276,0.9119307123394317,0.006811989100817439
e7b1ab3c-8206-4f3b-9720-8b23490eaff5,80,2590,2872,0.9018105849582173,0.027855153203342618
49abcf18-052b-4dd2-83e3-8698bf71024a,124,1461,1588,0.9200251889168766,0.07808564231738035
1ff475f5-0f4b-468b-8f58-0d439bbae76b,97,2021,2290,0.882532751091703,0.042358078602620086
e5d09885-d25d-477e-9677-52db876df6ab,159,3548,3910,0.9074168797953964,0.040664961636828645
0c9a37ed-c99b-4602-b6ed-20463ed089fe,83,1469,1615,0.9095975232198142,0.051393188854489166
e676557e-7ba4-449c-81c8-78c57a81683d,147,1334,1564,0.8529411764705882,0.09398976982097186
827ebdc2-b3f8-4b6a-b4e4-d5d3622e8531,96,9371,10276,0.9119307123394317,0.009342156481121059
1d791d5a-5cc4-4ead-b021-aecdc898674d,128,2127,2183,0.9743472285845167,0.05863490609253321
f3ca7f14-3a6d-4709-8513-68b2310bbded,75,1363,1489,0.9153794492948287,0.050369375419744795
9487ec28-19cc-444b-8449-d4d8f3aaf535,80,2207,2405,0.9176715176715177,0.033264033264033266
118a2934-7db5-4d10-87b9-3132ec204bc9,108,2207,2405,0.9176715176715177,0.04490644490644491
c8e8933f-a4e4-4671-89df-9c8a63b4a297,7,279,302,0.9238410596026491,0.023178807947019868
4a1b53b0-8102-488a-b4d3-beecf62070c0,22,58,124,0.46774193548387094,0.1774193548387097
46ae43f1-a1e3-4303-9ef0-54dcc4828048,24,202,250,0.808,0.096
592cb93a-4b4c-44cc-9a00-2fddb8f69257,32,0,36,0.0,0.8888888888888888
7e69af58-ebb5-40f1-8aff-da9325443d36,90,3875,4152,0.9332851637764933,0.02167630057803468
2b971361-e4a7-4f5d-a543-eec3f5e258eb,94,1234,1414,0.8727015558698727,0.06647807637906648
5701b6d7-3c8d-42ae-a6cb-f7b571df3292,70,836,873,0.9576174112256587,0.08018327605956473
eb651712-f24a-4551-aeae-05d179fccc2b,47,158,172,0.9186046511627907,0.27325581395348836
eb8b1e4d-b599-4f0c-8460-e71838990b75,19,22,43,0.5116279069767442,0.4418604651162791
0f9bb7ac-c613-4da7-9413-a092e5033613,22,141,166,0.8493975903614458,0.13253012048192772
e25515ab-f32f-493d-9bec-c4f36bb0cf8d,18,52,75,0.6933333333333334,0.24
085b9ab3-185f-4aea-b79e-4c673c61f6e0,40,247,266,0.9285714285714286,0.15037593984962405
b09d2861-c685-42bb-8b4c-3b7def82f7bd,96,537,669,0.8026905829596412,0.14349775784753363
046847c1-24cb-4f15-8cc4-b752bbebddb6,114,350,366,0.9562841530054644,0.3114754098360656
36ebc96f-5a23-460e-bfe1-154aa45a95cf,26,1341,1418,0.9456981664315938,0.018335684062059238
c224ddd2-a340-4942-8eef-71991ed6b9e0,61,1567,1786,0.8773796192609182,0.0341545352743561
fd32381d-a0ee-4f8c-bab3-08cdae56adcd,128,1334,1564,0.8529411764705882,0.08184143222506395
a7df0e3a-3cb7-4395-8579-80d4c06c2fe4,50,1169,1319,0.8862774829416225,0.03790750568612585
640da61d-47ff-4f0b-8853-7d218b8649ed,96,932,1144,0.8146853146853147,0.08391608391608392
751ba066-4d95-4401-8fc0-8e29ea1f33de,112,1262,1444,0.8739612188365651,0.07756232686980609
4e1023a2-e042-4a60-9cd5-a0bbb5e5c7b7,80,221,306,0.7222222222222222,0.26143790849673204
28b70832-6248-4510-b54b-77ac629e9671,75,1449,1696,0.8543632075471698,0.044221698113207544
471eede3-4ad9-46d1-9cd7-f61892fe5123,22,282,296,0.9527027027027027,0.07432432432432433
d08b8e9e-6a51-4bde-ae16-3487c615b15e,10,23,26,0.8846153846153846,0.38461538461538464
