id,facility_id,residential_label_id,residential_label_name,home_care_label_id,home_care_label_name,restorative_care_label_id,restorative_care_label_name,created_at
2fe7d414-e7cd-42eb-bced-425747510cbd,001085ed-daf6-48a5-9029-ac890675c5c1,1,Likely Available,1,Likely Available,0,Does Not Provide This Service,2026-04-11 03:32:52.869862
f5228569-c0ac-4bc9-9b1f-caa8619e4319,001efff7-26d9-46e6-8a51-a8de7efe201e,2,Potentially Available,0,Does Not Provide This Service,0,Does Not Provide This Service,2026-04-11 03:32:52.869862
4f0ae6cf-d086-4725-8fc4-d922592ac0b2,0022f30c-0cc0-4ccd-a59d-4ef20a1409f7,2,Potentially Available,0,Does Not Provide This Service,0,Does Not Provide This Service,2026-04-11 03:32:52.869862
6d1a6d7c-ccd5-4891-bbcf-b37a1244f7fd,00351956-40c3-4b61-9855-9917e3f21967,2,Potentially Available,0,Does Not Provide This Service,0,Does Not Provide This Service,2026-04-11 03:32:52.869862
660ab1ba-3573-4dcf-9fb0-6fbc7d37b83c,0038e720-09b6-4cef-84cc-3b6f8a634de7,2,Potentially Available,0,Does Not Provide This Service,0,Does Not Provide This Service,2026-04-11 03:32:52.869862
73256949-00d8-4509-91d0-8b80861b3663,00412780-fa68-4015-953f-566e2336d1de,2,Potentially Available,0,Does Not Provide This Service,0,Does Not Provide This Service,2026-04-11 03:32:52.869862
a3502fe0-f0ab-476b-a439-507b1f4d9612,00463b83-c852-4e50-9b04-db566711d2ce,2,Potentially Available,0,Does Not Provide This Service,0,Does Not Provide This Service,2026-04-11 03:32:52.869862
0d3120dc-0d24-4d75-ade4-8696c2b69e1f,00492bb7-9142-49f7-a7c6-6504f1e17002,2,Potentially Available,0,Does Not Provide This Service,0,Does Not Provide This Service,2026-04-11 03:32:52.869862
df60617a-13bb-4e62-93d0-efd3311413dc,0063068c-0bc9-484a-bea9-dfe2e63cce63,2,Potentially Available,0,Does Not Provide This Service,0,Does Not Provide This Service,2026-04-11 03:32:52.869862
c446be2d-736e-486d-a1d7-581ed6326707,0085f391-b605-45ea-8f33-53ce2f390230,2,Potentially Available,0,Does Not Provide This Service,0,Does Not Provide This Service,2026-04-11 03:32:52.869862
fa358327-2d05-4751-a399-2edb13a36b8f,00c4611d-8693-4e7f-a7f7-cb8d071ad97a,2,Potentially Available,0,Does Not Provide This Service,0,Does Not Provide This Service,2026-04-11 03:32:52.869862
e77d89ff-90ad-46ce-b90e-e4181390f233,00e0a8b1-1443-42cc-a8d1-b3b9a6e64c19,2,Potentially Available,0,Does Not Provide This Service,0,Does Not Provide This Service,2026-04-11 03:32:52.869862
7baa6260-4306-403e-9ca1-dbaa00eeb2f8,00eaf4e6-64ae-4aba-a0cd-8fc868cb4663,2,Potentially Available,0,Does Not Provide This Service,0,Does Not Provide This Service,2026-04-11 03:32:52.869862
b761c69e-bbd0-4db8-943d-2cc4983d356d,00ec440e-2238-4d1f-8f62-7aac929b5aee,1,Likely Available,0,Does Not Provide This Service,0,Does Not Provide This Service,2026-04-11 03:32:52.869862
840a7fe0-9d7f-461d-92f9-cfd4b3c0cc8c,00ee34db-1e22-4e18-b502-56ffd0521631,2,Potentially Available,0,Does Not Provide This Service,0,Does Not Provide This Service,2026-04-11 03:32:52.869862
0ad3710d-6078-4a30-bd29-4d2d19475f49,00f322eb-2cf5-459c-b799-f5ac3f7caa96,2,Potentially Available,0,Does Not Provide This Service,0,Does Not Provide This Service,2026-04-11 03:32:52.869862
d7a19af9-53f9-439e-bfe6-c0a57fbd4078,0106697c-f77f-4027-9b7a-7af3735d09a4,2,Potentially Available,0,Does Not Provide This Service,0,Does Not Provide This Service,2026-04-11 03:32:52.869862
0f430e54-d9e1-4e31-a815-25f496b969c8,011f2a82-57e3-485e-815d-a80dc14006fc,2,Potentially Available,0,Does Not Provide This Service,0,Does Not Provide This Service,2026-04-11 03:32:52.869862
5c0c461d-ea38-42d7-b5be-0974c3bdb642,0124c524-72e6-4f27-aab6-11c759bdde3e,2,Potentially Available,0,Does Not Provide This Service,0,Does Not Provide This Service,2026-04-11 03:32:52.869862
97baf920-0e4d-4691-8c1d-2466f829e280,01404c1f-44be-4bdf-8c8f-58001e17f663,0,Does Not Provide This Service,0,Does Not Provide This Service,3,Constrained by Size,2026-04-11 03:32:52.869862
71e75a86-65b1-47cc-8cca-981163c717d2,01949f76-9b7d-471f-b411-d7af012bf929,2,Potentially Available,0,Does Not Provide This Service,0,Does Not Provide This Service,2026-04-11 03:32:52.869862
f4b1b53b-7fb3-4a90-beec-6c888c4a2115,01b2368b-5fd7-4366-a5b3-fa07ee0295ac,2,Potentially Available,0,Does Not Provide This Service,0,Does Not Provide This Service,2026-04-11 03:32:52.869862
5c3efa89-294b-4cd9-934a-f79b80976789,01bce66f-abed-4b5e-a373-ac253a97a4e8,2,Potentially Available,0,Does Not Provide This Service,0,Does Not Provide This Service,2026-04-11 03:32:52.869862
5c7f1ad0-bf02-4523-81ff-dfee840b4514,02118e5d-fc8d-4c7d-bfa9-ab7be81b5a67,2,Potentially Available,0,Does Not Provide This Service,0,Does Not Provide This Service,2026-04-11 03:32:52.869862
d6e34339-7aca-4ea8-871b-fb27d9b0bb7f,0233808d-9f88-4878-8705-ea73a809e36c,2,Potentially Available,0,Does Not Provide This Service,0,Does Not Provide This Service,2026-04-11 03:32:52.869862
dccf06a0-281a-427c-9b9c-da01bfa6c62c,0243a6d1-7a1f-4510-a0f6-7fbc34887340,2,Potentially Available,0,Does Not Provide This Service,0,Does Not Provide This Service,2026-04-11 03:32:52.869862
d288c239-7b0a-449e-afbb-5e8df66cf633,0272dab0-4df5-4a36-b74d-96d7b1fed25f,2,Potentially Available,0,Does Not Provide This Service,0,Does Not Provide This Service,2026-04-11 03:32:52.869862
03e12c43-f269-4cf1-9e65-3518a93efb03,027d9db0-ff8a-4960-9959-455f7343fced,2,Potentially Available,0,Does Not Provide This Service,0,Does Not Provide This Service,2026-04-11 03:32:52.869862
c2c67870-9838-40ad-8281-cb9ca58aab0c,0294b774-268c-47d1-b321-ac7e8f53867e,0,Does Not Provide This Service,0,Does Not Provide This Service,2,Potentially Available,2026-04-11 03:32:52.869862
b4bb49ae-43d4-4395-aac0-ccfcecec69e1,02a88649-532a-4325-b08c-cf1d2c6fd6bd,2,Potentially Available,0,Does Not Provide This Service,0,Does Not Provide This Service,2026-04-11 03:32:52.869862
7a8e465a-d2eb-42c7-bdf1-9037906ec93f,02bdede4-d160-4498-848e-b3d58544280d,0,Does Not Provide This Service,0,Does Not Provide This Service,1,Likely Available,2026-04-11 03:32:52.869862
90e4ed77-708f-41bf-bb00-7da3029d4dac,02c5ba6c-4d2f-424c-bca3-874c5daaccf1,0,Does Not Provide This Service,0,Does Not Provide This Service,3,Constrained by Size,2026-04-11 03:32:52.869862
a7c12428-58fb-4525-b808-1cdcbdc037fb,02c67ec0-280f-4f82-999e-a1ad880d63d1,2,Potentially Available,0,Does Not Provide This Service,0,Does Not Provide This Service,2026-04-11 03:32:52.869862
8e1b5a70-accc-4322-9c04-1744a33479bc,02e13429-de0d-4eff-b20b-cafa53e9f3ca,2,Potentially Available,0,Does Not Provide This Service,0,Does Not Provide This Service,2026-04-11 03:32:52.869862
31301aae-0990-4f7a-b532-eda7783299d6,02e36d88-c5cf-410e-ae71-77a51a644433,2,Potentially Available,0,Does Not Provide This Service,0,Does Not Provide This Service,2026-04-11 03:32:52.869862
4c2986b0-cfa5-4aa7-a2a5-f7072c4bbda8,02ee5089-22c9-4f4f-96a0-ff95feff5932,2,Potentially Available,0,Does Not Provide This Service,0,Does Not Provide This Service,2026-04-11 03:32:52.869862
f14437a9-c6ee-4eff-aba1-94e99130d083,02f22ecf-e4f4-447d-8271-746a1946e2e6,2,Potentially Available,0,Does Not Provide This Service,0,Does Not Provide This Service,2026-04-11 03:32:52.869862
06d97854-47c4-4a28-8e02-cfcb0c1ff16d,03502bb8-7269-4494-99d3-c45048383692,2,Potentially Available,0,Does Not Provide This Service,0,Does Not Provide This Service,2026-04-11 03:32:52.869862
97ffbdc8-294d-45c8-8116-13ed0ad87a4e,038cd013-fb11-400c-8cf2-e9c57a7f6cd0,2,Potentially Available,0,Does Not Provide This Service,0,Does Not Provide This Service,2026-04-11 03:32:52.869862
61f2726c-5241-456b-811f-001d87f5238d,03947070-d556-4df9-bd0a-2088fe7de18e,2,Potentially Available,0,Does Not Provide This Service,0,Does Not Provide This Service,2026-04-11 03:32:52.869862
ebfb059f-6538-4c7d-96ef-2a9c5c1d4446,03c0beeb-3585-4aad-9f49-9d33faaf9595,2,Potentially Available,0,Does Not Provide This Service,0,Does Not Provide This Service,2026-04-11 03:32:52.869862
c9cba8e2-f35e-46d5-a8aa-1ba3e31f202d,03ca73e2-1c56-4352-a78d-2496464f1a5f,2,Potentially Available,0,Does Not Provide This Service,0,Does Not Provide This Service,2026-04-11 03:32:52.869862
86361bdf-1073-494e-aad2-371dcb2caf4d,03db6f30-5e84-4ec8-b80f-861b5ccee4ad,0,Does Not Provide This Service,0,Does Not Provide This Service,3,Constrained by Size,2026-04-11 03:32:52.869862
a2c19410-b64f-44bb-b7b6-3bd1152a4787,03e7f44a-dd40-4015-b6a0-47906785a097,2,Potentially Available,0,Does Not Provide This Service,0,Does Not Provide This Service,2026-04-11 03:32:52.869862
26043327-01d3-4cda-abf7-231892b3fd23,03f02f71-bc8b-46f5-80cd-3c633892fa7f,2,Potentially Available,0,Does Not Provide This Service,0,Does Not Provide This Service,2026-04-11 03:32:52.869862
b67d4e05-b4ab-482f-a148-18750dbf45c2,03f84b3c-6aaa-4aea-8a5c-1100565cda9b,2,Potentially Available,0,Does Not Provide This Service,0,Does Not Provide This Service,2026-04-11 03:32:52.869862
e988abb4-3b1e-460a-955d-80ba5806b0b8,043b217b-d0de-44c8-af75-136eea975c74,2,Potentially Available,0,Does Not Provide This Service,0,Does Not Provide This Service,2026-04-11 03:32:52.869862
97b040c2-9cb6-4721-9ac8-d8814d66d858,046847c1-24cb-4f15-8cc4-b752bbebddb6,2,Potentially Available,0,Does Not Provide This Service,0,Does Not Provide This Service,2026-04-11 03:32:52.869862
e76e9b0f-496f-4fb8-9cc3-035a3bdec1bb,0479d907-7f55-4fc6-b73b-561e8f0d12b5,2,Potentially Available,0,Does Not Provide This Service,0,Does Not Provide This Service,2026-04-11 03:32:52.869862
79299f66-7e15-4812-b50e-eacb2a0a2005,04b76f6c-b570-4b43-9901-72259723ed0a,1,Likely Available,1,Likely Available,0,Does Not Provide This Service,2026-04-11 03:32:52.869862
1bfa4618-4bd2-45ea-ab1e-62a260dc6819,04d2da77-38df-4e31-b350-3f3752cfef26,2,Potentially Available,0,Does Not Provide This Service,0,Does Not Provide This Service,2026-04-11 03:32:52.869862
bab42503-92e6-4e99-9bf3-15509d0484ce,04e83d37-9501-4336-9705-588985201ec0,2,Potentially Available,0,Does Not Provide This Service,0,Does Not Provide This Service,2026-04-11 03:32:52.869862
e3d4952d-a300-4941-b41e-cc31685c628c,04eb08f7-04f8-4e3d-90e9-7a549fba21b8,2,Potentially Available,0,Does Not Provide This Service,0,Does Not Provide This Service,2026-04-11 03:32:52.869862
811e9252-9908-419a-9e7e-53895e18eb67,04f25c26-6502-426f-aaf5-80e1130ed87a,2,Potentially Available,0,Does Not Provide This Service,0,Does Not Provide This Service,2026-04-11 03:32:52.869862
2c33b2ee-fe7d-4d3d-a4c8-411f68839db8,04fabc9a-41b1-4405-9b69-344c1ca1e192,2,Potentially Available,0,Does Not Provide This Service,0,Does Not Provide This Service,2026-04-11 03:32:52.869862
7c1d9911-5ecb-45f0-b29b-775a7c2c58fd,05161791-972d-4437-9aa4-b848b96ea4a3,2,Potentially Available,0,Does Not Provide This Service,0,Does Not Provide This Service,2026-04-11 03:32:52.869862
d3fe69e6-c393-484b-926b-35b5955bf4fb,051b7a91-9c4a-40f8-9494-17fc4977edbf,1,Likely Available,1,Likely Available,0,Does Not Provide This Service,2026-04-11 03:32:52.869862
2136f65a-112a-4504-a598-ce0592d26dae,05203a46-9359-4b68-a790-25c52af453f8,2,Potentially Available,0,Does Not Provide This Service,0,Does Not Provide This Service,2026-04-11 03:32:52.869862
4e24187e-2e4d-4ed9-83b1-6d23dbd5661a,0554edf8-4073-4eb3-9f20-303aaaab32c0,2,Potentially Available,0,Does Not Provide This Service,0,Does Not Provide This Service,2026-04-11 03:32:52.869862
0be9703b-0cb2-4bdc-a2e2-138454709d15,05794935-080d-4b6c-bf34-c29dc2498461,2,Potentially Available,0,Does Not Provide This Service,0,Does Not Provide This Service,2026-04-11 03:32:52.869862
52304627-0b6c-4992-957e-f12de166754e,05f8d74e-4630-4b89-8bbc-8d8c8135b72d,2,Potentially Available,0,Does Not Provide This Service,0,Does Not Provide This Service,2026-04-11 03:32:52.869862
e86bfe7b-1a8a-4d8c-8e90-b74eb489177b,0634b91b-9ea5-46f6-804e-d2c46c137094,2,Potentially Available,0,Does Not Provide This Service,0,Does Not Provide This Service,2026-04-11 03:32:52.869862
1c271077-0e1d-4c24-bd4c-b27d78e17c42,064932c2-c634-4cdb-80d7-f82ad9ae622f,2,Potentially Available,0,Does Not Provide This Service,0,Does Not Provide This Service,2026-04-11 03:32:52.869862
2691d784-867a-49d9-b9be-5cdbec988e21,065f1185-6bd8-434b-be9d-e3c4bacee889,2,Potentially Available,0,Does Not Provide This Service,0,Does Not Provide This Service,2026-04-11 03:32:52.869862
c502b50f-d8b8-4a93-8375-888984542799,0684b7ee-9b87-46fb-b293-c1b50df529e5,2,Potentially Available,0,Does Not Provide This Service,0,Does Not Provide This Service,2026-04-11 03:32:52.869862
d0ec27e4-bf0c-4cbc-bc83-323d462ff9b0,06850055-f68d-4263-bbc1-1a80a311765c,2,Potentially Available,0,Does Not Provide This Service,0,Does Not Provide This Service,2026-04-11 03:32:52.869862
c3662d68-b091-4e69-bd7b-cfaa39556d69,0685ef8b-24ad-4145-8c84-ab8fce8582c3,2,Potentially Available,0,Does Not Provide This Service,0,Does Not Provide This Service,2026-04-11 03:32:52.869862
87447e56-eb4c-47e2-b6b7-5fb39bf2b76f,06a37972-215c-4069-ab0b-e166333e83ca,2,Potentially Available,0,Does Not Provide This Service,0,Does Not Provide This Service,2026-04-11 03:32:52.869862
f7caf611-5ccb-4400-8421-5f5baabb7f39,06a3aa63-f27d-444e-a838-d3f3e87e9545,2,Potentially Available,0,Does Not Provide This Service,0,Does Not Provide This Service,2026-04-11 03:32:52.869862
d1601433-e3ef-4f30-96e1-5ac4fb78e3f8,06caac53-9637-436f-9c18-8787416280f0,2,Potentially Available,0,Does Not Provide This Service,0,Does Not Provide This Service,2026-04-11 03:32:52.869862
81ffc770-8063-4319-b38d-6c8866b559e1,07048a77-c998-448f-83d2-19a4eef1f45b,0,Does Not Provide This Service,0,Does Not Provide This Service,5,Highly Constrained,2026-04-11 03:32:52.869862
f74db5f8-97e9-456d-a1e1-b14ef0a4db11,070dc27d-bd29-4bfb-9884-6e89b755cf66,2,Potentially Available,0,Does Not Provide This Service,0,Does Not Provide This Service,2026-04-11 03:32:52.869862
d376469f-ec52-4e8c-99b1-4d3551d72369,0768f8cd-98f9-4063-be98-f41db646207f,2,Potentially Available,0,Does Not Provide This Service,0,Does Not Provide This Service,2026-04-11 03:32:52.869862
cffc01c8-57e7-491f-aabc-29aaea2368c3,07896338-b6db-4926-8707-e46d93d91f40,2,Potentially Available,0,Does Not Provide This Service,0,Does Not Provide This Service,2026-04-11 03:32:52.869862
b433ffce-cd73-47f2-ab7d-bf7e95a4d3ca,078e5f63-a7ab-4161-8d01-4cdbad3a63f9,2,Potentially Available,0,Does Not Provide This Service,0,Does Not Provide This Service,2026-04-11 03:32:52.869862
6a8202e7-22d3-41f2-9d2a-c6db39e3104c,07a9495f-8ba5-4c99-a3f4-03dbb7b9593e,2,Potentially Available,0,Does Not Provide This Service,0,Does Not Provide This Service,2026-04-11 03:32:52.869862
b6d58ad4-6226-4cde-90ba-4795b8fdf35f,07b82d9c-a590-4424-b29b-b51e55b24129,2,Potentially Available,0,Does Not Provide This Service,0,Does Not Provide This Service,2026-04-11 03:32:52.869862
dca767ff-51b9-403b-9cc1-bdf89f987997,07cc0d07-c70c-480e-bda4-4aa224cf7b6a,2,Potentially Available,0,Does Not Provide This Service,0,Does Not Provide This Service,2026-04-11 03:32:52.869862
4747ba7e-8faa-4d95-997e-2fb0367902d6,07dbe0a5-97bd-4dbf-9a04-a598503acf8a,2,Potentially Available,0,Does Not Provide This Service,0,Does Not Provide This Service,2026-04-11 03:32:52.869862
d576c9e1-e7ad-47b3-8f72-30d411aeeaad,07f944af-4943-4fa8-a2b1-d485f82105b5,2,Potentially Available,0,Does Not Provide This Service,0,Does Not Provide This Service,2026-04-11 03:32:52.869862
ab1c55be-f938-4785-8fa1-04d4a33cff43,08260e80-72a6-459c-b17f-7290e9f266a1,2,Potentially Available,0,Does Not Provide This Service,0,Does Not Provide This Service,2026-04-11 03:32:52.869862
c64227c6-c780-4cf1-9223-2d316810def4,085b9ab3-185f-4aea-b79e-4c673c61f6e0,2,Potentially Available,0,Does Not Provide This Service,0,Does Not Provide This Service,2026-04-11 03:32:52.869862
576ca791-9578-457b-9bd9-68203e45079d,08667338-42ea-4221-a58c-675ee97b2437,2,Potentially Available,0,Does Not Provide This Service,0,Does Not Provide This Service,2026-04-11 03:32:52.869862
5e0234e7-f7ec-483a-b0f1-b831d0d869aa,08694788-5fb6-4736-b83d-c10b3e9b172a,2,Potentially Available,1,Likely Available,0,Does Not Provide This Service,2026-04-11 03:32:52.869862
f2c03655-8d27-4374-9c66-c5d04f8e5c5f,088c1ea9-650d-405e-9358-dfdf6d5a4fe8,2,Potentially Available,0,Does Not Provide This Service,0,Does Not Provide This Service,2026-04-11 03:32:52.869862
a0b4fe7d-e630-4a78-970b-91aa72d4eae9,0897659a-2237-4731-9a11-59fb4995b7de,2,Potentially Available,0,Does Not Provide This Service,0,Does Not Provide This Service,2026-04-11 03:32:52.869862
c4a0135f-5924-479b-bc17-8b73e6c1cefe,089c9e7e-c317-4314-9e0d-4b8ce40761eb,2,Potentially Available,0,Does Not Provide This Service,0,Does Not Provide This Service,2026-04-11 03:32:52.869862
1019492a-7f2d-4c19-a3dc-244837b0df3e,08a38a75-90e1-4a98-81a7-539c445ca67d,2,Potentially Available,0,Does Not Provide This Service,0,Does Not Provide This Service,2026-04-11 03:32:52.869862
195eae05-e208-4db3-b863-26520480262f,08aeef24-072a-4759-bea1-80d8af06e75b,2,Potentially Available,0,Does Not Provide This Service,0,Does Not Provide This Service,2026-04-11 03:32:52.869862
e9485e2a-e6ba-4966-8882-05a76e5281fb,08da7602-a922-40c5-970d-c492c899606b,2,Potentially Available,0,Does Not Provide This Service,0,Does Not Provide This Service,2026-04-11 03:32:52.869862
76021485-d941-48e8-a059-091f8e690758,08df650a-0e6e-4358-b271-bd7497039232,2,Potentially Available,0,Does Not Provide This Service,0,Does Not Provide This Service,2026-04-11 03:32:52.869862
cce1daf8-ba71-4ee8-81e1-478680a4685e,09260381-c36a-4842-8b61-158f0cbca65e,2,Potentially Available,0,Does Not Provide This Service,0,Does Not Provide This Service,2026-04-11 03:32:52.869862
a04198e2-9ee2-49db-9b25-0ecfc10d9e1a,092c8038-2dfb-494b-bdd4-9725dd3eda38,2,Potentially Available,0,Does Not Provide This Service,0,Does Not Provide This Service,2026-04-11 03:32:52.869862
7e762a38-f7f4-4680-8a1a-84cc3ac1dc55,094640dc-1b5e-44dc-9eab-85687791f1f4,2,Potentially Available,0,Does Not Provide This Service,0,Does Not Provide This Service,2026-04-11 03:32:52.869862
ce6f4842-1516-4d3c-b95c-5aa897c020fd,0946ffc0-86d3-4777-a674-2be6457a31d2,2,Potentially Available,0,Does Not Provide This Service,0,Does Not Provide This Service,2026-04-11 03:32:52.869862
cc67d13f-433a-4952-8141-66285d4931c2,0948284a-2ee7-438c-a15a-7e5b504f2aaf,2,Potentially Available,0,Does Not Provide This Service,0,Does Not Provide This Service,2026-04-11 03:32:52.869862
d2f8eca2-e498-47d2-9926-b568f0a075c0,0966c164-f176-4be7-981c-5c4fe6209b8e,2,Potentially Available,0,Does Not Provide This Service,0,Does Not Provide This Service,2026-04-11 03:32:52.869862
0842a102-1fb4-474a-950b-a3ea26205bb8,099c3aad-eb90-4cee-a139-d935c6e7524c,2,Potentially Available,0,Does Not Provide This Service,0,Does Not Provide This Service,2026-04-11 03:32:52.869862
512df1d6-8157-474e-aef4-d849c6ebd730,09ae760e-89cc-436a-9734-2b855baccfb7,0,Does Not Provide This Service,0,Does Not Provide This Service,4,Constrained by Market,2026-04-11 03:32:52.869862
207809f3-46fd-426a-9ccf-38eab8a852c1,09c3450e-5c2e-4a5e-b7ee-116ae3c71172,2,Potentially Available,0,Does Not Provide This Service,0,Does Not Provide This Service,2026-04-11 03:32:52.869862
dd2dd260-4779-4640-b876-bd0b173591d5,09d0c41e-c821-4e36-80ce-4a6ea7e569a4,2,Potentially Available,0,Does Not Provide This Service,0,Does Not Provide This Service,2026-04-11 03:32:52.869862
c20dd3d2-4795-4b2b-af37-99064f6905b0,09d82866-d2cb-418f-b6b9-0745ee4f392f,2,Potentially Available,0,Does Not Provide This Service,0,Does Not Provide This Service,2026-04-11 03:32:52.869862
6ea38464-912d-4671-8df4-cb970ef91eb4,09d892ef-a8fd-413b-8484-ecb403b01e67,2,Potentially Available,0,Does Not Provide This Service,0,Does Not Provide This Service,2026-04-11 03:32:52.869862
b057539c-ec11-43b1-8c72-9a5dc614bcd3,09e11aae-5e4f-478e-b8c9-4add9c4a2c63,2,Potentially Available,0,Does Not Provide This Service,0,Does Not Provide This Service,2026-04-11 03:32:52.869862
a9273383-4d08-42fd-84a9-282ab4bcd68a,09eff5ff-28ba-4936-a1a6-b8853e45aaae,2,Potentially Available,0,Does Not Provide This Service,0,Does Not Provide This Service,2026-04-11 03:32:52.869862
9fa2c19b-bd64-43dc-9c99-39773dfdee56,0a2e6452-9bf3-41c5-ab58-c1ef0f6cd444,2,Potentially Available,0,Does Not Provide This Service,0,Does Not Provide This Service,2026-04-11 03:32:52.869862
1ba13e7d-4193-4376-8324-8347417e7fbe,0a30ff97-ca6d-4e8a-878e-ab2e98e6d8e3,2,Potentially Available,0,Does Not Provide This Service,0,Does Not Provide This Service,2026-04-11 03:32:52.869862
a1c74358-2447-426a-b74c-35d1db95101f,0a6ae054-c746-431c-8ab2-7f9e1d021556,2,Potentially Available,0,Does Not Provide This Service,0,Does Not Provide This Service,2026-04-11 03:32:52.869862
836b2555-deb3-42bc-8ecb-665264ce41fb,0a918135-b3d5-4ab6-9669-bd8946c0423c,2,Potentially Available,0,Does Not Provide This Service,0,Does Not Provide This Service,2026-04-11 03:32:52.869862
938b71f2-b693-4bec-a0b2-770ffd661437,0ab07a8a-e7b4-4c30-bc06-691ba5a87a4f,2,Potentially Available,0,Does Not Provide This Service,0,Does Not Provide This Service,2026-04-11 03:32:52.869862
e0e47986-0dbf-453b-a262-ca491adebfd9,0acad282-a9a1-4cf1-aa04-55d53d9da7ce,2,Potentially Available,0,Does Not Provide This Service,0,Does Not Provide This Service,2026-04-11 03:32:52.869862
597fbd8d-80b1-4aa2-b6e4-0c30c5ff428b,0acc47fd-0b14-44d3-b414-199735285296,2,Potentially Available,0,Does Not Provide This Service,0,Does Not Provide This Service,2026-04-11 03:32:52.869862
5c244bcd-bdc5-4dea-8d38-742ca70743ca,0aec67f2-38be-41e9-9b18-a1654ba6ce78,2,Potentially Available,0,Does Not Provide This Service,0,Does Not Provide This Service,2026-04-11 03:32:52.869862
6fcce4d2-5f39-4a1a-ac91-aabe5a2dd6f2,0af8d926-d2f4-47db-8a1a-3d0857becd18,2,Potentially Available,0,Does Not Provide This Service,0,Does Not Provide This Service,2026-04-11 03:32:52.869862
1cc2b0dd-1ba9-4abd-87bc-284aa1ec5189,0b20335a-3165-49e4-b456-f84407f67d9b,2,Potentially Available,0,Does Not Provide This Service,0,Does Not Provide This Service,2026-04-11 03:32:52.869862
f22874c0-974d-4b93-81ca-cd2682e500d6,0b3e46ad-74d6-4f80-9ec7-efdf1636ac0e,2,Potentially Available,0,Does Not Provide This Service,0,Does Not Provide This Service,2026-04-11 03:32:52.869862
ada9eb13-41aa-4042-9d04-e97ec19fe043,0b55e314-80e4-4594-9f01-2eb49aefd944,2,Potentially Available,0,Does Not Provide This Service,0,Does Not Provide This Service,2026-04-11 03:32:52.869862
7a2d8b48-8a20-4170-b679-56be190d3674,0b952fe5-93dd-474d-8f61-5ce5d3b047dd,2,Potentially Available,0,Does Not Provide This Service,0,Does Not Provide This Service,2026-04-11 03:32:52.869862
2dd02052-7b1e-404c-9080-9e9cd9caf8df,0bbc4b8a-a887-48ce-bd1f-78e6c84dd883,2,Potentially Available,0,Does Not Provide This Service,0,Does Not Provide This Service,2026-04-11 03:32:52.869862
cf8cca2b-73c5-45f4-a22e-bdeca77b565b,0be6e46f-1da9-4a62-b62e-0fe4180f826e,2,Potentially Available,0,Does Not Provide This Service,0,Does Not Provide This Service,2026-04-11 03:32:52.869862
2a370cf0-fa70-45af-bf94-7daa6f49896d,0bea08fa-b5be-4df0-9ecb-706b1749a39d,2,Potentially Available,0,Does Not Provide This Service,0,Does Not Provide This Service,2026-04-11 03:32:52.869862
4f4277a4-1c00-4d08-8c28-20ff8e5e8c0a,0bf8ac0e-a72f-4a79-8303-39c05aef587e,2,Potentially Available,0,Does Not Provide This Service,0,Does Not Provide This Service,2026-04-11 03:32:52.869862
f193aa34-fbc7-457b-bd2c-ffad2dc58129,0c327d6e-93dc-423f-b956-2e16e146a539,2,Potentially Available,0,Does Not Provide This Service,0,Does Not Provide This Service,2026-04-11 03:32:52.869862
8dd0c500-2ed0-4b91-96c0-48f9c8a2485b,0c480233-12aa-485d-bab3-ea3fb080b45c,2,Potentially Available,0,Does Not Provide This Service,0,Does Not Provide This Service,2026-04-11 03:32:52.869862
de487156-1a45-414b-860f-768e3c5881d6,0c4a581c-6351-4cc4-9f3f-d2cda2d42596,0,Does Not Provide This Service,0,Does Not Provide This Service,1,Likely Available,2026-04-11 03:32:52.869862
8dbac83c-6188-4738-82f9-a98723446dfc,0c4a5e47-f4b2-4a53-a631-a36a4c3a4d31,2,Potentially Available,0,Does Not Provide This Service,0,Does Not Provide This Service,2026-04-11 03:32:52.869862
336f9626-7008-4926-92df-a7454815c9c9,0c4a98c1-e0bb-4615-bd4b-4232da0d8316,2,Potentially Available,0,Does Not Provide This Service,0,Does Not Provide This Service,2026-04-11 03:32:52.869862
77c079b6-011d-4252-abc6-47f84e0a95b2,0c714ff2-41ab-4fc2-b916-93c7e1cd0f55,2,Potentially Available,0,Does Not Provide This Service,0,Does Not Provide This Service,2026-04-11 03:32:52.869862
83ff616d-8d19-4c63-8f3b-170e9fc3549d,0c92a7d2-8af8-4389-954c-a13a97a6551c,2,Potentially Available,0,Does Not Provide This Service,0,Does Not Provide This Service,2026-04-11 03:32:52.869862
81e34142-f143-41ae-96cf-46975eb1e527,0c9a37ed-c99b-4602-b6ed-20463ed089fe,2,Potentially Available,0,Does Not Provide This Service,0,Does Not Provide This Service,2026-04-11 03:32:52.869862
13097cbe-e610-4c65-9ff7-57192831f4a5,0cae7c92-0493-4bfb-95fa-a9c3dba66da6,2,Potentially Available,0,Does Not Provide This Service,0,Does Not Provide This Service,2026-04-11 03:32:52.869862
b069e62f-533a-4100-9c29-fe1b383f13fe,0d14d3f3-4c31-4555-a24e-3b6f72a3e326,2,Potentially Available,0,Does Not Provide This Service,0,Does Not Provide This Service,2026-04-11 03:32:52.869862
2f88b06b-66e5-4940-988a-866a293a0356,0d1679f1-32d0-480e-b55f-15b1d4caa915,2,Potentially Available,0,Does Not Provide This Service,0,Does Not Provide This Service,2026-04-11 03:32:52.869862
7b74d084-46d8-4fa5-bf12-f8611135a25f,0d17c65a-b06d-4df8-bc9b-235371b4881d,2,Potentially Available,0,Does Not Provide This Service,0,Does Not Provide This Service,2026-04-11 03:32:52.869862
0a6770c7-06fc-4290-a938-056fc42333af,0d5142e2-ca76-4f1d-b8ec-1ea807a7f579,0,Does Not Provide This Service,4,Constrained by Market,0,Does Not Provide This Service,2026-04-11 03:32:52.869862
5d51ca97-1b99-41d9-b9f7-bd079b52b645,0d62d3d6-6f75-4667-a84f-630f4c0ad538,2,Potentially Available,0,Does Not Provide This Service,0,Does Not Provide This Service,2026-04-11 03:32:52.869862
d8f9bd17-2dde-4755-9dce-e428999b59ee,0d7c4cf5-2688-4501-bfb1-578aeb4332a6,2,Potentially Available,0,Does Not Provide This Service,0,Does Not Provide This Service,2026-04-11 03:32:52.869862
491bbbdc-43bb-4cc3-8c47-040d397fe4d2,0d7c8124-7e33-4624-a8c2-dccc6c87b487,2,Potentially Available,0,Does Not Provide This Service,0,Does Not Provide This Service,2026-04-11 03:32:52.869862
c2e28ee0-f270-44ac-adb0-23eb80d92d90,0db47169-232f-4837-82f0-256424cb3bf3,2,Potentially Available,3,Constrained by Size,0,Does Not Provide This Service,2026-04-11 03:32:52.869862
a227086f-f3a4-4fca-9631-63ffbf03866f,0dbc14ff-13bc-43bc-a5af-9fe8d0dd77ac,2,Potentially Available,0,Does Not Provide This Service,0,Does Not Provide This Service,2026-04-11 03:32:52.869862
4ded2a2d-f57f-4e62-aa75-d39b36095733,0df63141-27d1-4591-b408-c5ca3ca74a11,2,Potentially Available,0,Does Not Provide This Service,0,Does Not Provide This Service,2026-04-11 03:32:52.869862
9c7a4b6c-2b46-430d-89bb-25e92dd0545e,0dfc390f-b951-45b3-8e5d-e5f7bc95c3c6,2,Potentially Available,0,Does Not Provide This Service,0,Does Not Provide This Service,2026-04-11 03:32:52.869862
34d471bb-6d83-4f22-b352-8171d73e6a66,0dfee873-2465-4179-bfe2-6873ccb92dc2,2,Potentially Available,0,Does Not Provide This Service,0,Does Not Provide This Service,2026-04-11 03:32:52.869862
93a9f852-86c1-465c-91bf-7f87241b2e4e,0e5f59c2-4cde-44a6-bcb3-6215ac0241a2,2,Potentially Available,0,Does Not Provide This Service,0,Does Not Provide This Service,2026-04-11 03:32:52.869862
d7373e1f-5c02-4064-855a-322d17a351c9,0e679190-5d04-491c-995c-36b95d6e5e68,2,Potentially Available,0,Does Not Provide This Service,0,Does Not Provide This Service,2026-04-11 03:32:52.869862
c83fbbf0-6e49-42ae-981e-31213d58f4a5,0e6b746e-ffb3-452a-9b9a-1fc0cba6c36f,2,Potentially Available,0,Does Not Provide This Service,0,Does Not Provide This Service,2026-04-11 03:32:52.869862
62ebffe4-5dac-4d57-a797-8f17f5b57815,0e89e8ae-9ab6-4bca-bbf0-eda8f364a861,2,Potentially Available,0,Does Not Provide This Service,0,Does Not Provide This Service,2026-04-11 03:32:52.869862
d2b89280-bfbb-4431-bac9-6f51e1973c98,0e8e2068-9306-4739-b0da-92a160dbae31,2,Potentially Available,0,Does Not Provide This Service,0,Does Not Provide This Service,2026-04-11 03:32:52.869862
f8c6494b-d840-4ffa-8ab2-bcc8336cd3e7,0eba323d-ae0a-4c41-8709-e4afa78f4c7d,2,Potentially Available,0,Does Not Provide This Service,0,Does Not Provide This Service,2026-04-11 03:32:52.869862
9c2e6878-dbee-445c-a73c-756a47c9fdbd,0ee19ccf-4b6d-44a9-a5cc-56cd84a60844,2,Potentially Available,0,Does Not Provide This Service,0,Does Not Provide This Service,2026-04-11 03:32:52.869862
a0d958fe-964a-4207-a459-ba9857c9687a,0f45a8a5-9f06-4423-a9d8-d9a62631cd2d,2,Potentially Available,0,Does Not Provide This Service,0,Does Not Provide This Service,2026-04-11 03:32:52.869862
094c5502-ad01-41b8-ab94-2d90f3c58e00,0f69318d-b88f-4e20-88c2-32d7021a3248,0,Does Not Provide This Service,0,Does Not Provide This Service,4,Constrained by Market,2026-04-11 03:32:52.869862
055517d7-3181-4383-b083-dd3333c6d44c,0f73badb-ff0f-433f-baa7-3e5fda7b0d56,0,Does Not Provide This Service,0,Does Not Provide This Service,1,Likely Available,2026-04-11 03:32:52.869862
fdde3d65-53cc-461c-887f-18c76fe4bbf9,0f7e02bc-e46e-4a7f-9f93-6ac9a9ddeaf9,2,Potentially Available,0,Does Not Provide This Service,0,Does Not Provide This Service,2026-04-11 03:32:52.869862
d127ad49-b911-4952-8da3-5b6537c31ab0,0f825b22-d0d7-4d6e-a42a-7b0e610b903d,2,Potentially Available,0,Does Not Provide This Service,0,Does Not Provide This Service,2026-04-11 03:32:52.869862
49a92827-0ffe-422c-b9a6-6e7269f76974,0f90e91a-7ccf-475c-8a5a-472d6ab78287,2,Potentially Available,0,Does Not Provide This Service,0,Does Not Provide This Service,2026-04-11 03:32:52.869862
f29211d2-98a9-42b0-84d4-ef1490f57725,0f9bb7ac-c613-4da7-9413-a092e5033613,2,Potentially Available,0,Does Not Provide This Service,0,Does Not Provide This Service,2026-04-11 03:32:52.869862
e98d535e-e815-4a42-905c-8b306ec76925,0fa0ac44-b950-4e80-bbd0-8390389c6bc5,2,Potentially Available,0,Does Not Provide This Service,0,Does Not Provide This Service,2026-04-11 03:32:52.869862
a44cc21d-85bd-451b-87fc-c5279dca1f51,0fa679cf-c064-4923-8d9e-edc3ce265863,2,Potentially Available,0,Does Not Provide This Service,0,Does Not Provide This Service,2026-04-11 03:32:52.869862
654e544b-9777-4e0b-9f18-62bf9c11d472,0faac811-8260-4bcc-9ae1-04f7ed41545d,2,Potentially Available,0,Does Not Provide This Service,0,Does Not Provide This Service,2026-04-11 03:32:52.869862
66e5cfe0-6d0f-44df-bd5b-ec0eb0e9767d,0fd9d1d2-be93-4666-a67c-a76c9a34ae26,0,Does Not Provide This Service,0,Does Not Provide This Service,3,Constrained by Size,2026-04-11 03:32:52.869862
f442b6b3-c11c-4f45-8b02-7fa2670df9e0,0fda4f14-ad56-4455-9b38-9cba3be214fa,2,Potentially Available,0,Does Not Provide This Service,0,Does Not Provide This Service,2026-04-11 03:32:52.869862
087b5867-4b2b-40ab-9ba1-2ba4b9586d7e,0fe660de-fb90-441d-b72d-e0426c780def,2,Potentially Available,0,Does Not Provide This Service,0,Does Not Provide This Service,2026-04-11 03:32:52.869862
4751df15-4f79-485f-8e50-db45d2b062ee,0ff2fc94-468b-4ff6-911a-374eb716aef8,2,Potentially Available,0,Does Not Provide This Service,0,Does Not Provide This Service,2026-04-11 03:32:52.869862
a363362a-4cfa-4176-8fec-2d5283dd0fb5,1016c9de-7ed7-477f-a886-3382b7a254f3,2,Potentially Available,0,Does Not Provide This Service,0,Does Not Provide This Service,2026-04-11 03:32:52.869862
7aba1349-243f-4040-82f7-92ca4cbbec85,102c366f-53aa-43e2-8e2b-f1c9a0b1fb60,2,Potentially Available,0,Does Not Provide This Service,0,Does Not Provide This Service,2026-04-11 03:32:52.869862
344d374f-d6d4-480b-ba16-08e2dbad516b,1055beea-cd67-450e-a8da-555762020db5,2,Potentially Available,0,Does Not Provide This Service,0,Does Not Provide This Service,2026-04-11 03:32:52.869862
f34a3c80-6477-4cad-b79f-4da2bfacbdde,10584264-0b12-4a9e-8dd7-6fda9eb9ee7c,0,Does Not Provide This Service,0,Does Not Provide This Service,3,Constrained by Size,2026-04-11 03:32:52.869862
4daf98bc-b7c8-4cca-aa25-788b9dff0604,105b2ccb-4081-4796-a6ee-0d3f74c057f5,2,Potentially Available,0,Does Not Provide This Service,0,Does Not Provide This Service,2026-04-11 03:32:52.869862
16eee3d8-43d6-4c30-9239-550e2ae7dc90,1061d0c3-c8c7-4302-abba-139d79de04d8,2,Potentially Available,0,Does Not Provide This Service,0,Does Not Provide This Service,2026-04-11 03:32:52.869862
5edd705f-b086-4a33-8cce-b466a0733dc3,106f66da-8354-4b6a-90ff-1bf67a5a1dde,2,Potentially Available,0,Does Not Provide This Service,0,Does Not Provide This Service,2026-04-11 03:32:52.869862
fad4a86b-0ed6-492b-b011-68cd61c346ca,107a85d2-da0b-4f28-a4d2-652633f05870,2,Potentially Available,0,Does Not Provide This Service,0,Does Not Provide This Service,2026-04-11 03:32:52.869862
3c721c35-ed31-4998-add1-1908c59e1d15,10a42ee8-5376-42f0-bbb8-d6bf16fc3d4f,0,Does Not Provide This Service,0,Does Not Provide This Service,1,Likely Available,2026-04-11 03:32:52.869862
99a05ee5-838b-47fc-830e-7ca13b1311ac,10ae2e45-2d83-4f88-b85d-23486c78bf62,2,Potentially Available,0,Does Not Provide This Service,0,Does Not Provide This Service,2026-04-11 03:32:52.869862
f1f03461-1c75-463e-a356-1d8cf94194ae,10afd5ff-7c48-47b4-b052-cc7fccfe9980,2,Potentially Available,0,Does Not Provide This Service,0,Does Not Provide This Service,2026-04-11 03:32:52.869862
e7ba2e14-2217-4488-93b3-b53587ee3a48,10c961e5-8349-4e76-8beb-d5304d458ea6,2,Potentially Available,0,Does Not Provide This Service,0,Does Not Provide This Service,2026-04-11 03:32:52.869862
d85075f2-729c-4705-a4ca-d5e304331cc1,10ef8ebc-e13e-4e84-bac1-40edb1dc022a,2,Potentially Available,0,Does Not Provide This Service,0,Does Not Provide This Service,2026-04-11 03:32:52.869862
027504c8-ada7-4a0d-a22c-91b9302b81fd,10fce102-f5c4-47f1-b721-82fe40c3cccd,2,Potentially Available,0,Does Not Provide This Service,0,Does Not Provide This Service,2026-04-11 03:32:52.869862
1c4759e3-ada6-4361-9666-e3efcf0a0344,11141274-0a14-4692-9005-823f6e353df7,2,Potentially Available,0,Does Not Provide This Service,0,Does Not Provide This Service,2026-04-11 03:32:52.869862
7f81a2b7-cdc6-4bdb-9799-5c53915b4469,1114d94b-ed74-4019-8c22-2b674d3e2d07,2,Potentially Available,0,Does Not Provide This Service,0,Does Not Provide This Service,2026-04-11 03:32:52.869862
d73ae749-b1ee-4dd0-9be9-1cb59b1c1729,11379aa9-0b19-4fac-a572-14c0b5cad243,2,Potentially Available,0,Does Not Provide This Service,0,Does Not Provide This Service,2026-04-11 03:32:52.869862
0262adba-17a5-423f-b61c-ba87ba5176fc,113a42fb-561d-4c56-8bfb-5d3b1042fa9e,2,Potentially Available,0,Does Not Provide This Service,0,Does Not Provide This Service,2026-04-11 03:32:52.869862
1f4bf951-efef-4813-bb6b-8564834b02e5,113ffb30-91ea-442d-8830-efa89a9b1c7f,2,Potentially Available,0,Does Not Provide This Service,0,Does Not Provide This Service,2026-04-11 03:32:52.869862
84555c5b-d761-4cb5-8273-94116565a1bc,114030f1-e3f0-4d5f-a4ff-c4df645d7063,2,Potentially Available,0,Does Not Provide This Service,0,Does Not Provide This Service,2026-04-11 03:32:52.869862
cf5acdf2-0296-44bc-930e-4276b3b5b214,11797ed7-379e-49f3-aa14-f0fb139a7b79,2,Potentially Available,0,Does Not Provide This Service,0,Does Not Provide This Service,2026-04-11 03:32:52.869862
01bb289f-1574-49ce-b31e-c9ced4f2c82b,118a2934-7db5-4d10-87b9-3132ec204bc9,2,Potentially Available,0,Does Not Provide This Service,0,Does Not Provide This Service,2026-04-11 03:32:52.869862
64221b97-521e-4b9b-a09c-2226fb46d213,11a02880-16af-410b-9633-ec21c86c6273,2,Potentially Available,0,Does Not Provide This Service,0,Does Not Provide This Service,2026-04-11 03:32:52.869862
0cba10af-2a41-42b7-9b6b-a381a21ea4a6,11a565e4-2a8b-4538-9e8e-ec9b9d7b0569,2,Potentially Available,0,Does Not Provide This Service,0,Does Not Provide This Service,2026-04-11 03:32:52.869862
765ce7ef-6581-4700-924d-df51678619a6,11af3703-cec8-4902-8774-e90f53efe4fc,2,Potentially Available,4,Constrained by Market,0,Does Not Provide This Service,2026-04-11 03:32:52.869862
883ca648-c9d4-47ad-b2f5-6d8bb6ed3508,11c0163c-10be-4479-84c8-4dfa98f5127d,2,Potentially Available,0,Does Not Provide This Service,0,Does Not Provide This Service,2026-04-11 03:32:52.869862
10ca8884-c2d2-48ab-9099-c5fcbcf26f29,11dba035-971a-4a2a-91f5-7d649fdd2d9f,2,Potentially Available,0,Does Not Provide This Service,0,Does Not Provide This Service,2026-04-11 03:32:52.869862
4d60841a-167f-4c8e-b045-025253275db4,12443171-e2a8-4334-8274-d175d3e4c8f4,0,Does Not Provide This Service,0,Does Not Provide This Service,4,Constrained by Market,2026-04-11 03:32:52.869862
77dbc881-feef-468c-b94e-0741596cfd8b,1247115a-f53f-4b1b-a539-7d34e7fba6a1,0,Does Not Provide This Service,0,Does Not Provide This Service,5,Highly Constrained,2026-04-11 03:32:52.869862
d6df8aa0-c7df-4e66-8838-1f386afca215,12496c26-61da-4f68-9824-12d0e31ff88e,2,Potentially Available,0,Does Not Provide This Service,0,Does Not Provide This Service,2026-04-11 03:32:52.869862
2e7030ef-d4a7-4171-b4b4-581982b16874,125af005-938c-4b26-b812-a83689401d2c,2,Potentially Available,0,Does Not Provide This Service,0,Does Not Provide This Service,2026-04-11 03:32:52.869862
314d6008-1801-4bdd-bc02-b7d8c7adf505,12659306-1adb-4f8c-a9fb-bf2835d7ca75,2,Potentially Available,0,Does Not Provide This Service,0,Does Not Provide This Service,2026-04-11 03:32:52.869862
465270db-2d90-4307-a6fb-e3877715cfe7,12686db9-6d2e-40a1-b9a6-b1db810f26eb,2,Potentially Available,0,Does Not Provide This Service,0,Does Not Provide This Service,2026-04-11 03:32:52.869862
b2c358aa-f24e-4b57-8a18-8bd3eebfc892,5cd5c2c1-51c7-44b6-b84b-415f31a408dd,0,Does Not Provide This Service,0,Does Not Provide This Service,1,Likely Available,2026-04-11 03:32:52.869862
d62def92-e12b-4541-bca0-d15d66a17100,1299cfdb-ca64-4c42-b6a1-0d3002d4954f,2,Potentially Available,0,Does Not Provide This Service,0,Does Not Provide This Service,2026-04-11 03:32:52.869862
390ef739-f5c6-4c87-be71-6e0a47a6f564,129ae258-052f-430e-8f9f-c16f5d0f29a4,2,Potentially Available,0,Does Not Provide This Service,0,Does Not Provide This Service,2026-04-11 03:32:52.869862
d9029695-67b7-40e8-97cd-ced363f3c40f,12bce58b-7983-4d76-bd6f-d56821622258,2,Potentially Available,0,Does Not Provide This Service,0,Does Not Provide This Service,2026-04-11 03:32:52.869862
d235ef23-f34f-43d5-8b1e-8c70bca93f81,12e3ca17-772b-4291-b828-89ded71c6fb3,2,Potentially Available,0,Does Not Provide This Service,0,Does Not Provide This Service,2026-04-11 03:32:52.869862
91400954-fcd2-4bd0-a7da-f53fc646d7a0,12e6eab2-1afc-4f5f-a96a-0b49810fb616,2,Potentially Available,0,Does Not Provide This Service,0,Does Not Provide This Service,2026-04-11 03:32:52.869862
4c49c6be-ee3d-41c4-94fc-d688198cc567,12f3c874-c4d1-4218-84a1-88cd5d28269d,2,Potentially Available,3,Constrained by Size,0,Does Not Provide This Service,2026-04-11 03:32:52.869862
3f76d919-a9f3-43b4-9db9-e83ab534cc31,132ce497-fe7f-4686-a66c-48b1f157a188,2,Potentially Available,0,Does Not Provide This Service,0,Does Not Provide This Service,2026-04-11 03:32:52.869862
89058588-66f6-4c60-b48e-0e365dbc4aa7,134446ef-4f1f-4712-8b79-d5c9907a3776,2,Potentially Available,4,Constrained by Market,0,Does Not Provide This Service,2026-04-11 03:32:52.869862
158e09d7-38e0-4be1-a343-94ba05db026d,13474e0f-ad75-4fbf-8796-420ea2673720,2,Potentially Available,0,Does Not Provide This Service,0,Does Not Provide This Service,2026-04-11 03:32:52.869862
9564856e-a9d2-4a66-a486-6ec22e7dc13b,1367229a-5ac7-471f-aa6a-0868d5c80b36,2,Potentially Available,0,Does Not Provide This Service,0,Does Not Provide This Service,2026-04-11 03:32:52.869862
2a7f9c5b-6941-485c-9861-4753de987590,1370f5ba-5c4d-4b0b-bf07-e41885828edc,2,Potentially Available,0,Does Not Provide This Service,0,Does Not Provide This Service,2026-04-11 03:32:52.869862
c588be95-417f-44aa-9e52-e292929b75f8,139c3ec6-65fb-460d-8d46-ada44354ac6d,2,Potentially Available,0,Does Not Provide This Service,0,Does Not Provide This Service,2026-04-11 03:32:52.869862
417d6e01-b96a-4569-9336-ce0556a6f8ae,13ca4859-465a-4f55-904c-bdb25e464331,2,Potentially Available,0,Does Not Provide This Service,0,Does Not Provide This Service,2026-04-11 03:32:52.869862
ac9bdda3-5854-4db7-a2c8-e0a44d617892,13d0807d-2e90-4fdc-aeac-f71f59abc623,2,Potentially Available,0,Does Not Provide This Service,0,Does Not Provide This Service,2026-04-11 03:32:52.869862
e45849a0-7573-4dc0-9446-0f4de9999467,13de14c9-004d-46d0-ba5d-fdef98b564d1,2,Potentially Available,5,Highly Constrained,0,Does Not Provide This Service,2026-04-11 03:32:52.869862
c5fd31df-b7bc-48a7-a15e-7db15bac3392,140e17ce-6fe4-447d-a972-a7280d46b346,2,Potentially Available,0,Does Not Provide This Service,0,Does Not Provide This Service,2026-04-11 03:32:52.869862
6287809b-f73c-490d-940b-f621d7220ba6,14131af3-d529-45bd-9586-dada17c3683d,2,Potentially Available,0,Does Not Provide This Service,0,Does Not Provide This Service,2026-04-11 03:32:52.869862
bcf56dbe-1645-4848-83b8-a2f740d395bb,14155929-2d1f-4aa6-a372-7fd035baf3df,2,Potentially Available,0,Does Not Provide This Service,0,Does Not Provide This Service,2026-04-11 03:32:52.869862
57e7bd9c-880a-4c4e-aeb7-b8eea98d55a5,14271d35-f0fc-49f6-9709-a5a2949f0abc,2,Potentially Available,0,Does Not Provide This Service,0,Does Not Provide This Service,2026-04-11 03:32:52.869862
f57cae0d-dce2-4917-b02c-8c4500794dd7,14419cf2-7791-4412-bb3a-bb2b7199be79,2,Potentially Available,0,Does Not Provide This Service,0,Does Not Provide This Service,2026-04-11 03:32:52.869862
fee40ad3-a15c-48ed-8c82-7ccd944c4363,144cb70f-f9ad-4736-80f8-700e43b5f069,2,Potentially Available,0,Does Not Provide This Service,0,Does Not Provide This Service,2026-04-11 03:32:52.869862
ad3eed7d-c539-4377-aac3-d2b190ffbc63,1450d126-3cda-4163-ae65-54f00d51ffb8,2,Potentially Available,0,Does Not Provide This Service,0,Does Not Provide This Service,2026-04-11 03:32:52.869862
3361ad1f-36a3-42ac-905e-8d29644271a3,148c4373-d553-4cc1-b2dd-db687e99016d,2,Potentially Available,0,Does Not Provide This Service,0,Does Not Provide This Service,2026-04-11 03:32:52.869862
7876e3ae-494c-404c-abaf-c23a5e982bfc,1497a8d2-e0eb-4c01-821f-52198e68ca2f,2,Potentially Available,0,Does Not Provide This Service,0,Does Not Provide This Service,2026-04-11 03:32:52.869862
85c0fe01-00bd-4be9-a6e5-6c2f445e3a7c,14a852a2-002c-4828-a310-f6e756a74425,2,Potentially Available,0,Does Not Provide This Service,0,Does Not Provide This Service,2026-04-11 03:32:52.869862
7c98ae8e-6403-4d64-9084-1c5a1418c177,14b0673a-e530-4218-a3cc-feb5cefde5d0,2,Potentially Available,0,Does Not Provide This Service,0,Does Not Provide This Service,2026-04-11 03:32:52.869862
cd5c2aa2-52ad-452d-951a-ef1279abe71c,14b27cc7-75a5-4897-aab1-ae22709f7ddc,2,Potentially Available,0,Does Not Provide This Service,0,Does Not Provide This Service,2026-04-11 03:32:52.869862
b4891dde-59ab-4e3d-bad5-ca5eb6e6945e,14b2c26e-9d3f-46bb-8a46-268938ec886f,2,Potentially Available,0,Does Not Provide This Service,0,Does Not Provide This Service,2026-04-11 03:32:52.869862
dfccb384-a28c-4f8b-8851-00b8a1807b4e,14ebe800-45f8-477c-aac8-53c55a43f78f,2,Potentially Available,0,Does Not Provide This Service,0,Does Not Provide This Service,2026-04-11 03:32:52.869862
3a8a6169-58fc-4321-beef-c3fa9bc2d5e1,150001c3-0741-4214-8886-6006b503ea79,2,Potentially Available,0,Does Not Provide This Service,0,Does Not Provide This Service,2026-04-11 03:32:52.869862
cc1f7711-b016-4d57-a1dc-cdc13413efa8,15469d74-76b0-4e60-9101-228b6fdfca42,2,Potentially Available,0,Does Not Provide This Service,0,Does Not Provide This Service,2026-04-11 03:32:52.869862
2b99c73d-904f-457e-bd2d-faa26fe2451e,154bd61a-5f8f-4ad2-94af-0fbd96d5718c,2,Potentially Available,0,Does Not Provide This Service,0,Does Not Provide This Service,2026-04-11 03:32:52.869862
8f5e80b6-a87d-4127-831c-c54812886df5,155c6a53-49a5-472d-9694-138741587031,2,Potentially Available,0,Does Not Provide This Service,0,Does Not Provide This Service,2026-04-11 03:32:52.869862
9c12790d-b92a-4dd5-8987-5f0eea06d7c8,157f5419-7577-4513-af09-30847e660356,2,Potentially Available,0,Does Not Provide This Service,0,Does Not Provide This Service,2026-04-11 03:32:52.869862
a4cf5c22-ea4c-4123-8ce7-bbdbebd6049f,1584df75-3210-4cf2-9907-5b1c4a2eeb50,2,Potentially Available,0,Does Not Provide This Service,0,Does Not Provide This Service,2026-04-11 03:32:52.869862
dbd29f7a-e815-4b68-b022-9803a11803af,15927400-adb5-4de7-b30c-035ea528e041,2,Potentially Available,0,Does Not Provide This Service,0,Does Not Provide This Service,2026-04-11 03:32:52.869862
eaa58953-8aca-4a3d-9cac-507c8a9cc989,159decf9-174e-4677-a3dd-e20db330f2aa,2,Potentially Available,0,Does Not Provide This Service,0,Does Not Provide This Service,2026-04-11 03:32:52.869862
c8865ba8-c020-44c4-bd27-42186c26de5f,15c16c61-7f3e-48f7-bcbd-a281b1f9d736,2,Potentially Available,0,Does Not Provide This Service,0,Does Not Provide This Service,2026-04-11 03:32:52.869862
9a7f94da-b52c-4c10-973d-a02d5e0ba8a8,15d7b6f0-0cf4-4d64-a015-824808cca45a,2,Potentially Available,0,Does Not Provide This Service,0,Does Not Provide This Service,2026-04-11 03:32:52.869862
033d94f8-eb67-4097-ba70-64ae1b6286c9,15eac556-ffbb-44d9-98d4-a93f7a3bf49b,2,Potentially Available,0,Does Not Provide This Service,0,Does Not Provide This Service,2026-04-11 03:32:52.869862
bbabd992-86aa-4ebd-8fd2-fcd7dcac4ab8,15f3e1c4-3093-43ff-82e2-53040a49833f,2,Potentially Available,0,Does Not Provide This Service,0,Does Not Provide This Service,2026-04-11 03:32:52.869862
a98e9db5-35f0-478a-a642-1e1be5390332,160cb100-544b-4cd3-bbf0-96adbdbf8dc4,2,Potentially Available,0,Does Not Provide This Service,0,Does Not Provide This Service,2026-04-11 03:32:52.869862
d799713a-6417-4f36-a00a-a32dcedac124,1612cc0e-8c2b-4103-ab47-701cac962db1,2,Potentially Available,0,Does Not Provide This Service,0,Does Not Provide This Service,2026-04-11 03:32:52.869862
fc6ea725-f052-42e9-b2e7-6100fe2ac36e,161d3ddd-bdf3-4a81-82bf-9efaad51e599,2,Potentially Available,0,Does Not Provide This Service,0,Does Not Provide This Service,2026-04-11 03:32:52.869862
b8f5ac34-c40e-401e-bb16-3de888dc39f1,162ddd90-d356-4d55-bf85-5d5650a7bbe7,2,Potentially Available,0,Does Not Provide This Service,0,Does Not Provide This Service,2026-04-11 03:32:52.869862
6966464d-ac9d-440c-8505-ff1d74b24fae,166487ad-9d6d-44ae-996f-3d6cf59b27b4,2,Potentially Available,0,Does Not Provide This Service,0,Does Not Provide This Service,2026-04-11 03:32:52.869862
8d80f152-03c7-4fb5-8b92-7776c7497366,168fe2f9-0c40-4ef2-9653-673ce3954b04,2,Potentially Available,0,Does Not Provide This Service,0,Does Not Provide This Service,2026-04-11 03:32:52.869862
ff29f776-497c-4e7a-a0a4-759bc241cd45,16ad5d18-3df7-42d5-80cc-c8fe4dec10ed,2,Potentially Available,0,Does Not Provide This Service,0,Does Not Provide This Service,2026-04-11 03:32:52.869862
129d602d-e2a8-413f-8db3-88a19accd76e,16b447a5-0fde-4f6c-9b27-fb615c8b309f,2,Potentially Available,0,Does Not Provide This Service,0,Does Not Provide This Service,2026-04-11 03:32:52.869862
8e737647-ae76-439c-9e85-a09f66d63759,172ed847-7424-4603-9ef3-8d7f93843163,2,Potentially Available,0,Does Not Provide This Service,0,Does Not Provide This Service,2026-04-11 03:32:52.869862
ae786681-3f8a-46f4-93e9-f9df3fe13eae,1785d8ad-a853-41c4-b238-7301446cc5b0,2,Potentially Available,0,Does Not Provide This Service,0,Does Not Provide This Service,2026-04-11 03:32:52.869862
9042e7ee-91d9-40b9-a88a-18652bd3f5ea,1789433f-baa0-4640-962f-cf8b8d3a744d,2,Potentially Available,0,Does Not Provide This Service,0,Does Not Provide This Service,2026-04-11 03:32:52.869862
62a3ed3d-33c5-44f7-83d4-80346508616f,179b6c34-b3d0-4866-bca2-e9469f4d0080,2,Potentially Available,0,Does Not Provide This Service,0,Does Not Provide This Service,2026-04-11 03:32:52.869862
1d6bdab2-50d6-4a60-8f94-228e4f0aa323,179e62e3-0866-4bf4-bf83-493a94827998,0,Does Not Provide This Service,0,Does Not Provide This Service,3,Constrained by Size,2026-04-11 03:32:52.869862
b44d144a-efd3-4e36-a4e5-88f9e8bd4f09,17a51db2-074c-4ac7-84be-00ae63928bd2,2,Potentially Available,0,Does Not Provide This Service,0,Does Not Provide This Service,2026-04-11 03:32:52.869862
93c022d6-acdb-4bd8-879e-951850be337c,17a7bcc2-43b7-4e5d-ae61-ca60651e47e8,2,Potentially Available,0,Does Not Provide This Service,0,Does Not Provide This Service,2026-04-11 03:32:52.869862
f5d07ff8-2261-4e8a-a46e-96f8ce34d7fd,17b4b614-4fc3-4636-86f7-02899cd48fd0,2,Potentially Available,0,Does Not Provide This Service,0,Does Not Provide This Service,2026-04-11 03:32:52.869862
e6e0e89c-143b-41c6-b25d-9636d6a4afab,17d6578e-8595-43a0-b2a9-7189ecae3942,2,Potentially Available,0,Does Not Provide This Service,0,Does Not Provide This Service,2026-04-11 03:32:52.869862
c6945179-fc5f-4bea-a508-079640c31961,17e906be-3f9d-4bb2-8014-130c6f2def61,0,Does Not Provide This Service,5,Highly Constrained,0,Does Not Provide This Service,2026-04-11 03:32:52.869862
e7f21424-e004-4c8e-adc2-3117b1706afb,17f0bf4c-ff9f-4138-99d2-6add5c548214,2,Potentially Available,0,Does Not Provide This Service,0,Does Not Provide This Service,2026-04-11 03:32:52.869862
3e8047b2-f255-4078-9e74-8fc814bd7ec7,17f79c1d-200d-40a8-ba4a-0aec5a772e0c,2,Potentially Available,0,Does Not Provide This Service,0,Does Not Provide This Service,2026-04-11 03:32:52.869862
d898a9aa-316a-436a-8f5c-89d60210f46f,1800e7ba-a6bb-487d-b78b-67cb2ab1bd2e,2,Potentially Available,0,Does Not Provide This Service,0,Does Not Provide This Service,2026-04-11 03:32:52.869862
e5542638-df5b-4755-9d2c-8eed4f4930cf,181b9baa-621d-4110-8ae0-3b170f545b57,2,Potentially Available,0,Does Not Provide This Service,0,Does Not Provide This Service,2026-04-11 03:32:52.869862
0f6c817b-6e9e-4273-a3e7-a2adfa286d70,18429162-3a1b-4e1c-abfa-0baabcfa1c8c,2,Potentially Available,0,Does Not Provide This Service,0,Does Not Provide This Service,2026-04-11 03:32:52.869862
9c132af9-a601-4cfb-bb38-fa4efc34aa97,1861969d-40d6-4192-aa84-ab1e4b0998f9,2,Potentially Available,0,Does Not Provide This Service,0,Does Not Provide This Service,2026-04-11 03:32:52.869862
bf484cdc-6ccc-457a-acf7-6fed51b376e5,1879805b-e87a-46ce-aefb-a76d302a49af,2,Potentially Available,0,Does Not Provide This Service,0,Does Not Provide This Service,2026-04-11 03:32:52.869862
6a48faf7-9d6b-4e61-9399-85ac20b3d834,18861381-0d44-4a6e-a674-9910cbd03934,2,Potentially Available,0,Does Not Provide This Service,0,Does Not Provide This Service,2026-04-11 03:32:52.869862
f5417ba1-a2b3-4c9f-bd52-880f6beafb71,18979c54-77df-4db0-9895-c3ecf7820e04,2,Potentially Available,0,Does Not Provide This Service,0,Does Not Provide This Service,2026-04-11 03:32:52.869862
96b49248-7780-4995-896d-f597f549d68c,18a2b0f6-0802-42fe-ab80-ed67b7cbac74,2,Potentially Available,0,Does Not Provide This Service,0,Does Not Provide This Service,2026-04-11 03:32:52.869862
76a5da27-c647-4b7a-bbfd-eea2c6a76751,18a96351-287f-447f-ac60-5029d667f227,2,Potentially Available,0,Does Not Provide This Service,0,Does Not Provide This Service,2026-04-11 03:32:52.869862
d59e580d-3538-46b0-a07e-03191394f7c2,18ba2ee8-fae0-486e-855f-cfc6661c7457,2,Potentially Available,0,Does Not Provide This Service,0,Does Not Provide This Service,2026-04-11 03:32:52.869862
0d6d704e-5ab8-4e84-8d7a-6c897d65c106,18d6ad1a-f62f-4ab7-8c04-4e4302dd7597,2,Potentially Available,0,Does Not Provide This Service,0,Does Not Provide This Service,2026-04-11 03:32:52.869862
688ab3ca-d785-4ccf-8ad7-338ea1c5c8ab,18d936eb-17b3-414f-82f5-b7e57253e31b,2,Potentially Available,0,Does Not Provide This Service,0,Does Not Provide This Service,2026-04-11 03:32:52.869862
2002f112-7f61-42e6-8333-cf7f4051d4f1,18e02061-1c3f-45f8-a7e9-6c3a87611fe5,2,Potentially Available,0,Does Not Provide This Service,0,Does Not Provide This Service,2026-04-11 03:32:52.869862
e8945a35-8c94-4989-b698-3e1f025abb85,18e242bc-f091-458b-aaa4-4b024e1c37c8,2,Potentially Available,0,Does Not Provide This Service,0,Does Not Provide This Service,2026-04-11 03:32:52.869862
fa1377b2-90bd-414a-8352-6991e923671b,18efe5e7-ca1c-4cc7-8e08-63a9f61bf392,2,Potentially Available,0,Does Not Provide This Service,0,Does Not Provide This Service,2026-04-11 03:32:52.869862
df757d21-6b0c-42ab-9f69-88648c27ca9c,190920b9-2ccb-415d-95b3-c2979e157147,1,Likely Available,1,Likely Available,0,Does Not Provide This Service,2026-04-11 03:32:52.869862
576cd741-5223-4b40-8629-7ca8c9e11331,190b4c7e-a9f0-410e-9454-037f1b03e1e9,2,Potentially Available,0,Does Not Provide This Service,0,Does Not Provide This Service,2026-04-11 03:32:52.869862
14f381f4-b598-4961-ad20-7f4e549fb4c6,192d96d5-c0e2-4fd5-9cf0-9ad2d686c61d,2,Potentially Available,0,Does Not Provide This Service,0,Does Not Provide This Service,2026-04-11 03:32:52.869862
819472c5-a28b-493d-911b-50e8e930f3ac,193214ae-b31b-4927-aad3-a7ba7b7c3455,2,Potentially Available,0,Does Not Provide This Service,0,Does Not Provide This Service,2026-04-11 03:32:52.869862
11b888c5-5293-4956-a7a1-7aba651b83fa,1937ec3b-5fa6-45e1-a605-5e0ea4c4760b,2,Potentially Available,0,Does Not Provide This Service,0,Does Not Provide This Service,2026-04-11 03:32:52.869862
48990535-04c6-40a3-b1d7-f162715ce3c1,19512fda-fa47-418c-ad84-a86dbd7384d4,0,Does Not Provide This Service,0,Does Not Provide This Service,1,Likely Available,2026-04-11 03:32:52.869862
a376d0ca-8a8b-4a15-bed4-a5c5baf7dfb5,196264a1-d957-4cbf-a2e4-a01d54182a3c,2,Potentially Available,0,Does Not Provide This Service,0,Does Not Provide This Service,2026-04-11 03:32:52.869862
63a3acee-ae93-4715-9ce4-f8873ad38ee2,196fac0f-c13d-4389-b33a-f848600c8fa6,2,Potentially Available,0,Does Not Provide This Service,0,Does Not Provide This Service,2026-04-11 03:32:52.869862
d28bba35-c520-4d4d-89ef-b3d7c1c41b35,1983adbc-c53e-44a7-914d-d46888a6748f,2,Potentially Available,0,Does Not Provide This Service,0,Does Not Provide This Service,2026-04-11 03:32:52.869862
5d58d34d-3433-4e8a-b26e-cc6669d7daef,199977bc-f923-44d4-957a-9978d718e859,2,Potentially Available,0,Does Not Provide This Service,0,Does Not Provide This Service,2026-04-11 03:32:52.869862
c1d66ebc-cb49-42b3-8c87-a978cf0e4bd2,199ce9ad-e32b-498f-8d47-a24c7eb59079,2,Potentially Available,0,Does Not Provide This Service,0,Does Not Provide This Service,2026-04-11 03:32:52.869862
ad130f7c-43d3-4e25-ae65-c97b0b07984f,19c9b475-3f80-4dc5-8152-19d706e3b535,2,Potentially Available,0,Does Not Provide This Service,0,Does Not Provide This Service,2026-04-11 03:32:52.869862
6879ca91-692c-4027-8bd9-d9637551e82a,19dc4a8d-fa56-4882-b1ad-29638a07d024,2,Potentially Available,0,Does Not Provide This Service,0,Does Not Provide This Service,2026-04-11 03:32:52.869862
3ed6adef-3511-40f3-9ef2-b1f297fe2b74,19e94e83-366d-4050-9d28-34ce0a016339,2,Potentially Available,0,Does Not Provide This Service,0,Does Not Provide This Service,2026-04-11 03:32:52.869862
3696d91c-4eda-4960-a64b-f61580d49ab3,19f84583-ccfe-47cd-81d0-99c365ad669b,0,Does Not Provide This Service,0,Does Not Provide This Service,1,Likely Available,2026-04-11 03:32:52.869862
ca3f014c-ec7d-44d6-961d-a48733b59cdc,1a08fc30-39f5-445a-9ae3-9887f35ea114,2,Potentially Available,0,Does Not Provide This Service,0,Does Not Provide This Service,2026-04-11 03:32:52.869862
439d81d7-b70e-456b-b68d-0a353839924b,1a1d61f1-e654-40ec-b02f-32c2e69253d9,2,Potentially Available,0,Does Not Provide This Service,0,Does Not Provide This Service,2026-04-11 03:32:52.869862
ae843ed8-778f-4d4c-a55f-f3d96e270bf2,1a21e261-b0f5-486c-8525-084dc2cc0a06,2,Potentially Available,0,Does Not Provide This Service,0,Does Not Provide This Service,2026-04-11 03:32:52.869862
79c1c6bd-ae57-4666-8e32-e6291adcce4b,1a43c609-495f-4fd5-854f-1ffb6701a02a,0,Does Not Provide This Service,1,Likely Available,0,Does Not Provide This Service,2026-04-11 03:32:52.869862
1e4dec57-3496-4cc2-afce-6f7f810b411f,1a48e6f0-30a7-4f40-a9b8-2b726e426e91,2,Potentially Available,0,Does Not Provide This Service,0,Does Not Provide This Service,2026-04-11 03:32:52.869862
12929ca2-775f-4e35-bf78-a06ab76e5d15,1a7c7100-0c7b-49c7-8b6d-4ce98276809e,2,Potentially Available,0,Does Not Provide This Service,0,Does Not Provide This Service,2026-04-11 03:32:52.869862
74af7082-7500-447a-9580-6f5878c1118d,1a8550e6-d8a7-4b40-a459-be93e52d9d60,2,Potentially Available,0,Does Not Provide This Service,0,Does Not Provide This Service,2026-04-11 03:32:52.869862
6d744cd3-2b87-4d84-a4d4-73c540083d87,1a882a6f-45ef-49d9-b5e4-39e0d089efed,2,Potentially Available,0,Does Not Provide This Service,0,Does Not Provide This Service,2026-04-11 03:32:52.869862
85431196-30b3-4c35-980d-eaebdb05e985,1a9b112a-d764-4c0a-aca8-aaab5dfc0ffb,2,Potentially Available,0,Does Not Provide This Service,0,Does Not Provide This Service,2026-04-11 03:32:52.869862
5544f35c-537e-4efa-a6fc-33422941e1da,1a9f5e9b-4ee5-4673-abb5-2166199645a3,2,Potentially Available,0,Does Not Provide This Service,0,Does Not Provide This Service,2026-04-11 03:32:52.869862
86d5061a-cfdb-4893-8f34-b8c9476d9c5a,1abcc18f-e9bb-4ac7-9911-a2a27a53e399,2,Potentially Available,0,Does Not Provide This Service,0,Does Not Provide This Service,2026-04-11 03:32:52.869862
aa195e6f-94f6-4e5e-9ac3-b3d58c2ece07,1acacace-7d08-4cb0-bfa9-7770e575b024,2,Potentially Available,0,Does Not Provide This Service,0,Does Not Provide This Service,2026-04-11 03:32:52.869862
4382aba2-d3e4-45f3-bdf0-eb1b8874ab6c,1ae5e98b-5a82-41d5-9920-8cdcba7f8895,2,Potentially Available,0,Does Not Provide This Service,0,Does Not Provide This Service,2026-04-11 03:32:52.869862
84008432-bf28-4174-8b46-1f24126380e0,1b08276d-0945-498a-8738-be7a09e9b343,2,Potentially Available,0,Does Not Provide This Service,0,Does Not Provide This Service,2026-04-11 03:32:52.869862
986c49a8-2a2f-43e0-81c3-7d8291de4cf1,1b1b23ef-4eb5-4b2c-a678-793805a3d996,1,Likely Available,1,Likely Available,0,Does Not Provide This Service,2026-04-11 03:32:52.869862
8d5f3c73-2383-4c10-b8c2-c20949a786af,1b1e82d5-f212-47b2-9c15-006928b2a63b,2,Potentially Available,0,Does Not Provide This Service,0,Does Not Provide This Service,2026-04-11 03:32:52.869862
96aaadd6-0e50-41ba-a00e-75d694fa9f63,1b2345aa-0ebb-489c-b1ba-9e12c55cbd77,2,Potentially Available,0,Does Not Provide This Service,0,Does Not Provide This Service,2026-04-11 03:32:52.869862
b25593cf-7374-4edd-b504-7fe246838e6e,1b3c0a3f-6029-4bce-a523-23f69c2010ca,2,Potentially Available,0,Does Not Provide This Service,0,Does Not Provide This Service,2026-04-11 03:32:52.869862
fbcaf5d3-a81b-40be-ad39-8668645f3c81,1b830755-ae35-4f30-a71b-5094e7877b84,2,Potentially Available,0,Does Not Provide This Service,0,Does Not Provide This Service,2026-04-11 03:32:52.869862
bcdb9ed5-2e1f-499f-9876-b5cd50bd78d6,1bcf565f-a4f9-4dca-865e-45ac2a82fd87,2,Potentially Available,0,Does Not Provide This Service,0,Does Not Provide This Service,2026-04-11 03:32:52.869862
854d95fe-be2c-4613-90bf-9b84376e158f,1bdc7528-ab30-49f5-b994-7d9d927e6e0e,2,Potentially Available,0,Does Not Provide This Service,0,Does Not Provide This Service,2026-04-11 03:32:52.869862
2c41eaec-0899-4cc5-846a-a46f5ae67443,1beb5fda-19f2-483b-99db-d4ea6a6bcc6d,2,Potentially Available,0,Does Not Provide This Service,0,Does Not Provide This Service,2026-04-11 03:32:52.869862
be32a2d7-3756-462e-ab6d-322c5b67c5f7,1bec0e6d-6131-4746-ba50-2ca8ead8c5dc,0,Does Not Provide This Service,0,Does Not Provide This Service,1,Likely Available,2026-04-11 03:32:52.869862
7767cf80-b271-4650-9b51-7b5224e2eee3,1beda149-110a-4a23-b653-15693d6f788b,2,Potentially Available,0,Does Not Provide This Service,0,Does Not Provide This Service,2026-04-11 03:32:52.869862
d9500a84-9fe4-4d33-94ac-359998dca95c,1bfd1da9-adf4-4ebe-b7cd-cdc75a79df83,2,Potentially Available,0,Does Not Provide This Service,0,Does Not Provide This Service,2026-04-11 03:32:52.869862
c5800c1a-d4e9-43b2-9d44-fbd3201fe72e,1c1dd2d7-8aac-4194-b39f-0f26be2f7669,2,Potentially Available,0,Does Not Provide This Service,0,Does Not Provide This Service,2026-04-11 03:32:52.869862
cc6ccacc-0c9c-4d64-94de-85f9fd64ee57,1c3aa113-5197-44f1-9267-8fd491a1ca37,2,Potentially Available,0,Does Not Provide This Service,0,Does Not Provide This Service,2026-04-11 03:32:52.869862
ace935ae-e564-486c-a543-37e0b7678399,1c519fbd-c2e2-49e5-afb0-a25d56a57ea4,2,Potentially Available,0,Does Not Provide This Service,0,Does Not Provide This Service,2026-04-11 03:32:52.869862
6caa9aee-a126-4f9c-a42e-c47f6d156d4b,1c7459cd-9727-4840-91a1-48a2c170bbda,2,Potentially Available,0,Does Not Provide This Service,0,Does Not Provide This Service,2026-04-11 03:32:52.869862
109a4762-b9df-4491-bc0a-821a4fb21d18,1c752f0c-4609-4d3a-a641-19cb71cb8872,2,Potentially Available,0,Does Not Provide This Service,0,Does Not Provide This Service,2026-04-11 03:32:52.869862
afeb0eff-3309-4eb8-95c4-7eba0c7952bd,1c914049-87b3-4660-b5c0-6d2e1505136f,2,Potentially Available,0,Does Not Provide This Service,0,Does Not Provide This Service,2026-04-11 03:32:52.869862
6c369cce-6b9d-4142-9e70-ee131604f2b4,1ca16f6e-c769-413e-b1f7-a3d824a87681,2,Potentially Available,0,Does Not Provide This Service,0,Does Not Provide This Service,2026-04-11 03:32:52.869862
70c138d0-d8b7-4a86-a8fb-74e477ccc49f,1cc5e039-42d4-4db9-a6f2-406663b36703,2,Potentially Available,0,Does Not Provide This Service,0,Does Not Provide This Service,2026-04-11 03:32:52.869862
a51ab1f1-1ea1-4938-b408-68edc0b9d018,1cd192ed-a500-4b1c-9a9f-1a2bb0206e1e,2,Potentially Available,0,Does Not Provide This Service,0,Does Not Provide This Service,2026-04-11 03:32:52.869862
c75d1b58-b754-4624-8f9c-ca43db064bd0,1d0dd3f6-16a8-4330-95c2-8813d2aa608d,2,Potentially Available,0,Does Not Provide This Service,0,Does Not Provide This Service,2026-04-11 03:32:52.869862
11199711-014a-4756-93d9-4642d8e388a4,1d37f139-ebe8-4fb1-a1e3-8a09d17a356a,2,Potentially Available,0,Does Not Provide This Service,0,Does Not Provide This Service,2026-04-11 03:32:52.869862
b7722b03-55fa-4095-8610-b184601b761c,1d505e58-55c6-49eb-92b7-10d19607db0b,1,Likely Available,1,Likely Available,0,Does Not Provide This Service,2026-04-11 03:32:52.869862
127af874-3460-493f-8bf2-cf2b4c59499e,1d64e08f-5b3c-44f4-99dc-edca74941d91,2,Potentially Available,0,Does Not Provide This Service,0,Does Not Provide This Service,2026-04-11 03:32:52.869862
3568cbe9-c23a-41e3-adaa-0c6a59585148,1d6a29c6-55c8-460f-8d30-35fcc71da1af,2,Potentially Available,0,Does Not Provide This Service,0,Does Not Provide This Service,2026-04-11 03:32:52.869862
c2aeba2e-7e74-492e-aa2b-b5beb03b8a30,1d791d5a-5cc4-4ead-b021-aecdc898674d,2,Potentially Available,0,Does Not Provide This Service,0,Does Not Provide This Service,2026-04-11 03:32:52.869862
462aea00-5012-4359-98d7-cc6c9781c8a8,1d7ea91b-bbf6-4c37-9a7e-10775d82e175,2,Potentially Available,0,Does Not Provide This Service,0,Does Not Provide This Service,2026-04-11 03:32:52.869862
8a58f6fa-6be6-4b69-b878-6bfd23a8ff3a,1d844fae-c316-44a4-8cc3-59392d87b143,2,Potentially Available,0,Does Not Provide This Service,0,Does Not Provide This Service,2026-04-11 03:32:52.869862
5419ce65-e099-4fb2-b8dc-e090beceba85,1d865842-63ff-4a20-9847-59bf5b9ea75f,2,Potentially Available,0,Does Not Provide This Service,0,Does Not Provide This Service,2026-04-11 03:32:52.869862
a4990c29-f814-414d-bdd0-c028f7b14b47,1d8733a3-e323-45a9-9519-75dc7f737357,2,Potentially Available,0,Does Not Provide This Service,0,Does Not Provide This Service,2026-04-11 03:32:52.869862
9372f928-abd0-43d5-a98f-b4a5ba65ef80,1e12127a-d420-4353-8a34-ab07d48d43fe,0,Does Not Provide This Service,0,Does Not Provide This Service,4,Constrained by Market,2026-04-11 03:32:52.869862
199c7fc6-dc25-42bb-9a26-1f53c905d262,1e2025ac-efc6-498b-9a2d-0b52ba47b3f8,2,Potentially Available,0,Does Not Provide This Service,0,Does Not Provide This Service,2026-04-11 03:32:52.869862
0830045f-d848-4fb1-8a6f-365c5f35dede,1e4e01a9-0a29-4816-a22e-0c573b98170b,2,Potentially Available,0,Does Not Provide This Service,0,Does Not Provide This Service,2026-04-11 03:32:52.869862
2fd8d6ba-26cb-415b-b530-dcb021da6970,1e4f8dcf-d148-4206-921b-3afa3c8aaeaf,2,Potentially Available,0,Does Not Provide This Service,0,Does Not Provide This Service,2026-04-11 03:32:52.869862
7a0628c6-e226-42ad-94a3-7684ded65620,1e50da57-a582-4962-8ed3-1f618e8b9d65,2,Potentially Available,0,Does Not Provide This Service,0,Does Not Provide This Service,2026-04-11 03:32:52.869862
c0ff51d9-2268-46f7-a797-fd16832335da,1e5545a6-8272-4c5f-8bc4-0702698266b8,2,Potentially Available,0,Does Not Provide This Service,0,Does Not Provide This Service,2026-04-11 03:32:52.869862
43263cf7-aa30-4d7a-bc65-5ddd2f8f627d,1e6ffceb-2f5c-4e40-bb8b-132216e1bd35,2,Potentially Available,0,Does Not Provide This Service,0,Does Not Provide This Service,2026-04-11 03:32:52.869862
eaf91740-6871-4fb4-8515-29edb3f945e1,1e79c021-853c-4998-80a5-d68065242f04,2,Potentially Available,0,Does Not Provide This Service,0,Does Not Provide This Service,2026-04-11 03:32:52.869862
5f9fbee2-66ba-44ac-a2cd-07964975ebe5,1e86f371-8e41-413f-96a0-4e3a6a6617c3,2,Potentially Available,0,Does Not Provide This Service,0,Does Not Provide This Service,2026-04-11 03:32:52.869862
029de05b-b5e4-49e6-9411-f58e7480cd14,1ea31e00-6812-4fb5-8b35-71371bc0b5ef,2,Potentially Available,0,Does Not Provide This Service,0,Does Not Provide This Service,2026-04-11 03:32:52.869862
2e133ac9-1db9-48db-a1ba-b68cb464d2d7,1ebf00c3-c106-4c81-8463-2043ca031c83,2,Potentially Available,0,Does Not Provide This Service,0,Does Not Provide This Service,2026-04-11 03:32:52.869862
93b46fd8-36ab-4308-ac71-9166b19a3b11,1ec4a532-3bc1-4308-bf1b-7260d37af82b,2,Potentially Available,0,Does Not Provide This Service,0,Does Not Provide This Service,2026-04-11 03:32:52.869862
0c266f4c-8b60-4cfe-bb55-24b7831da78c,1ec5a41c-9afd-44fa-9eaa-a26530b8a232,2,Potentially Available,0,Does Not Provide This Service,0,Does Not Provide This Service,2026-04-11 03:32:52.869862
d8a5077e-d4c3-4234-ac67-a869586e70fb,1eda6533-14f3-42c6-a46d-836f01f1f6e3,2,Potentially Available,0,Does Not Provide This Service,0,Does Not Provide This Service,2026-04-11 03:32:52.869862
739d14c6-6a35-4e4a-9612-ec262573dbde,1ef83c1e-6773-4c6e-b84c-76d96da6bb94,2,Potentially Available,0,Does Not Provide This Service,0,Does Not Provide This Service,2026-04-11 03:32:52.869862
375b9a00-bccc-448f-867d-31711afc7f78,1f1b831e-7d8c-419a-9dee-43dde6c25ea3,2,Potentially Available,0,Does Not Provide This Service,0,Does Not Provide This Service,2026-04-11 03:32:52.869862
9beccb0f-9e56-42c8-a56f-870f7cf685b4,1fa2d19e-d763-4171-8342-4bbc6318dc1b,2,Potentially Available,0,Does Not Provide This Service,0,Does Not Provide This Service,2026-04-11 03:32:52.869862
956cf6b3-65a6-42db-9be3-ac3b7972912e,1fa59b30-64ca-4900-b667-f43cb3bd823e,2,Potentially Available,0,Does Not Provide This Service,0,Does Not Provide This Service,2026-04-11 03:32:52.869862
95068aab-f5b4-4f94-ac20-175804ae2448,1fb30514-9b61-4579-a298-4738201d6d94,1,Likely Available,1,Likely Available,0,Does Not Provide This Service,2026-04-11 03:32:52.869862
3959971f-2424-4e96-a684-cd124e1611cb,1fe8a524-50c6-4dcc-a783-d71dfb507c0a,2,Potentially Available,0,Does Not Provide This Service,0,Does Not Provide This Service,2026-04-11 03:32:52.869862
13490d4a-c12e-4ce7-bc7f-1efcccd35389,1ff1cd15-2470-4542-a7ec-0df489634005,2,Potentially Available,0,Does Not Provide This Service,0,Does Not Provide This Service,2026-04-11 03:32:52.869862
e7b24a12-008c-4afa-9b61-e726be429ebe,1ff475f5-0f4b-468b-8f58-0d439bbae76b,2,Potentially Available,0,Does Not Provide This Service,0,Does Not Provide This Service,2026-04-11 03:32:52.869862
a8a88143-c5b0-4b16-9d63-707e912fdec6,1ffe8056-a007-4803-83a7-5ef0f6e1cbfd,2,Potentially Available,0,Does Not Provide This Service,0,Does Not Provide This Service,2026-04-11 03:32:52.869862
be2bd8fc-678e-4dfc-bde3-357712e7db44,2004df0c-b57f-4b3c-98ca-cea113bc7fb0,2,Potentially Available,1,Likely Available,0,Does Not Provide This Service,2026-04-11 03:32:52.869862
1087f83e-e2fc-4933-8def-9fb1e6e97612,201e59a9-948c-406e-b100-bd7e3abc4354,2,Potentially Available,0,Does Not Provide This Service,0,Does Not Provide This Service,2026-04-11 03:32:52.869862
acd15bd0-fb81-472e-89a6-ecc94ec06fe9,2045e5c6-2c7c-4b42-ad6a-4debd80acf09,2,Potentially Available,0,Does Not Provide This Service,0,Does Not Provide This Service,2026-04-11 03:32:52.869862
bb514afe-7bcf-45f8-ad7c-ce870c722001,205e4cbd-c5b2-42bb-a716-38626de8ddae,2,Potentially Available,0,Does Not Provide This Service,0,Does Not Provide This Service,2026-04-11 03:32:52.869862
a91c02ff-bf93-4840-8708-31edee29fd0b,206be34c-9faf-428f-be45-eefb54611803,2,Potentially Available,0,Does Not Provide This Service,0,Does Not Provide This Service,2026-04-11 03:32:52.869862
fb19f601-c1f0-43ec-90f1-a85a77bc7109,2076e49c-4153-4f23-9b14-617b72340705,0,Does Not Provide This Service,0,Does Not Provide This Service,1,Likely Available,2026-04-11 03:32:52.869862
1445e323-560a-4a84-a7c1-1fda500ec9e3,207ef607-924f-42a6-b00d-2d3beacf7316,2,Potentially Available,0,Does Not Provide This Service,0,Does Not Provide This Service,2026-04-11 03:32:52.869862
08de1666-eeeb-46c2-adfb-9ccfa85e9a90,2088a221-8d77-405c-bdad-cbc7c71226db,2,Potentially Available,1,Likely Available,0,Does Not Provide This Service,2026-04-11 03:32:52.869862
9610e539-539f-4880-b0a3-fa37715f4675,20d1c1d6-78db-4a64-b14c-da21c53c31ee,2,Potentially Available,0,Does Not Provide This Service,0,Does Not Provide This Service,2026-04-11 03:32:52.869862
d9db0a48-6258-48b2-8c16-2d4f723924f1,20dfc518-61ec-4280-a67e-044e19328696,1,Likely Available,1,Likely Available,0,Does Not Provide This Service,2026-04-11 03:32:52.869862
897397a8-8d35-49b1-b64e-6e26e78f2a79,20e224d6-699d-4cb3-9478-8cbdb7632890,2,Potentially Available,0,Does Not Provide This Service,0,Does Not Provide This Service,2026-04-11 03:32:52.869862
61f68123-3ad6-4ad1-918c-6b889a40b48c,20f010fb-7353-4945-98be-4261c9d8d33b,0,Does Not Provide This Service,0,Does Not Provide This Service,1,Likely Available,2026-04-11 03:32:52.869862
521189e4-3d3c-43a6-b048-bfca56b75800,20f36c53-c0b0-475c-b27a-763ac83142f6,2,Potentially Available,0,Does Not Provide This Service,0,Does Not Provide This Service,2026-04-11 03:32:52.869862
395a0ff5-9e66-4437-9911-9709bd60fe40,2126adb2-ea9b-4c70-9d97-c4b9e5aaca32,2,Potentially Available,0,Does Not Provide This Service,0,Does Not Provide This Service,2026-04-11 03:32:52.869862
b9337c65-ef49-48a3-892f-202d07922526,2147bccc-20b2-4ef7-9ed2-fde1734ebe6f,2,Potentially Available,0,Does Not Provide This Service,0,Does Not Provide This Service,2026-04-11 03:32:52.869862
31f90a35-d3da-4bc3-876d-06822b073f36,216b60d0-8034-4a8f-a1b2-874c94f338a3,2,Potentially Available,0,Does Not Provide This Service,0,Does Not Provide This Service,2026-04-11 03:32:52.869862
65584b49-c9c7-496b-9a2f-8b1a78ba35ad,216cddba-5e96-471e-beab-58c455e41f79,2,Potentially Available,0,Does Not Provide This Service,0,Does Not Provide This Service,2026-04-11 03:32:52.869862
a3bfe0cd-14a4-4506-a87c-6a07f0468932,21851741-7289-4396-a247-f380fe566c9a,0,Does Not Provide This Service,0,Does Not Provide This Service,4,Constrained by Market,2026-04-11 03:32:52.869862
9d6528cd-58ce-4069-92cc-a78ba612cd84,2187ae50-3d0a-4edc-9a14-f8254f845764,0,Does Not Provide This Service,0,Does Not Provide This Service,3,Constrained by Size,2026-04-11 03:32:52.869862
89cf106c-8abf-42ca-b361-499a8222af81,218914ae-08bf-48d7-801a-63240ba732ab,2,Potentially Available,0,Does Not Provide This Service,0,Does Not Provide This Service,2026-04-11 03:32:52.869862
80ceb9e6-6e86-4c5f-bcae-30aa0fa56b17,21932b4a-aad7-4188-ae92-815283a3b2f9,2,Potentially Available,0,Does Not Provide This Service,0,Does Not Provide This Service,2026-04-11 03:32:52.869862
c45dbefa-0d36-4eaf-a239-946f190472d3,219f5c16-c756-49b7-9828-98d9a40e0623,2,Potentially Available,0,Does Not Provide This Service,0,Does Not Provide This Service,2026-04-11 03:32:52.869862
eb0afc5a-6acb-4951-9b10-92676cdcac1a,21c6c007-72ab-44bc-ba18-c8a57ae5a13d,2,Potentially Available,0,Does Not Provide This Service,0,Does Not Provide This Service,2026-04-11 03:32:52.869862
7e2458e6-7f33-498d-bf5d-12ab4c9d69ff,21e8be6c-afe5-4d0f-ae41-8b5fdbe75f0a,1,Likely Available,1,Likely Available,0,Does Not Provide This Service,2026-04-11 03:32:52.869862
4044e6c4-32f8-43eb-b146-053357fa9442,21f9df50-706e-492c-b83e-104424de2c4a,2,Potentially Available,0,Does Not Provide This Service,0,Does Not Provide This Service,2026-04-11 03:32:52.869862
a328b89c-8f6a-459b-896a-6a89d517d68f,2218a144-a25f-4a1e-85bc-fc3e0d48fc1c,2,Potentially Available,0,Does Not Provide This Service,0,Does Not Provide This Service,2026-04-11 03:32:52.869862
8c343a3b-d3a2-48e2-9294-16cc86648160,223fa8f4-3dc0-4d9c-8efa-594dbebf0ea5,2,Potentially Available,0,Does Not Provide This Service,0,Does Not Provide This Service,2026-04-11 03:32:52.869862
78ce5317-b92d-42ee-9fef-9d14fcf62d42,224edeab-4ac3-4537-8c81-68f04d25a3ae,2,Potentially Available,0,Does Not Provide This Service,0,Does Not Provide This Service,2026-04-11 03:32:52.869862
95860558-e414-4066-82c6-c71d3ca95798,2262808c-aaaa-44dc-9724-11fe192e0294,2,Potentially Available,0,Does Not Provide This Service,0,Does Not Provide This Service,2026-04-11 03:32:52.869862
c3bde1f2-0ba4-49db-b790-4edb1e30703c,2263bc55-d1fe-43ba-91db-e1a6fbda9e4e,0,Does Not Provide This Service,0,Does Not Provide This Service,5,Highly Constrained,2026-04-11 03:32:52.869862
54e4ea40-3541-4edf-8cc7-e5eb9d6b0b34,22885fc5-4e8c-449e-912e-b41acb9bddda,2,Potentially Available,0,Does Not Provide This Service,0,Does Not Provide This Service,2026-04-11 03:32:52.869862
673b951d-d0a3-4dfa-93b9-0712470bdba9,2288af3e-f874-4090-a962-1e02eaec4134,2,Potentially Available,0,Does Not Provide This Service,0,Does Not Provide This Service,2026-04-11 03:32:52.869862
5f96d3be-5255-404d-94d1-50858e148ab4,22aead7a-78fc-49bc-981c-0afe48abdff0,2,Potentially Available,0,Does Not Provide This Service,0,Does Not Provide This Service,2026-04-11 03:32:52.869862
cbc62422-2787-4bcb-ab09-274a27002a12,22ded663-9233-45ba-acad-fb9cf95fc9b7,2,Potentially Available,0,Does Not Provide This Service,0,Does Not Provide This Service,2026-04-11 03:32:52.869862
999db94e-2a2e-4b5c-a7c1-0205d45d31db,230cc4d3-7350-4292-bfa4-b6b0c2901529,2,Potentially Available,0,Does Not Provide This Service,0,Does Not Provide This Service,2026-04-11 03:32:52.869862
ad509419-e820-4b77-a26c-154ce080737c,230fda82-927a-47b0-a1b9-5fd353fbcb2d,2,Potentially Available,0,Does Not Provide This Service,0,Does Not Provide This Service,2026-04-11 03:32:52.869862
961cc5a3-5256-4613-adfa-6766ca7d615c,239a22c5-b057-4abe-b19f-b7b2d52b7f28,2,Potentially Available,0,Does Not Provide This Service,0,Does Not Provide This Service,2026-04-11 03:32:52.869862
d08c7d1c-63f1-4aa0-92d9-dbf23534bd2b,23b0b1c2-0994-45ef-bc23-9ddce5db977b,2,Potentially Available,0,Does Not Provide This Service,0,Does Not Provide This Service,2026-04-11 03:32:52.869862
2e2c8df1-b35b-4222-9f7b-89358c378706,23b86421-e55e-4f99-95c1-1e9a009a602a,2,Potentially Available,0,Does Not Provide This Service,0,Does Not Provide This Service,2026-04-11 03:32:52.869862
92375a1a-4863-4137-8c37-034ec3d0b7a8,23cf946a-bb9f-4dd0-8270-e59f523b88a2,0,Does Not Provide This Service,0,Does Not Provide This Service,4,Constrained by Market,2026-04-11 03:32:52.869862
f15bfa39-da4c-4767-957c-3703bd4338bb,23fff513-a566-4994-8a6d-2004c6d01376,2,Potentially Available,0,Does Not Provide This Service,0,Does Not Provide This Service,2026-04-11 03:32:52.869862
8599e5ab-f882-47ed-9cbc-2132b003bead,2401f2df-2fd9-4564-8eef-9a87a98ba195,2,Potentially Available,0,Does Not Provide This Service,0,Does Not Provide This Service,2026-04-11 03:32:52.869862
527ec946-074c-4cd5-a5f2-9130e10a2306,2420cdba-2675-4590-84b0-9b92a97908c7,2,Potentially Available,0,Does Not Provide This Service,0,Does Not Provide This Service,2026-04-11 03:32:52.869862
8190621d-359d-4fe7-b77c-ca3431565a3f,24623aa5-662d-4f84-8997-759697822264,2,Potentially Available,0,Does Not Provide This Service,0,Does Not Provide This Service,2026-04-11 03:32:52.869862
fc0eaf0c-022c-4703-ba86-4ab721167439,2463b8f0-2fe3-4bb7-9939-3be1d66c4f6f,2,Potentially Available,0,Does Not Provide This Service,0,Does Not Provide This Service,2026-04-11 03:32:52.869862
67121f67-43ec-464a-bf7f-2c4d5b44fa0a,2479ff30-984f-49de-92a9-4d3d842611fe,2,Potentially Available,0,Does Not Provide This Service,0,Does Not Provide This Service,2026-04-11 03:32:52.869862
edb0fbf6-2749-4848-b339-511265a13506,2497921e-a375-44c5-8f33-b152695e03ca,2,Potentially Available,0,Does Not Provide This Service,0,Does Not Provide This Service,2026-04-11 03:32:52.869862
8893d26d-6adb-415e-8273-18065a3715cc,249b3f65-8f38-4ece-a218-9111e423e0e9,2,Potentially Available,0,Does Not Provide This Service,0,Does Not Provide This Service,2026-04-11 03:32:52.869862
0d2cf341-ec21-4127-a924-e24e1e7ecac9,24ef25b3-a038-4dc7-9dca-e793b4dde04b,2,Potentially Available,0,Does Not Provide This Service,0,Does Not Provide This Service,2026-04-11 03:32:52.869862
bde9949d-2df8-4ed4-b288-2b6a87ab2839,2516e2e2-2a61-44f8-82b6-c801fba290a9,2,Potentially Available,0,Does Not Provide This Service,0,Does Not Provide This Service,2026-04-11 03:32:52.869862
f94b48e4-648d-45af-a2fe-232934cc1aa5,25207cb8-3995-4884-87ba-40022d7dd438,2,Potentially Available,0,Does Not Provide This Service,0,Does Not Provide This Service,2026-04-11 03:32:52.869862
45b35e65-50f9-4c66-b316-7b74cc2e9740,252d08a1-7011-46a4-bd55-7e45ee27e1ce,2,Potentially Available,0,Does Not Provide This Service,0,Does Not Provide This Service,2026-04-11 03:32:52.869862
a6823a38-289c-41a2-ad54-ecd496bef09f,253e8517-b3b5-494d-bdce-9d36c91af642,2,Potentially Available,0,Does Not Provide This Service,0,Does Not Provide This Service,2026-04-11 03:32:52.869862
b609f893-d683-404a-abce-5c3640939361,256ed635-6015-49e9-aeab-7fded769a7d4,2,Potentially Available,0,Does Not Provide This Service,0,Does Not Provide This Service,2026-04-11 03:32:52.869862
71327bf1-602a-42b0-bcc6-b66f2a900dd2,2573eb71-66b6-4f3b-afc8-a364209d818a,2,Potentially Available,0,Does Not Provide This Service,0,Does Not Provide This Service,2026-04-11 03:32:52.869862
60adfb55-1109-4e26-80b9-3c7f413143d7,2574d071-3956-4e84-b2ce-0637709ee5f3,1,Likely Available,1,Likely Available,0,Does Not Provide This Service,2026-04-11 03:32:52.869862
f38b4abc-a05f-45f5-bd1c-814ad5609ff2,25aa9fcc-1453-45f5-95f1-ff82a18fc675,2,Potentially Available,0,Does Not Provide This Service,0,Does Not Provide This Service,2026-04-11 03:32:52.869862
1e54ce03-2afb-4d41-85d5-c3990bfb20f4,25ce60b9-9c09-4291-b88f-ce8cf0b539ac,2,Potentially Available,0,Does Not Provide This Service,0,Does Not Provide This Service,2026-04-11 03:32:52.869862
cdfeeb30-dd11-4b47-8493-4f6bf246b746,25e6d894-4c8f-45ce-b66a-cb7811554804,1,Likely Available,1,Likely Available,0,Does Not Provide This Service,2026-04-11 03:32:52.869862
5cf747a2-98fc-4be4-9876-1d1c8987485f,26050179-5086-44bc-a447-fdc55acdf105,2,Potentially Available,0,Does Not Provide This Service,0,Does Not Provide This Service,2026-04-11 03:32:52.869862
00b4300a-bdbc-4298-b6cf-d44b2b8c52bd,260d0092-1e6e-4fc7-9d6e-d65f6351227a,2,Potentially Available,0,Does Not Provide This Service,0,Does Not Provide This Service,2026-04-11 03:32:52.869862
7d731a41-3ea1-4548-9e2d-9f65859d3ceb,261ddce2-6068-4a9b-8ca4-47bba6030d0a,2,Potentially Available,0,Does Not Provide This Service,0,Does Not Provide This Service,2026-04-11 03:32:52.869862
64ca59af-9656-438a-af9d-4231f1acc0fb,262eed9d-462d-463d-b177-d280477070f2,2,Potentially Available,0,Does Not Provide This Service,0,Does Not Provide This Service,2026-04-11 03:32:52.869862
d93aadc2-940c-4b02-9ed3-6a9e1382c627,263d63c7-dea5-4a0b-a15d-38bee32e0f39,2,Potentially Available,0,Does Not Provide This Service,0,Does Not Provide This Service,2026-04-11 03:32:52.869862
e7fd214d-5db3-49f2-8712-36b36084e0af,263ef370-890b-4bcf-b092-5ea9e6f37fcc,2,Potentially Available,0,Does Not Provide This Service,0,Does Not Provide This Service,2026-04-11 03:32:52.869862
61a412bd-5b61-463d-a9a2-fb415c114fb2,26478ca9-23aa-4fd5-9ed8-af6397b4ad69,2,Potentially Available,0,Does Not Provide This Service,0,Does Not Provide This Service,2026-04-11 03:32:52.869862
566fc11e-df7b-41c6-bb84-35561b720597,26742d7d-cf90-443b-af97-4212e54aeffa,2,Potentially Available,0,Does Not Provide This Service,0,Does Not Provide This Service,2026-04-11 03:32:52.869862
94aa4454-ee2a-4624-b3b1-247deefb553c,268f13bd-9652-4b4c-970b-1c9f7cc82abe,2,Potentially Available,0,Does Not Provide This Service,0,Does Not Provide This Service,2026-04-11 03:32:52.869862
4fa29aba-0d53-495b-95e3-d72cb3d1f0f8,26c19c9d-9899-4625-aa52-87aca452947e,2,Potentially Available,0,Does Not Provide This Service,0,Does Not Provide This Service,2026-04-11 03:32:52.869862
ca8557d3-eda4-4bc4-99f7-78d8808b2e31,26c39301-23f3-4fed-8b40-b8f5445bf5a3,2,Potentially Available,0,Does Not Provide This Service,0,Does Not Provide This Service,2026-04-11 03:32:52.869862
e05f9804-fb6f-4cdd-8fa3-7b1efb0cb9ba,26d67ab6-53ee-4ffe-a541-bb58927eda1f,2,Potentially Available,0,Does Not Provide This Service,0,Does Not Provide This Service,2026-04-11 03:32:52.869862
46f67f30-0050-4146-a885-c1fa1b904c1f,26ef046e-8fa6-4043-b01c-fade021d4ca6,2,Potentially Available,0,Does Not Provide This Service,0,Does Not Provide This Service,2026-04-11 03:32:52.869862
c6dc4c0c-cfb0-4661-9483-6b094a8f04a5,26f0f024-57da-4185-bad9-272ddbbff123,2,Potentially Available,0,Does Not Provide This Service,0,Does Not Provide This Service,2026-04-11 03:32:52.869862
00a80b2a-eae1-4127-8fba-d93ee80e5d4e,26f69e87-fe18-47df-ba5a-f08f4cc32285,2,Potentially Available,0,Does Not Provide This Service,0,Does Not Provide This Service,2026-04-11 03:32:52.869862
08ba0877-3e90-4e14-9e23-6ff92ad84cb8,270c3e4c-4a98-4e35-802d-636e23764711,2,Potentially Available,0,Does Not Provide This Service,0,Does Not Provide This Service,2026-04-11 03:32:52.869862
0b6830b3-68d4-43c4-afa5-2e017c82a872,27112cd3-df2c-437a-94ce-65588346047d,2,Potentially Available,0,Does Not Provide This Service,0,Does Not Provide This Service,2026-04-11 03:32:52.869862
cf204249-7646-4e93-b394-67aee83bef23,27189e8c-ecd8-4844-8c7c-1ba8c741ae3f,0,Does Not Provide This Service,0,Does Not Provide This Service,3,Constrained by Size,2026-04-11 03:32:52.869862
85453750-3db4-4c03-a763-302ed1733dc9,271abf0f-c909-464f-93a7-7ee146aa4316,2,Potentially Available,0,Does Not Provide This Service,0,Does Not Provide This Service,2026-04-11 03:32:52.869862
eec69ac5-4e4e-4263-9abc-7820d069d454,2747aaa4-b5b0-4458-b667-6b1d6a78d026,2,Potentially Available,0,Does Not Provide This Service,0,Does Not Provide This Service,2026-04-11 03:32:52.869862
131ee2da-33a7-4b63-a420-1b0f86e56ba0,2751ade3-2b40-4949-9501-af015db1c79d,2,Potentially Available,0,Does Not Provide This Service,0,Does Not Provide This Service,2026-04-11 03:32:52.869862
527879e4-7cbe-44ac-a76e-f3c2262d14b5,276104ec-c308-4d55-a23d-cba6386da7e5,2,Potentially Available,0,Does Not Provide This Service,0,Does Not Provide This Service,2026-04-11 03:32:52.869862
21d674c9-f3bf-4160-9f31-224d2603786c,27766f0e-07d4-489c-8034-bc334147acd0,2,Potentially Available,0,Does Not Provide This Service,0,Does Not Provide This Service,2026-04-11 03:32:52.869862
8cfc82e6-4cea-49e1-8564-cde996b1cf77,278c0ccc-8c22-4554-9427-fa0cb6372e26,2,Potentially Available,0,Does Not Provide This Service,0,Does Not Provide This Service,2026-04-11 03:32:52.869862
253bc836-89d9-4c55-8bdc-f5ae49d1ec64,27936b53-440e-4dc4-ba34-32a6690f164d,2,Potentially Available,0,Does Not Provide This Service,0,Does Not Provide This Service,2026-04-11 03:32:52.869862
1bae66ef-3530-4f4a-8f2b-f93ba2538848,27a20827-1b24-4665-abd6-743967c9d645,2,Potentially Available,0,Does Not Provide This Service,0,Does Not Provide This Service,2026-04-11 03:32:52.869862
1024b8af-fe1c-4d77-80cd-848f770eb091,27b53c31-75c1-4f9a-b9ea-e614ac7f9c0d,2,Potentially Available,0,Does Not Provide This Service,0,Does Not Provide This Service,2026-04-11 03:32:52.869862
b04869cc-f567-4220-85ed-eeaabcd8386c,27cbf2ed-111b-454d-80d0-d9ecbe103544,2,Potentially Available,0,Does Not Provide This Service,0,Does Not Provide This Service,2026-04-11 03:32:52.869862
0f73ba86-6d1a-46ef-9990-74cb15704cfe,27eb6240-db9f-4057-96d0-a62e91327c2b,2,Potentially Available,0,Does Not Provide This Service,0,Does Not Provide This Service,2026-04-11 03:32:52.869862
83648243-649a-4452-a9fc-f108d9e78e78,282fe7ab-c852-4ca3-9fd2-51a56a273e68,2,Potentially Available,0,Does Not Provide This Service,0,Does Not Provide This Service,2026-04-11 03:32:52.869862
82759998-1940-461f-9065-0bf6b3a8a2cf,28551ef4-56d3-40be-9a90-af3dede30c8c,2,Potentially Available,0,Does Not Provide This Service,0,Does Not Provide This Service,2026-04-11 03:32:52.869862
b791a350-5a3e-4b86-9fe3-b38896ae5054,285801f3-0efb-4d66-99c7-6cf7d4c27a45,2,Potentially Available,0,Does Not Provide This Service,0,Does Not Provide This Service,2026-04-11 03:32:52.869862
4f7afa26-56a7-4fcd-9f26-13201a599692,2860a55a-efe8-4a51-af64-3f78e89a98f8,2,Potentially Available,0,Does Not Provide This Service,0,Does Not Provide This Service,2026-04-11 03:32:52.869862
e27b8fb6-5263-47b0-a69c-2f35b5b98ad9,2864f2bc-176f-4802-8759-6dc644eafdbb,2,Potentially Available,0,Does Not Provide This Service,0,Does Not Provide This Service,2026-04-11 03:32:52.869862
39aeb30c-db0a-480d-a6f0-1cbc82f07531,2875d0f8-677f-4d10-b802-6a99d0b9e7ba,2,Potentially Available,0,Does Not Provide This Service,0,Does Not Provide This Service,2026-04-11 03:32:52.869862
36a00dbd-8c29-4b5b-928c-df8b278fd86f,2881b590-f05f-49da-b94d-3f79d86ea077,2,Potentially Available,0,Does Not Provide This Service,0,Does Not Provide This Service,2026-04-11 03:32:52.869862
ef4a8513-e265-4958-9d7c-246b73a7ab94,28829780-7e73-4abc-8067-af9692581c3d,2,Potentially Available,0,Does Not Provide This Service,0,Does Not Provide This Service,2026-04-11 03:32:52.869862
815602ae-f2cb-4653-bb49-143f31fb55b1,289e80e5-5d23-4fa6-9458-a8b6d67cb734,2,Potentially Available,0,Does Not Provide This Service,0,Does Not Provide This Service,2026-04-11 03:32:52.869862
53ea07c2-4857-40b5-ad3c-e0a243041c25,28b70832-6248-4510-b54b-77ac629e9671,2,Potentially Available,0,Does Not Provide This Service,0,Does Not Provide This Service,2026-04-11 03:32:52.869862
9a1a4e9f-cabf-4786-becb-02fe938698e3,28f3eb24-a5c7-410d-856f-a5b50248bdfc,2,Potentially Available,0,Does Not Provide This Service,0,Does Not Provide This Service,2026-04-11 03:32:52.869862
335c6917-a9ce-41ac-9879-1dc734ab5390,28f78205-5a8e-48bb-a641-c67ecd8f3a72,2,Potentially Available,0,Does Not Provide This Service,0,Does Not Provide This Service,2026-04-11 03:32:52.869862
1ea2114f-5664-4cd3-8eb1-7cd228f3c9cb,2930e154-f260-477e-a6b7-6ab222404911,2,Potentially Available,0,Does Not Provide This Service,0,Does Not Provide This Service,2026-04-11 03:32:52.869862
5d7500f2-ac21-4998-a6c9-335b030f9c4f,29310847-9e73-4a80-a58d-3ffc43bca16b,2,Potentially Available,0,Does Not Provide This Service,0,Does Not Provide This Service,2026-04-11 03:32:52.869862
803f155a-6769-4769-9d69-54946d8a455f,293b8c56-9fb3-45cd-8253-452e1b523590,2,Potentially Available,0,Does Not Provide This Service,0,Does Not Provide This Service,2026-04-11 03:32:52.869862
9ad13a84-4a1c-437b-b440-032a99af03db,295c9f9c-cbe9-4f19-9ea4-fe5c715d7326,2,Potentially Available,0,Does Not Provide This Service,0,Does Not Provide This Service,2026-04-11 03:32:52.869862
a5798506-c01b-4af7-a8f0-aa91c1131aef,297ee8a8-af1d-4d15-8c9e-8637496afe59,0,Does Not Provide This Service,4,Constrained by Market,0,Does Not Provide This Service,2026-04-11 03:32:52.869862
1835da7c-1259-4766-b1a3-cbd475e64328,298cb929-f85f-40c7-9fa2-80eb5d5f4a1f,2,Potentially Available,0,Does Not Provide This Service,0,Does Not Provide This Service,2026-04-11 03:32:52.869862
e8421d3f-c572-4778-a4d5-ee58e82b8fd3,29a744b8-efb9-4eb5-8a57-faafa6ee5c6c,2,Potentially Available,0,Does Not Provide This Service,0,Does Not Provide This Service,2026-04-11 03:32:52.869862
8a5d4f27-6747-40bd-be00-f1c20d2673b7,29bb6977-a906-47bf-93b6-230dab0bad7d,2,Potentially Available,0,Does Not Provide This Service,0,Does Not Provide This Service,2026-04-11 03:32:52.869862
5eb20e4d-b092-4e23-b75c-bfe4a02b3ceb,29d85168-2d8b-4b64-923e-7614c3df90a5,2,Potentially Available,0,Does Not Provide This Service,0,Does Not Provide This Service,2026-04-11 03:32:52.869862
5a082ece-2c4d-4315-b6f6-9ebfbd77add0,2a2b6f05-c3b4-4bc6-8066-35f9afff179f,2,Potentially Available,0,Does Not Provide This Service,0,Does Not Provide This Service,2026-04-11 03:32:52.869862
7dad6a17-5612-4260-858b-3e9098121aee,2a364879-1f7e-4082-ac7b-307a6b999b36,2,Potentially Available,0,Does Not Provide This Service,0,Does Not Provide This Service,2026-04-11 03:32:52.869862
2d34e73d-0eb2-4f3d-8f95-cf068123e370,2a4a5894-0951-4415-8090-2a1681f1b5f4,2,Potentially Available,0,Does Not Provide This Service,0,Does Not Provide This Service,2026-04-11 03:32:52.869862
b4ae551d-e800-4a16-98fd-f5799211e77e,2a51410c-f1a7-458e-9ab8-33e66b2549ec,2,Potentially Available,0,Does Not Provide This Service,0,Does Not Provide This Service,2026-04-11 03:32:52.869862
3a277ada-cd13-4a86-a0a5-9bfd50188532,2a681910-53c7-4fe1-83f9-322a3c0b1f42,2,Potentially Available,5,Highly Constrained,0,Does Not Provide This Service,2026-04-11 03:32:52.869862
c406b967-e3b6-4070-8d43-d1946baf51de,2a765824-107c-4078-896c-b5a4d454ce78,2,Potentially Available,0,Does Not Provide This Service,0,Does Not Provide This Service,2026-04-11 03:32:52.869862
dde93cc9-89bf-4481-976a-4d3ea3b25fff,2a7cb80e-d65c-4f76-ae9c-9866c8601c35,1,Likely Available,1,Likely Available,0,Does Not Provide This Service,2026-04-11 03:32:52.869862
5e043d44-342e-46a3-aa38-983cb8b9a714,2a80aa18-f824-423b-9108-344e086cc1ee,2,Potentially Available,0,Does Not Provide This Service,0,Does Not Provide This Service,2026-04-11 03:32:52.869862
1bc871c8-9262-4f0c-af9b-2b5c072879d8,2acf14f7-6640-4b82-a2dd-515b522d2635,2,Potentially Available,0,Does Not Provide This Service,0,Does Not Provide This Service,2026-04-11 03:32:52.869862
da2c15c5-da3b-4419-8d3f-7d31a08e977c,2ad1d43e-95f5-4918-84b3-915c18c37051,2,Potentially Available,0,Does Not Provide This Service,0,Does Not Provide This Service,2026-04-11 03:32:52.869862
9c24f628-2e09-40a2-8a43-e21f99598328,2ad47473-09dc-4f1d-adf6-faea978367a8,2,Potentially Available,0,Does Not Provide This Service,0,Does Not Provide This Service,2026-04-11 03:32:52.869862
76c24f22-9866-45b8-b230-3a6ab62f6a4c,2ade277b-5b68-4421-bef8-6fd9574d572c,2,Potentially Available,0,Does Not Provide This Service,0,Does Not Provide This Service,2026-04-11 03:32:52.869862
635868a3-f65f-4ed9-844a-7ed6af38dbac,2b0036a4-b286-4d92-9de1-51b31157b91f,2,Potentially Available,0,Does Not Provide This Service,0,Does Not Provide This Service,2026-04-11 03:32:52.869862
337fd829-522e-4942-943f-9a8f339ed19e,2b09fee3-02ab-412f-aaac-610f14e015b4,2,Potentially Available,0,Does Not Provide This Service,0,Does Not Provide This Service,2026-04-11 03:32:52.869862
40a5edd2-7066-4279-9a0e-072631ee628d,2b1130ce-7b6d-4e2a-8eb1-f19b75fcb8ad,2,Potentially Available,0,Does Not Provide This Service,0,Does Not Provide This Service,2026-04-11 03:32:52.869862
0199a5e2-949a-4c2a-a58c-66c9a622819f,2b14b060-a711-4eff-8a9f-b09600742a83,2,Potentially Available,0,Does Not Provide This Service,0,Does Not Provide This Service,2026-04-11 03:32:52.869862
688ea2c9-709a-4902-b187-20b7715eb808,2b36bfc7-4925-4656-9db1-39ca7be89c08,2,Potentially Available,0,Does Not Provide This Service,0,Does Not Provide This Service,2026-04-11 03:32:52.869862
32125e73-cb5b-4188-bf46-6e864652c3d1,2b3edbe0-682b-45ae-b07a-fe9b845c7c0c,2,Potentially Available,0,Does Not Provide This Service,0,Does Not Provide This Service,2026-04-11 03:32:52.869862
42013dcc-a66f-46fa-8240-1422cc0da960,2b43deb1-c7ed-4097-b094-81d7a7fbddf3,2,Potentially Available,0,Does Not Provide This Service,0,Does Not Provide This Service,2026-04-11 03:32:52.869862
d7c7cae9-cbf8-40ba-a7b2-f1a88638984d,2b48d91d-e4e7-4d3e-b6ea-964dc4ab9ae4,1,Likely Available,0,Does Not Provide This Service,0,Does Not Provide This Service,2026-04-11 03:32:52.869862
b2dc3b20-8e75-4b22-a3a9-98ad41e1af33,2b62c93a-b040-4297-855c-1ada0a85879e,2,Potentially Available,0,Does Not Provide This Service,0,Does Not Provide This Service,2026-04-11 03:32:52.869862
2b7c8ad4-7ca8-483d-878d-47b0407074d2,2b6848b5-7210-44ce-ab8c-c72de32fc797,2,Potentially Available,0,Does Not Provide This Service,0,Does Not Provide This Service,2026-04-11 03:32:52.869862
b9fc472c-8164-49de-aabe-522daa6fc766,2b6e1719-e79c-4b8c-81eb-6bae1925748c,2,Potentially Available,0,Does Not Provide This Service,0,Does Not Provide This Service,2026-04-11 03:32:52.869862
d624e2f3-976c-4ad3-b692-b55d134bcfa3,2b971361-e4a7-4f5d-a543-eec3f5e258eb,2,Potentially Available,0,Does Not Provide This Service,0,Does Not Provide This Service,2026-04-11 03:32:52.869862
55dd0324-56bc-461d-b809-9e7bd443de6d,2bafe8c1-9187-4af5-80fa-028fb3768649,2,Potentially Available,0,Does Not Provide This Service,0,Does Not Provide This Service,2026-04-11 03:32:52.869862
d8882c0b-7ae7-4404-89b5-872e88c330ad,2bd20106-8e6e-4423-932b-844ed3f20bf6,2,Potentially Available,0,Does Not Provide This Service,0,Does Not Provide This Service,2026-04-11 03:32:52.869862
ccf51e17-f2c4-4f97-93ac-5f752b45b1e2,2bdc372d-a6a0-4e90-82ca-7da7639bdab7,2,Potentially Available,0,Does Not Provide This Service,0,Does Not Provide This Service,2026-04-11 03:32:52.869862
3f022991-9be1-468d-8194-ffc97a55b0a5,2beabff6-3b2d-4001-b83e-ba3df8f1aa00,2,Potentially Available,0,Does Not Provide This Service,0,Does Not Provide This Service,2026-04-11 03:32:52.869862
3e3a71d7-d812-4a74-b3b2-ed2db57d2227,2bf0720d-9122-4572-a753-91bf33a2a463,2,Potentially Available,0,Does Not Provide This Service,0,Does Not Provide This Service,2026-04-11 03:32:52.869862
0c40c17a-1834-46c0-8c36-5a980e3b9e5d,2c273762-e440-4035-8f8a-dff7ab683504,2,Potentially Available,0,Does Not Provide This Service,0,Does Not Provide This Service,2026-04-11 03:32:52.869862
e6776fc9-aebf-43c2-a32f-f9ac1c966c40,2c36e40c-7427-4c08-bbac-8e5f51e2d104,2,Potentially Available,0,Does Not Provide This Service,0,Does Not Provide This Service,2026-04-11 03:32:52.869862
da48b2f3-49d4-44cd-b1d1-fc374b243a50,2c4e4c8c-41a2-44fa-a287-7d1cb261f901,2,Potentially Available,0,Does Not Provide This Service,0,Does Not Provide This Service,2026-04-11 03:32:52.869862
339cc218-fd88-4490-9d12-9238c5180744,2c5cdf03-9ea9-41c6-add7-e8033c9504e2,2,Potentially Available,0,Does Not Provide This Service,0,Does Not Provide This Service,2026-04-11 03:32:52.869862
83bf2bb6-e093-4e1c-9b47-b242c509fbd1,2c5fb591-1cc2-4603-808c-cc5c257202a5,2,Potentially Available,0,Does Not Provide This Service,0,Does Not Provide This Service,2026-04-11 03:32:52.869862
834454e7-aacd-42f3-9a5e-a79c6b00a92f,2c60ede8-93a1-48b0-8d3a-034145e3dd5c,2,Potentially Available,0,Does Not Provide This Service,0,Does Not Provide This Service,2026-04-11 03:32:52.869862
2b4969f5-e4a7-4da7-87e3-93938fca7805,2c75884b-37b6-41b1-957d-d98993c8249d,2,Potentially Available,0,Does Not Provide This Service,0,Does Not Provide This Service,2026-04-11 03:32:52.869862
840d108a-53b7-4db0-a379-292e87c62811,2c9d4eaf-d608-418e-b6e4-b31180b19010,2,Potentially Available,0,Does Not Provide This Service,0,Does Not Provide This Service,2026-04-11 03:32:52.869862
80691fd6-026c-4119-9306-6762f3914144,2ca1e6d5-1b2b-4bcd-9a10-fc75166608fb,2,Potentially Available,0,Does Not Provide This Service,0,Does Not Provide This Service,2026-04-11 03:32:52.869862
9ab2920a-5f3b-4fc1-8b09-7a5f6eb05be6,2cc857ec-ec50-40a3-90ef-ae0881f408d0,2,Potentially Available,0,Does Not Provide This Service,0,Does Not Provide This Service,2026-04-11 03:32:52.869862
3aaf06dd-88e6-473e-856c-9720a1c42b0c,2ce61f40-596f-4c45-bd8d-7fc32ec87611,2,Potentially Available,0,Does Not Provide This Service,0,Does Not Provide This Service,2026-04-11 03:32:52.869862
20741cb5-4cbb-43de-a2c6-c15632e370d0,2ce8032c-acf0-458e-816b-4a0d8db44d42,2,Potentially Available,0,Does Not Provide This Service,0,Does Not Provide This Service,2026-04-11 03:32:52.869862
a99ae2ee-4b74-43eb-b1c0-b437873ce0cf,2cf93f23-f4ae-4521-96c6-6692143a899f,2,Potentially Available,0,Does Not Provide This Service,0,Does Not Provide This Service,2026-04-11 03:32:52.869862
f1883aec-2823-4ce7-8cdf-b5e7b686e387,2d0b1ef1-5cb2-44fb-858f-45fef0b82e13,1,Likely Available,1,Likely Available,0,Does Not Provide This Service,2026-04-11 03:32:52.869862
9478903e-175f-4640-a060-2c9b3ff1c067,2d59cde2-d39f-4cdb-aafe-f06e99a8b340,2,Potentially Available,0,Does Not Provide This Service,0,Does Not Provide This Service,2026-04-11 03:32:52.869862
2f0742e9-a904-4220-b0bd-a156c947b7b6,2d5b140d-8465-43ef-8b7d-e00e6cc69e3a,2,Potentially Available,0,Does Not Provide This Service,0,Does Not Provide This Service,2026-04-11 03:32:52.869862
4b4ef062-3c69-487b-bbe9-88d01f3c5c76,2d5b9690-d375-42e8-8e8f-86257b7973ef,2,Potentially Available,0,Does Not Provide This Service,0,Does Not Provide This Service,2026-04-11 03:32:52.869862
5b7b5457-048b-417d-9e1e-f4c12268648e,2d600325-d774-45ed-bb20-0cf1284bfb3c,2,Potentially Available,0,Does Not Provide This Service,0,Does Not Provide This Service,2026-04-11 03:32:52.869862
71f40333-7bf2-4b63-bd9d-e0a9dc01d00d,2d6ffcd5-fe7e-459e-a326-5953ca70c5e5,2,Potentially Available,0,Does Not Provide This Service,0,Does Not Provide This Service,2026-04-11 03:32:52.869862
13414d34-84f4-45ad-a9c8-e2a158aab32a,2d90a37a-56c6-4c79-bc32-0e45667baf67,0,Does Not Provide This Service,0,Does Not Provide This Service,2,Potentially Available,2026-04-11 03:32:52.869862
f2a99afe-8215-42f6-bd93-c634b2c32967,2da08329-dc97-4cd6-b8f9-2c09e7950cf4,2,Potentially Available,0,Does Not Provide This Service,0,Does Not Provide This Service,2026-04-11 03:32:52.869862
bf34bbc4-dc9d-4cf5-bbaa-136d7845b8b9,2dbbef43-be7b-4b89-a817-020bef956d55,2,Potentially Available,0,Does Not Provide This Service,0,Does Not Provide This Service,2026-04-11 03:32:52.869862
724d29eb-151d-4b47-abc8-4d990ed28ad6,2de068f0-8a61-4186-b121-b9690feab6b9,2,Potentially Available,0,Does Not Provide This Service,0,Does Not Provide This Service,2026-04-11 03:32:52.869862
0955e4a7-04a4-41df-9157-af78fb980e9e,2deea491-25f3-40fe-94bc-9faa7d5b2ea6,2,Potentially Available,0,Does Not Provide This Service,0,Does Not Provide This Service,2026-04-11 03:32:52.869862
9ff75d95-b4b4-4b77-9b7b-dbd2105b4ab7,2df985b5-2323-4024-aee0-d248a2dc0c1c,2,Potentially Available,0,Does Not Provide This Service,0,Does Not Provide This Service,2026-04-11 03:32:52.869862
ef872cb2-f63e-4b08-aa36-b589b1e91c90,2e1b2cfd-7f32-447e-b61b-8e2bc5e302b2,0,Does Not Provide This Service,0,Does Not Provide This Service,3,Constrained by Size,2026-04-11 03:32:52.869862
bd7e49bb-5373-42c6-bf87-775dee99e928,2e366d5d-0cf7-436e-95e9-76318cadf60e,2,Potentially Available,0,Does Not Provide This Service,0,Does Not Provide This Service,2026-04-11 03:32:52.869862
9d8c72f6-fb41-46bb-85ba-cea1ec33c533,2e43ebbc-febd-4c75-bac1-12e8e4379e80,2,Potentially Available,0,Does Not Provide This Service,0,Does Not Provide This Service,2026-04-11 03:32:52.869862
65d1ad64-86d7-4521-8794-bfb02080b297,2e47ce67-650f-4781-af6b-d35f24715bf0,2,Potentially Available,0,Does Not Provide This Service,0,Does Not Provide This Service,2026-04-11 03:32:52.869862
bf488c47-f1d4-4b8d-93d7-e25b1765d737,2e4af2c3-6dce-4fc5-8da6-e08d9e57f6c3,2,Potentially Available,0,Does Not Provide This Service,0,Does Not Provide This Service,2026-04-11 03:32:52.869862
4350c63d-c5e4-4e03-98d6-4867688d26a0,2e84b5b8-d062-4e9e-9e78-81028897e5f8,2,Potentially Available,0,Does Not Provide This Service,0,Does Not Provide This Service,2026-04-11 03:32:52.869862
1cf6c8ab-f21d-4432-8dac-413fbeca8434,2e93303c-3a25-4583-a2ad-34c13bbdeecb,2,Potentially Available,0,Does Not Provide This Service,0,Does Not Provide This Service,2026-04-11 03:32:52.869862
5bc396f1-8fde-495c-9b99-386c17904fb1,2e9548cd-f31d-42c9-8361-d8acbae8ee9f,2,Potentially Available,0,Does Not Provide This Service,0,Does Not Provide This Service,2026-04-11 03:32:52.869862
49a58a68-7ea1-4b09-89f5-dafad15c1661,2ec32930-c502-4099-87f1-1b4cd0df4521,2,Potentially Available,0,Does Not Provide This Service,0,Does Not Provide This Service,2026-04-11 03:32:52.869862
b17c2406-17fa-47c0-a006-9b0663f82303,2f65c106-8c79-4c32-913e-d97ae17532ba,2,Potentially Available,1,Likely Available,0,Does Not Provide This Service,2026-04-11 03:32:52.869862
f47592f6-8730-4618-9e2f-6778b13ea1c0,2f6662e4-0c66-4d85-8af9-b3832f16a512,2,Potentially Available,0,Does Not Provide This Service,0,Does Not Provide This Service,2026-04-11 03:32:52.869862
d5192c43-ca35-473c-bfe9-ad7acd59a032,2f8a7285-8708-4d12-81e1-57a30bebf354,2,Potentially Available,0,Does Not Provide This Service,0,Does Not Provide This Service,2026-04-11 03:32:52.869862
20d43af9-40de-4abc-81e3-ee9633790454,2f940d12-52d8-4211-8d48-945fba230239,2,Potentially Available,0,Does Not Provide This Service,0,Does Not Provide This Service,2026-04-11 03:32:52.869862
10b27602-fc0a-4be8-82d5-34be6eed749c,2fd079ca-7f12-41c8-b877-d5c3cbb2354b,2,Potentially Available,0,Does Not Provide This Service,0,Does Not Provide This Service,2026-04-11 03:32:52.869862
0c021b09-6d19-4168-a118-43b900add232,2feef231-c48a-410e-90c8-f0cba9dc12c1,2,Potentially Available,0,Does Not Provide This Service,0,Does Not Provide This Service,2026-04-11 03:32:52.869862
b3e5955b-a3ae-4a3a-bbbd-000d45163e9d,3008ca47-ff55-41be-a633-53ad3a9c734b,2,Potentially Available,0,Does Not Provide This Service,0,Does Not Provide This Service,2026-04-11 03:32:52.869862
7d4fce91-6e4f-42f3-84bc-935c018b0fca,300d38a5-bb0f-4ebf-8ef6-4d8ee5af95cf,1,Likely Available,1,Likely Available,0,Does Not Provide This Service,2026-04-11 03:32:52.869862
07da2ca0-118e-40d3-aa05-44d01698ef94,3017488d-2740-4d1f-97b0-fbeec6844368,2,Potentially Available,0,Does Not Provide This Service,0,Does Not Provide This Service,2026-04-11 03:32:52.869862
e4253d8b-e1d3-4978-8892-9f4b36a8f81c,3024bd0d-52a1-4266-bbd6-a0f60160cad0,2,Potentially Available,0,Does Not Provide This Service,0,Does Not Provide This Service,2026-04-11 03:32:52.869862
8743e762-3562-4b96-9963-033677ce8e20,3077852c-d064-47ed-9322-f3fb947debfd,2,Potentially Available,0,Does Not Provide This Service,0,Does Not Provide This Service,2026-04-11 03:32:52.869862
5e4c2b4f-6228-4186-95ea-8106ac0e62d6,307f8ce6-fec0-4247-b2c7-4e6f100a9ef6,2,Potentially Available,0,Does Not Provide This Service,0,Does Not Provide This Service,2026-04-11 03:32:52.869862
cd2a4dae-e8e1-40ca-b75c-fabf1eb3ecca,309260af-71a4-4b5a-91fd-7b8acf85ac53,2,Potentially Available,0,Does Not Provide This Service,0,Does Not Provide This Service,2026-04-11 03:32:52.869862
42c0b2e4-28b1-4412-815b-5c9b74d4db1f,30a3a67f-4ed9-45b3-83e3-c1ba8a551df2,2,Potentially Available,0,Does Not Provide This Service,0,Does Not Provide This Service,2026-04-11 03:32:52.869862
e88fbeb9-f40e-4341-8896-49ec4d117aa2,30a3cc43-96e2-4e33-b7d4-a733b614249a,0,Does Not Provide This Service,4,Constrained by Market,0,Does Not Provide This Service,2026-04-11 03:32:52.869862
08eaac0b-0347-4039-ae58-738998ee1e2d,30aef67e-1f5d-459d-8831-b2d54b1db67d,2,Potentially Available,0,Does Not Provide This Service,0,Does Not Provide This Service,2026-04-11 03:32:52.869862
76ac1aef-34f7-4b2f-8dfd-3a2c9a83a5b4,30d329c6-40c8-45e0-a77b-c544fe06324e,2,Potentially Available,0,Does Not Provide This Service,0,Does Not Provide This Service,2026-04-11 03:32:52.869862
0cc50555-853a-493d-8503-db73d560d3d9,30ebe24b-9c9a-47d0-9649-76d17803a2df,2,Potentially Available,0,Does Not Provide This Service,0,Does Not Provide This Service,2026-04-11 03:32:52.869862
be2fcc0a-e572-4590-9a58-cd69e1a6e804,311f5fc5-30de-4d8f-a3f3-3e73b79a7d85,2,Potentially Available,0,Does Not Provide This Service,0,Does Not Provide This Service,2026-04-11 03:32:52.869862
cd0200a5-763f-4b48-af50-e0a2ebe47cfc,318551f1-5876-4655-94f7-42baf2e2a37b,2,Potentially Available,0,Does Not Provide This Service,0,Does Not Provide This Service,2026-04-11 03:32:52.869862
18160857-8a73-492b-a0bf-de7374b78abf,318ce972-2647-42ff-b39b-d4bb861675ce,2,Potentially Available,0,Does Not Provide This Service,0,Does Not Provide This Service,2026-04-11 03:32:52.869862
b8da7c65-3f1e-4673-85fb-873b30939840,31916c35-deb4-488a-abea-e4c0a12777ef,2,Potentially Available,0,Does Not Provide This Service,0,Does Not Provide This Service,2026-04-11 03:32:52.869862
bdf505c0-9f5d-4f52-a9da-10165bc1da2d,31a6ef1a-62e3-4492-9f56-a4302c13fc46,2,Potentially Available,0,Does Not Provide This Service,0,Does Not Provide This Service,2026-04-11 03:32:52.869862
886562bf-dc96-4cf2-a521-fbebec01aa32,31ed1250-deaf-4faa-93af-33d278ba2333,2,Potentially Available,0,Does Not Provide This Service,0,Does Not Provide This Service,2026-04-11 03:32:52.869862
d6cf227c-6bb6-4926-a8c9-5f4def931cdc,31f23ef6-29c9-4a55-b7f6-e2e50075e755,2,Potentially Available,0,Does Not Provide This Service,0,Does Not Provide This Service,2026-04-11 03:32:52.869862
941438fe-3b93-41b7-b02e-0a10f8b3bd3d,32320b73-8bba-4239-993d-467c46c015a1,2,Potentially Available,0,Does Not Provide This Service,0,Does Not Provide This Service,2026-04-11 03:32:52.869862
f786d421-6772-42ab-bb07-0806bdd72345,3253a738-3b55-4bde-947d-b4ae4d97f967,2,Potentially Available,0,Does Not Provide This Service,0,Does Not Provide This Service,2026-04-11 03:32:52.869862
a61f7349-c9a4-45b3-bbb5-6d91884d268f,3268acb6-64e2-4a3e-8e20-9ad3dc5eb6bd,2,Potentially Available,0,Does Not Provide This Service,0,Does Not Provide This Service,2026-04-11 03:32:52.869862
a1182ef9-7d01-41b8-a08e-17644ab02667,3274103f-e470-49dd-9add-187d8cc64aa5,2,Potentially Available,0,Does Not Provide This Service,0,Does Not Provide This Service,2026-04-11 03:32:52.869862
14de883a-7aad-4095-b40f-b1fdea65c5e7,3286cd7f-a24c-4007-8572-b51c566c7656,2,Potentially Available,0,Does Not Provide This Service,0,Does Not Provide This Service,2026-04-11 03:32:52.869862
4f33e727-f6b2-428d-8cad-509a229c9ecd,32ad60e6-a12e-4f53-bd4c-54991f02b609,2,Potentially Available,0,Does Not Provide This Service,0,Does Not Provide This Service,2026-04-11 03:32:52.869862
40984fc0-0aac-4c4a-a41b-3a57ecf84d09,32d3716d-c3ba-4f4b-8c46-82fe3d371023,2,Potentially Available,0,Does Not Provide This Service,0,Does Not Provide This Service,2026-04-11 03:32:52.869862
7219a943-5e17-49b6-91b3-7a82be837966,32d9837b-013d-49a5-9689-66638239e5f9,2,Potentially Available,0,Does Not Provide This Service,0,Does Not Provide This Service,2026-04-11 03:32:52.869862
fca53d72-53f2-4f6b-91d6-875b626478a7,32e00571-032e-4a91-afb5-156c57eb3eef,2,Potentially Available,0,Does Not Provide This Service,0,Does Not Provide This Service,2026-04-11 03:32:52.869862
97ca636b-5494-475f-baaf-3e5b1e91f244,32f4a7c1-a137-4dbd-88ec-5154dd6ac74e,2,Potentially Available,0,Does Not Provide This Service,0,Does Not Provide This Service,2026-04-11 03:32:52.869862
9c57e9f8-6ce6-409d-8038-ffd8df7be4ff,32ff2461-1426-489c-9162-39e06d388d61,2,Potentially Available,0,Does Not Provide This Service,0,Does Not Provide This Service,2026-04-11 03:32:52.869862
825a38dc-73ed-418b-8965-e2d4a514e435,331e3dc0-5b35-4f00-bad9-9f6c24fd1dca,2,Potentially Available,0,Does Not Provide This Service,0,Does Not Provide This Service,2026-04-11 03:32:52.869862
5d444907-23db-48ec-bd03-00eb48ad6120,33254d5d-8ce0-4ae6-95ea-7d9fac982ee3,2,Potentially Available,0,Does Not Provide This Service,0,Does Not Provide This Service,2026-04-11 03:32:52.869862
c8630ab9-0693-4ea5-b5e2-0d15150bf7c6,3340f560-eb0d-453e-8bea-0a85c27650c6,0,Does Not Provide This Service,0,Does Not Provide This Service,3,Constrained by Size,2026-04-11 03:32:52.869862
4ebd8aaa-5bcf-4993-80a7-fa24701bde3b,33508c5a-b832-41b3-af2e-14ba3651c191,2,Potentially Available,0,Does Not Provide This Service,0,Does Not Provide This Service,2026-04-11 03:32:52.869862
9fa5c47d-0c1d-482e-8bc9-0eb7159a3c47,33703208-a63e-4d07-aa3e-67999a239288,2,Potentially Available,0,Does Not Provide This Service,0,Does Not Provide This Service,2026-04-11 03:32:52.869862
06fd6202-b3d4-49f7-b9a1-8200ce0b3e76,33970eab-2fa5-4724-b55f-414737de528c,2,Potentially Available,0,Does Not Provide This Service,0,Does Not Provide This Service,2026-04-11 03:32:52.869862
fde64b73-98d8-439d-bd5f-04fe31dcf59e,339a0586-ed6a-4876-b888-5645cf034f04,2,Potentially Available,0,Does Not Provide This Service,0,Does Not Provide This Service,2026-04-11 03:32:52.869862
4c302f78-5900-417b-b228-6a5514e545a3,33b57324-4c03-4a61-9e41-0284ecb60d40,2,Potentially Available,0,Does Not Provide This Service,0,Does Not Provide This Service,2026-04-11 03:32:52.869862
d6f01869-4e1e-420c-86c6-1a7a104efee1,33c69525-6de4-4eb2-ab4e-26c2de44ef15,2,Potentially Available,0,Does Not Provide This Service,0,Does Not Provide This Service,2026-04-11 03:32:52.869862
1efaff7f-6ae6-4c18-8c20-3488824e6ac7,33d1735a-e95f-4e27-a2e7-af2f47587979,2,Potentially Available,0,Does Not Provide This Service,0,Does Not Provide This Service,2026-04-11 03:32:52.869862
4fa81b4d-bf7b-47cb-92f3-8b73dca753a7,33f64875-5417-4da4-9743-6f77cfbf2b6b,2,Potentially Available,0,Does Not Provide This Service,0,Does Not Provide This Service,2026-04-11 03:32:52.869862
e0bcc56b-e6a9-4b47-bc7b-2f10f520e38f,340438f5-1bbf-480f-af64-097bebbafc33,2,Potentially Available,0,Does Not Provide This Service,0,Does Not Provide This Service,2026-04-11 03:32:52.869862
9997002d-1ac5-4530-9981-447534d7cd4d,34187c7d-833e-4d03-b03e-7f265fe09241,2,Potentially Available,0,Does Not Provide This Service,0,Does Not Provide This Service,2026-04-11 03:32:52.869862
ee9fc578-886e-48ab-97f4-e1512c3a414b,345f630f-dfec-4db2-9049-0904912db81e,2,Potentially Available,0,Does Not Provide This Service,0,Does Not Provide This Service,2026-04-11 03:32:52.869862
74bbdbbb-f529-485b-a5db-7f628c44e733,34628631-bbd1-4386-b70b-afc08b740192,2,Potentially Available,0,Does Not Provide This Service,0,Does Not Provide This Service,2026-04-11 03:32:52.869862
65062b13-bacf-4534-8f10-6c728365d0f9,347e5bee-5706-4e1b-8e23-63f8e2348e6b,2,Potentially Available,0,Does Not Provide This Service,0,Does Not Provide This Service,2026-04-11 03:32:52.869862
3d0b73c1-c693-453c-bdf4-158317528780,34814da2-4f1d-47e3-aeb9-d1d6cd2e4fa5,2,Potentially Available,0,Does Not Provide This Service,0,Does Not Provide This Service,2026-04-11 03:32:52.869862
145690f8-7fe2-488a-9eb9-42b9da1673b2,3486a9db-373a-4d55-983f-d22953291a19,0,Does Not Provide This Service,0,Does Not Provide This Service,1,Likely Available,2026-04-11 03:32:52.869862
5c1bc942-2c13-4833-be1d-0b1507090157,348b3f48-c748-48d2-bfc8-dbedc10d1ee6,2,Potentially Available,0,Does Not Provide This Service,0,Does Not Provide This Service,2026-04-11 03:32:52.869862
2203c9e5-44d3-4dd4-8df3-240c54bab247,3490129c-6ee5-455c-90dc-748245b79df9,2,Potentially Available,0,Does Not Provide This Service,0,Does Not Provide This Service,2026-04-11 03:32:52.869862
c246dd8c-1576-4dd3-b3d7-19fea2198c98,349e0c60-3e27-4f75-aea1-727701829b21,0,Does Not Provide This Service,1,Likely Available,0,Does Not Provide This Service,2026-04-11 03:32:52.869862
2c0d22f8-5a61-40d8-b0b3-81eac6133732,34a08e5a-829f-4e7b-bb5a-2df98ed2af35,2,Potentially Available,0,Does Not Provide This Service,0,Does Not Provide This Service,2026-04-11 03:32:52.869862
fbe1160a-25b4-49e6-9424-4311c6d1abd0,34aa36b4-aa68-4539-80f6-8c425260b863,2,Potentially Available,0,Does Not Provide This Service,0,Does Not Provide This Service,2026-04-11 03:32:52.869862
28e7a184-210a-4dfa-a794-65f31d765334,34d4099b-d901-484b-86e5-346be569e50d,2,Potentially Available,0,Does Not Provide This Service,0,Does Not Provide This Service,2026-04-11 03:32:52.869862
99d35026-24bb-4732-9daa-a620bb231e72,34da4c70-8b58-4096-8f30-a7d9222e48d4,2,Potentially Available,0,Does Not Provide This Service,0,Does Not Provide This Service,2026-04-11 03:32:52.869862
4f7132fc-4320-4f54-8734-b818b892093a,34dc5243-6fdd-4841-b870-d54fc01dc2c2,2,Potentially Available,0,Does Not Provide This Service,0,Does Not Provide This Service,2026-04-11 03:32:52.869862
f8ea07aa-c5e8-45e4-8b07-f7ed367cd64c,34f0cb4e-aaeb-4e54-9d2a-3c43288aeae5,2,Potentially Available,0,Does Not Provide This Service,0,Does Not Provide This Service,2026-04-11 03:32:52.869862
e5292733-b5f6-4966-835a-797d8d1a1502,34f93000-c64a-43e2-8a5d-780ffef8ad47,1,Likely Available,1,Likely Available,0,Does Not Provide This Service,2026-04-11 03:32:52.869862
8451bcdb-af0c-443b-a6cb-50e32a885ce5,350c3061-5914-4d9f-bf05-593fa1ab2cb8,2,Potentially Available,0,Does Not Provide This Service,0,Does Not Provide This Service,2026-04-11 03:32:52.869862
96c299ca-1264-4a52-8510-ad904ec67378,350dab7a-7b48-4d01-8564-00d6a7e79035,1,Likely Available,4,Constrained by Market,0,Does Not Provide This Service,2026-04-11 03:32:52.869862
bd15afbe-766c-4b21-9a78-b748219290d8,350e8064-87d9-4955-a922-52dcf69515e9,2,Potentially Available,0,Does Not Provide This Service,0,Does Not Provide This Service,2026-04-11 03:32:52.869862
d60ec69c-62fb-41dc-b321-f509e7c2689e,355f22dc-837e-4219-a46f-e810b0ffe8dc,2,Potentially Available,0,Does Not Provide This Service,0,Does Not Provide This Service,2026-04-11 03:32:52.869862
7f29baa2-29c1-46e1-a8b3-7ece1fb8fe0c,359e0835-f4bd-4acf-b734-2e7e8a18d320,2,Potentially Available,0,Does Not Provide This Service,0,Does Not Provide This Service,2026-04-11 03:32:52.869862
4a5c997e-4c01-4a36-a1d9-1e1b8cab8e5a,35a252d4-b313-4479-b364-4aa7bb5fe00b,2,Potentially Available,0,Does Not Provide This Service,0,Does Not Provide This Service,2026-04-11 03:32:52.869862
5a21f86a-e7fc-48ea-817f-57cc24932ba5,35aebe3b-42ba-4e6e-8ec6-88208171b0f1,2,Potentially Available,0,Does Not Provide This Service,0,Does Not Provide This Service,2026-04-11 03:32:52.869862
5de28833-c6d6-4e8d-ac59-7a95086af96c,35cc57c0-8a65-4121-ac1b-ae05c4272c47,2,Potentially Available,0,Does Not Provide This Service,0,Does Not Provide This Service,2026-04-11 03:32:52.869862
f8e4a3b8-eecb-4872-a8f7-495b7f769e3b,35ed4262-8773-4d79-9149-feda3517a2b1,2,Potentially Available,0,Does Not Provide This Service,0,Does Not Provide This Service,2026-04-11 03:32:52.869862
e1339013-c795-478c-9f91-ab57cdd6a982,35ff5dc8-1270-44a8-9146-110cd47d845e,2,Potentially Available,0,Does Not Provide This Service,0,Does Not Provide This Service,2026-04-11 03:32:52.869862
6f232c8c-fe89-4d14-9c12-a666a1da6c58,3604e4f7-cccc-4fdd-98e8-459114c3943b,2,Potentially Available,0,Does Not Provide This Service,0,Does Not Provide This Service,2026-04-11 03:32:52.869862
7e3ade8b-7906-44ba-99ff-f59bcc37af86,3605fb1e-45f2-4d15-b280-f04261a87e1d,2,Potentially Available,0,Does Not Provide This Service,0,Does Not Provide This Service,2026-04-11 03:32:52.869862
c4261722-46ae-4aec-87f8-950c328d1c9e,360d67ac-923d-4ef7-8499-16545338aaec,2,Potentially Available,0,Does Not Provide This Service,0,Does Not Provide This Service,2026-04-11 03:32:52.869862
1e2bcd30-49a3-4032-ae20-dedeb470e654,3611cf97-f28f-47a1-be62-72984f4b3753,2,Potentially Available,0,Does Not Provide This Service,0,Does Not Provide This Service,2026-04-11 03:32:52.869862
daa13e3d-2796-4e3e-a2ef-91dd4ef2dea7,363749d7-c017-4fd6-a0de-14b700c4f208,2,Potentially Available,0,Does Not Provide This Service,0,Does Not Provide This Service,2026-04-11 03:32:52.869862
acde6baf-ffb2-4514-a892-262a9e2a679a,365d9ddc-dee1-41bd-9f7c-2aea80c599ad,2,Potentially Available,0,Does Not Provide This Service,0,Does Not Provide This Service,2026-04-11 03:32:52.869862
d673d46c-f984-4deb-b9c5-bff74b335a01,365e8b01-d177-49e1-86fb-3cf31627677e,2,Potentially Available,0,Does Not Provide This Service,0,Does Not Provide This Service,2026-04-11 03:32:52.869862
95dabd61-a3d0-449a-b6d9-fe7c0ddfc89c,368cf320-4a84-46c8-b2af-77cbaa4c92a2,2,Potentially Available,0,Does Not Provide This Service,0,Does Not Provide This Service,2026-04-11 03:32:52.869862
2d2a4172-4ca9-476b-a89f-fd3f576a283d,36951fa0-2a99-42eb-b5cb-6bd065d03ada,2,Potentially Available,0,Does Not Provide This Service,0,Does Not Provide This Service,2026-04-11 03:32:52.869862
1ee15082-6554-41ae-afa5-cb87840be032,36975d7a-7347-483b-a5a6-245dbc3cdcf3,2,Potentially Available,0,Does Not Provide This Service,0,Does Not Provide This Service,2026-04-11 03:32:52.869862
f9080895-a87d-4e87-b53e-8aaaf9d3d9e5,3698226b-65b9-4999-9960-1ed713e6598f,2,Potentially Available,0,Does Not Provide This Service,0,Does Not Provide This Service,2026-04-11 03:32:52.869862
79ca8a82-e647-4c42-a03a-1eae703c9bf2,369c1182-d793-4e9d-913a-2e034a7b3c70,2,Potentially Available,0,Does Not Provide This Service,0,Does Not Provide This Service,2026-04-11 03:32:52.869862
1fec3a67-0cf2-401c-b30a-3ef93bba10b6,369ef3f1-ab28-40fb-8c97-a7a1ed7e61f2,2,Potentially Available,0,Does Not Provide This Service,0,Does Not Provide This Service,2026-04-11 03:32:52.869862
f804b82e-f727-4e4a-8d04-d183be4ac44c,36a88e1e-9104-4e1b-91ad-54fb7779b9cc,2,Potentially Available,0,Does Not Provide This Service,0,Does Not Provide This Service,2026-04-11 03:32:52.869862
f56d264e-1d66-4989-99dc-5997978e91d6,36d04d15-425a-473d-aab0-8cb597097430,2,Potentially Available,0,Does Not Provide This Service,0,Does Not Provide This Service,2026-04-11 03:32:52.869862
c0a43ab1-9226-4f29-b947-f29fdfeeae9a,36e6cf2e-b9f7-4c32-b8e5-9f4342b31eef,2,Potentially Available,0,Does Not Provide This Service,0,Does Not Provide This Service,2026-04-11 03:32:52.869862
98ca83f9-8331-4db8-8b32-05e1fee15d21,36e91571-8976-43c7-b5f8-870ee3550a82,2,Potentially Available,0,Does Not Provide This Service,0,Does Not Provide This Service,2026-04-11 03:32:52.869862
7ad8fcf5-e0ce-4620-b3f9-35573b71d974,36ebc96f-5a23-460e-bfe1-154aa45a95cf,2,Potentially Available,0,Does Not Provide This Service,0,Does Not Provide This Service,2026-04-11 03:32:52.869862
7b3ec422-50e7-4a8e-b181-e246f5f74108,372411c1-8050-43b7-aac5-33f80a51f750,2,Potentially Available,0,Does Not Provide This Service,0,Does Not Provide This Service,2026-04-11 03:32:52.869862
9055897d-1a84-4eac-a574-db627ae97bb8,372acdb4-97aa-4ad8-8275-a2e22f201a66,2,Potentially Available,0,Does Not Provide This Service,0,Does Not Provide This Service,2026-04-11 03:32:52.869862
7646f83f-10f4-4d6e-8e5e-0ccbbf166021,372df667-fc27-4923-9181-733b0b854e11,2,Potentially Available,0,Does Not Provide This Service,0,Does Not Provide This Service,2026-04-11 03:32:52.869862
d162212c-bf8a-4d51-8080-dd9378ed3dda,3762eedb-8e44-41db-96f4-0110c3abb74c,2,Potentially Available,0,Does Not Provide This Service,0,Does Not Provide This Service,2026-04-11 03:32:52.869862
f6a397fb-1d6b-4eff-be98-08e86d7ff601,377719ce-8611-4020-86fa-f4e11ab65d47,2,Potentially Available,0,Does Not Provide This Service,0,Does Not Provide This Service,2026-04-11 03:32:52.869862
b24c6e7e-f9dd-44ce-95a0-f65df8bd09ab,37813a0d-449f-4df6-8702-5c3972af461f,0,Does Not Provide This Service,4,Constrained by Market,0,Does Not Provide This Service,2026-04-11 03:32:52.869862
1aa51a6e-22ea-417e-8492-dcaf2d652770,3781fb2f-6a57-4a4a-a45a-a1c3129d9f6b,2,Potentially Available,0,Does Not Provide This Service,0,Does Not Provide This Service,2026-04-11 03:32:52.869862
682f2ee1-6a2f-4696-aa24-7a7a4b9e5ee1,378f97da-4147-4a8e-a825-b0ccbdeafaeb,2,Potentially Available,0,Does Not Provide This Service,0,Does Not Provide This Service,2026-04-11 03:32:52.869862
c25c0c8c-2d47-4347-aae6-38c381e79dce,379bbace-5ba0-4220-a84e-bd8dc1f34c5e,0,Does Not Provide This Service,0,Does Not Provide This Service,1,Likely Available,2026-04-11 03:32:52.869862
f5ca21c7-bc71-45fe-bd22-f21662a7d2a7,37a21f68-6b7d-4aaa-aa30-e55cba19eabf,2,Potentially Available,0,Does Not Provide This Service,0,Does Not Provide This Service,2026-04-11 03:32:52.869862
93cb0570-d4ed-4fa4-bf9c-f4dfcd156f4d,37b02acc-102f-402e-8d20-8d53aa6eaa7f,0,Does Not Provide This Service,0,Does Not Provide This Service,2,Potentially Available,2026-04-11 03:32:52.869862
77749901-f9cd-436b-99c3-50e7241894a9,37bc42b9-f376-4d01-908f-91b51bf6ded0,2,Potentially Available,0,Does Not Provide This Service,0,Does Not Provide This Service,2026-04-11 03:32:52.869862
3293d4e9-3c64-4d61-96a9-b870e1b993cc,37c9c923-082e-460e-b6c5-f5768525e803,2,Potentially Available,0,Does Not Provide This Service,0,Does Not Provide This Service,2026-04-11 03:32:52.869862
496e7106-2584-4c01-8925-f85092539c58,37e04aa9-9284-4193-98d8-3d463d52c946,2,Potentially Available,0,Does Not Provide This Service,0,Does Not Provide This Service,2026-04-11 03:32:52.869862
1644072d-dd41-43f9-b74f-d830d91c2a54,3817e9a9-65fe-44db-8aec-69442638abe8,2,Potentially Available,0,Does Not Provide This Service,0,Does Not Provide This Service,2026-04-11 03:32:52.869862
0d25f1eb-d814-43bc-b16a-2344b6eb85c1,381cc011-2ba7-4c89-957c-7c6ac28a2b4c,2,Potentially Available,0,Does Not Provide This Service,0,Does Not Provide This Service,2026-04-11 03:32:52.869862
757de8d4-ffcb-4451-9de3-9a9e42951b6f,383bc407-0494-4a15-9c6b-630487fc7741,2,Potentially Available,0,Does Not Provide This Service,0,Does Not Provide This Service,2026-04-11 03:32:52.869862
13559702-0c6e-4afc-b63a-d5b58769b442,38592de6-fc61-4588-a4fd-c9218cd1c545,2,Potentially Available,0,Does Not Provide This Service,0,Does Not Provide This Service,2026-04-11 03:32:52.869862
e7d5a319-d36e-482b-9d2a-4dc0e8ca8a66,38785e5b-4239-4c0e-8b3c-f21638b496fe,2,Potentially Available,0,Does Not Provide This Service,0,Does Not Provide This Service,2026-04-11 03:32:52.869862
88a9cba9-66d1-4f28-92b2-9cdc5ec2c361,38796cd1-1525-43c3-a156-eb374effd594,2,Potentially Available,0,Does Not Provide This Service,0,Does Not Provide This Service,2026-04-11 03:32:52.869862
b9807a43-a187-4716-a253-967d182dfb5f,38ac39ce-6f09-43bc-ae09-77bd24f78753,2,Potentially Available,0,Does Not Provide This Service,0,Does Not Provide This Service,2026-04-11 03:32:52.869862
12abf63d-c4bb-4f32-af23-a439834bd2c5,38c35abd-117f-4194-9144-663b173350a9,2,Potentially Available,0,Does Not Provide This Service,0,Does Not Provide This Service,2026-04-11 03:32:52.869862
79809d91-f641-4d74-9ed6-248946c28b99,38cce7cf-0164-4d3f-8c85-d765bd3ac5db,2,Potentially Available,0,Does Not Provide This Service,0,Does Not Provide This Service,2026-04-11 03:32:52.869862
120397da-becf-4aa6-95e1-27d286cf71cd,38d6e572-c35f-43c1-90fa-e7f3bf083a64,0,Does Not Provide This Service,0,Does Not Provide This Service,5,Highly Constrained,2026-04-11 03:32:52.869862
99b53bb4-ce78-4c22-a591-832f4df0047a,38ead7b5-e1fb-4c4e-a13b-57442b495c58,2,Potentially Available,0,Does Not Provide This Service,0,Does Not Provide This Service,2026-04-11 03:32:52.869862
8d131ce8-42e5-4843-897c-e558f1a6db06,38f1e293-be4f-4f11-8c7d-e5acf46528f0,0,Does Not Provide This Service,0,Does Not Provide This Service,4,Constrained by Market,2026-04-11 03:32:52.869862
009504c4-7e47-4352-a8f6-9c4bcdf34ff1,39010701-5bea-486b-81dd-e9c86b5165e5,2,Potentially Available,0,Does Not Provide This Service,0,Does Not Provide This Service,2026-04-11 03:32:52.869862
6e7fb131-e7a8-4465-845e-8a5543393dfd,390bff6a-a2d7-46d4-94a6-322a597c8e63,2,Potentially Available,0,Does Not Provide This Service,0,Does Not Provide This Service,2026-04-11 03:32:52.869862
557b5d70-a5c3-4958-81ab-954812fd5bbb,39297f5a-c831-4ece-af2a-ab10b655a91d,2,Potentially Available,0,Does Not Provide This Service,0,Does Not Provide This Service,2026-04-11 03:32:52.869862
85763bce-c9dc-447e-844d-746d681635f5,39556c15-2e39-4b86-8c81-12713b384e83,2,Potentially Available,0,Does Not Provide This Service,0,Does Not Provide This Service,2026-04-11 03:32:52.869862
d2b4ff34-edae-406f-b817-0dd2f859341c,3974cabd-363c-46ee-9947-c78022b605cb,2,Potentially Available,0,Does Not Provide This Service,0,Does Not Provide This Service,2026-04-11 03:32:52.869862
da57490b-cafa-4ef4-9ecc-2e6890685937,39b146c4-318f-45f4-9272-2a51b6d36353,2,Potentially Available,0,Does Not Provide This Service,0,Does Not Provide This Service,2026-04-11 03:32:52.869862
e59ea5c5-68cf-458b-a57e-7877570b3bfa,39b61859-61a1-4385-b2be-66f5fbddf84f,2,Potentially Available,0,Does Not Provide This Service,0,Does Not Provide This Service,2026-04-11 03:32:52.869862
98458721-4bbc-41f8-a3f9-a788968dcc3d,39eaec6c-61b3-4ab2-bf3b-4a1026f51565,2,Potentially Available,0,Does Not Provide This Service,0,Does Not Provide This Service,2026-04-11 03:32:52.869862
afc451bf-c10b-4375-b476-a7a0a7c161a9,39fef8b5-1c10-470b-89f0-1dfe454fcbe8,2,Potentially Available,0,Does Not Provide This Service,0,Does Not Provide This Service,2026-04-11 03:32:52.869862
e3e178d1-0e45-438a-b64c-b514eb04c6b0,3a0042e5-3353-492e-92c6-2e9d7bfb7ad6,2,Potentially Available,0,Does Not Provide This Service,0,Does Not Provide This Service,2026-04-11 03:32:52.869862
bf4b1868-cd5f-49c9-8e4c-3e8467e6e263,3a0c14c1-e597-4194-ac83-78e959927943,2,Potentially Available,0,Does Not Provide This Service,0,Does Not Provide This Service,2026-04-11 03:32:52.869862
f8e5f975-349c-4f15-9458-3637e096a551,3a28425b-d4ab-4f6d-8b93-f9f463ca20ea,2,Potentially Available,0,Does Not Provide This Service,0,Does Not Provide This Service,2026-04-11 03:32:52.869862
db0b27af-2b92-4b85-9099-aa8a199e57dc,3a28d432-d82e-4ae8-acf3-92caabbfcb49,2,Potentially Available,0,Does Not Provide This Service,0,Does Not Provide This Service,2026-04-11 03:32:52.869862
a7b811d5-d214-4125-b2f1-f5a0f3337ff3,3a47f364-cbb1-4ddb-9338-7f7855dceed4,2,Potentially Available,0,Does Not Provide This Service,0,Does Not Provide This Service,2026-04-11 03:32:52.869862
7e1c9be9-2c62-43e4-bdce-60a9fd4d6107,3a5bc0ea-9687-4e8a-a639-3e758857e5d9,2,Potentially Available,0,Does Not Provide This Service,0,Does Not Provide This Service,2026-04-11 03:32:52.869862
d65d1a20-9e04-43f9-a312-723965b5923f,3a76600c-bffa-4272-8d70-5f5327aa0984,2,Potentially Available,0,Does Not Provide This Service,0,Does Not Provide This Service,2026-04-11 03:32:52.869862
3957996f-8161-4dd0-8460-9e7bb2745ed8,3a7e1314-2394-431d-a73a-57e3eb37b04f,2,Potentially Available,0,Does Not Provide This Service,0,Does Not Provide This Service,2026-04-11 03:32:52.869862
529d20c5-9511-45fe-9184-1623ff5786c0,3a90ec0b-0fc1-4639-a88b-5a60793da069,2,Potentially Available,0,Does Not Provide This Service,0,Does Not Provide This Service,2026-04-11 03:32:52.869862
dce70531-9b6a-4d40-9a98-0ef567a6ea90,3a90eca3-a9c2-4b7f-8a35-ed45126ad950,2,Potentially Available,5,Highly Constrained,0,Does Not Provide This Service,2026-04-11 03:32:52.869862
f0dc9360-bc6b-41fa-ad22-3b1d1ae44e3a,3a9c82d6-0523-4d72-a150-0073b482f0a5,2,Potentially Available,0,Does Not Provide This Service,0,Does Not Provide This Service,2026-04-11 03:32:52.869862
11053e8d-c500-4334-b1f7-25a2f2173f41,3aa3ce7b-62bf-465d-9a95-1836b8bb6fe2,2,Potentially Available,0,Does Not Provide This Service,0,Does Not Provide This Service,2026-04-11 03:32:52.869862
3b7fad25-db6d-454b-aa95-ec19cfed3b2f,3ac7b8ba-4798-4f54-89d7-2c91a780cfb9,2,Potentially Available,0,Does Not Provide This Service,0,Does Not Provide This Service,2026-04-11 03:32:52.869862
d02ebad3-49b6-49e0-8b2f-ab122e62020d,3ac8294d-8a85-42f6-9e8d-3a16e5ae2b8e,2,Potentially Available,0,Does Not Provide This Service,0,Does Not Provide This Service,2026-04-11 03:32:52.869862
45404074-e36a-4af9-bf4b-c2291f140504,3ac89709-172e-4934-a666-88a19934212b,2,Potentially Available,0,Does Not Provide This Service,0,Does Not Provide This Service,2026-04-11 03:32:52.869862
26495a8b-6f5d-4d0b-bcd4-9087c604f8d9,3ae81583-69c5-4692-affc-d1ac03c60182,2,Potentially Available,0,Does Not Provide This Service,0,Does Not Provide This Service,2026-04-11 03:32:52.869862
4ff9cbb1-87fd-4625-890d-a143aae95be8,3afb99b6-447d-4d32-ba5b-3176519dbdec,2,Potentially Available,0,Does Not Provide This Service,0,Does Not Provide This Service,2026-04-11 03:32:52.869862
180ee55a-6a9b-431e-9725-a564d4b9f761,3b10faaa-359e-47cf-aa46-29e33d0dafc0,2,Potentially Available,0,Does Not Provide This Service,0,Does Not Provide This Service,2026-04-11 03:32:52.869862
ace9ecb2-d480-4cb8-aa9b-e40fdc64fa73,3b4ca6e5-60d9-4640-b5ee-f96ccf2d4aa4,2,Potentially Available,0,Does Not Provide This Service,0,Does Not Provide This Service,2026-04-11 03:32:52.869862
2aa1448c-462e-4c75-90c3-8c539398bbe1,3b5c3918-a78a-4dd0-b821-6798cbd39979,2,Potentially Available,0,Does Not Provide This Service,0,Does Not Provide This Service,2026-04-11 03:32:52.869862
284b062e-a225-44c2-94e3-5b2a6f37c116,3b8baf16-bd8f-40cd-a950-7dc701b00baa,2,Potentially Available,0,Does Not Provide This Service,0,Does Not Provide This Service,2026-04-11 03:32:52.869862
57bf69be-0d81-4804-9511-ae48cd86f2ca,3bb4aad0-5045-4748-bbb2-0e64ccd57e40,2,Potentially Available,0,Does Not Provide This Service,0,Does Not Provide This Service,2026-04-11 03:32:52.869862
2ebda2e6-1f51-4fcd-8c56-b4ff7c7b3445,3bc1149b-7aa2-4193-b532-e0b7e5f16cd4,2,Potentially Available,0,Does Not Provide This Service,0,Does Not Provide This Service,2026-04-11 03:32:52.869862
bb17e81a-40c4-41dc-8a3d-6aeab7508797,3bc2fe98-22bc-426b-bddd-f69f67b8abff,2,Potentially Available,0,Does Not Provide This Service,0,Does Not Provide This Service,2026-04-11 03:32:52.869862
5bcc14b6-53b1-43ec-a951-d51c5dc19b6b,3bc652bc-65ac-4eca-b689-dc2eeebf79e2,2,Potentially Available,0,Does Not Provide This Service,0,Does Not Provide This Service,2026-04-11 03:32:52.869862
0734e5fd-7e18-443b-84c0-59c21f9b6047,3c18c7f6-c002-443b-9998-927d94d0e9f7,0,Does Not Provide This Service,0,Does Not Provide This Service,3,Constrained by Size,2026-04-11 03:32:52.869862
4b35a20d-6655-450f-aa83-91e8cd3363aa,3c1e5648-6227-4dad-adbe-960aed8ac39b,2,Potentially Available,0,Does Not Provide This Service,0,Does Not Provide This Service,2026-04-11 03:32:52.869862
f8172baa-f64e-47b8-87ab-c1e2fee39b03,3c3960dc-9969-407b-b708-8548fea9560b,2,Potentially Available,0,Does Not Provide This Service,0,Does Not Provide This Service,2026-04-11 03:32:52.869862
3b7900e0-a4fd-4383-ab8e-c4218ec38b30,3c42e6d3-a025-4fd9-9759-0eebec57a677,2,Potentially Available,0,Does Not Provide This Service,0,Does Not Provide This Service,2026-04-11 03:32:52.869862
ff704f57-93c8-4173-97ad-8d06006529a8,3c4d3bae-656d-4a8b-ab63-8649535568f4,2,Potentially Available,0,Does Not Provide This Service,0,Does Not Provide This Service,2026-04-11 03:32:52.869862
1c86b5b7-351d-4715-9982-8db9611f58ea,3c56a676-4908-4001-a822-74d52c457b00,2,Potentially Available,0,Does Not Provide This Service,0,Does Not Provide This Service,2026-04-11 03:32:52.869862
79c9b0d6-ec46-440e-94b7-6875a260219e,3c56e128-f364-4647-95ba-38e792ebba5d,0,Does Not Provide This Service,1,Likely Available,0,Does Not Provide This Service,2026-04-11 03:32:52.869862
9fe910cf-56af-4165-b78e-6bac23bf6110,3c62409a-d5c0-48ec-9413-ac1f10af7b84,2,Potentially Available,0,Does Not Provide This Service,0,Does Not Provide This Service,2026-04-11 03:32:52.869862
14904b3e-9f8e-4f96-8e4d-311f0dce4afa,3c825d0a-3199-4ac0-be7f-ca2d5a2de0e7,2,Potentially Available,0,Does Not Provide This Service,0,Does Not Provide This Service,2026-04-11 03:32:52.869862
9ca6247e-f3b6-47b1-99d1-ace26b5b4b16,3c846e53-962a-4ac3-bcae-aaddb8ead134,2,Potentially Available,0,Does Not Provide This Service,0,Does Not Provide This Service,2026-04-11 03:32:52.869862
37917912-7db3-49ed-9d14-792a782f22f0,3c8a447a-970c-4e03-bfda-441d8e7d24fe,2,Potentially Available,0,Does Not Provide This Service,0,Does Not Provide This Service,2026-04-11 03:32:52.869862
526826ca-b38c-4afd-93bc-f4bfaf76792a,3c913ff6-4a26-4c4c-a32c-cd09ff5ed5af,2,Potentially Available,0,Does Not Provide This Service,0,Does Not Provide This Service,2026-04-11 03:32:52.869862
e85900a0-d0c3-491a-aa7d-5f1820badb3a,3c9b2628-c2e5-459a-a824-3ff013397121,2,Potentially Available,0,Does Not Provide This Service,0,Does Not Provide This Service,2026-04-11 03:32:52.869862
d6791fd2-48e5-4416-bd05-2bb138cf2043,3c9bdd1c-2079-4920-bfef-36b60a1e2c19,2,Potentially Available,0,Does Not Provide This Service,0,Does Not Provide This Service,2026-04-11 03:32:52.869862
e0a7dcf9-225d-4f2e-b5ff-b0f8d651e736,3cb152bb-68bc-48e5-bfa6-5681f2548bd2,2,Potentially Available,0,Does Not Provide This Service,0,Does Not Provide This Service,2026-04-11 03:32:52.869862
ad4a84f8-151e-4874-b71b-33e0d8d0d02f,3cc91a9d-3a56-4c3d-96ad-f575c4fb5329,2,Potentially Available,0,Does Not Provide This Service,0,Does Not Provide This Service,2026-04-11 03:32:52.869862
fd3de4fa-7ef5-43ea-962a-4237ca17ef74,3ce3c132-af53-4af0-a4d0-68845b8408d6,2,Potentially Available,0,Does Not Provide This Service,0,Does Not Provide This Service,2026-04-11 03:32:52.869862
07b3bf9d-eb8c-470a-bdbc-cc6658cb0401,3cf1c425-5f09-4338-84d8-d820a5d2ccc3,2,Potentially Available,0,Does Not Provide This Service,0,Does Not Provide This Service,2026-04-11 03:32:52.869862
c28b1a49-ebd5-488b-aa31-2ea54013ab94,3d203c88-8d1d-4267-b751-de70333d07ba,2,Potentially Available,0,Does Not Provide This Service,0,Does Not Provide This Service,2026-04-11 03:32:52.869862
61711ebc-9f5d-4895-932e-292ed765490e,3d386b21-2e3a-4673-b429-223af984ff74,2,Potentially Available,0,Does Not Provide This Service,0,Does Not Provide This Service,2026-04-11 03:32:52.869862
8b641eb2-3697-41a9-b601-8458be02fbe4,3d4263fb-ad33-48a6-a3fe-e1cf6b9475db,2,Potentially Available,0,Does Not Provide This Service,0,Does Not Provide This Service,2026-04-11 03:32:52.869862
03454413-ec25-44db-89c6-c00375174f36,3d56fb55-cacd-48ff-9443-c63ee415c471,2,Potentially Available,0,Does Not Provide This Service,0,Does Not Provide This Service,2026-04-11 03:32:52.869862
b9281c71-f085-44be-a29c-439728f99686,3d65f715-b7b9-4d7e-a8c5-1bbe0df23936,2,Potentially Available,0,Does Not Provide This Service,0,Does Not Provide This Service,2026-04-11 03:32:52.869862
588a2bb0-0df4-4f7a-a3f1-c16c61706ff0,3dcb07da-c9ec-4762-9347-b1b116c1cf4e,2,Potentially Available,0,Does Not Provide This Service,0,Does Not Provide This Service,2026-04-11 03:32:52.869862
0087ef94-8d46-4eb5-8e5d-e4b4189a2542,3dd0651e-8355-47f9-af12-24d0096d1bbe,2,Potentially Available,0,Does Not Provide This Service,0,Does Not Provide This Service,2026-04-11 03:32:52.869862
6f5982f1-253c-4daa-a762-e749430b72b5,3df1a929-fe8a-47cc-bf04-e726b68f111f,2,Potentially Available,0,Does Not Provide This Service,0,Does Not Provide This Service,2026-04-11 03:32:52.869862
5f7a9a49-f185-418c-9132-fcd591c8c8d3,3e11f628-e14b-4885-9c4e-b41ebc81e09f,2,Potentially Available,0,Does Not Provide This Service,0,Does Not Provide This Service,2026-04-11 03:32:52.869862
aaac42cd-0d88-421f-9384-5e754114cec8,3e1e2638-0a84-40a3-831f-f4fa933d8a38,2,Potentially Available,0,Does Not Provide This Service,0,Does Not Provide This Service,2026-04-11 03:32:52.869862
0210d6f9-ca0f-4751-b655-0ffb076cda9d,3e591fb0-8933-48cd-a5b8-3409003e0a22,2,Potentially Available,0,Does Not Provide This Service,0,Does Not Provide This Service,2026-04-11 03:32:52.869862
b09e7478-46d0-40b5-b82b-597dfcb12a54,3e59366b-d3f9-4965-b116-bf316f32c008,2,Potentially Available,0,Does Not Provide This Service,0,Does Not Provide This Service,2026-04-11 03:32:52.869862
9d488141-e933-494a-83f2-3303a30ae009,3e61b34d-e436-4c13-8ef2-6e0fc877d0ec,0,Does Not Provide This Service,0,Does Not Provide This Service,3,Constrained by Size,2026-04-11 03:32:52.869862
fc783f87-f944-40f0-99a3-0c14beca57dc,3e78e05d-312a-4dda-9bb9-c45cf4f617ae,2,Potentially Available,0,Does Not Provide This Service,0,Does Not Provide This Service,2026-04-11 03:32:52.869862
48443c34-a4a3-43ea-b550-ead27e272b08,3eb9406c-d2ed-4af5-b091-f126cc162eb7,2,Potentially Available,0,Does Not Provide This Service,0,Does Not Provide This Service,2026-04-11 03:32:52.869862
60173c46-6ac8-484d-899a-4a5c7d623bc7,3ee3cb07-a9ad-4f9f-9086-c11a9e4b9ff6,1,Likely Available,0,Does Not Provide This Service,0,Does Not Provide This Service,2026-04-11 03:32:52.869862
f9db048f-6135-4e44-879b-0ee877c2425f,3ef5a824-e233-4838-a16a-0ab8d21dd89b,0,Does Not Provide This Service,0,Does Not Provide This Service,1,Likely Available,2026-04-11 03:32:52.869862
894f30cb-4d36-4fae-bfa4-98e9f8a05d6e,3f071284-9659-415e-92c8-d9f2e328b5a8,0,Does Not Provide This Service,0,Does Not Provide This Service,1,Likely Available,2026-04-11 03:32:52.869862
67d18d55-4918-4aaa-971a-32de97e2bd0d,3f0902e8-9a0f-4084-9c36-ac7338c339ca,2,Potentially Available,0,Does Not Provide This Service,0,Does Not Provide This Service,2026-04-11 03:32:52.869862
b61e1283-d3b2-4061-bffa-2dbcdba11949,3f13297e-b46b-4086-b3b2-7f9ce9acfc96,2,Potentially Available,0,Does Not Provide This Service,0,Does Not Provide This Service,2026-04-11 03:32:52.869862
22c2fe03-d306-4960-a4ff-ff52229e27c9,3f15c3b5-950a-4584-a566-f7e07ff7f578,2,Potentially Available,0,Does Not Provide This Service,0,Does Not Provide This Service,2026-04-11 03:32:52.869862
663ba013-d8f8-48f1-8fb1-a3a02ea22137,3f604c01-9fb4-4922-bbe4-6f692028a66a,2,Potentially Available,0,Does Not Provide This Service,0,Does Not Provide This Service,2026-04-11 03:32:52.869862
3b8fcbfd-e688-435c-bc0f-231f40360a59,3f7f167c-2110-4a85-908a-5ee2fb81f3f5,2,Potentially Available,0,Does Not Provide This Service,0,Does Not Provide This Service,2026-04-11 03:32:52.869862
13554c99-04d8-45e4-bf49-8f450fe0923d,3f8848b7-a10d-4628-8590-11b121e06a76,2,Potentially Available,0,Does Not Provide This Service,0,Does Not Provide This Service,2026-04-11 03:32:52.869862
298233f4-3a20-4fbe-86dc-f144db6dead0,3ff449ba-1765-4910-814f-2ac1bdfbce8d,2,Potentially Available,0,Does Not Provide This Service,0,Does Not Provide This Service,2026-04-11 03:32:52.869862
190ccca0-3e29-4ce6-9752-c1919a89d846,3ffb68fa-4b04-4026-b47f-6fb46ef2947d,2,Potentially Available,0,Does Not Provide This Service,0,Does Not Provide This Service,2026-04-11 03:32:52.869862
29526995-0985-4443-8a1e-7cf396dab534,4001754f-b9c3-40a3-924f-d46d82efb5d5,0,Does Not Provide This Service,0,Does Not Provide This Service,2,Potentially Available,2026-04-11 03:32:52.869862
050ad41a-da83-4a58-892d-29b3ce3f1983,40256016-a1c0-4503-b914-5821e0df84d8,2,Potentially Available,0,Does Not Provide This Service,0,Does Not Provide This Service,2026-04-11 03:32:52.869862
c885e01f-3d9d-4455-893f-29ac74ac4e84,402ebe72-ada3-46fe-afb6-4966015f2c86,2,Potentially Available,0,Does Not Provide This Service,0,Does Not Provide This Service,2026-04-11 03:32:52.869862
186fe810-719c-4521-97e4-e24f6168c529,40309523-e89a-4528-b2bd-530e5b92d6dc,2,Potentially Available,0,Does Not Provide This Service,0,Does Not Provide This Service,2026-04-11 03:32:52.869862
46533f68-dc4d-49a7-b367-688426ce61d8,404004b0-fca0-40c9-a329-fdfc6633d49b,2,Potentially Available,0,Does Not Provide This Service,0,Does Not Provide This Service,2026-04-11 03:32:52.869862
c4643ad5-3473-41a3-8058-e37089aa1dab,40404152-be15-4a4c-bcd7-edf502c70e3a,2,Potentially Available,0,Does Not Provide This Service,0,Does Not Provide This Service,2026-04-11 03:32:52.869862
14dd18d0-adda-48fa-9494-abc361eee705,4045bf02-d6f3-4008-b71c-ec55b2775a96,2,Potentially Available,0,Does Not Provide This Service,0,Does Not Provide This Service,2026-04-11 03:32:52.869862
bf7deea9-c580-4a59-b984-531930ab5da2,404a8097-ae0a-4d16-b2fe-1eecb5dc3d0a,2,Potentially Available,0,Does Not Provide This Service,0,Does Not Provide This Service,2026-04-11 03:32:52.869862
06d05fe7-c138-4445-b470-193390036c6a,405d088d-34d1-45f7-9ca7-0c0793ecd356,2,Potentially Available,0,Does Not Provide This Service,0,Does Not Provide This Service,2026-04-11 03:32:52.869862
4d9784d9-3264-4021-a724-b8ab4c4fd818,405db5cb-018d-4eff-8a2c-8a4c81360aca,2,Potentially Available,0,Does Not Provide This Service,0,Does Not Provide This Service,2026-04-11 03:32:52.869862
da7cc8e6-e445-458f-bd97-6d27f4aac2e5,40612fc4-0d3d-44ac-b767-239cbf0cbc1e,2,Potentially Available,0,Does Not Provide This Service,0,Does Not Provide This Service,2026-04-11 03:32:52.869862
10d67831-d4b1-4e2a-927e-6fb26bea918b,409f2029-1abb-4ba0-b965-d07bcc9e353a,2,Potentially Available,1,Likely Available,0,Does Not Provide This Service,2026-04-11 03:32:52.869862
b913ee9b-c027-47cc-91f5-2774b94431cc,40aa5d4a-ce5a-436c-9833-bd28892320e5,2,Potentially Available,0,Does Not Provide This Service,0,Does Not Provide This Service,2026-04-11 03:32:52.869862
c087bb6f-eae8-4d04-a1d1-18c732073846,40dcbf37-5496-4367-82e9-6ba51f667e5f,2,Potentially Available,0,Does Not Provide This Service,0,Does Not Provide This Service,2026-04-11 03:32:52.869862
2d17bc87-dddf-472e-874d-f36ec12f661c,40e4e86a-9832-45b8-80a7-ddf2182f2cef,2,Potentially Available,0,Does Not Provide This Service,0,Does Not Provide This Service,2026-04-11 03:32:52.869862
d072b8bf-2441-4227-b30a-35dfd3974fab,40ed5ddc-7d37-4fdd-804c-9a8e5dfde6da,2,Potentially Available,0,Does Not Provide This Service,0,Does Not Provide This Service,2026-04-11 03:32:52.869862
d92440d6-4868-4676-9e6f-7dcd62ec7983,40f429f9-2c7f-459d-888e-ef1e7fcb66ca,2,Potentially Available,0,Does Not Provide This Service,0,Does Not Provide This Service,2026-04-11 03:32:52.869862
d33f2c21-c9ca-4a11-9ffb-34316a62caca,40f98d46-9cc4-4a19-a372-2590abad76d2,2,Potentially Available,0,Does Not Provide This Service,0,Does Not Provide This Service,2026-04-11 03:32:52.869862
f32b4642-866c-4884-abd1-ac9979a5832a,413390d8-974a-410a-ab6b-feb70a7a71db,2,Potentially Available,0,Does Not Provide This Service,0,Does Not Provide This Service,2026-04-11 03:32:52.869862
ec3a3590-bc33-4f73-ba6a-e92026642ec6,413c46bc-c9f3-4efc-8f43-4a2b6282ff84,2,Potentially Available,0,Does Not Provide This Service,0,Does Not Provide This Service,2026-04-11 03:32:52.869862
2f8edf57-6c32-4ea7-a9b5-b240e6c783a5,4143668d-48a8-41d1-84dc-4425fb9c5e85,2,Potentially Available,0,Does Not Provide This Service,0,Does Not Provide This Service,2026-04-11 03:32:52.869862
9607f44e-ac0b-40de-82fe-8c59bedd0f68,414a7350-36b0-4233-b420-f5e546972a62,0,Does Not Provide This Service,0,Does Not Provide This Service,5,Highly Constrained,2026-04-11 03:32:52.869862
59398a8b-d9b9-42c1-bb86-63f27df2ae31,416a6fae-8596-4cc2-b112-a1c17795361b,2,Potentially Available,0,Does Not Provide This Service,0,Does Not Provide This Service,2026-04-11 03:32:52.869862
83705858-fda0-4287-95df-7b8702b4b415,41a49df3-375c-471a-b15f-027fea4eda7b,2,Potentially Available,0,Does Not Provide This Service,0,Does Not Provide This Service,2026-04-11 03:32:52.869862
4e41638d-5612-4d84-9323-b15e4d283178,41abb151-fb60-458b-9f8f-c34baf963983,1,Likely Available,0,Does Not Provide This Service,0,Does Not Provide This Service,2026-04-11 03:32:52.869862
9b913129-91e9-4531-bf2b-1edd02250df4,41c445ce-b9ad-49e1-907b-17254ff88f30,2,Potentially Available,0,Does Not Provide This Service,0,Does Not Provide This Service,2026-04-11 03:32:52.869862
de9b4c4f-fdbe-48d1-b737-14ff57dc5190,41dd98f1-0151-4863-be12-58e607ec5f7b,1,Likely Available,1,Likely Available,0,Does Not Provide This Service,2026-04-11 03:32:52.869862
18aaf0dc-e1f1-42e1-b2bf-6a1eacc0428e,4200a7cf-f546-4fec-8c1e-4963d1486345,2,Potentially Available,0,Does Not Provide This Service,0,Does Not Provide This Service,2026-04-11 03:32:52.869862
f098c5ec-cc9f-4f14-8e68-fe7e4bc79259,4209c5bd-15b8-4f5b-ba50-a3869629d015,2,Potentially Available,0,Does Not Provide This Service,0,Does Not Provide This Service,2026-04-11 03:32:52.869862
44dfba68-4ef5-4955-82e9-144e40d259e2,420f5135-57c9-401e-9610-327ca942498a,0,Does Not Provide This Service,0,Does Not Provide This Service,2,Potentially Available,2026-04-11 03:32:52.869862
0a322d77-294a-4812-9a35-37485c158668,4218bc9d-5202-4fb4-8458-e111690c6bea,2,Potentially Available,0,Does Not Provide This Service,0,Does Not Provide This Service,2026-04-11 03:32:52.869862
7c9600ce-123d-40da-9888-57ba6c2e7b28,42452fb6-29ed-4e17-a443-2e1910b55ffc,2,Potentially Available,0,Does Not Provide This Service,0,Does Not Provide This Service,2026-04-11 03:32:52.869862
f1207564-eec2-4243-a2e2-cf05691ef20a,42753cc1-8c95-4382-b865-93d490444041,2,Potentially Available,0,Does Not Provide This Service,0,Does Not Provide This Service,2026-04-11 03:32:52.869862
ef5274ff-075f-446a-94d9-fbfe6fa693ca,42770cec-4461-4d4b-89e6-0e3a65d8c5f9,2,Potentially Available,0,Does Not Provide This Service,0,Does Not Provide This Service,2026-04-11 03:32:52.869862
bb7c231a-b340-4b23-bd38-d1c5114f3bd9,4278d002-188c-42d4-ae42-d5f0b271ff34,2,Potentially Available,0,Does Not Provide This Service,0,Does Not Provide This Service,2026-04-11 03:32:52.869862
eed38529-b4a8-4e1c-ae15-4e271c743e68,4289f187-097d-4f7b-90de-798caf6c0297,2,Potentially Available,0,Does Not Provide This Service,0,Does Not Provide This Service,2026-04-11 03:32:52.869862
cc4f90fa-406f-4b4b-b7ac-43ae640f2f2c,42986368-d767-481e-90d2-91da59c81e22,2,Potentially Available,0,Does Not Provide This Service,0,Does Not Provide This Service,2026-04-11 03:32:52.869862
6e850d3d-ac92-43ad-a4ea-fd8b389ec8e1,4298d3c0-2bf1-44d4-a1c8-3bba84f8293c,2,Potentially Available,0,Does Not Provide This Service,0,Does Not Provide This Service,2026-04-11 03:32:52.869862
164c8d26-366a-45b2-ad34-22b1f92097be,42a751aa-834e-4603-b588-96c3d9864654,2,Potentially Available,0,Does Not Provide This Service,0,Does Not Provide This Service,2026-04-11 03:32:52.869862
9f14e09b-fe07-4e3b-af56-c900f156fa55,42ae8331-65f3-4b12-aa22-6c58d939cdbb,2,Potentially Available,0,Does Not Provide This Service,0,Does Not Provide This Service,2026-04-11 03:32:52.869862
6d7c9cc3-fdbd-40fe-9922-de78e7967b72,42bccd09-b462-44e4-9c9a-e0202cee22b5,0,Does Not Provide This Service,4,Constrained by Market,0,Does Not Provide This Service,2026-04-11 03:32:52.869862
bdab8a46-c5ee-4970-a068-c61b95b485f8,42c2149a-4d65-483c-9572-f8365d8d6892,2,Potentially Available,0,Does Not Provide This Service,0,Does Not Provide This Service,2026-04-11 03:32:52.869862
3526a8f6-7d3a-47c2-a3db-07cf5ed92861,43053cb2-2b66-4b05-a5fa-94ff8d3e5f38,1,Likely Available,5,Highly Constrained,0,Does Not Provide This Service,2026-04-11 03:32:52.869862
98dc5968-89e7-4c9c-b490-47d13a625147,43272b66-2ec2-4280-9421-cb21dfc7d715,2,Potentially Available,0,Does Not Provide This Service,0,Does Not Provide This Service,2026-04-11 03:32:52.869862
62ba0581-9a3d-413e-958e-edf54d0cbaea,4361bbaa-ed51-4e53-861d-6c1938c58a9e,2,Potentially Available,0,Does Not Provide This Service,0,Does Not Provide This Service,2026-04-11 03:32:52.869862
3092b949-f75a-4617-bc63-1eb07845947e,4362cb2f-01ee-452a-8a5f-1e8cda809cd3,2,Potentially Available,0,Does Not Provide This Service,0,Does Not Provide This Service,2026-04-11 03:32:52.869862
0555d1c5-0c44-43d2-9844-48c24e7bfa97,437a7010-2df6-4e54-8599-2f24aa7f4d5f,2,Potentially Available,0,Does Not Provide This Service,0,Does Not Provide This Service,2026-04-11 03:32:52.869862
ca35c7e5-fa86-4ab2-af01-6bf3d822d3a5,438ec2d6-daeb-4d3b-b24d-53b8feceee25,2,Potentially Available,0,Does Not Provide This Service,0,Does Not Provide This Service,2026-04-11 03:32:52.869862
f9360767-4070-4093-9745-f764474db126,438f4be6-4a10-469b-8257-ee18f838bcb6,2,Potentially Available,0,Does Not Provide This Service,0,Does Not Provide This Service,2026-04-11 03:32:52.869862
9fd24da0-3707-4f01-be30-a8bcac596a5b,43954f3a-91f2-461f-b8f2-d6fb31a8b973,2,Potentially Available,0,Does Not Provide This Service,0,Does Not Provide This Service,2026-04-11 03:32:52.869862
f439821d-7d83-4028-b23b-0adb0551bb2a,439853f4-4ac9-45ee-b41a-d0fa18cd2d52,2,Potentially Available,0,Does Not Provide This Service,0,Does Not Provide This Service,2026-04-11 03:32:52.869862
6bd55aca-9441-4461-be75-45cbaeb4cf49,4398fc80-f04f-4a4d-aaf3-592d11acf6c7,2,Potentially Available,0,Does Not Provide This Service,0,Does Not Provide This Service,2026-04-11 03:32:52.869862
d1777606-f4f6-4318-b674-2742a549957f,43d18d02-cef7-4445-aac5-8102337a18a3,2,Potentially Available,0,Does Not Provide This Service,0,Does Not Provide This Service,2026-04-11 03:32:52.869862
28a96520-b557-49e9-bebf-e14e8ea2c650,43d18fd2-7556-4b33-8d10-2d04c50413c0,2,Potentially Available,0,Does Not Provide This Service,0,Does Not Provide This Service,2026-04-11 03:32:52.869862
1c31fc82-0e31-4722-a24f-5425d37f7597,43d9d06c-1e79-4517-8068-e0bb3456e507,2,Potentially Available,0,Does Not Provide This Service,0,Does Not Provide This Service,2026-04-11 03:32:52.869862
eb549402-ad56-4f86-be4d-e1767e0f1d18,43e52a43-eaa3-46ae-a74d-21ddd918efd8,2,Potentially Available,0,Does Not Provide This Service,0,Does Not Provide This Service,2026-04-11 03:32:52.869862
7fb80496-3b9e-4e95-b4bd-aaa3e751f52e,43e7e46f-fa24-4a79-b600-46677b90daf8,2,Potentially Available,0,Does Not Provide This Service,0,Does Not Provide This Service,2026-04-11 03:32:52.869862
89193d20-48cc-4763-b3fe-12184f2a09f4,43eaca29-a32e-4a99-a24d-1fecf8e0f71d,0,Does Not Provide This Service,0,Does Not Provide This Service,1,Likely Available,2026-04-11 03:32:52.869862
a2741676-447e-4a3a-811c-bac1a1cf643d,43f285c0-f0bd-4052-b39d-795ec8ef33c3,2,Potentially Available,0,Does Not Provide This Service,0,Does Not Provide This Service,2026-04-11 03:32:52.869862
1d2752cc-1cb0-4c9c-abcc-9b103eaf10f1,440b0467-18bb-47f8-9a38-0b84e33f7e71,2,Potentially Available,0,Does Not Provide This Service,0,Does Not Provide This Service,2026-04-11 03:32:52.869862
b74f30f2-6b4b-4d98-b44a-63eb848f5037,44588958-ff59-42ac-9e3b-984a2fb8b2a6,2,Potentially Available,0,Does Not Provide This Service,0,Does Not Provide This Service,2026-04-11 03:32:52.869862
c8882c35-e1b2-4432-9516-a819c93aa24b,44645e9a-1745-4633-be02-8a9dc72b1af5,2,Potentially Available,0,Does Not Provide This Service,0,Does Not Provide This Service,2026-04-11 03:32:52.869862
7414ed89-a435-4a62-be21-0dbdf606fa57,44693bba-0503-477b-8181-e4a7e76f3d98,2,Potentially Available,0,Does Not Provide This Service,0,Does Not Provide This Service,2026-04-11 03:32:52.869862
7e147fa3-8a76-4444-8b8c-d64e2c47ad52,44756056-f749-41ee-92ff-92f0ce3c35cb,2,Potentially Available,0,Does Not Provide This Service,0,Does Not Provide This Service,2026-04-11 03:32:52.869862
1455c8c6-4b19-4d66-b6ea-928be5854a3a,448c7164-9bcc-4707-87da-b108f0bcfc31,2,Potentially Available,0,Does Not Provide This Service,0,Does Not Provide This Service,2026-04-11 03:32:52.869862
71e0d7d2-9c12-4141-ac68-1309b8e2c358,448d827a-3b63-466f-8541-e8bec917b57d,2,Potentially Available,0,Does Not Provide This Service,0,Does Not Provide This Service,2026-04-11 03:32:52.869862
4facb23f-e253-4f2b-8d2f-9da782bc8ea2,449eb83f-9d1c-43c8-a1b7-4d083c1c7dbc,2,Potentially Available,0,Does Not Provide This Service,0,Does Not Provide This Service,2026-04-11 03:32:52.869862
186f8932-0558-4a25-8eaf-fa67e72488c0,44b2a89b-62d1-44f7-b3e0-f96f27c0b164,2,Potentially Available,0,Does Not Provide This Service,0,Does Not Provide This Service,2026-04-11 03:32:52.869862
98023425-ec2f-42b7-a84d-8bfa9c0490ad,44c4b5bb-0571-4a8a-9cb9-bc5024b3b5d6,2,Potentially Available,0,Does Not Provide This Service,0,Does Not Provide This Service,2026-04-11 03:32:52.869862
feded739-5b74-4a14-b9fa-48ce29000cfd,44c66832-02bd-47f0-b450-0c0e50c1fa2c,2,Potentially Available,0,Does Not Provide This Service,0,Does Not Provide This Service,2026-04-11 03:32:52.869862
08442a5d-a368-4b62-ab03-b31f3391c95c,44e75464-283e-4ec9-b6a3-05ade460727e,2,Potentially Available,0,Does Not Provide This Service,0,Does Not Provide This Service,2026-04-11 03:32:52.869862
029261b1-8bad-450a-a962-9f05a4314ff4,44f468b2-270d-486f-b518-6837b14486f8,2,Potentially Available,0,Does Not Provide This Service,0,Does Not Provide This Service,2026-04-11 03:32:52.869862
6fbb47d4-6a07-495b-9e68-5f9d4b1fe6a8,44f77ab8-23a3-4225-9945-5130793dcb21,2,Potentially Available,0,Does Not Provide This Service,0,Does Not Provide This Service,2026-04-11 03:32:52.869862
5e4709c9-1239-44dd-8c86-50f5273897b5,44fe6332-f691-42ab-becc-d063f44f2b03,2,Potentially Available,0,Does Not Provide This Service,0,Does Not Provide This Service,2026-04-11 03:32:52.869862
a2ecf38f-9bfe-474b-ba72-3bf0d67a3f98,44feb6db-7bf9-4841-ae6a-0805854be0be,2,Potentially Available,0,Does Not Provide This Service,0,Does Not Provide This Service,2026-04-11 03:32:52.869862
19611649-0711-4bb3-b9c1-8f083dc077a3,4516d360-60cf-41dd-988c-70dc5cdd921b,2,Potentially Available,0,Does Not Provide This Service,0,Does Not Provide This Service,2026-04-11 03:32:52.869862
747dd9bb-34d5-436f-9023-a3c72f9d9693,451ee677-cd1a-44e3-851d-36cdf96228d7,2,Potentially Available,0,Does Not Provide This Service,0,Does Not Provide This Service,2026-04-11 03:32:52.869862
39dbc977-4f8a-4116-8a92-2a08b356a318,453b7bce-5f8a-4a2c-9b78-d297790c4010,2,Potentially Available,0,Does Not Provide This Service,0,Does Not Provide This Service,2026-04-11 03:32:52.869862
948cc36e-e559-41a4-a494-e5c5a6be43a6,454bef29-e5b0-4f27-8f6f-370e37e8405d,2,Potentially Available,0,Does Not Provide This Service,0,Does Not Provide This Service,2026-04-11 03:32:52.869862
270abc70-37a2-46f1-8a63-fcde1e3f6caf,458c2b2d-682e-4a88-8df2-c23ac4a4ec46,2,Potentially Available,1,Likely Available,0,Does Not Provide This Service,2026-04-11 03:32:52.869862
f7fcbd26-4607-40f9-b7d1-b4a18c4505d8,4594d327-c448-4bdb-9f25-ba4f759efb39,2,Potentially Available,3,Constrained by Size,0,Does Not Provide This Service,2026-04-11 03:32:52.869862
124977f9-a6f5-4c51-96cd-22183f57a54a,459d20de-3415-4ff4-9e87-df0b45ba25d1,2,Potentially Available,0,Does Not Provide This Service,0,Does Not Provide This Service,2026-04-11 03:32:52.869862
f9d47b88-7027-4600-b1b7-1458d4c3cb9e,45c717c8-6591-4935-9fed-895dc93da4a6,2,Potentially Available,0,Does Not Provide This Service,0,Does Not Provide This Service,2026-04-11 03:32:52.869862
3a2407a5-a6c1-44aa-8f71-456dce9cfdaf,45c7537f-3aa3-44cb-a7be-e15f4f7e9526,2,Potentially Available,0,Does Not Provide This Service,0,Does Not Provide This Service,2026-04-11 03:32:52.869862
1f9b7e36-2471-48e5-82ba-4b1d5130f575,45d37607-d2eb-4bc4-94cb-4433b97f3368,2,Potentially Available,0,Does Not Provide This Service,0,Does Not Provide This Service,2026-04-11 03:32:52.869862
31f05304-b09b-4f19-a7c9-f1a0f0d14551,45ee2df0-0b89-4bac-8245-6a94513392ae,2,Potentially Available,0,Does Not Provide This Service,0,Does Not Provide This Service,2026-04-11 03:32:52.869862
cbea03c7-9f6e-4978-b279-b3375f17782f,45fa9707-5c39-4bc0-bc33-76466f926a4d,2,Potentially Available,0,Does Not Provide This Service,0,Does Not Provide This Service,2026-04-11 03:32:52.869862
ae720a4c-bbd8-47f7-ae6d-14734e57fbe5,460a8d4e-8f77-4456-ae20-69773ce1b48f,2,Potentially Available,0,Does Not Provide This Service,0,Does Not Provide This Service,2026-04-11 03:32:52.869862
9ddd0962-5f4a-4a49-86f8-f255fcda25d9,4621229c-412a-4773-90b6-2dc725c8fe0b,2,Potentially Available,0,Does Not Provide This Service,0,Does Not Provide This Service,2026-04-11 03:32:52.869862
e3bbc9a4-2a3a-45b0-90c6-2502051f7e45,4667441a-bc4b-45ae-b534-111ede898c84,0,Does Not Provide This Service,0,Does Not Provide This Service,3,Constrained by Size,2026-04-11 03:32:52.869862
05aafc83-8a1c-4c73-b95a-c70d586e11a1,468c492a-5196-4d8c-b783-168c24851e45,2,Potentially Available,0,Does Not Provide This Service,0,Does Not Provide This Service,2026-04-11 03:32:52.869862
023d3c24-e5b8-4542-8c17-dc8b6ac805b7,46ae43f1-a1e3-4303-9ef0-54dcc4828048,2,Potentially Available,0,Does Not Provide This Service,0,Does Not Provide This Service,2026-04-11 03:32:52.869862
93540df4-68ee-45e6-96dc-0be89ca00e0d,46b0882d-c9d7-48dc-a9c5-aeeb73d9539b,2,Potentially Available,0,Does Not Provide This Service,0,Does Not Provide This Service,2026-04-11 03:32:52.869862
7c8fc4ac-b6fb-4963-800f-762893e6495a,46ca5ab1-8edd-4966-b4d6-98a30cebf68d,2,Potentially Available,0,Does Not Provide This Service,0,Does Not Provide This Service,2026-04-11 03:32:52.869862
e5dc4012-f94a-4616-88e8-abefbfd2810b,46e8deb3-c285-4d52-a9b2-bb8df76b237f,1,Likely Available,1,Likely Available,0,Does Not Provide This Service,2026-04-11 03:32:52.869862
701025b7-79aa-4c8f-aaaf-d272364ff685,46edda87-13f4-4a2f-bb8e-ac201a42db0c,0,Does Not Provide This Service,0,Does Not Provide This Service,1,Likely Available,2026-04-11 03:32:52.869862
68a832ce-54c2-452f-afe6-07f082ad578b,46ef18e7-de23-4849-a018-e49641e14a0d,1,Likely Available,1,Likely Available,0,Does Not Provide This Service,2026-04-11 03:32:52.869862
4931f945-4a9b-4c85-8228-59847e667f96,46feea27-052e-497d-93fd-d5da04f89b97,2,Potentially Available,0,Does Not Provide This Service,0,Does Not Provide This Service,2026-04-11 03:32:52.869862
12eda800-9c02-4bbf-b584-631edb9cc752,4700d905-ce51-4e0c-a989-c9730e2ca875,2,Potentially Available,0,Does Not Provide This Service,0,Does Not Provide This Service,2026-04-11 03:32:52.869862
9944c25f-fa97-41fd-9973-d0fcd3225631,471eede3-4ad9-46d1-9cd7-f61892fe5123,2,Potentially Available,0,Does Not Provide This Service,0,Does Not Provide This Service,2026-04-11 03:32:52.869862
891d9f40-3325-4e5f-8f13-32ad8c51b752,4724d45f-7e6a-4b82-9a11-05d92a9ae0f3,2,Potentially Available,0,Does Not Provide This Service,0,Does Not Provide This Service,2026-04-11 03:32:52.869862
0b261fee-95b5-44d5-b4c6-626a75285cfb,472e7104-b9ef-47e2-b874-5c090b4b4c10,2,Potentially Available,0,Does Not Provide This Service,0,Does Not Provide This Service,2026-04-11 03:32:52.869862
9f504ea0-033c-4e7a-8dfa-367f263a74e6,472f11ec-5f7f-42d0-b6e9-5f26f4efd65c,2,Potentially Available,0,Does Not Provide This Service,0,Does Not Provide This Service,2026-04-11 03:32:52.869862
99c59c3b-0238-40af-a1f2-f03c6f603d5a,4736ea7a-ed63-405a-9e89-4946a4c9a44f,2,Potentially Available,0,Does Not Provide This Service,0,Does Not Provide This Service,2026-04-11 03:32:52.869862
1cd903c0-c0d2-48b6-a58a-9590d6c89054,475dbb02-dacc-40bf-a2ee-c4e36d358a8c,2,Potentially Available,0,Does Not Provide This Service,0,Does Not Provide This Service,2026-04-11 03:32:52.869862
a6ce3ece-9705-44c4-8e39-e0dc58a317a0,478c5843-e2b3-463a-883a-891caf98ae53,2,Potentially Available,0,Does Not Provide This Service,0,Does Not Provide This Service,2026-04-11 03:32:52.869862
ae05ceeb-13f5-4aad-b20c-6dc462147ece,47a36454-f530-4c05-a876-cf945a40575a,2,Potentially Available,0,Does Not Provide This Service,0,Does Not Provide This Service,2026-04-11 03:32:52.869862
03c1ce03-b71a-48fe-93b5-587ac5ce3853,47ab2660-ab38-454d-9fb2-d23b541a75bb,2,Potentially Available,0,Does Not Provide This Service,0,Does Not Provide This Service,2026-04-11 03:32:52.869862
1cecf6e8-b83a-4409-8ef0-9293f0a3904f,47b4f9d0-9390-44c0-ba8e-61845f9346ff,2,Potentially Available,0,Does Not Provide This Service,0,Does Not Provide This Service,2026-04-11 03:32:52.869862
024fe0a2-4092-4b9f-a468-ca523136ed73,47d5bacf-e8ca-497b-9602-9561255992af,2,Potentially Available,0,Does Not Provide This Service,0,Does Not Provide This Service,2026-04-11 03:32:52.869862
6d38b3fd-69f9-486c-881f-c9b2c6cc216a,4817c36b-eea6-41f0-a3d3-22d4cdfaf479,2,Potentially Available,0,Does Not Provide This Service,0,Does Not Provide This Service,2026-04-11 03:32:52.869862
ad7d6b23-7743-409f-9316-6eff9690b2e8,481d06b8-f0f3-41c0-8833-292527c384fd,2,Potentially Available,0,Does Not Provide This Service,0,Does Not Provide This Service,2026-04-11 03:32:52.869862
bff76a64-1002-4b11-b8c4-2e4fc84ca713,48756817-2655-4296-9d82-6e7a049a0a12,2,Potentially Available,5,Highly Constrained,0,Does Not Provide This Service,2026-04-11 03:32:52.869862
eec40695-1051-4977-bcdf-747d34695d66,48d86571-1a57-4394-ae08-05316d71f78c,2,Potentially Available,0,Does Not Provide This Service,0,Does Not Provide This Service,2026-04-11 03:32:52.869862
e86515f3-1012-4782-8d78-4eaf8a77b96a,48e2d775-7d48-4065-a988-b8b188f04a19,2,Potentially Available,0,Does Not Provide This Service,0,Does Not Provide This Service,2026-04-11 03:32:52.869862
db3cfe9a-c91f-46fa-b334-f771324a5a3e,48fa9e7a-e87e-4878-9dbe-93d05ebbc4ca,2,Potentially Available,0,Does Not Provide This Service,0,Does Not Provide This Service,2026-04-11 03:32:52.869862
cecc48d6-faaf-4f45-8600-ae9a6e2642f3,49044a1f-0f60-43b0-8d74-b581adc62352,2,Potentially Available,0,Does Not Provide This Service,0,Does Not Provide This Service,2026-04-11 03:32:52.869862
3a9f599e-cb8c-47a3-b5f3-e12e35fa64b0,4904f7b3-2fd0-48bb-bf66-6cc6684f2902,0,Does Not Provide This Service,0,Does Not Provide This Service,1,Likely Available,2026-04-11 03:32:52.869862
9615bdc8-c46d-4650-b223-7ebfc1f2d91d,490b6aaf-5802-45b9-9972-352e0439525a,2,Potentially Available,0,Does Not Provide This Service,0,Does Not Provide This Service,2026-04-11 03:32:52.869862
f72ba274-e24c-49bd-9f8b-feeffb8b69c5,492b1545-0149-469e-9f95-03453b29447d,0,Does Not Provide This Service,0,Does Not Provide This Service,1,Likely Available,2026-04-11 03:32:52.869862
e5b0598b-ef3d-4aee-905f-7607516a35b1,492be4bc-35fb-40b4-874d-fb9728c55de2,2,Potentially Available,0,Does Not Provide This Service,0,Does Not Provide This Service,2026-04-11 03:32:52.869862
fccf68ed-fe58-4279-9c0a-325e6cc56bd9,492e6fc9-7903-458c-9fa4-05a942cb6361,2,Potentially Available,0,Does Not Provide This Service,0,Does Not Provide This Service,2026-04-11 03:32:52.869862
ad02babd-75bc-4f0e-bf70-22448ee14223,493f6210-6e4a-4d0e-8b16-d4b546dc12ec,2,Potentially Available,0,Does Not Provide This Service,0,Does Not Provide This Service,2026-04-11 03:32:52.869862
3cee3fce-46a4-440d-a4ec-bd2d31e60dcd,4957b7c3-13d2-42d5-b671-e599f93db1c4,2,Potentially Available,0,Does Not Provide This Service,0,Does Not Provide This Service,2026-04-11 03:32:52.869862
ea4d07ce-0112-4c99-962f-da68b086d16f,49936da9-15aa-4f7a-802e-bb6c0ad0a9ea,2,Potentially Available,0,Does Not Provide This Service,0,Does Not Provide This Service,2026-04-11 03:32:52.869862
b6637a0f-9ba1-4189-9a9c-31e8da667dc8,49a0d378-4f52-46f4-a98b-b7f247f0ea85,2,Potentially Available,0,Does Not Provide This Service,0,Does Not Provide This Service,2026-04-11 03:32:52.869862
38faee6b-220a-46cf-b783-33880a672518,49a15ffa-2203-4a9e-90b6-67d9902f4e5e,2,Potentially Available,0,Does Not Provide This Service,0,Does Not Provide This Service,2026-04-11 03:32:52.869862
bdbae580-8610-414a-a04c-6699e90f13ae,49abcf18-052b-4dd2-83e3-8698bf71024a,2,Potentially Available,0,Does Not Provide This Service,0,Does Not Provide This Service,2026-04-11 03:32:52.869862
cddbf96c-c24e-47fc-8055-75bb54604cce,49ae749a-a657-4cd1-bed0-d3c6fdbff514,0,Does Not Provide This Service,0,Does Not Provide This Service,1,Likely Available,2026-04-11 03:32:52.869862
7c359f66-26f1-43a7-9574-0e62dbfb2287,49dd276a-548c-4e81-a15b-c5d4cc959369,2,Potentially Available,0,Does Not Provide This Service,0,Does Not Provide This Service,2026-04-11 03:32:52.869862
700f8c85-7f8c-4bac-8e46-d38eb46dff9e,49deed27-5f87-49b6-9137-f0d6c1fa023a,2,Potentially Available,0,Does Not Provide This Service,0,Does Not Provide This Service,2026-04-11 03:32:52.869862
ef02cec9-6d2e-425d-9f57-035e111ddc58,49f00ae5-cac7-46f6-99aa-b580f936cd5f,2,Potentially Available,0,Does Not Provide This Service,0,Does Not Provide This Service,2026-04-11 03:32:52.869862
968c5da9-3229-4482-bf57-f0e502fdc323,4a04e2c5-48ea-4509-9ccf-2bda6192e1ff,2,Potentially Available,0,Does Not Provide This Service,0,Does Not Provide This Service,2026-04-11 03:32:52.869862
8c339a78-ba84-4438-bc0a-434998fdc02e,4a1b53b0-8102-488a-b4d3-beecf62070c0,2,Potentially Available,0,Does Not Provide This Service,0,Does Not Provide This Service,2026-04-11 03:32:52.869862
1ae0eba6-2f7f-45a7-8062-e663cd5ee527,4a4964d0-deb1-4990-bb36-6d8d215957f3,0,Does Not Provide This Service,0,Does Not Provide This Service,3,Constrained by Size,2026-04-11 03:32:52.869862
b2fa01ea-f4f0-45bc-9378-42baf545ba3f,4a4f4d07-afe1-4d22-9ca8-b9cf8d06a882,2,Potentially Available,0,Does Not Provide This Service,0,Does Not Provide This Service,2026-04-11 03:32:52.869862
415539a4-adc2-4d8f-a916-36b252af9d61,4a8df48f-3eb5-4c1e-98f2-e26997b50459,2,Potentially Available,0,Does Not Provide This Service,0,Does Not Provide This Service,2026-04-11 03:32:52.869862
72e9f8b9-541a-467a-91b3-207777b6d1ef,4a921883-8553-4cd2-b7b8-90259757b6b8,2,Potentially Available,0,Does Not Provide This Service,0,Does Not Provide This Service,2026-04-11 03:32:52.869862
87de482b-7267-4a00-a259-ad51ddf5aa53,4aa361ad-2809-4137-8191-997d6bc91e04,2,Potentially Available,0,Does Not Provide This Service,0,Does Not Provide This Service,2026-04-11 03:32:52.869862
323275a8-030f-4ad6-8106-dae1eaac5b75,4ac57f06-8c5c-4890-90ac-71b997cd5173,2,Potentially Available,0,Does Not Provide This Service,0,Does Not Provide This Service,2026-04-11 03:32:52.869862
fa867599-1fdd-45dc-92eb-ef1ae73cf615,4aca2e9b-f944-4132-9ccd-ed25fd6dbf77,2,Potentially Available,0,Does Not Provide This Service,0,Does Not Provide This Service,2026-04-11 03:32:52.869862
dcd77101-3aa6-4d1e-9a95-157090e7e6ea,4ad8d919-1c95-4825-9f15-ced7f874ced9,2,Potentially Available,0,Does Not Provide This Service,0,Does Not Provide This Service,2026-04-11 03:32:52.869862
d076552d-d8c4-4fa1-8e9d-764bb1d17ce7,4b57c2fa-c5fc-4e7e-85c9-34af8cebc9bc,1,Likely Available,1,Likely Available,0,Does Not Provide This Service,2026-04-11 03:32:52.869862
e4f7bf32-e2ee-4a12-93a9-6bd4faa34260,68b4c747-f52d-452d-8c10-515829b41519,0,Does Not Provide This Service,0,Does Not Provide This Service,3,Constrained by Size,2026-04-11 03:32:52.869862
63398167-69dc-4207-b923-40fc0db73f67,4b6034fe-8556-4b6a-b968-27941910dd20,2,Potentially Available,0,Does Not Provide This Service,0,Does Not Provide This Service,2026-04-11 03:32:52.869862
ac58cfde-66a2-4c34-822b-5340878c449a,4b6a3d94-0586-4f65-94d6-7b71e7add682,2,Potentially Available,0,Does Not Provide This Service,0,Does Not Provide This Service,2026-04-11 03:32:52.869862
3563c48c-a75b-4617-a9fa-2c4187a8a4ef,4b7c6a52-e6af-4877-9f56-7b3bb968ff4f,2,Potentially Available,0,Does Not Provide This Service,0,Does Not Provide This Service,2026-04-11 03:32:52.869862
19b7f6af-8f72-4e85-9adb-d4d95c968426,4b7d7ef4-741a-40f3-a37f-e03b1da55886,2,Potentially Available,0,Does Not Provide This Service,0,Does Not Provide This Service,2026-04-11 03:32:52.869862
f3f24d25-2c17-49f2-8cc7-328402a0fb9b,4b7eab5e-4b75-4cd0-9ea8-40ba442ab18a,2,Potentially Available,0,Does Not Provide This Service,0,Does Not Provide This Service,2026-04-11 03:32:52.869862
f4c6f476-14b9-444f-b661-8955d9fe5285,4b95a00a-6de0-42e4-9ff9-64122f23c93f,2,Potentially Available,0,Does Not Provide This Service,0,Does Not Provide This Service,2026-04-11 03:32:52.869862
514664b4-1961-45a0-9131-f783f2205db4,4b9d1054-deb5-4d2a-9df5-e33273cbb823,2,Potentially Available,0,Does Not Provide This Service,0,Does Not Provide This Service,2026-04-11 03:32:52.869862
ce291a15-daf0-441b-9279-4ff25e97777d,4bbac8aa-a182-4216-bcf1-f8097ed6198f,2,Potentially Available,0,Does Not Provide This Service,0,Does Not Provide This Service,2026-04-11 03:32:52.869862
798c8ff7-ac53-423b-96ba-818ebd1479a1,4bbeadf2-c1d1-473e-95af-de6bc84c95b8,2,Potentially Available,0,Does Not Provide This Service,0,Does Not Provide This Service,2026-04-11 03:32:52.869862
abe14451-9ac1-4e66-a89d-74d80ac1b9db,4bd79b31-b15c-4d37-bf06-1f9db6605d9c,2,Potentially Available,0,Does Not Provide This Service,0,Does Not Provide This Service,2026-04-11 03:32:52.869862
dcd60ec4-a727-4601-9af4-c76ec17d4094,4be2aa41-1af4-4165-9d13-3b19e6ab0bbf,2,Potentially Available,0,Does Not Provide This Service,0,Does Not Provide This Service,2026-04-11 03:32:52.869862
1f80681a-8b3c-407f-82bf-4f172503691c,4c0ddcaa-30e3-4b26-9329-73a55f1bf04e,2,Potentially Available,0,Does Not Provide This Service,0,Does Not Provide This Service,2026-04-11 03:32:52.869862
34911671-ab74-4c02-97fe-5afb3f80d0fe,4c0e8a52-ad7e-4fb8-974c-7a098ce44c8d,2,Potentially Available,0,Does Not Provide This Service,0,Does Not Provide This Service,2026-04-11 03:32:52.869862
731349c4-13ef-4aca-93e5-7fe825146bde,4c1004b9-7629-45f1-8543-593f059826bf,2,Potentially Available,0,Does Not Provide This Service,0,Does Not Provide This Service,2026-04-11 03:32:52.869862
a6335e7a-b123-4010-8e79-53585be3e3c5,4c1164b4-eca4-43c3-8a95-bb95cc3f9618,0,Does Not Provide This Service,0,Does Not Provide This Service,2,Potentially Available,2026-04-11 03:32:52.869862
ecde68d2-cf30-4a48-913e-9d09e2bb1ee9,4c11f127-95a3-4239-9b1c-494b2885d592,2,Potentially Available,1,Likely Available,0,Does Not Provide This Service,2026-04-11 03:32:52.869862
baabc12b-87d8-4306-aa08-a0f57483142a,4c2f79a2-d8fe-4195-b473-3244e623e0ae,2,Potentially Available,0,Does Not Provide This Service,0,Does Not Provide This Service,2026-04-11 03:32:52.869862
025ee2d6-a852-4a0c-b7c6-e20e699301d4,4c312d03-c2af-4ca0-bcf0-94cfd9253e4d,2,Potentially Available,0,Does Not Provide This Service,0,Does Not Provide This Service,2026-04-11 03:32:52.869862
3c265fc8-e003-4dcc-8965-e6ab573cc8bc,4c34544f-b388-483d-b008-968547cd9019,2,Potentially Available,0,Does Not Provide This Service,0,Does Not Provide This Service,2026-04-11 03:32:52.869862
1610ed7a-5642-4445-bb9b-f2668f52e38f,4c38ecbb-320a-4d1e-a1ec-a7f5b5da19a5,2,Potentially Available,0,Does Not Provide This Service,0,Does Not Provide This Service,2026-04-11 03:32:52.869862
4a919b59-4ff7-4c7e-aeac-8262a5616bfb,4c3d6c61-f43d-495e-a91d-8160330b5b79,2,Potentially Available,0,Does Not Provide This Service,0,Does Not Provide This Service,2026-04-11 03:32:52.869862
14739c88-1cbf-463a-bae9-63b627c12526,4c46c80e-1363-4cac-9c66-8330989fcd26,2,Potentially Available,0,Does Not Provide This Service,0,Does Not Provide This Service,2026-04-11 03:32:52.869862
48deae48-0c9c-4104-81be-f80888618294,4c8c6fac-853c-48f4-9b4f-b89f78b830e1,0,Does Not Provide This Service,0,Does Not Provide This Service,5,Highly Constrained,2026-04-11 03:32:52.869862
bb752785-4d5e-40d2-96f2-5bb8249bbe08,4c959fb4-f0d1-4aa1-91d5-354b5e2a9f36,2,Potentially Available,0,Does Not Provide This Service,0,Does Not Provide This Service,2026-04-11 03:32:52.869862
72b0eef6-03d4-4a72-b980-6f4467fba6bc,4ca92e72-73a3-4db0-b170-870a2eeb7401,2,Potentially Available,0,Does Not Provide This Service,0,Does Not Provide This Service,2026-04-11 03:32:52.869862
b9e4c43f-377a-4c05-a16b-11664cb72bd5,4cb019e0-08bc-4e00-8691-fe8f81da790d,0,Does Not Provide This Service,0,Does Not Provide This Service,1,Likely Available,2026-04-11 03:32:52.869862
0d5842ba-50ac-48b6-9e20-3ff76dc92453,4ccc2933-e9df-401f-823f-aa7384c53f74,0,Does Not Provide This Service,0,Does Not Provide This Service,1,Likely Available,2026-04-11 03:32:52.869862
51f8409d-e7c3-48f5-a24c-b474d14c79d5,4cf41815-1eb9-43a7-9056-6bfe23196e05,1,Likely Available,3,Constrained by Size,0,Does Not Provide This Service,2026-04-11 03:32:52.869862
0adcb07a-ac36-49f2-a74f-053fbdf631c7,4d549802-fe88-4c77-af8c-7793566e76d0,2,Potentially Available,0,Does Not Provide This Service,0,Does Not Provide This Service,2026-04-11 03:32:52.869862
7a684670-ea54-417e-8197-2c940fd8380f,4d60367d-c585-4c91-a690-040d4daac5e9,2,Potentially Available,0,Does Not Provide This Service,0,Does Not Provide This Service,2026-04-11 03:32:52.869862
e5d7faba-3860-4e56-aaf8-ab533ad634b1,4d76558b-8da2-4d09-bee8-890258271bdc,1,Likely Available,4,Constrained by Market,0,Does Not Provide This Service,2026-04-11 03:32:52.869862
c260d06c-e221-440c-b4eb-58a0eabda13c,4db7f957-a4e6-4af9-9d91-ac3cc85852f8,2,Potentially Available,0,Does Not Provide This Service,0,Does Not Provide This Service,2026-04-11 03:32:52.869862
f90cd455-5a65-45f3-9640-be3efb747825,4dbf7e08-5edb-4fb2-b2e9-8230f0457383,2,Potentially Available,0,Does Not Provide This Service,0,Does Not Provide This Service,2026-04-11 03:32:52.869862
16970fa1-ca61-46cc-99d6-1cbac96c2ca4,4dc5bc8b-7a76-4a2c-b004-bde7a8090ce2,2,Potentially Available,1,Likely Available,0,Does Not Provide This Service,2026-04-11 03:32:52.869862
3d6d3bd9-60f7-4bc1-9f5c-7a747ee2aae1,4dd11ca1-ab3b-4744-9c14-5005c8cdcb44,2,Potentially Available,0,Does Not Provide This Service,0,Does Not Provide This Service,2026-04-11 03:32:52.869862
6afe675f-1488-41ef-b176-e18fdaeea845,4dda1a7a-476e-440d-8ddc-c63741b3886b,1,Likely Available,4,Constrained by Market,0,Does Not Provide This Service,2026-04-11 03:32:52.869862
f107c6cc-032c-48d1-89a3-f49ba35a328e,4de41d29-0150-42b5-b10e-a4744ccd7864,2,Potentially Available,0,Does Not Provide This Service,0,Does Not Provide This Service,2026-04-11 03:32:52.869862
025677bd-5d45-429c-a6d3-6a3fb85743d2,4def5781-ad3b-4b19-87ea-99175c669833,2,Potentially Available,0,Does Not Provide This Service,0,Does Not Provide This Service,2026-04-11 03:32:52.869862
6dd75938-bdb1-4537-90cb-bef3826a2fe4,4df700d4-262e-4bb8-83dd-fc8ed29900e5,2,Potentially Available,0,Does Not Provide This Service,0,Does Not Provide This Service,2026-04-11 03:32:52.869862
7e49f757-5e7e-4624-8c83-f8afdce79c61,4e0a7379-1d34-4271-aaef-cfee5462d8e7,2,Potentially Available,0,Does Not Provide This Service,0,Does Not Provide This Service,2026-04-11 03:32:52.869862
96c73777-8c15-4de0-9cf3-4e8059c7a93c,4e1023a2-e042-4a60-9cd5-a0bbb5e5c7b7,2,Potentially Available,0,Does Not Provide This Service,0,Does Not Provide This Service,2026-04-11 03:32:52.869862
95ca21bc-f46d-417b-a1db-b968975ab99e,4e1c8e97-20c0-46b9-8e0b-f611fce36bbc,0,Does Not Provide This Service,0,Does Not Provide This Service,2,Potentially Available,2026-04-11 03:32:52.869862
3184391f-0655-4917-8aa0-c2cde1dea81c,4e36b441-8599-4c29-a416-8831a6ee5eb1,2,Potentially Available,0,Does Not Provide This Service,0,Does Not Provide This Service,2026-04-11 03:32:52.869862
964ca944-bbb0-4295-b85f-86bee1f9c5a9,4e42cf3b-68f2-4618-b324-d144dd19d207,2,Potentially Available,0,Does Not Provide This Service,0,Does Not Provide This Service,2026-04-11 03:32:52.869862
1b20a537-2581-4bda-85dd-db6c0ff5f06d,4e4eb94a-750d-4552-a9c4-8c879238384d,2,Potentially Available,0,Does Not Provide This Service,0,Does Not Provide This Service,2026-04-11 03:32:52.869862
af43b0e2-cb99-42cc-a7f4-dfb5cc89e1f8,4e4f4469-be86-4862-8133-113a7b9eadf3,2,Potentially Available,0,Does Not Provide This Service,0,Does Not Provide This Service,2026-04-11 03:32:52.869862
70ef795e-d229-4149-bb78-03c3c14e413e,4e7996fa-cb56-4fb9-a7b5-938eae83ff35,2,Potentially Available,0,Does Not Provide This Service,0,Does Not Provide This Service,2026-04-11 03:32:52.869862
05df5664-073b-49a0-8cd8-6c2dd60c3c95,4eaebc06-273a-4dc7-a644-b3bb0cd01500,1,Likely Available,4,Constrained by Market,0,Does Not Provide This Service,2026-04-11 03:32:52.869862
4467bb4d-d787-497d-b8c1-5aa746dd4949,4ec1dda4-c3ff-496b-bb69-7c4a0414da16,2,Potentially Available,0,Does Not Provide This Service,0,Does Not Provide This Service,2026-04-11 03:32:52.869862
3de79b56-0eab-4fa5-92c3-389ae0427f8c,4ed89186-c694-4a58-ae72-2660954edeb8,2,Potentially Available,0,Does Not Provide This Service,0,Does Not Provide This Service,2026-04-11 03:32:52.869862
bdad691c-b792-45ed-8d00-2e5d9e568558,4ee74e9b-0084-4468-835c-2a4d5a619f40,0,Does Not Provide This Service,0,Does Not Provide This Service,1,Likely Available,2026-04-11 03:32:52.869862
9458de2f-d2f0-4481-ae3f-b7493180c53f,4f135bfc-7bb7-45af-a15d-888ec4155b43,2,Potentially Available,0,Does Not Provide This Service,0,Does Not Provide This Service,2026-04-11 03:32:52.869862
45b7b639-9fb8-4727-aea4-aaa956ec4a60,4f242a33-386a-42d0-ab57-bdb9d8e95c8e,2,Potentially Available,0,Does Not Provide This Service,0,Does Not Provide This Service,2026-04-11 03:32:52.869862
98df9628-1cb8-49d2-84d1-487dea11e704,4f283a04-104c-456c-951f-cfa97c13d2d4,2,Potentially Available,0,Does Not Provide This Service,0,Does Not Provide This Service,2026-04-11 03:32:52.869862
d3e2f52d-acf6-42de-a0fc-1adbe547612f,4f31f32e-eb51-41b8-b894-25b98327733a,2,Potentially Available,0,Does Not Provide This Service,0,Does Not Provide This Service,2026-04-11 03:32:52.869862
101abd1d-2f26-49a5-a21f-1f5712258bdb,4f52e2a6-4835-436e-9272-9a4023f8f69b,2,Potentially Available,0,Does Not Provide This Service,0,Does Not Provide This Service,2026-04-11 03:32:52.869862
59ea9c33-477f-4d1c-a159-a910d810aecd,4f902e20-5663-4c25-9432-11dd9b7a60c2,2,Potentially Available,0,Does Not Provide This Service,0,Does Not Provide This Service,2026-04-11 03:32:52.869862
d9beb417-681a-49d1-ab25-b5897a0396e1,4f94075f-f85c-4758-ae15-c63fc3dac3d8,2,Potentially Available,0,Does Not Provide This Service,0,Does Not Provide This Service,2026-04-11 03:32:52.869862
44a31e6d-442b-4195-82b1-9e4624bbccac,4faae743-7af0-46d8-9638-a871b4de161d,2,Potentially Available,0,Does Not Provide This Service,0,Does Not Provide This Service,2026-04-11 03:32:52.869862
b846450a-0d91-4462-ad56-0ce2f875fd14,4fd1e053-0d24-4a3f-8034-7a2cf0eeac0f,2,Potentially Available,0,Does Not Provide This Service,0,Does Not Provide This Service,2026-04-11 03:32:52.869862
acbca712-75bc-4f8d-b498-7ddf17fa4e22,4fe8361b-e220-4ea6-8607-96e3e2c1ca23,2,Potentially Available,0,Does Not Provide This Service,0,Does Not Provide This Service,2026-04-11 03:32:52.869862
049c3594-67d6-4bcb-9c4b-6240d0dac3c6,4ff4f23a-07bf-4441-b181-b1d6e1f53b50,2,Potentially Available,0,Does Not Provide This Service,0,Does Not Provide This Service,2026-04-11 03:32:52.869862
bad0815a-49d6-442a-b375-44832a8b1ba3,5005fe52-7e84-4697-8fbe-b9d0aac61289,2,Potentially Available,0,Does Not Provide This Service,0,Does Not Provide This Service,2026-04-11 03:32:52.869862
b6c2f622-e531-478c-97a7-402b308b6833,501d2ca5-4440-4dd5-a7e8-11899c99643c,2,Potentially Available,0,Does Not Provide This Service,0,Does Not Provide This Service,2026-04-11 03:32:52.869862
dd25acfe-84e2-4d0a-9b83-822085edc861,503138d7-ba68-4b6f-a403-be172bfc5cc4,2,Potentially Available,0,Does Not Provide This Service,0,Does Not Provide This Service,2026-04-11 03:32:52.869862
0ba68846-64c7-465b-85f9-c7f6a94fb78e,503d5914-fb1c-4f8e-b90b-4810fac7cbe9,2,Potentially Available,0,Does Not Provide This Service,0,Does Not Provide This Service,2026-04-11 03:32:52.869862
2f31a348-a126-4875-b74a-3ef04d928c2f,5040ca64-cb33-485d-a35e-83e9b8bd77ba,2,Potentially Available,0,Does Not Provide This Service,0,Does Not Provide This Service,2026-04-11 03:32:52.869862
37752814-9167-4afe-bc0e-35257380efeb,50498009-ce8f-477d-8082-360b851746f7,1,Likely Available,0,Does Not Provide This Service,0,Does Not Provide This Service,2026-04-11 03:32:52.869862
4b8a50cc-c5e0-4ec1-8ccd-1236015e91a1,504db148-0bcf-483b-a18d-aa97d9315d2e,2,Potentially Available,0,Does Not Provide This Service,0,Does Not Provide This Service,2026-04-11 03:32:52.869862
eb18c2be-84cc-44a1-8b5b-55ff195c1463,50671da2-1585-4277-9838-effb2b30ff95,2,Potentially Available,0,Does Not Provide This Service,0,Does Not Provide This Service,2026-04-11 03:32:52.869862
899cb94b-b929-4353-833c-a4a59d7831ee,508747a2-8bef-4d25-bfd6-9b5e3941330a,2,Potentially Available,0,Does Not Provide This Service,0,Does Not Provide This Service,2026-04-11 03:32:52.869862
72b96262-726f-4b9f-b8ea-8854a4b5ac2c,50caffee-0efb-4830-9018-c59c6c4d78bf,1,Likely Available,5,Highly Constrained,0,Does Not Provide This Service,2026-04-11 03:32:52.869862
c394c47a-c75b-4d6f-b4c5-afe113e01b38,511299df-05f6-4bc2-ad34-aff2520ada9f,2,Potentially Available,0,Does Not Provide This Service,0,Does Not Provide This Service,2026-04-11 03:32:52.869862
6668fad1-8680-45e0-8d87-31380aa4865e,511593fe-354f-4ce9-b9f5-d54f7595dae4,2,Potentially Available,0,Does Not Provide This Service,0,Does Not Provide This Service,2026-04-11 03:32:52.869862
b1561594-d5ad-4e73-b3e7-f39799f9873c,5123e216-92ee-4303-9190-e32b98a40eeb,2,Potentially Available,0,Does Not Provide This Service,0,Does Not Provide This Service,2026-04-11 03:32:52.869862
8c46819c-6ddf-4361-a6cb-c504402bc7c9,51303f08-8ffe-4a46-9458-f269a6b04b13,2,Potentially Available,0,Does Not Provide This Service,0,Does Not Provide This Service,2026-04-11 03:32:52.869862
a4975cde-76d6-4b58-a135-cf925d73e167,51626e66-70d8-4f83-b3e7-0cf4b5b47fbd,2,Potentially Available,0,Does Not Provide This Service,0,Does Not Provide This Service,2026-04-11 03:32:52.869862
1e0740cf-8f3f-4a7a-b0dd-76b3d23f5938,51689d4d-8be5-4a5c-a262-51328675677a,2,Potentially Available,0,Does Not Provide This Service,0,Does Not Provide This Service,2026-04-11 03:32:52.869862
2f50e7c3-3eb8-481c-baf5-d2c63bd5113d,518dfcd9-10dd-4044-b773-b04c4290e151,2,Potentially Available,0,Does Not Provide This Service,0,Does Not Provide This Service,2026-04-11 03:32:52.869862
585fcade-d7cb-4aa9-8e3f-a141117b3aad,519e4a89-f8c5-4e51-9b72-e60ad89ab268,2,Potentially Available,0,Does Not Provide This Service,0,Does Not Provide This Service,2026-04-11 03:32:52.869862
b38a58d9-74f9-42a2-85b8-5f7aa4f7bd7b,51a1aeb2-b588-4b34-99b9-e30c0c767ce0,0,Does Not Provide This Service,0,Does Not Provide This Service,2,Potentially Available,2026-04-11 03:32:52.869862
e17a0199-dd79-40c8-b374-a5dbcc362173,51d3127c-51df-40af-b564-0517e2c221e6,2,Potentially Available,0,Does Not Provide This Service,0,Does Not Provide This Service,2026-04-11 03:32:52.869862
588cdd9d-bae2-443d-8b5f-f02b1f58f24b,51d51aeb-08bd-4d72-961c-6e5b7e2902fc,2,Potentially Available,0,Does Not Provide This Service,0,Does Not Provide This Service,2026-04-11 03:32:52.869862
facadbf2-64d7-42f6-bccf-908cd18a4bc7,51ebc325-20d8-4724-b3ed-0a5d5618e26c,2,Potentially Available,0,Does Not Provide This Service,0,Does Not Provide This Service,2026-04-11 03:32:52.869862
d42ff1de-0699-49ee-8172-f987a902f137,520dc06f-815d-43a7-8567-cbf9726d098a,2,Potentially Available,0,Does Not Provide This Service,0,Does Not Provide This Service,2026-04-11 03:32:52.869862
f3b599d4-5be1-47dc-9387-16cc65af2c79,52134fdd-1673-493f-990a-5f1ebeaa8f5f,2,Potentially Available,0,Does Not Provide This Service,0,Does Not Provide This Service,2026-04-11 03:32:52.869862
589b9211-8758-40d1-8776-8fa5a5efedf7,521ba3e1-77d2-4570-bcd0-bddef4f36116,2,Potentially Available,0,Does Not Provide This Service,0,Does Not Provide This Service,2026-04-11 03:32:52.869862
edbb11da-136a-40b4-8ece-b42e68ff7bdd,524afea3-3e8a-445a-8547-6409ef50bbd9,2,Potentially Available,0,Does Not Provide This Service,0,Does Not Provide This Service,2026-04-11 03:32:52.869862
1664970f-6adb-4476-b6ae-98fd960d8fba,526f7c3d-9508-4b01-aa5d-7d191ec077d4,2,Potentially Available,0,Does Not Provide This Service,0,Does Not Provide This Service,2026-04-11 03:32:52.869862
3b137259-2cac-4f01-aee6-4f83f7b99e97,5277ca1f-8569-4981-8da2-b66f5f0ab104,2,Potentially Available,0,Does Not Provide This Service,0,Does Not Provide This Service,2026-04-11 03:32:52.869862
770b0b11-cd31-42db-b652-a71f6f2fc35c,529542e8-381f-42cb-adee-1c7e3cb75941,2,Potentially Available,0,Does Not Provide This Service,0,Does Not Provide This Service,2026-04-11 03:32:52.869862
453205a6-9789-4abc-ae0d-911de32351a3,52b06eed-772d-41f5-8c92-5c0d4b49a2b5,2,Potentially Available,0,Does Not Provide This Service,0,Does Not Provide This Service,2026-04-11 03:32:52.869862
0dce38ca-653d-41c5-a8f0-e0991277efc3,52b318bd-8903-4e14-9595-f5a6523fc5c7,2,Potentially Available,0,Does Not Provide This Service,0,Does Not Provide This Service,2026-04-11 03:32:52.869862
4fb30c43-2e96-459d-8118-4b5d7fc3ce10,52d969d6-aa8f-4b76-933e-8e8bc5852179,2,Potentially Available,0,Does Not Provide This Service,0,Does Not Provide This Service,2026-04-11 03:32:52.869862
776dd1f2-0cb6-4a4f-83ed-374600e75f55,52f8fd44-446e-43a6-b501-e33592cf2df4,2,Potentially Available,0,Does Not Provide This Service,0,Does Not Provide This Service,2026-04-11 03:32:52.869862
9107a011-9c63-40b9-8f23-71b5c192b45a,530015ac-e6a6-4dc8-ace8-ec178f32c9eb,2,Potentially Available,0,Does Not Provide This Service,0,Does Not Provide This Service,2026-04-11 03:32:52.869862
436c8922-141a-47d8-9cfa-f3476da2558b,5305b18d-27b9-4a5b-ae40-89d6de0e2b61,1,Likely Available,0,Does Not Provide This Service,0,Does Not Provide This Service,2026-04-11 03:32:52.869862
31a30947-c68e-4db6-a42d-dec2edcc02bc,530fa741-bda6-4310-9187-b5fb062fe2a1,2,Potentially Available,0,Does Not Provide This Service,0,Does Not Provide This Service,2026-04-11 03:32:52.869862
69812930-0aa3-4db3-a80d-8d7a0f9dfc1f,5319343f-2201-43b9-82f6-e8ec0af992f6,2,Potentially Available,0,Does Not Provide This Service,0,Does Not Provide This Service,2026-04-11 03:32:52.869862
fbded828-5abf-4df1-aab2-5f8bd0203e6c,534aa37d-6396-4523-b1f2-47c703e85e81,2,Potentially Available,0,Does Not Provide This Service,0,Does Not Provide This Service,2026-04-11 03:32:52.869862
71879c97-f1f5-4e58-8bc5-fcbf09766fec,53547c91-ab8b-404d-87e0-54b89fb92575,1,Likely Available,4,Constrained by Market,0,Does Not Provide This Service,2026-04-11 03:32:52.869862
dff22f2f-3062-4808-ab9c-d090da658f0a,536b100c-6a0b-4e87-9575-65861a7ab42a,2,Potentially Available,0,Does Not Provide This Service,0,Does Not Provide This Service,2026-04-11 03:32:52.869862
9333cfcd-bab8-40c8-83d1-6468614535f5,5374a4c7-86cc-45ba-bc2c-50763524131b,1,Likely Available,1,Likely Available,0,Does Not Provide This Service,2026-04-11 03:32:52.869862
995787ce-bd32-4576-b510-d90950cf53b5,53b46382-4875-49ae-85e8-51e3a1ce45d4,2,Potentially Available,0,Does Not Provide This Service,0,Does Not Provide This Service,2026-04-11 03:32:52.869862
bd309347-5b50-418f-975f-1f5bbe529129,53bd81e7-fdaa-4ec1-bc25-c754be7f983b,2,Potentially Available,0,Does Not Provide This Service,0,Does Not Provide This Service,2026-04-11 03:32:52.869862
2f90ba16-fd1a-4162-9d3a-4003a0ad6b7e,5406c2bc-fc22-43e8-88f8-79dedd5c502e,2,Potentially Available,0,Does Not Provide This Service,0,Does Not Provide This Service,2026-04-11 03:32:52.869862
8a678d87-d12a-4ae6-8401-2f702b7ab7ba,542766ba-f2c5-4fd1-a8e6-0453dcac3905,2,Potentially Available,0,Does Not Provide This Service,0,Does Not Provide This Service,2026-04-11 03:32:52.869862
1e62dc01-9665-4225-be95-64207b2cdb79,5435fbbe-a55c-4110-8cbe-6c19ba5225b4,2,Potentially Available,0,Does Not Provide This Service,0,Does Not Provide This Service,2026-04-11 03:32:52.869862
c0bb0d23-0d8a-4994-ac33-916d4881b107,54418713-24d9-43c6-8449-9342cb909640,2,Potentially Available,0,Does Not Provide This Service,0,Does Not Provide This Service,2026-04-11 03:32:52.869862
24b04ec7-8116-4c1d-9700-6ebb224c1ff4,544728ed-d604-47f4-bf16-e7ef0b06d42c,2,Potentially Available,0,Does Not Provide This Service,0,Does Not Provide This Service,2026-04-11 03:32:52.869862
c0d087be-95bd-4fe8-9ac4-6d2863bdd98b,544c9d4f-e606-4370-8fd9-adabc2d6c058,0,Does Not Provide This Service,4,Constrained by Market,0,Does Not Provide This Service,2026-04-11 03:32:52.869862
38d59dde-a6d8-4977-b67c-c34f5d511a15,54542205-7510-4630-93cc-93018f96f064,2,Potentially Available,0,Does Not Provide This Service,0,Does Not Provide This Service,2026-04-11 03:32:52.869862
42e1a8be-ca54-4c77-8a33-4319019b07dc,54779efe-ea4b-47e7-bce9-740d300e73c4,2,Potentially Available,0,Does Not Provide This Service,0,Does Not Provide This Service,2026-04-11 03:32:52.869862
ed24c374-0162-46fa-a5af-da2aecc11cbd,5497b5c2-90a0-4bfd-9ff4-fd06b45cb142,2,Potentially Available,0,Does Not Provide This Service,0,Does Not Provide This Service,2026-04-11 03:32:52.869862
31b91f68-b79b-4bfd-9cdc-4b3123ac02c3,54a6dcbe-393f-45ad-bd84-cb222f4c9f5c,2,Potentially Available,0,Does Not Provide This Service,0,Does Not Provide This Service,2026-04-11 03:32:52.869862
37c47546-4f53-479d-ac0c-ed0d00cbeebb,54b3df26-7296-4b22-b914-6ba20a1ef1fd,2,Potentially Available,0,Does Not Provide This Service,0,Does Not Provide This Service,2026-04-11 03:32:52.869862
9be1a533-3262-4a76-8b92-94e0a45a210f,54e66632-dffd-495f-a433-bc06cf0c51db,2,Potentially Available,0,Does Not Provide This Service,0,Does Not Provide This Service,2026-04-11 03:32:52.869862
069b6e35-c362-455b-ade4-6755ce0455d9,55036013-8848-45af-ba2b-f5d0d0fffa96,2,Potentially Available,0,Does Not Provide This Service,0,Does Not Provide This Service,2026-04-11 03:32:52.869862
9e84b962-0198-4908-8b56-95f009db7675,5503c918-426b-4f68-87e0-70c934e96bd5,2,Potentially Available,0,Does Not Provide This Service,0,Does Not Provide This Service,2026-04-11 03:32:52.869862
ebe516ad-fcb6-4db5-949a-468b5a1e419c,5559323c-8c4a-4a6c-b9bc-c7fb3eaaf19d,2,Potentially Available,0,Does Not Provide This Service,0,Does Not Provide This Service,2026-04-11 03:32:52.869862
4a22e018-bfa5-40c5-98fd-87cb1b663bf5,555c7ae8-be67-4f7e-b462-1497bd04341d,2,Potentially Available,0,Does Not Provide This Service,0,Does Not Provide This Service,2026-04-11 03:32:52.869862
16d455b8-70ea-4757-b37b-f61d0c3542a1,55607594-068d-4543-a580-f9571b3cde31,2,Potentially Available,4,Constrained by Market,0,Does Not Provide This Service,2026-04-11 03:32:52.869862
41219ee7-5743-4efa-ac26-bce302208218,557adb82-ecae-4577-ab03-8f9d1c092c8f,2,Potentially Available,0,Does Not Provide This Service,0,Does Not Provide This Service,2026-04-11 03:32:52.869862
f4b04d23-4e01-4b54-9dfe-2abe1991a68a,5580bb1d-27f0-4113-a1d6-d3e8e0a56026,2,Potentially Available,0,Does Not Provide This Service,0,Does Not Provide This Service,2026-04-11 03:32:52.869862
e5cf0a31-0da6-46e9-b502-69e40664b62a,559e9698-e225-41d9-a992-95cd628dd1e2,2,Potentially Available,0,Does Not Provide This Service,0,Does Not Provide This Service,2026-04-11 03:32:52.869862
b7750228-b163-4803-9fb4-260516987571,55b04f05-f485-458b-af19-70ed955e0462,2,Potentially Available,0,Does Not Provide This Service,0,Does Not Provide This Service,2026-04-11 03:32:52.869862
685508b5-0b92-4568-b097-89e64c158ad9,55bf3eda-c675-4d6a-98a4-e51e44e51fab,2,Potentially Available,0,Does Not Provide This Service,0,Does Not Provide This Service,2026-04-11 03:32:52.869862
b2f3c818-ea09-49cc-b3b7-364457c8d045,55dd00ec-dd11-4f03-ae6c-6d3807289ff3,2,Potentially Available,0,Does Not Provide This Service,0,Does Not Provide This Service,2026-04-11 03:32:52.869862
4b130097-ff2f-4081-a9e0-d5ff2e0a2007,55e187dd-16af-4e9b-9afc-c173fc13ba08,2,Potentially Available,0,Does Not Provide This Service,0,Does Not Provide This Service,2026-04-11 03:32:52.869862
10745a68-9f84-485e-a002-32c54c89955d,560acda8-0088-497b-b12e-ff458a7f4ebe,0,Does Not Provide This Service,0,Does Not Provide This Service,3,Constrained by Size,2026-04-11 03:32:52.869862
96a13634-85f1-431d-be89-fd7768faefac,56249e47-1958-4d7d-8d6a-a2ed901c15af,2,Potentially Available,0,Does Not Provide This Service,0,Does Not Provide This Service,2026-04-11 03:32:52.869862
da935cff-419a-4b78-beda-ebe559a0f80f,56330267-d39c-45ec-84b4-d786650ea59d,1,Likely Available,0,Does Not Provide This Service,0,Does Not Provide This Service,2026-04-11 03:32:52.869862
6c225a4b-3a83-4539-8018-5c38a2d946d3,5649b9ed-22c2-48df-8c01-4aa87a6824ca,2,Potentially Available,0,Does Not Provide This Service,0,Does Not Provide This Service,2026-04-11 03:32:52.869862
206159e4-c1e0-41b8-bd3c-48ed44ab096b,564f78b7-01a6-43d6-a9ac-889c4e007c0d,2,Potentially Available,0,Does Not Provide This Service,0,Does Not Provide This Service,2026-04-11 03:32:52.869862
5925087f-83fd-45ea-b91c-00a8c7637e28,56c2fdad-0fb0-44ae-96c9-29903057d2f1,2,Potentially Available,0,Does Not Provide This Service,0,Does Not Provide This Service,2026-04-11 03:32:52.869862
f0aefb99-8570-409e-af30-f2bed1315397,5701b6d7-3c8d-42ae-a6cb-f7b571df3292,2,Potentially Available,0,Does Not Provide This Service,0,Does Not Provide This Service,2026-04-11 03:32:52.869862
6a91444e-73b2-4403-b4ee-a6a77d31847e,57184458-bfa1-4a76-b78c-5a8289dacbf8,2,Potentially Available,0,Does Not Provide This Service,0,Does Not Provide This Service,2026-04-11 03:32:52.869862
59dc9d59-bb26-44ac-8a14-8faa47436bef,57229ef6-b274-41e6-93e6-51a52ad46d27,2,Potentially Available,0,Does Not Provide This Service,0,Does Not Provide This Service,2026-04-11 03:32:52.869862
576aeba3-6754-48a1-886d-954a5193e09e,572945f9-5da5-400e-b3e5-450b2a766f20,2,Potentially Available,0,Does Not Provide This Service,0,Does Not Provide This Service,2026-04-11 03:32:52.869862
bbf430cf-9aee-485b-b69f-6ed5c6c9b415,573af04c-1de3-45c6-8067-a9b2ed5ba6bd,0,Does Not Provide This Service,0,Does Not Provide This Service,3,Constrained by Size,2026-04-11 03:32:52.869862
1857e7dd-27ff-4a36-a3d3-b53debd2b11b,5751d014-c60a-4021-a298-ed1172aadebc,2,Potentially Available,0,Does Not Provide This Service,0,Does Not Provide This Service,2026-04-11 03:32:52.869862
57738b72-b0a7-49dd-b70d-13b94b438b88,57536eb0-a9d0-4027-89c9-a7f6714ab12d,1,Likely Available,1,Likely Available,0,Does Not Provide This Service,2026-04-11 03:32:52.869862
4e05586c-00e9-4e45-a7ce-748f472ca0bc,576ba4cd-c36a-43fc-865c-c3e2c281e7ed,1,Likely Available,0,Does Not Provide This Service,0,Does Not Provide This Service,2026-04-11 03:32:52.869862
af765d76-0c6a-4cc1-a3e0-6a86d9bcd332,57709364-9c60-4291-8c6d-9540e2f6e061,2,Potentially Available,0,Does Not Provide This Service,0,Does Not Provide This Service,2026-04-11 03:32:52.869862
a4138292-388f-4726-b878-c8119afa3d6f,577fb292-6aaa-4a35-b844-faf54b82203a,2,Potentially Available,0,Does Not Provide This Service,0,Does Not Provide This Service,2026-04-11 03:32:52.869862
9878fdf8-f86a-4854-a13d-632efd1c1493,578fe0d9-232e-4104-a780-0b6748858c87,2,Potentially Available,0,Does Not Provide This Service,0,Does Not Provide This Service,2026-04-11 03:32:52.869862
d2c8708b-bc93-40bc-b03a-5d164532c734,57c328ef-1015-445c-8540-6f37532982ae,2,Potentially Available,0,Does Not Provide This Service,0,Does Not Provide This Service,2026-04-11 03:32:52.869862
29e9de00-c2e2-434a-84eb-7e37d8324e57,57c622ca-c7b6-458f-8f74-d1798be15834,2,Potentially Available,0,Does Not Provide This Service,0,Does Not Provide This Service,2026-04-11 03:32:52.869862
a5a8e772-c8e5-48ee-83b7-8ac127a94e64,57d4a703-4834-4138-a48f-6a4e110cec40,2,Potentially Available,0,Does Not Provide This Service,0,Does Not Provide This Service,2026-04-11 03:32:52.869862
535f11bc-453d-429a-9861-b8467d1ea7b6,57e3eb37-ddd5-408d-9f8f-76f3cdc0ab8e,2,Potentially Available,0,Does Not Provide This Service,0,Does Not Provide This Service,2026-04-11 03:32:52.869862
a3ec063b-a53e-4fe5-aea9-96a7651af946,580b0cb9-f95a-4f86-801e-d774d75ad1a4,2,Potentially Available,0,Does Not Provide This Service,0,Does Not Provide This Service,2026-04-11 03:32:52.869862
bb92081e-5984-4552-80e1-2627e410e53e,582b99d3-361c-4c69-8d1c-813012881075,2,Potentially Available,0,Does Not Provide This Service,0,Does Not Provide This Service,2026-04-11 03:32:52.869862
a7fb6ab9-f3dc-4b09-9466-3c8edcc5e4f0,583480eb-a6dd-4f0b-8e99-a2f262cef760,2,Potentially Available,0,Does Not Provide This Service,0,Does Not Provide This Service,2026-04-11 03:32:52.869862
39a4d1c8-7627-49a5-8e20-eb2384f6be1e,584ad9e6-b23a-4fc6-bb62-eacaf3a57aeb,2,Potentially Available,0,Does Not Provide This Service,0,Does Not Provide This Service,2026-04-11 03:32:52.869862
7545a06e-103d-4aa2-bdee-9e060bb9b6b2,586a72c8-f5a1-483a-8341-53cd34098757,0,Does Not Provide This Service,0,Does Not Provide This Service,1,Likely Available,2026-04-11 03:32:52.869862
479ba9ab-68d7-4a80-969b-8c38226b67bc,586dc062-6791-44ee-8df5-e085b9305899,2,Potentially Available,0,Does Not Provide This Service,0,Does Not Provide This Service,2026-04-11 03:32:52.869862
5c388f78-adaf-4f89-90ec-762b0c97c48f,58770fb2-5097-4a9e-9409-01cad5a001e6,0,Does Not Provide This Service,0,Does Not Provide This Service,4,Constrained by Market,2026-04-11 03:32:52.869862
d5fa6592-8e94-4bfe-bae8-e7a988a7e5d8,587ca819-76b3-4ad6-9203-84d7ddb850ff,1,Likely Available,1,Likely Available,0,Does Not Provide This Service,2026-04-11 03:32:52.869862
27d32f34-c7c2-4b25-bdb7-be9ec2f4f49e,588cb10e-e81f-43b3-a20c-b636b3a0ad2e,2,Potentially Available,0,Does Not Provide This Service,0,Does Not Provide This Service,2026-04-11 03:32:52.869862
88204113-8f46-4d3c-a595-ed1d1496448e,58b1fd1a-db45-405c-8d61-0f903c82f56a,2,Potentially Available,0,Does Not Provide This Service,0,Does Not Provide This Service,2026-04-11 03:32:52.869862
07c69014-eb57-4d02-9da3-e2c19780b144,58c61ab6-6b8f-4e19-933d-f337725a4049,2,Potentially Available,0,Does Not Provide This Service,0,Does Not Provide This Service,2026-04-11 03:32:52.869862
c8700d5b-2ebb-4f35-bf32-df4b7a2655f3,590b7993-d6d6-496c-b31e-b9145f4dbfae,2,Potentially Available,0,Does Not Provide This Service,0,Does Not Provide This Service,2026-04-11 03:32:52.869862
2bf8d889-571f-4932-9be4-7a0dbe6eb215,591f5b7e-f5b2-4656-b641-0e8490c73b39,1,Likely Available,1,Likely Available,0,Does Not Provide This Service,2026-04-11 03:32:52.869862
140bcd79-78e5-4400-83d1-f59fb5494501,592cb93a-4b4c-44cc-9a00-2fddb8f69257,1,Likely Available,0,Does Not Provide This Service,0,Does Not Provide This Service,2026-04-11 03:32:52.869862
19d710e6-0890-4846-8b21-2bfb0a289a4d,5933bb56-1b10-459e-bb30-faf5c4031458,2,Potentially Available,0,Does Not Provide This Service,0,Does Not Provide This Service,2026-04-11 03:32:52.869862
da2282bb-a600-4541-8d2f-a5d6867ddbfa,5935bb53-d146-4fdd-95e7-4a914cf1fa90,2,Potentially Available,0,Does Not Provide This Service,0,Does Not Provide This Service,2026-04-11 03:32:52.869862
2a0fb7b5-902a-4bfe-a3b6-f7536d2fe7ed,5957febc-bc67-47bf-804d-f3014dc579da,0,Does Not Provide This Service,0,Does Not Provide This Service,3,Constrained by Size,2026-04-11 03:32:52.869862
89f321cc-a37b-4349-b893-6e2bb4cbf8cb,597630a3-4392-4d31-a8c2-e1aa025d65f6,2,Potentially Available,0,Does Not Provide This Service,0,Does Not Provide This Service,2026-04-11 03:32:52.869862
f1bd1406-3a26-47a5-ab19-f8d98b15c543,598a7d59-5bad-4a59-bf2f-9e2a26448f9c,2,Potentially Available,0,Does Not Provide This Service,0,Does Not Provide This Service,2026-04-11 03:32:52.869862
6125148d-2c26-4483-9e1b-632df1b71077,59a914bb-436e-4757-a842-b699960149ef,0,Does Not Provide This Service,0,Does Not Provide This Service,5,Highly Constrained,2026-04-11 03:32:52.869862
83fe0fe2-0c6e-4409-b4fa-a8c767f3c978,59c0eaf0-643e-4be9-ab85-5ebabd58c1af,2,Potentially Available,0,Does Not Provide This Service,0,Does Not Provide This Service,2026-04-11 03:32:52.869862
b27a208c-859b-4629-af7e-409e3df8a7d0,59cd05af-6499-4e0b-867b-066e2f02adb1,2,Potentially Available,0,Does Not Provide This Service,0,Does Not Provide This Service,2026-04-11 03:32:52.869862
32baa2de-fad8-44a2-8e66-c69e70565860,59eaf1f2-a92e-4aed-948f-2c6e1de33a34,2,Potentially Available,0,Does Not Provide This Service,0,Does Not Provide This Service,2026-04-11 03:32:52.869862
ac77508b-ebad-4f52-9fd8-0f1dd328c8d4,59ef528d-5090-4d29-8b17-8b27f745465e,2,Potentially Available,0,Does Not Provide This Service,0,Does Not Provide This Service,2026-04-11 03:32:52.869862
8a1b4488-f4ee-4a82-879a-b7f49ee4e919,59f21739-35a9-478d-8fcc-4b5c0e35a332,2,Potentially Available,0,Does Not Provide This Service,0,Does Not Provide This Service,2026-04-11 03:32:52.869862
0c30448b-3521-4afe-a6d5-ebaca8a20b4d,5a2dfd54-8e5c-43ce-ab05-c21fa30aee07,2,Potentially Available,0,Does Not Provide This Service,0,Does Not Provide This Service,2026-04-11 03:32:52.869862
33a5cd5b-1a14-4f3d-aa64-f9a0f334a335,5a2fd503-fbb8-4582-b386-e20e3b0988eb,2,Potentially Available,0,Does Not Provide This Service,0,Does Not Provide This Service,2026-04-11 03:32:52.869862
29110b5c-7779-46e9-b2da-760b2287a875,b170cbf4-5373-48f0-87bd-4e40b5f955e1,0,Does Not Provide This Service,0,Does Not Provide This Service,3,Constrained by Size,2026-04-11 03:32:52.869862
66b83116-5d13-4f0b-a3fa-765e056f2920,5a62d5de-7d9c-4c02-9f9f-62081ae74d44,2,Potentially Available,0,Does Not Provide This Service,0,Does Not Provide This Service,2026-04-11 03:32:52.869862
b8e69d3f-37bb-45c9-87ac-c67576df6efa,5a66f6a6-0c7e-4655-95f3-e01940b53bfe,2,Potentially Available,0,Does Not Provide This Service,0,Does Not Provide This Service,2026-04-11 03:32:52.869862
e671ffce-2299-445f-9499-3171c814ae9e,5a9a0096-a27a-4f4f-9709-014c2e6177f3,2,Potentially Available,0,Does Not Provide This Service,0,Does Not Provide This Service,2026-04-11 03:32:52.869862
a3c2dd52-b786-4249-812a-c344fd79e561,5ac6f2f9-043f-41d1-9c6b-b569d684accb,2,Potentially Available,0,Does Not Provide This Service,0,Does Not Provide This Service,2026-04-11 03:32:52.869862
5e744e4b-13f0-4edf-b730-5c65d3e97337,5ae5b453-3b4f-480f-ae55-1345f73c5243,2,Potentially Available,0,Does Not Provide This Service,0,Does Not Provide This Service,2026-04-11 03:32:52.869862
18360e9f-dfad-4ee6-996c-1ca0fd0c4ef7,5aff5dd5-9616-4d16-8559-3fa5ce03fe76,2,Potentially Available,0,Does Not Provide This Service,0,Does Not Provide This Service,2026-04-11 03:32:52.869862
5993a977-6b61-445f-aa36-2d2771ed5c7d,5b4c5a68-3117-4dfd-b6ce-013d9b4b8936,2,Potentially Available,0,Does Not Provide This Service,0,Does Not Provide This Service,2026-04-11 03:32:52.869862
02cc5d55-87f5-435a-b4b8-a1a06591e8e0,5b60bf9f-a835-41f4-908f-6404bce50657,0,Does Not Provide This Service,0,Does Not Provide This Service,5,Highly Constrained,2026-04-11 03:32:52.869862
37e43a7b-1123-47e9-8df0-e77ab9a8d335,5b7cbe5b-ae75-4059-a372-2fc77c02e0d9,2,Potentially Available,0,Does Not Provide This Service,0,Does Not Provide This Service,2026-04-11 03:32:52.869862
52db131c-a746-49c4-8592-45b8a24a2bb5,5b890b22-1812-49ae-a316-1a2c0b5cc474,0,Does Not Provide This Service,0,Does Not Provide This Service,3,Constrained by Size,2026-04-11 03:32:52.869862
f61c78f7-b257-4f89-b928-f25b3501ca7b,5b96bbc8-9b98-4212-90b7-c18e84396fed,2,Potentially Available,0,Does Not Provide This Service,0,Does Not Provide This Service,2026-04-11 03:32:52.869862
3ff7eaaf-31ac-4043-9c48-bc12fe913e09,5b972bb7-8c59-4c59-9d68-5469ca54b4c7,2,Potentially Available,0,Does Not Provide This Service,0,Does Not Provide This Service,2026-04-11 03:32:52.869862
08884f25-3189-4519-8168-37075cb844ef,5bb35cfd-2cb8-42c8-9882-cd9dcf583aa0,2,Potentially Available,0,Does Not Provide This Service,0,Does Not Provide This Service,2026-04-11 03:32:52.869862
5bcbc33c-65d3-4229-a20c-dbfc3add28b0,5bf41748-e38a-4ced-bd73-441ec074d050,2,Potentially Available,0,Does Not Provide This Service,0,Does Not Provide This Service,2026-04-11 03:32:52.869862
1e77d770-2126-4cb5-a6fe-eed59bb43d7f,5c055830-e3f1-4600-8c92-09912612c24e,2,Potentially Available,0,Does Not Provide This Service,0,Does Not Provide This Service,2026-04-11 03:32:52.869862
ecb63fc9-9dfb-449b-a96c-2a619d899879,5c0eaba3-6f97-4fef-995a-2bc8d244435b,2,Potentially Available,0,Does Not Provide This Service,0,Does Not Provide This Service,2026-04-11 03:32:52.869862
ed79b632-a4d8-4f91-8d42-fdd6f28e265e,5c1f8c3d-d3d2-41ef-8f27-50e1243ff13d,1,Likely Available,0,Does Not Provide This Service,0,Does Not Provide This Service,2026-04-11 03:32:52.869862
4bd3276c-5608-401f-b11c-e6c59e880e49,5c4f2585-1750-4e47-89b3-a3651d4af238,2,Potentially Available,0,Does Not Provide This Service,0,Does Not Provide This Service,2026-04-11 03:32:52.869862
ca7092cc-73dd-4c61-b7d3-c6210e46536d,5c5aca2e-bbbd-4a79-8309-7afa5f3bd11b,2,Potentially Available,0,Does Not Provide This Service,0,Does Not Provide This Service,2026-04-11 03:32:52.869862
a842c97c-87f5-45ba-a794-144976aeb331,5c6f2004-0c14-4397-b391-f26505313e87,2,Potentially Available,0,Does Not Provide This Service,0,Does Not Provide This Service,2026-04-11 03:32:52.869862
10c9ae35-0984-4224-aa07-0fdd4392fd9d,5c918ba2-cac8-4af5-9e04-80584e538ad2,2,Potentially Available,0,Does Not Provide This Service,0,Does Not Provide This Service,2026-04-11 03:32:52.869862
cde70c43-7caf-466c-887e-97e0b147c81e,5cadb980-b4bc-4155-9b5a-c85daf6e66b1,2,Potentially Available,0,Does Not Provide This Service,0,Does Not Provide This Service,2026-04-11 03:32:52.869862
63e46a1a-288a-4eca-be0c-6c26dd3f2345,5cb4826a-dfbf-4b0f-a18e-282f08a19eb3,2,Potentially Available,0,Does Not Provide This Service,0,Does Not Provide This Service,2026-04-11 03:32:52.869862
d07d10dd-de16-48df-b4a0-32c7410b0164,5cba5cb3-475b-4111-ba25-2cdee60e5fdb,2,Potentially Available,0,Does Not Provide This Service,0,Does Not Provide This Service,2026-04-11 03:32:52.869862
3a56739e-d2bf-4b2b-a101-cf1bac0348da,5ccaa68d-ed1f-4cd9-b80f-0c1550892e77,2,Potentially Available,0,Does Not Provide This Service,0,Does Not Provide This Service,2026-04-11 03:32:52.869862
4f85ae8b-0b78-48e7-98bd-cf039a2147b6,5ccdda9c-a3d7-4497-bdd8-5730b3b13ce9,2,Potentially Available,0,Does Not Provide This Service,0,Does Not Provide This Service,2026-04-11 03:32:52.869862
add3b0f8-02f1-4d67-8d9a-00693af360cd,5cd50990-2efa-4365-b9ee-f5f65b69b482,1,Likely Available,1,Likely Available,0,Does Not Provide This Service,2026-04-11 03:32:52.869862
d7289517-bb13-4c5c-bfbe-aced69ae6664,5cece7f3-190b-46f9-9ca3-82c8a44f5f5f,2,Potentially Available,0,Does Not Provide This Service,0,Does Not Provide This Service,2026-04-11 03:32:52.869862
38d2ddbd-d785-453f-b7ac-db322c1561d6,5cf1e818-55e0-4d0a-a450-3fc660fabfe4,2,Potentially Available,0,Does Not Provide This Service,0,Does Not Provide This Service,2026-04-11 03:32:52.869862
f8dfc864-414e-46df-ad69-c60c4523d8bf,5cfb0bf3-0c6c-49cd-b9e2-46bea9b9786a,2,Potentially Available,0,Does Not Provide This Service,0,Does Not Provide This Service,2026-04-11 03:32:52.869862
9f99ac44-a959-4a50-a3e5-41056932d7bf,5d146930-12bf-4486-927a-c9b2e77b621c,2,Potentially Available,0,Does Not Provide This Service,0,Does Not Provide This Service,2026-04-11 03:32:52.869862
c47417cd-9794-47b1-89dc-08876f48cd0f,5d1787dc-b875-4049-a740-0dcbf10e9991,2,Potentially Available,0,Does Not Provide This Service,0,Does Not Provide This Service,2026-04-11 03:32:52.869862
ca2b37e8-5e20-4d13-8922-62ff3c387e0f,5d2c9ee9-82d8-4d13-80b0-a13dcac3a64f,2,Potentially Available,0,Does Not Provide This Service,0,Does Not Provide This Service,2026-04-11 03:32:52.869862
aba17958-1d4e-470f-9f58-f0caa07ae006,5d4059d2-894e-4e02-8285-97ba6cede3a9,2,Potentially Available,0,Does Not Provide This Service,0,Does Not Provide This Service,2026-04-11 03:32:52.869862
61fca6f8-e4fa-45b0-9802-c5d14feec62d,5d412ce3-15f0-45f9-9bfa-fd1df1450b2a,2,Potentially Available,0,Does Not Provide This Service,0,Does Not Provide This Service,2026-04-11 03:32:52.869862
f7cb4f7c-4d5b-4244-938d-606a8fa8b17b,5d41ebb6-ce03-4dfc-8993-2f2f6bd2f32b,2,Potentially Available,0,Does Not Provide This Service,0,Does Not Provide This Service,2026-04-11 03:32:52.869862
98a4fe4f-e0ce-427b-8606-0ca18c03a2fa,5d4a6a8d-53fa-4e08-9c53-cba7457527a4,2,Potentially Available,0,Does Not Provide This Service,0,Does Not Provide This Service,2026-04-11 03:32:52.869862
d92056e2-5e6c-4c05-b5d5-93909de8f124,5d6282d8-53e7-4c99-b7bf-6a7069b01c6e,2,Potentially Available,0,Does Not Provide This Service,0,Does Not Provide This Service,2026-04-11 03:32:52.869862
b0311af2-9dae-413d-ac0e-518c7174731f,5d70a19b-4d4a-49b4-88bd-3a37268b4041,2,Potentially Available,0,Does Not Provide This Service,0,Does Not Provide This Service,2026-04-11 03:32:52.869862
90451e3a-e9f6-497b-85a9-733386410298,5d976a13-e97e-43ef-a341-b5ce322334c1,2,Potentially Available,0,Does Not Provide This Service,0,Does Not Provide This Service,2026-04-11 03:32:52.869862
7d287e2b-617c-4182-8637-747769dc3a0d,5db63116-a889-4182-bd52-d39eb7dbc468,0,Does Not Provide This Service,0,Does Not Provide This Service,4,Constrained by Market,2026-04-11 03:32:52.869862
35721d77-07d8-43d3-8191-fa0b7f3db1a0,5db6f130-aa85-4758-99e8-693fca63807b,2,Potentially Available,0,Does Not Provide This Service,0,Does Not Provide This Service,2026-04-11 03:32:52.869862
1afb920c-50ba-4c46-9e76-43c3da13db86,5dc33978-665b-457a-8a90-e872955f59ab,2,Potentially Available,0,Does Not Provide This Service,0,Does Not Provide This Service,2026-04-11 03:32:52.869862
8ed6fd00-24f7-4872-a7f1-b707a7f215e1,5e34633d-539e-4a59-9bb8-4b7c01c88402,2,Potentially Available,0,Does Not Provide This Service,0,Does Not Provide This Service,2026-04-11 03:32:52.869862
8a756e47-e1b4-4c3a-8889-aa21ef0d3126,5e3d1e89-4540-4462-821a-e7837994c52e,2,Potentially Available,0,Does Not Provide This Service,0,Does Not Provide This Service,2026-04-11 03:32:52.869862
67bbba49-744f-47c5-902c-417041bff445,5e6d5b32-f928-4d31-800e-d845d785fcaa,2,Potentially Available,0,Does Not Provide This Service,0,Does Not Provide This Service,2026-04-11 03:32:52.869862
f65b9b9a-7101-4f1b-abfc-948bf730739c,5e80c39d-b11c-465d-bea4-702be7de573b,2,Potentially Available,0,Does Not Provide This Service,0,Does Not Provide This Service,2026-04-11 03:32:52.869862
f66e2de7-7019-4cfc-9499-fcd63554c9e8,5ea79665-7f33-487e-ac55-1ebccf57cd76,2,Potentially Available,0,Does Not Provide This Service,0,Does Not Provide This Service,2026-04-11 03:32:52.869862
c02d475d-ba9b-4334-bc41-33f74d9ae13c,5eb78e5e-a40b-4f5a-9f40-7a79939f4bc4,2,Potentially Available,0,Does Not Provide This Service,0,Does Not Provide This Service,2026-04-11 03:32:52.869862
533deeba-7bc7-4cff-b623-f354b713d903,5ed2dde4-9904-4ed8-9ce8-002b46472145,2,Potentially Available,3,Constrained by Size,0,Does Not Provide This Service,2026-04-11 03:32:52.869862
e3aed0b4-ae87-4cc7-a808-9dedebb75ec6,5ed55d63-eceb-4c50-8091-0e5aa9e48ba9,2,Potentially Available,0,Does Not Provide This Service,0,Does Not Provide This Service,2026-04-11 03:32:52.869862
e8f26d02-271e-4fa2-b0dd-cb9ac042f806,5ee27e81-d733-415b-8f32-7dca4dc52570,2,Potentially Available,0,Does Not Provide This Service,0,Does Not Provide This Service,2026-04-11 03:32:52.869862
f84f4464-866f-48ec-bee6-046fa2c18d02,5ee4345e-fe8a-4d1f-b6de-7ee0019765b1,2,Potentially Available,0,Does Not Provide This Service,0,Does Not Provide This Service,2026-04-11 03:32:52.869862
b1147f9a-ce82-4c5b-aea1-395801ae74af,5ee9cef7-0a7a-497a-9de6-00909f824d8b,2,Potentially Available,0,Does Not Provide This Service,0,Does Not Provide This Service,2026-04-11 03:32:52.869862
b736125f-5fe2-4859-b089-fc86e268c03d,5f16748f-7fb3-41a6-a314-430c1c5e6b44,2,Potentially Available,0,Does Not Provide This Service,0,Does Not Provide This Service,2026-04-11 03:32:52.869862
f17d6791-0bdb-42ed-9791-1a80562083d9,5f32c150-e169-4a9e-b133-7f20acb36d16,2,Potentially Available,0,Does Not Provide This Service,0,Does Not Provide This Service,2026-04-11 03:32:52.869862
1b9736e9-d18a-48f9-8560-31a4f0a143da,5f4feaa1-03ca-4944-95e1-2e30a679eb9e,2,Potentially Available,0,Does Not Provide This Service,0,Does Not Provide This Service,2026-04-11 03:32:52.869862
41b873e4-e904-42a3-b244-77a86d5d28d7,5f73324d-f40c-4d42-8eed-d5849e7815fb,2,Potentially Available,0,Does Not Provide This Service,0,Does Not Provide This Service,2026-04-11 03:32:52.869862
b740ee3c-6923-4a35-bc94-50d11054cf73,5f7b583c-9d99-4470-81b0-76e9b34be54c,2,Potentially Available,0,Does Not Provide This Service,0,Does Not Provide This Service,2026-04-11 03:32:52.869862
ccf4a4ec-23c0-4b16-80b6-84539112753d,5f86a87f-93ca-4724-95f3-ee42d7f1ae11,2,Potentially Available,0,Does Not Provide This Service,0,Does Not Provide This Service,2026-04-11 03:32:52.869862
06bdbd88-fdd7-4f52-a2e2-03da6ff91ad2,5f995c46-6814-4c7d-8891-148cdfb4fbfe,0,Does Not Provide This Service,0,Does Not Provide This Service,4,Constrained by Market,2026-04-11 03:32:52.869862
6a5d383f-55ac-4adb-be83-78b2072288ce,5fbce98f-6e26-4f12-a6cf-e6a852f56df6,2,Potentially Available,0,Does Not Provide This Service,0,Does Not Provide This Service,2026-04-11 03:32:52.869862
23b6b08a-299e-4ecb-9133-a5ca010a9a9d,5fc30aba-f693-42ce-8801-63e7184e00c6,2,Potentially Available,0,Does Not Provide This Service,0,Does Not Provide This Service,2026-04-11 03:32:52.869862
36192499-bb41-42a4-a718-3d85c4889cd8,5fd5038f-10ac-45ad-871d-e8111bcb604c,2,Potentially Available,0,Does Not Provide This Service,0,Does Not Provide This Service,2026-04-11 03:32:52.869862
37059da2-4faf-4998-9b23-56bc56d48e18,5fd6d80b-bb2a-4dc6-bdb5-f4c9623eb444,2,Potentially Available,0,Does Not Provide This Service,0,Does Not Provide This Service,2026-04-11 03:32:52.869862
4ce0491c-0a57-4862-ad07-72bc1aa91918,5fe46db2-a271-4a10-bbab-8c695545518a,2,Potentially Available,0,Does Not Provide This Service,0,Does Not Provide This Service,2026-04-11 03:32:52.869862
14a78f1e-33ed-4be8-a4eb-907bf602e0fa,60021b91-ecf5-4f31-9586-97a3227430ec,2,Potentially Available,0,Does Not Provide This Service,0,Does Not Provide This Service,2026-04-11 03:32:52.869862
82860dbf-b832-42a4-b55f-77665705075f,601277dc-0bb9-4195-84ee-9ed6d0398ce3,2,Potentially Available,0,Does Not Provide This Service,0,Does Not Provide This Service,2026-04-11 03:32:52.869862
19ef365c-0bbf-4999-ac68-5a068eded963,6079e540-7467-465a-b845-4f73d8651886,2,Potentially Available,0,Does Not Provide This Service,0,Does Not Provide This Service,2026-04-11 03:32:52.869862
ac93d283-9839-4fbd-9793-21879e1ba175,60841efe-40cc-4330-984a-359bb3d06c30,2,Potentially Available,0,Does Not Provide This Service,0,Does Not Provide This Service,2026-04-11 03:32:52.869862
322c9f2c-76c0-4d0b-a671-f1458f980ba0,608cbeb8-a94c-41e7-bf26-3b52767f349a,2,Potentially Available,5,Highly Constrained,0,Does Not Provide This Service,2026-04-11 03:32:52.869862
16c115bf-794b-4ec3-beb5-12e216d64a86,609fabb1-6450-4b93-92a5-d55783be0fb4,2,Potentially Available,0,Does Not Provide This Service,0,Does Not Provide This Service,2026-04-11 03:32:52.869862
e1cdbacd-aa7d-44f2-b0bd-d71d3bbd08e4,61172097-24f7-4a2a-9d57-87e2647b7ad0,2,Potentially Available,0,Does Not Provide This Service,0,Does Not Provide This Service,2026-04-11 03:32:52.869862
69fa752a-a9a7-4f50-8e74-1364d1c31359,612925f5-c7c2-46aa-9ce0-c95b89a19736,2,Potentially Available,0,Does Not Provide This Service,0,Does Not Provide This Service,2026-04-11 03:32:52.869862
e36df736-716f-4a58-8210-1880e6214337,61440247-f572-4e4c-adaa-1b31925015e6,2,Potentially Available,0,Does Not Provide This Service,0,Does Not Provide This Service,2026-04-11 03:32:52.869862
88414b1c-afc4-4ce8-b2f9-a0ec1bb73025,614c2319-61eb-4341-b280-88f0b6ea958a,2,Potentially Available,0,Does Not Provide This Service,0,Does Not Provide This Service,2026-04-11 03:32:52.869862
f40360a6-33f1-43a5-8017-c0f674bd481e,615203e5-ac51-4548-9728-a2af39e1f3e7,1,Likely Available,1,Likely Available,0,Does Not Provide This Service,2026-04-11 03:32:52.869862
69f69e55-3954-43e8-bc46-81b8fc40559c,617789b9-f24f-4686-9996-e004b668caad,2,Potentially Available,0,Does Not Provide This Service,0,Does Not Provide This Service,2026-04-11 03:32:52.869862
e7d59027-fb2c-40a2-bcda-ec8739a4d92d,61946daf-f8e5-412e-ae68-12797edb7772,2,Potentially Available,0,Does Not Provide This Service,0,Does Not Provide This Service,2026-04-11 03:32:52.869862
eb5a8f1d-fe81-49ee-8720-d4a1bf0cf87d,61a746fa-4df9-495f-8b7a-0e3ee6d61054,2,Potentially Available,0,Does Not Provide This Service,0,Does Not Provide This Service,2026-04-11 03:32:52.869862
d184f81e-0e84-4654-9d4d-b0ba85cff379,61ae133e-e442-4391-b4b0-cf294891638e,2,Potentially Available,0,Does Not Provide This Service,0,Does Not Provide This Service,2026-04-11 03:32:52.869862
fd513b98-7dea-46b6-be1d-5b6173853ac9,61bb5e68-0f2f-4ca7-90e7-b914686d2097,2,Potentially Available,0,Does Not Provide This Service,0,Does Not Provide This Service,2026-04-11 03:32:52.869862
0c413a2b-80de-4e41-8f3e-58e235964f17,61bf65fd-a2fd-4f51-8ff2-3d8824b69e11,2,Potentially Available,0,Does Not Provide This Service,0,Does Not Provide This Service,2026-04-11 03:32:52.869862
c37c3ff2-a00c-4eb0-9928-f907761072f0,61e2fed6-37e8-438d-a5f8-be813ce24293,2,Potentially Available,0,Does Not Provide This Service,0,Does Not Provide This Service,2026-04-11 03:32:52.869862
917c1ca7-d7aa-4127-9566-25b4e81517f1,61e34dca-9a71-4dbe-abd7-a95b479d86be,2,Potentially Available,0,Does Not Provide This Service,0,Does Not Provide This Service,2026-04-11 03:32:52.869862
198d2c74-3860-4926-ab2f-a6586a6594d7,61f21b93-9189-481b-b0d7-cc489bc18f69,1,Likely Available,4,Constrained by Market,0,Does Not Provide This Service,2026-04-11 03:32:52.869862
28a6910f-b911-40af-9c19-496c3b75f841,61f58afb-8cb4-4930-a268-d9660b690182,2,Potentially Available,0,Does Not Provide This Service,0,Does Not Provide This Service,2026-04-11 03:32:52.869862
ce8d44de-ed6f-48bd-8edf-9451986dbde0,626256c2-d3e5-49dd-a243-ffd0b3bceb1f,2,Potentially Available,0,Does Not Provide This Service,0,Does Not Provide This Service,2026-04-11 03:32:52.869862
fa1ed886-0248-4f03-a069-7ff672e773f1,6273dc43-4a5c-4190-aea5-d9b0f8568f47,2,Potentially Available,0,Does Not Provide This Service,0,Does Not Provide This Service,2026-04-11 03:32:52.869862
1b95ebb2-0a04-4661-97e1-a1f62e478056,6292ce35-a1d7-4374-92d1-34c7c5f90dc7,2,Potentially Available,0,Does Not Provide This Service,0,Does Not Provide This Service,2026-04-11 03:32:52.869862
26dd632b-8505-4259-b58c-066e79f02e2e,62f42bdc-3dfb-4a2f-90ff-850345ab9bae,0,Does Not Provide This Service,0,Does Not Provide This Service,4,Constrained by Market,2026-04-11 03:32:52.869862
76820b30-c00d-484c-b86c-24018db5e4ea,63198b9c-dcd6-4511-9d30-20234b087595,2,Potentially Available,0,Does Not Provide This Service,0,Does Not Provide This Service,2026-04-11 03:32:52.869862
0bd214c2-0994-4247-940b-4ac55073e2ec,632563f8-d09d-4dae-9327-53e47ec27144,2,Potentially Available,0,Does Not Provide This Service,0,Does Not Provide This Service,2026-04-11 03:32:52.869862
70880bcf-35e4-482a-b053-48b1616b3f16,632aa289-8683-4560-a8c9-6eef6d1a0d04,2,Potentially Available,0,Does Not Provide This Service,0,Does Not Provide This Service,2026-04-11 03:32:52.869862
a10b1a22-4c93-407d-b22e-e9f687c0d0e0,63314d04-58df-475b-88f2-48654fceb095,2,Potentially Available,1,Likely Available,0,Does Not Provide This Service,2026-04-11 03:32:52.869862
1ad70c3a-d1b8-45d5-9c0c-89fcc6bdb435,636111f1-0893-42df-8d10-3b0977f656ff,2,Potentially Available,0,Does Not Provide This Service,0,Does Not Provide This Service,2026-04-11 03:32:52.869862
6811dda6-6040-4bd9-8d62-2381636b5c53,63813a48-8b6e-4c1c-9e16-f51e12f321a1,2,Potentially Available,0,Does Not Provide This Service,0,Does Not Provide This Service,2026-04-11 03:32:52.869862
9a55cc4a-109c-41cc-9734-aa3c26520fc8,63961e6c-3449-47f7-b471-65485327e427,2,Potentially Available,0,Does Not Provide This Service,0,Does Not Provide This Service,2026-04-11 03:32:52.869862
0ebd8102-88ed-46bb-8dc7-149a08d10e60,63a0b2f2-bafd-4e5f-a16f-019dd9316fb9,2,Potentially Available,0,Does Not Provide This Service,0,Does Not Provide This Service,2026-04-11 03:32:52.869862
9b80f4a2-719e-44b7-80f8-e751d4c3b3cf,63c4086d-77b8-4863-b354-164063ea995a,2,Potentially Available,0,Does Not Provide This Service,0,Does Not Provide This Service,2026-04-11 03:32:52.869862
45a9d00a-3e85-48b0-9ff7-8463e99b4852,64064e7a-ca7f-47f0-983d-4cb446e87cc8,2,Potentially Available,0,Does Not Provide This Service,0,Does Not Provide This Service,2026-04-11 03:32:52.869862
6a6e2a89-1c83-4a71-8118-666f30982185,640da61d-47ff-4f0b-8853-7d218b8649ed,2,Potentially Available,0,Does Not Provide This Service,0,Does Not Provide This Service,2026-04-11 03:32:52.869862
c431cf87-4c8e-40dd-a50f-fdbd6617a7a6,64263b25-5590-4793-bef9-b176e836b135,2,Potentially Available,0,Does Not Provide This Service,0,Does Not Provide This Service,2026-04-11 03:32:52.869862
6dccf339-a653-44fd-a900-993a359ec61a,c6e0ff86-b010-4be9-a166-ed49879b4024,0,Does Not Provide This Service,3,Constrained by Size,0,Does Not Provide This Service,2026-04-11 03:32:52.869862
8bf0cf65-6566-46bd-aa9a-f7568c3941cb,642e3aa9-ab5f-4200-bbb5-8115f4f79cf2,2,Potentially Available,0,Does Not Provide This Service,0,Does Not Provide This Service,2026-04-11 03:32:52.869862
2fa72a3c-25b5-4969-ac34-e1e0c02fb3ca,642e79f6-9de6-47e4-8916-5486a5481300,2,Potentially Available,0,Does Not Provide This Service,0,Does Not Provide This Service,2026-04-11 03:32:52.869862
a7d6b4e2-61a8-455a-95a5-678e776901a7,643db04f-9401-4c18-9128-75dc8d6f1652,2,Potentially Available,0,Does Not Provide This Service,0,Does Not Provide This Service,2026-04-11 03:32:52.869862
f95e1c75-1186-4915-b324-be5e873fc373,6445e7d9-7ee8-4b62-87e4-a5ada054dd96,2,Potentially Available,0,Does Not Provide This Service,0,Does Not Provide This Service,2026-04-11 03:32:52.869862
532f1bea-2e98-4e38-8c3d-93213df6bcc1,64515e62-688e-4de4-a632-50aab5ae035b,2,Potentially Available,0,Does Not Provide This Service,0,Does Not Provide This Service,2026-04-11 03:32:52.869862
49faf006-177b-450a-95d2-a7538d611630,6475cc47-d240-4a71-8693-6ea713520480,2,Potentially Available,0,Does Not Provide This Service,0,Does Not Provide This Service,2026-04-11 03:32:52.869862
c12ceece-06ab-4855-9463-42bc6e8ae563,648bea1b-ee66-4c86-9bf5-6dce5734f60a,2,Potentially Available,0,Does Not Provide This Service,0,Does Not Provide This Service,2026-04-11 03:32:52.869862
d4891216-a27c-4cf5-b3c5-434e69bf7520,64977436-b259-4e56-9c6f-4f20e7624df6,0,Does Not Provide This Service,0,Does Not Provide This Service,2,Potentially Available,2026-04-11 03:32:52.869862
dab0e3a6-78eb-44f1-8e71-8be7a88e4353,64c4fda3-839c-4c93-bbce-9cb17525262b,2,Potentially Available,0,Does Not Provide This Service,0,Does Not Provide This Service,2026-04-11 03:32:52.869862
9e25c5fd-fed7-4add-bbe2-1a7fd27302dd,64f43b29-5f59-4fa2-b19d-71c086ded037,2,Potentially Available,0,Does Not Provide This Service,0,Does Not Provide This Service,2026-04-11 03:32:52.869862
3531865c-99a8-4e67-ae37-d36bc2e6faf0,64f76890-7f8a-4ab1-9874-b4b9c10cb158,1,Likely Available,0,Does Not Provide This Service,0,Does Not Provide This Service,2026-04-11 03:32:52.869862
c57d7c8f-45e7-4699-8532-90ccde31ac7d,653781e7-e2aa-44ab-abca-899a50e2a828,2,Potentially Available,0,Does Not Provide This Service,0,Does Not Provide This Service,2026-04-11 03:32:52.869862
80c2e24d-a05c-4203-8dd5-ca8fa6d3b7e8,65628473-e954-4abe-b8ea-c15df3bd3088,2,Potentially Available,0,Does Not Provide This Service,0,Does Not Provide This Service,2026-04-11 03:32:52.869862
76d98417-2037-4279-be48-580d812ff4a6,6563ac98-0cbf-4147-b9d9-ad0b05baf4aa,2,Potentially Available,0,Does Not Provide This Service,0,Does Not Provide This Service,2026-04-11 03:32:52.869862
cf07fca6-8d8d-4bd0-b853-aedc3850c674,656f2af8-66a8-44a8-8a2a-ed7166a8e91d,2,Potentially Available,0,Does Not Provide This Service,0,Does Not Provide This Service,2026-04-11 03:32:52.869862
3d95435a-72d1-45b5-aee8-a716a5646f0b,65c686b3-c3c0-4db1-ad75-c40478ccb441,2,Potentially Available,0,Does Not Provide This Service,0,Does Not Provide This Service,2026-04-11 03:32:52.869862
e49b11e7-6e5f-4fb5-b06c-e96159bcff10,65f87123-c9b7-4c70-b746-351d15a545bb,2,Potentially Available,0,Does Not Provide This Service,0,Does Not Provide This Service,2026-04-11 03:32:52.869862
99d1410d-38bb-4919-8141-07babfd20f01,6627033d-abbb-4818-b041-fea5c43cf0b6,2,Potentially Available,0,Does Not Provide This Service,0,Does Not Provide This Service,2026-04-11 03:32:52.869862
a8428191-667f-4ac5-a0fa-4af5c9398ff3,663a2861-768f-4294-ae50-ae98f0ac75d5,2,Potentially Available,0,Does Not Provide This Service,0,Does Not Provide This Service,2026-04-11 03:32:52.869862
9a049e9d-a176-4f79-b7d7-2ab83753e9f4,664ceb1f-50c9-49e9-8a33-5a50c9c7f519,0,Does Not Provide This Service,0,Does Not Provide This Service,4,Constrained by Market,2026-04-11 03:32:52.869862
87424fe5-316d-487a-ade0-dcf7ca465c05,66566b9f-fd4c-4995-92a3-b4d3ffda5213,0,Does Not Provide This Service,4,Constrained by Market,0,Does Not Provide This Service,2026-04-11 03:32:52.869862
77c8bb14-a530-4af8-be85-5506243487e7,666eb662-9021-4277-93c5-b366b64e9d2e,2,Potentially Available,0,Does Not Provide This Service,0,Does Not Provide This Service,2026-04-11 03:32:52.869862
a5c31abe-9b49-4fd3-9042-694f3bacfa69,6682630d-b46b-417a-88a8-9a92cc3df8a6,1,Likely Available,1,Likely Available,0,Does Not Provide This Service,2026-04-11 03:32:52.869862
91a12b10-3626-4893-88fc-22a289c6746b,66a04055-6753-471f-b8f5-c5f50fbfc38f,2,Potentially Available,0,Does Not Provide This Service,0,Does Not Provide This Service,2026-04-11 03:32:52.869862
ad0df77e-74f0-404a-8ade-fe90bf68f8d3,66a8c9f2-f21d-4be0-85bf-0646be9c72f3,0,Does Not Provide This Service,0,Does Not Provide This Service,3,Constrained by Size,2026-04-11 03:32:52.869862
020cf0f8-870a-44e3-be91-d4960b2209b5,66aef179-eb41-479e-b9f4-3a46ef23c997,2,Potentially Available,0,Does Not Provide This Service,0,Does Not Provide This Service,2026-04-11 03:32:52.869862
8cab88c4-fed4-4cfa-9a86-14f3a6dc69e4,66bec6a5-e46e-4630-bd7b-af06c00b41e3,2,Potentially Available,0,Does Not Provide This Service,0,Does Not Provide This Service,2026-04-11 03:32:52.869862
52fbda4c-c34e-414d-a5cd-aa54d11e35df,66d0625f-c646-4e0f-a146-6b35b11d080a,2,Potentially Available,0,Does Not Provide This Service,0,Does Not Provide This Service,2026-04-11 03:32:52.869862
85dbddc0-9126-49ea-a28b-59570f0be165,66f63fad-a95d-4e12-9419-e57264c2823c,2,Potentially Available,0,Does Not Provide This Service,0,Does Not Provide This Service,2026-04-11 03:32:52.869862
e5b0855d-d79c-4c5f-929e-99d6c6ff0d95,670be310-ad5e-4183-9bb2-353f1701c61a,2,Potentially Available,0,Does Not Provide This Service,0,Does Not Provide This Service,2026-04-11 03:32:52.869862
6ecd022d-67c9-459a-ac14-85af14cfeebb,67209491-29f2-46a4-a6db-b67a5c89e6e1,2,Potentially Available,0,Does Not Provide This Service,0,Does Not Provide This Service,2026-04-11 03:32:52.869862
76b96b5d-b906-4937-8c16-6a5cd5addb7d,6726e09f-ca6b-41fc-9786-f22d538e4454,2,Potentially Available,0,Does Not Provide This Service,0,Does Not Provide This Service,2026-04-11 03:32:52.869862
2875d392-9786-45fc-85ca-6dbe35091a06,67509b31-c40a-4f85-9476-77c9a8543821,0,Does Not Provide This Service,4,Constrained by Market,0,Does Not Provide This Service,2026-04-11 03:32:52.869862
620aec7a-6a1e-4c12-84db-670e0ff2a6ba,675d0861-0cbb-4f21-98c4-40d41d0a06b4,0,Does Not Provide This Service,0,Does Not Provide This Service,3,Constrained by Size,2026-04-11 03:32:52.869862
b97fc10d-70be-4e06-aeed-147d8d42319a,67910171-0fbe-4c3b-b953-21534c2960d1,0,Does Not Provide This Service,0,Does Not Provide This Service,4,Constrained by Market,2026-04-11 03:32:52.869862
57429d10-5034-4378-bd05-3107bf8b27e4,67a3eae4-2007-4597-b53e-49c8ff8b0573,2,Potentially Available,0,Does Not Provide This Service,0,Does Not Provide This Service,2026-04-11 03:32:52.869862
d82c53f3-b38c-47ff-afe7-e3092e0a626e,67c7b38f-d6c2-4f85-979a-26d66c03738f,2,Potentially Available,0,Does Not Provide This Service,0,Does Not Provide This Service,2026-04-11 03:32:52.869862
769827bd-0a06-476d-88bc-d6b940bb8496,67ca0aea-6686-41a1-900d-dcf10436d2ba,2,Potentially Available,0,Does Not Provide This Service,0,Does Not Provide This Service,2026-04-11 03:32:52.869862
a7cbd8ce-2a8d-4835-b941-457600b227bc,67e72c59-c03d-41da-8b92-5bcf830e8602,2,Potentially Available,0,Does Not Provide This Service,0,Does Not Provide This Service,2026-04-11 03:32:52.869862
5a9f0a62-08b8-4840-b6f2-736b1dbb38a0,67ebf7e7-9c40-4136-95f9-e084be9333c4,2,Potentially Available,0,Does Not Provide This Service,0,Does Not Provide This Service,2026-04-11 03:32:52.869862
d5760b40-d5a9-4254-a4e8-676efd3ed93b,6817a432-2cc1-46fe-aaa6-a73f80c23794,2,Potentially Available,0,Does Not Provide This Service,0,Does Not Provide This Service,2026-04-11 03:32:52.869862
c4e21161-065e-42c0-8333-881d2e851f87,681aca6e-f869-4b23-8b03-614ba8f208d9,2,Potentially Available,0,Does Not Provide This Service,0,Does Not Provide This Service,2026-04-11 03:32:52.869862
689c6d29-56d8-4683-8f58-a9f25bd03b16,681d5dc8-8b0c-40fb-8d2e-dd21658d0172,0,Does Not Provide This Service,0,Does Not Provide This Service,4,Constrained by Market,2026-04-11 03:32:52.869862
77df9ce9-329c-47c8-b98f-41a7154f1fb2,6832c921-b52c-4395-8f8f-3840baac0d71,2,Potentially Available,0,Does Not Provide This Service,0,Does Not Provide This Service,2026-04-11 03:32:52.869862
03d8f537-7669-4bd0-a8d3-79b917e36e15,687ef7b5-eb2a-4417-accc-07722cbdeec1,2,Potentially Available,0,Does Not Provide This Service,0,Does Not Provide This Service,2026-04-11 03:32:52.869862
f5014083-00ff-4c13-a02b-15352e1efe68,68825858-46d3-4735-9de7-a35b033f8e8f,2,Potentially Available,0,Does Not Provide This Service,0,Does Not Provide This Service,2026-04-11 03:32:52.869862
fa501a76-0570-4d26-b352-1273681157e8,6892b90a-2967-4d83-b5c0-6509b3d9cfe9,2,Potentially Available,0,Does Not Provide This Service,0,Does Not Provide This Service,2026-04-11 03:32:52.869862
07b1a84e-dbf8-4830-b53e-0b5ec60d40c0,689ab93d-6af8-4395-9559-a36d8bb2f92b,2,Potentially Available,0,Does Not Provide This Service,0,Does Not Provide This Service,2026-04-11 03:32:52.869862
b7bdb815-784a-4c33-bfe2-5cd3a776a4b0,68a0f725-7cb2-4f87-8b63-a8d613409f6c,2,Potentially Available,0,Does Not Provide This Service,0,Does Not Provide This Service,2026-04-11 03:32:52.869862
d73fa3c0-d6bb-43e8-921d-ab62cc01bf9c,68a3e4e4-6d93-40dc-b09d-6c3dd49208d9,2,Potentially Available,0,Does Not Provide This Service,0,Does Not Provide This Service,2026-04-11 03:32:52.869862
ea121d1d-5316-43e6-857f-d1e7bf37c5bc,68d0f1fb-c844-412d-a84e-0b62f50f0699,2,Potentially Available,0,Does Not Provide This Service,0,Does Not Provide This Service,2026-04-11 03:32:52.869862
763c56db-b2bf-4eaa-a87a-968793cd481b,68d77ee4-808d-4f2d-a76c-830b72ed3922,2,Potentially Available,0,Does Not Provide This Service,0,Does Not Provide This Service,2026-04-11 03:32:52.869862
e69eb592-6fd0-45fa-a34b-b5569e73a1f9,68e4d314-dd71-4b9a-b303-7064e517a86d,2,Potentially Available,0,Does Not Provide This Service,0,Does Not Provide This Service,2026-04-11 03:32:52.869862
9b2fd75c-90c1-4938-8f49-ea3c9eba26c6,68eaa4d5-ff11-4196-9b16-86a397e0d451,2,Potentially Available,0,Does Not Provide This Service,0,Does Not Provide This Service,2026-04-11 03:32:52.869862
6b83f6c3-bdd6-44ed-b481-15824a72c15a,68ee44d4-4030-464b-8b8f-2206f4061ee2,2,Potentially Available,0,Does Not Provide This Service,0,Does Not Provide This Service,2026-04-11 03:32:52.869862
58c7eca5-d191-46b9-9311-120a6538219e,69038c7e-4399-402b-ab69-e40574158eb1,2,Potentially Available,0,Does Not Provide This Service,0,Does Not Provide This Service,2026-04-11 03:32:52.869862
d9283b86-4dfc-4eb0-8632-ae366bf459cf,69051f17-bfa1-48e3-86ad-a2773a3c4479,2,Potentially Available,0,Does Not Provide This Service,0,Does Not Provide This Service,2026-04-11 03:32:52.869862
0bbf5883-6f0f-47a7-b795-89b16652d87c,692c4c48-8703-43c7-b53b-06724af6143d,2,Potentially Available,0,Does Not Provide This Service,0,Does Not Provide This Service,2026-04-11 03:32:52.869862
6f4b55c5-f412-4584-b5e3-0fbc3c81846e,6930fd11-fdf3-4d57-8982-eb670ef88789,2,Potentially Available,0,Does Not Provide This Service,0,Does Not Provide This Service,2026-04-11 03:32:52.869862
4d08488f-f284-4f64-8488-2539f134a157,69574dcc-6ab0-4de0-a97b-f92306d8ea1f,2,Potentially Available,0,Does Not Provide This Service,0,Does Not Provide This Service,2026-04-11 03:32:52.869862
31346638-4c17-4509-acd4-bb0f68959443,695c5735-d3a0-40a6-915b-af449a56ab36,0,Does Not Provide This Service,0,Does Not Provide This Service,5,Highly Constrained,2026-04-11 03:32:52.869862
bcb203cd-c2d1-4ff7-84de-c7b0931f3787,696a2e78-bbe2-4482-8ed5-a3a8e3ef96a8,2,Potentially Available,0,Does Not Provide This Service,0,Does Not Provide This Service,2026-04-11 03:32:52.869862
784c74eb-f5a3-40c3-802f-82199a9563cb,699608e6-221e-4863-9a60-d7a1c261e218,2,Potentially Available,0,Does Not Provide This Service,0,Does Not Provide This Service,2026-04-11 03:32:52.869862
fa768b98-1b0b-4ace-b8f5-f9a173de7177,699ddfd3-de0c-4989-b578-0683d1ff5ecd,2,Potentially Available,0,Does Not Provide This Service,0,Does Not Provide This Service,2026-04-11 03:32:52.869862
767bc1d8-3dad-42fd-ac95-1df81806ebca,69a0a280-dc2a-4ed0-941f-7628e8cb1135,2,Potentially Available,0,Does Not Provide This Service,0,Does Not Provide This Service,2026-04-11 03:32:52.869862
39a8022f-93d6-47f3-a500-0ba612bfaa81,69babe37-e86d-4d26-b53e-9221f5344081,2,Potentially Available,0,Does Not Provide This Service,0,Does Not Provide This Service,2026-04-11 03:32:52.869862
0daa578a-45cf-419d-909f-7f20d89a28bd,69bd02a9-8914-4088-a0e0-63ea37aed847,2,Potentially Available,0,Does Not Provide This Service,0,Does Not Provide This Service,2026-04-11 03:32:52.869862
c4740e2e-22d0-4a05-8e27-3e9642853b92,69be19d2-b47c-4bb3-8bd0-3b402d257f02,2,Potentially Available,0,Does Not Provide This Service,0,Does Not Provide This Service,2026-04-11 03:32:52.869862
cc4f5705-bddb-4a0c-8781-493d29f9ccd0,69cd3869-6397-47a7-9c28-0019d33bd575,2,Potentially Available,0,Does Not Provide This Service,0,Does Not Provide This Service,2026-04-11 03:32:52.869862
69809695-d913-4a09-92ed-da1c187e3791,69ec6a2d-0cf7-409e-b61a-c23763546f2b,2,Potentially Available,0,Does Not Provide This Service,0,Does Not Provide This Service,2026-04-11 03:32:52.869862
10ba1a7c-2e82-4b48-9cca-6df85bf2630f,6a026bd1-9cde-45b3-a4ae-22581d12c6ab,2,Potentially Available,0,Does Not Provide This Service,0,Does Not Provide This Service,2026-04-11 03:32:52.869862
c5a0f3b2-e9b0-4f6d-90b6-14b42c9731d9,6a071ff5-d88a-4490-959c-adb5866fd69e,2,Potentially Available,0,Does Not Provide This Service,0,Does Not Provide This Service,2026-04-11 03:32:52.869862
76cc4510-134f-406e-a0c0-cb11fe363708,6a0b1826-f56c-47e3-85d2-55d11bbc075d,2,Potentially Available,0,Does Not Provide This Service,0,Does Not Provide This Service,2026-04-11 03:32:52.869862
8c88030c-66bb-4084-8975-a7f578e7b063,6a1d13cf-a67c-4a0c-bbb0-1a0b3be35313,2,Potentially Available,0,Does Not Provide This Service,0,Does Not Provide This Service,2026-04-11 03:32:52.869862
bad6b177-6c08-4b6d-9963-99c0345cafe0,6a522de3-dce2-4f92-93e3-79bce2befcb1,2,Potentially Available,0,Does Not Provide This Service,0,Does Not Provide This Service,2026-04-11 03:32:52.869862
2cbfbae8-2ca8-4e34-9b82-e6568c638423,6a5b76be-54cf-4c1b-bd43-53475bd5ecc9,2,Potentially Available,0,Does Not Provide This Service,0,Does Not Provide This Service,2026-04-11 03:32:52.869862
ef7997b8-b2e2-4d72-8714-2a6d0145cbce,6a6e5c4b-b621-4122-9eef-24f9f8a7a522,2,Potentially Available,0,Does Not Provide This Service,0,Does Not Provide This Service,2026-04-11 03:32:52.869862
974f0949-19ce-40e8-ad06-39d666cad82e,6a7ea379-736e-451a-ab25-fda8c931c4b8,0,Does Not Provide This Service,0,Does Not Provide This Service,3,Constrained by Size,2026-04-11 03:32:52.869862
7047c5c6-8329-4d4c-aff7-c7b6aeb24ff5,6a855e8d-f5fd-48a3-9506-5ae899df96e4,2,Potentially Available,0,Does Not Provide This Service,0,Does Not Provide This Service,2026-04-11 03:32:52.869862
60ea0eb9-d8f2-4863-b574-d08d3c81e547,6a973343-a885-4516-9bac-129a3cb230b2,2,Potentially Available,0,Does Not Provide This Service,0,Does Not Provide This Service,2026-04-11 03:32:52.869862
2a7bd0f3-52ed-4f18-bf90-a4deb93602e3,6ac1f692-35bb-4891-80cd-4bdcd25cefbd,2,Potentially Available,0,Does Not Provide This Service,0,Does Not Provide This Service,2026-04-11 03:32:52.869862
6a01c54a-b782-4da9-8ae4-a94d9f15fd9a,6b6c7501-4aca-4881-98bc-4b05afda3440,2,Potentially Available,0,Does Not Provide This Service,0,Does Not Provide This Service,2026-04-11 03:32:52.869862
d05d4f60-fdd5-478a-a557-ddb0337c7556,6b74c0a8-a2d7-44c9-9fdc-0757fb459e81,2,Potentially Available,0,Does Not Provide This Service,0,Does Not Provide This Service,2026-04-11 03:32:52.869862
18acf188-c8a7-48a7-88b4-1d4b14d20e7e,6b7bf27a-7247-4d26-8271-d8c115127646,2,Potentially Available,0,Does Not Provide This Service,0,Does Not Provide This Service,2026-04-11 03:32:52.869862
d7c17fce-699e-4061-a841-2ad71d90cefe,6b868a1b-8d44-424d-80e2-e0dd7a9a5849,2,Potentially Available,0,Does Not Provide This Service,0,Does Not Provide This Service,2026-04-11 03:32:52.869862
8787ac90-aa4d-4299-8acb-04b6871d8dd8,6b87e883-b6d9-452f-97c3-fa678b8bccb9,2,Potentially Available,0,Does Not Provide This Service,0,Does Not Provide This Service,2026-04-11 03:32:52.869862
73b7daec-8248-4534-bdef-ce1ce53197c6,6b9e2015-0482-4f47-853b-38b3d85423f8,2,Potentially Available,0,Does Not Provide This Service,0,Does Not Provide This Service,2026-04-11 03:32:52.869862
95770f62-98e4-4969-bff6-321d62d117b0,6ba40a48-6af5-4d06-b7b9-31d715ae045d,2,Potentially Available,0,Does Not Provide This Service,0,Does Not Provide This Service,2026-04-11 03:32:52.869862
6eb559aa-7b5c-4248-bdd2-50479e5033db,6bc594d6-0311-4ca7-84bc-1ea622991d59,2,Potentially Available,0,Does Not Provide This Service,0,Does Not Provide This Service,2026-04-11 03:32:52.869862
67ae474a-8a0a-43e5-ba56-289b9824f809,6bcc7086-5a33-4317-9bc7-e32912af5055,2,Potentially Available,0,Does Not Provide This Service,0,Does Not Provide This Service,2026-04-11 03:32:52.869862
9276a3db-4980-4d39-a2e3-1269b5a869f1,6bd94ec4-2526-4332-a1eb-218949070fbf,2,Potentially Available,0,Does Not Provide This Service,0,Does Not Provide This Service,2026-04-11 03:32:52.869862
7064c987-1c17-41b4-ac15-a50d63dacfd6,6be78446-fd1f-4b1a-a979-719152cb85a1,2,Potentially Available,0,Does Not Provide This Service,0,Does Not Provide This Service,2026-04-11 03:32:52.869862
62296128-1147-499e-871f-43dd09501d59,6be93885-a3bb-4d45-8446-18a5ad3ca602,2,Potentially Available,0,Does Not Provide This Service,0,Does Not Provide This Service,2026-04-11 03:32:52.869862
74ec10c1-3970-4f9f-bf26-db2bd3b7705f,6c0c7af9-ba51-4bad-95ae-13284c4e1d3a,2,Potentially Available,0,Does Not Provide This Service,0,Does Not Provide This Service,2026-04-11 03:32:52.869862
1c61114f-0228-478c-8b64-4534f3e9c467,6c182c20-1749-4fd2-a596-43ea10a0c27f,2,Potentially Available,0,Does Not Provide This Service,0,Does Not Provide This Service,2026-04-11 03:32:52.869862
4612cada-2245-406b-8434-8089b6ed1dbc,6c207e55-00ec-472f-957c-a423de484c4c,0,Does Not Provide This Service,0,Does Not Provide This Service,5,Highly Constrained,2026-04-11 03:32:52.869862
bfa1fc9a-a43f-4e65-b1da-956db64da5ae,6c3d81d4-45b3-4c8c-be4b-be460d9cc82b,2,Potentially Available,0,Does Not Provide This Service,0,Does Not Provide This Service,2026-04-11 03:32:52.869862
86839133-157c-4e8b-9dbb-f98a4a8e2de6,6c40655a-3a76-4fc9-908a-8bf7ccc9d346,0,Does Not Provide This Service,0,Does Not Provide This Service,3,Constrained by Size,2026-04-11 03:32:52.869862
cba8c0bc-a82b-46f8-8ae5-8858f0aa0387,6c610918-a15a-444f-87ce-d4eea9458420,2,Potentially Available,0,Does Not Provide This Service,0,Does Not Provide This Service,2026-04-11 03:32:52.869862
5c4ff164-5c53-4314-9311-717e4bdb70aa,6c61eefb-ac2a-4658-8b43-9fd4e26e8023,2,Potentially Available,0,Does Not Provide This Service,0,Does Not Provide This Service,2026-04-11 03:32:52.869862
21084347-3759-4915-9b36-acce54f3f9ce,6c70c3ca-84e6-49a3-b19b-d8926f504238,2,Potentially Available,0,Does Not Provide This Service,0,Does Not Provide This Service,2026-04-11 03:32:52.869862
7a8c5cb0-2252-4713-a19b-c4b76fbba3a5,6cb8fb9d-509e-4ed0-9782-8995b57197f0,2,Potentially Available,0,Does Not Provide This Service,0,Does Not Provide This Service,2026-04-11 03:32:52.869862
62d9b3cc-6d55-4f7c-9f27-56c55f6b7307,6ce1f455-85f9-424a-805e-b179ae491ff5,2,Potentially Available,0,Does Not Provide This Service,0,Does Not Provide This Service,2026-04-11 03:32:52.869862
cfccbf2e-5fcf-414e-a48a-4438ca38ae25,6d1cd180-520a-4c97-83c0-6d87ca8bfdcf,2,Potentially Available,0,Does Not Provide This Service,0,Does Not Provide This Service,2026-04-11 03:32:52.869862
aaa8bc10-ce95-4705-a177-e9bcc6448454,6d3c2b84-f006-48f4-be7c-8cc5f2f93a0f,2,Potentially Available,0,Does Not Provide This Service,0,Does Not Provide This Service,2026-04-11 03:32:52.869862
e16d9301-5771-4a70-8a97-914fb2bfd5eb,6d455c3f-8560-45b8-bc4d-57465bb47fef,2,Potentially Available,0,Does Not Provide This Service,0,Does Not Provide This Service,2026-04-11 03:32:52.869862
d6351724-3374-4cbc-ac78-ec226ada98b4,6d46a582-7e14-4519-a046-b77e8bdccdc4,2,Potentially Available,0,Does Not Provide This Service,0,Does Not Provide This Service,2026-04-11 03:32:52.869862
51024dfb-d519-4be5-8782-c35f81ccd34a,6d4d64be-8ee3-42c9-9ab3-a955458a0672,2,Potentially Available,0,Does Not Provide This Service,0,Does Not Provide This Service,2026-04-11 03:32:52.869862
70a2addb-1922-45e9-abfc-bed1050bc291,6d528696-fe61-4b59-af42-93d3146e5b44,2,Potentially Available,0,Does Not Provide This Service,0,Does Not Provide This Service,2026-04-11 03:32:52.869862
edfa2b8e-454a-4c0a-a8bc-a50a83011197,6d537e8d-7071-429f-8aa6-c58d9a9f57df,2,Potentially Available,0,Does Not Provide This Service,0,Does Not Provide This Service,2026-04-11 03:32:52.869862
b2d06d72-62bc-4d26-ab34-46d4de73ab3a,6d56c33c-05d3-4861-8ddd-22d3790675bf,0,Does Not Provide This Service,1,Likely Available,0,Does Not Provide This Service,2026-04-11 03:32:52.869862
6cb9d6a1-6b18-4c8a-9cb1-6b829065f3b0,6dbc14c1-7db2-4667-a2f6-3704168d1772,2,Potentially Available,0,Does Not Provide This Service,0,Does Not Provide This Service,2026-04-11 03:32:52.869862
420e4893-491a-45cc-b860-5cd6d6307d33,6dc0392a-bb0a-437e-99d6-2b0d91079383,2,Potentially Available,0,Does Not Provide This Service,0,Does Not Provide This Service,2026-04-11 03:32:52.869862
d02a4a63-7e05-4050-ad12-33e8cfc5b404,6dd78179-a8f7-4b9f-bd4d-a08341a5e5b1,2,Potentially Available,0,Does Not Provide This Service,0,Does Not Provide This Service,2026-04-11 03:32:52.869862
85e4925f-7d49-49c5-97ed-8ef7b2fcf9ce,6dff66b0-0982-44dd-ae4f-5c0608a0cd03,2,Potentially Available,0,Does Not Provide This Service,0,Does Not Provide This Service,2026-04-11 03:32:52.869862
54f04278-ab77-48f2-8c09-e9daba8dade8,6e09eeb9-9d07-4b19-b034-fd9086ce0c06,2,Potentially Available,0,Does Not Provide This Service,0,Does Not Provide This Service,2026-04-11 03:32:52.869862
6b37b8be-7118-41ed-833a-680b3e88cd39,6e169362-92f6-424a-a8d8-cc74440a70e6,2,Potentially Available,0,Does Not Provide This Service,0,Does Not Provide This Service,2026-04-11 03:32:52.869862
bfbf0c6a-530b-453a-aaf5-ba3ec7621884,6e34fb19-72c7-4e94-8263-b09f46044aeb,2,Potentially Available,0,Does Not Provide This Service,0,Does Not Provide This Service,2026-04-11 03:32:52.869862
de72d4d2-3f70-4489-8c5a-ddf212245f20,6e71eab7-ea38-4215-a702-a7ed5bd84511,2,Potentially Available,0,Does Not Provide This Service,0,Does Not Provide This Service,2026-04-11 03:32:52.869862
1793ecbb-fcaf-4eb1-b640-6b1b698ea7ec,6ea05972-e4f3-4550-bc00-3f69ddf2554c,2,Potentially Available,0,Does Not Provide This Service,0,Does Not Provide This Service,2026-04-11 03:32:52.869862
1e13cd58-40f7-408a-9586-502974fbac3a,6eb9d416-dd60-4f34-a058-2caa63a714e7,2,Potentially Available,0,Does Not Provide This Service,0,Does Not Provide This Service,2026-04-11 03:32:52.869862
8e6d9304-d05e-4f15-9a49-3f2e60923046,6ed72b61-f4f5-4c0f-94d2-70872bd64205,2,Potentially Available,0,Does Not Provide This Service,0,Does Not Provide This Service,2026-04-11 03:32:52.869862
6d4f876a-c463-41ea-8a4b-bdd8492a99bc,6edf9f9b-072e-4e2e-8c14-ad1c17be63a6,2,Potentially Available,0,Does Not Provide This Service,0,Does Not Provide This Service,2026-04-11 03:32:52.869862
0130b7f5-199d-413b-a64b-9ba101696b62,6ee0ebd4-7261-417d-bf02-53766d03514a,2,Potentially Available,4,Constrained by Market,0,Does Not Provide This Service,2026-04-11 03:32:52.869862
e5dde0b5-6767-4f29-94a2-12fffaf5f82d,6eec2625-721c-4eaa-b9c9-fb731856e170,2,Potentially Available,0,Does Not Provide This Service,0,Does Not Provide This Service,2026-04-11 03:32:52.869862
3b895e8e-089f-4345-a7a9-f94cf6536ffb,6ef045fc-0881-4ade-9490-694e13c9f15d,2,Potentially Available,0,Does Not Provide This Service,0,Does Not Provide This Service,2026-04-11 03:32:52.869862
86fb432b-1b23-4a90-ba4d-c9f70393bfe6,6ef122ef-645c-4c0f-88e8-757600e404bd,2,Potentially Available,0,Does Not Provide This Service,0,Does Not Provide This Service,2026-04-11 03:32:52.869862
033dd6a6-066f-46dc-956d-dac7db8fc04c,6f08594b-bbba-4f5a-a73d-267bf58b9c5c,2,Potentially Available,0,Does Not Provide This Service,0,Does Not Provide This Service,2026-04-11 03:32:52.869862
0b51a156-efff-4972-befd-993a1e1749a8,6f15c81e-63db-4dfd-a9fd-cbf0dc5b3dfc,2,Potentially Available,0,Does Not Provide This Service,0,Does Not Provide This Service,2026-04-11 03:32:52.869862
0e54e972-0dd4-4075-90b9-7d14c4c30a5b,6f3a3c09-e4a3-4f4e-b0d6-5c209487a19c,2,Potentially Available,0,Does Not Provide This Service,0,Does Not Provide This Service,2026-04-11 03:32:52.869862
3ae80136-f3a6-4948-b20a-24559621ebda,6f5e7daf-03e7-4e12-bfd7-82b0e9aa4abc,2,Potentially Available,0,Does Not Provide This Service,0,Does Not Provide This Service,2026-04-11 03:32:52.869862
2ecc409b-8ef6-4b0a-97ac-7c14313ab462,6f60a077-d6f6-4724-adb3-8262f9104d1f,2,Potentially Available,0,Does Not Provide This Service,0,Does Not Provide This Service,2026-04-11 03:32:52.869862
19a7929b-349b-4e59-b877-8a84ed2189cd,6f66427c-4b38-44f1-98d6-67e25444efb7,2,Potentially Available,0,Does Not Provide This Service,0,Does Not Provide This Service,2026-04-11 03:32:52.869862
1e841456-2421-485d-bbc4-b058a7e3fcce,6f86d0a2-9cf1-4c17-9d54-22e37c9364c0,1,Likely Available,0,Does Not Provide This Service,0,Does Not Provide This Service,2026-04-11 03:32:52.869862
702544d4-866d-4aea-87a0-8f9e205fee76,6f8f0c0e-7dad-4b4b-bcc1-e78ab0717c82,2,Potentially Available,0,Does Not Provide This Service,0,Does Not Provide This Service,2026-04-11 03:32:52.869862
3c58157a-1562-426e-bd41-9c78abd82f88,7039ba2e-67dc-4125-a9d1-92ba38dd8970,2,Potentially Available,0,Does Not Provide This Service,0,Does Not Provide This Service,2026-04-11 03:32:52.869862
49408be7-e35b-4f8e-ae0c-10a6d90819cb,704a7fc1-5626-42cb-b7b3-3380cb87eae2,2,Potentially Available,0,Does Not Provide This Service,0,Does Not Provide This Service,2026-04-11 03:32:52.869862
3a51d2d6-12ba-44bd-8186-0ee2255ba4db,7054fb8d-4092-40c5-a01f-801d47922071,2,Potentially Available,0,Does Not Provide This Service,0,Does Not Provide This Service,2026-04-11 03:32:52.869862
2ad56443-8122-4abe-a4f1-c83d49c7ff4e,7067f862-8c20-4e81-a41b-3a3d190c00d2,2,Potentially Available,0,Does Not Provide This Service,0,Does Not Provide This Service,2026-04-11 03:32:52.869862
29e506b4-d3cb-442b-8aca-6270eddb2d5c,707f2041-bb27-4b8b-ad6c-af778fa58e01,2,Potentially Available,0,Does Not Provide This Service,0,Does Not Provide This Service,2026-04-11 03:32:52.869862
38ada4b4-ae42-409f-90a1-d38640091360,708ceaf9-d340-4937-8897-406f96b8eb6a,2,Potentially Available,0,Does Not Provide This Service,0,Does Not Provide This Service,2026-04-11 03:32:52.869862
2a2c2e9e-1b4c-46e9-b32d-c1b9afb8ed20,708feaaf-9a97-458f-b603-57375e34fa26,2,Potentially Available,0,Does Not Provide This Service,0,Does Not Provide This Service,2026-04-11 03:32:52.869862
3134ad6f-7e1f-4422-ace7-aeb044797380,70a7069a-26a4-4529-b9b7-425aa0e48755,2,Potentially Available,0,Does Not Provide This Service,0,Does Not Provide This Service,2026-04-11 03:32:52.869862
1cf4d372-b77b-43e7-ad27-371b345c5ef2,70be62ed-b4ad-4b2b-a6eb-bb563208aa01,0,Does Not Provide This Service,1,Likely Available,0,Does Not Provide This Service,2026-04-11 03:32:52.869862
88332e46-36e2-4a29-9017-726aac682018,70fbb0bd-796c-4530-aed0-d05c02d07572,2,Potentially Available,0,Does Not Provide This Service,0,Does Not Provide This Service,2026-04-11 03:32:52.869862
be5bd36d-da39-46b3-a2a1-97e07b892c8f,715c26f3-0c16-44bf-83ac-a3d889768078,2,Potentially Available,0,Does Not Provide This Service,0,Does Not Provide This Service,2026-04-11 03:32:52.869862
f37190c6-1750-402e-a987-7b05c24f4139,7173d675-a85b-4e1a-b151-d7fae7d93265,2,Potentially Available,0,Does Not Provide This Service,0,Does Not Provide This Service,2026-04-11 03:32:52.869862
751cd3c1-c4ae-4821-ada5-745f387b98f6,717dc9d8-bb87-4e19-b731-5c9c866ac8d1,2,Potentially Available,0,Does Not Provide This Service,0,Does Not Provide This Service,2026-04-11 03:32:52.869862
51badbec-4966-47ed-8930-937590ce5156,7187ceeb-d0f7-4052-98eb-f008c14a1bcb,0,Does Not Provide This Service,0,Does Not Provide This Service,1,Likely Available,2026-04-11 03:32:52.869862
9e30570d-c0c9-4fc4-8854-cbb1c2093eb8,71882d2c-c506-4c40-a4b5-b6ff617d0507,2,Potentially Available,0,Does Not Provide This Service,0,Does Not Provide This Service,2026-04-11 03:32:52.869862
02d3407d-69ba-4484-ba10-c9c9eaec10ed,719eedf6-7f8f-466b-b1bd-c12343afc4a8,2,Potentially Available,0,Does Not Provide This Service,0,Does Not Provide This Service,2026-04-11 03:32:52.869862
8e367540-c9f3-4228-8200-ab624fc1ca98,71c35021-eab8-42ae-a54b-dcd02e97eced,2,Potentially Available,0,Does Not Provide This Service,0,Does Not Provide This Service,2026-04-11 03:32:52.869862
220d7394-3e87-40e9-8837-068d73e639b0,71ebb195-fa29-4efe-8e35-1769f1e66c03,2,Potentially Available,0,Does Not Provide This Service,0,Does Not Provide This Service,2026-04-11 03:32:52.869862
1217077b-0d0e-4b63-8752-9fd97ee99475,71f31441-8ef6-4e70-a171-9fa859b3f612,2,Potentially Available,0,Does Not Provide This Service,0,Does Not Provide This Service,2026-04-11 03:32:52.869862
0221c7f5-6446-4352-a420-478aab4d1403,71f315d6-5a90-42fb-bb2d-b526e3654256,2,Potentially Available,0,Does Not Provide This Service,0,Does Not Provide This Service,2026-04-11 03:32:52.869862
cedc77f8-986a-4030-b9bb-769c22e9f92e,721bceca-e2f7-44ce-9502-319afcd8107e,2,Potentially Available,0,Does Not Provide This Service,0,Does Not Provide This Service,2026-04-11 03:32:52.869862
d0eaed8a-12ff-4178-90f5-64136b3c1426,724ea2ed-5bf0-4357-9979-b6d76f84ca9e,2,Potentially Available,0,Does Not Provide This Service,0,Does Not Provide This Service,2026-04-11 03:32:52.869862
883e050d-bd8d-4ffc-8165-c188819ad816,725d053f-c333-4fce-8caf-953b1c469a1b,2,Potentially Available,0,Does Not Provide This Service,0,Does Not Provide This Service,2026-04-11 03:32:52.869862
be10a9b5-18e0-489b-87fb-0a322b438274,725e00f8-3668-4eaf-b71e-29040c3907a4,2,Potentially Available,0,Does Not Provide This Service,0,Does Not Provide This Service,2026-04-11 03:32:52.869862
25c556d9-bf8e-4505-85b7-8a9d9b9e84f8,725f3d4c-4e45-4350-83d0-8221b9d1da4f,2,Potentially Available,0,Does Not Provide This Service,0,Does Not Provide This Service,2026-04-11 03:32:52.869862
79744527-4be4-4fe6-9188-6808e2179ce7,725f3e07-e78e-4db3-be39-209018cf869d,2,Potentially Available,0,Does Not Provide This Service,0,Does Not Provide This Service,2026-04-11 03:32:52.869862
8018591e-fc98-48b6-9ebe-6bb59e337bcf,726857af-34ea-4a99-aaa1-96cde65418ca,2,Potentially Available,0,Does Not Provide This Service,0,Does Not Provide This Service,2026-04-11 03:32:52.869862
d9955996-df12-4372-84da-0d4b51d8f7c4,727eec1c-c89d-4336-a131-f8031a6933c0,2,Potentially Available,0,Does Not Provide This Service,0,Does Not Provide This Service,2026-04-11 03:32:52.869862
9280a75b-c173-4d4a-b6d0-748247d1775a,729f9ed9-e558-4ea4-8c7f-a85106771d81,2,Potentially Available,0,Does Not Provide This Service,0,Does Not Provide This Service,2026-04-11 03:32:52.869862
37ea621b-c75f-4535-8288-25ee09d5a4b7,72ab0bf9-bc8a-4f8c-b19b-9a1cd6e5f282,2,Potentially Available,0,Does Not Provide This Service,0,Does Not Provide This Service,2026-04-11 03:32:52.869862
23bd6c16-4bfc-40f5-98b9-ba056297538f,72b56ab2-4d6a-47ec-9422-355041116135,2,Potentially Available,0,Does Not Provide This Service,0,Does Not Provide This Service,2026-04-11 03:32:52.869862
2e4d224f-f3cb-46c7-a9c9-fa36547dd6f4,72b5f9e5-4829-4228-b7ba-a16e572bf59d,2,Potentially Available,0,Does Not Provide This Service,0,Does Not Provide This Service,2026-04-11 03:32:52.869862
87f1a362-9096-431b-870f-47015bf6f318,72b6b049-251b-40de-a116-ef14a8ec6b4c,2,Potentially Available,0,Does Not Provide This Service,0,Does Not Provide This Service,2026-04-11 03:32:52.869862
6f9dbcfd-0f7a-4cb9-8ee5-3e9c4ec5c7d9,72ba8e28-1202-4068-b1df-1fb94e6b38be,2,Potentially Available,0,Does Not Provide This Service,0,Does Not Provide This Service,2026-04-11 03:32:52.869862
c93644b3-a6f1-4775-9d3d-695acb8ccf91,72bf4949-26b1-4a2a-acfc-395af176053b,0,Does Not Provide This Service,0,Does Not Provide This Service,2,Potentially Available,2026-04-11 03:32:52.869862
79234468-a259-4a56-8f2b-b49f577c11dc,72c612f3-7075-46b8-8a93-eebf392b5489,2,Potentially Available,1,Likely Available,0,Does Not Provide This Service,2026-04-11 03:32:52.869862
eeb6ecfa-ad4c-4041-8a1b-f0a5a9c5ba5a,72cd2283-0449-453e-8e1f-08666fd1fc0a,2,Potentially Available,0,Does Not Provide This Service,0,Does Not Provide This Service,2026-04-11 03:32:52.869862
0880f248-802e-4597-bdc3-83b8ec203a3a,72d4bfec-b909-4e39-938a-6a74a65e4855,2,Potentially Available,0,Does Not Provide This Service,0,Does Not Provide This Service,2026-04-11 03:32:52.869862
2a1c8d98-af3f-40ae-a523-d367af8dafb1,72fbc9ff-271b-450a-a80d-1f8e5c45f636,2,Potentially Available,0,Does Not Provide This Service,0,Does Not Provide This Service,2026-04-11 03:32:52.869862
c04c61a7-2557-4e5f-9666-8130d01a59c3,72fe09e4-e2df-4dec-9652-f3168a440264,0,Does Not Provide This Service,0,Does Not Provide This Service,2,Potentially Available,2026-04-11 03:32:52.869862
f1a8aa2c-ddc5-4876-ae8a-5f209ea29390,7331a97d-8a78-421d-ba34-97b9f8abf5c4,2,Potentially Available,0,Does Not Provide This Service,0,Does Not Provide This Service,2026-04-11 03:32:52.869862
c49bf541-5a9b-47ec-a86e-9da8b4987012,7342eb38-9d19-4062-808f-63530f62f1d8,2,Potentially Available,0,Does Not Provide This Service,0,Does Not Provide This Service,2026-04-11 03:32:52.869862
833bd15e-6a22-44dd-abde-274a9127e684,735b0306-3b09-4226-8ed8-7f7a8e049c27,2,Potentially Available,0,Does Not Provide This Service,0,Does Not Provide This Service,2026-04-11 03:32:52.869862
287397ee-e0f3-4311-8c58-ea73f1ab8086,736988f5-bcee-42b4-9489-e06d7d681eec,2,Potentially Available,0,Does Not Provide This Service,0,Does Not Provide This Service,2026-04-11 03:32:52.869862
052f1a58-cbeb-4cf3-a82f-eece48c016db,736e2456-28cb-457a-81c4-d32121842878,2,Potentially Available,0,Does Not Provide This Service,0,Does Not Provide This Service,2026-04-11 03:32:52.869862
b901222e-6fb7-4482-ad77-1c349fc4c77a,737b742e-14b0-4335-854b-c837ec9baa26,2,Potentially Available,0,Does Not Provide This Service,0,Does Not Provide This Service,2026-04-11 03:32:52.869862
b9ef3158-af38-4e98-a952-9df0f802d663,7382556e-1644-4e8b-8cb9-1144b9a01cdb,2,Potentially Available,0,Does Not Provide This Service,0,Does Not Provide This Service,2026-04-11 03:32:52.869862
57ad61d1-994f-42a4-965c-2f2d80b6db2f,7385c528-c829-493f-9703-53425a5c6da9,2,Potentially Available,0,Does Not Provide This Service,0,Does Not Provide This Service,2026-04-11 03:32:52.869862
431bd540-0047-4417-b613-91fbc4e1243c,73890f2c-7f5d-44d5-b797-2d744f179090,2,Potentially Available,0,Does Not Provide This Service,0,Does Not Provide This Service,2026-04-11 03:32:52.869862
51330519-2aa4-4ea7-8ebb-cb4b6f92bb68,7399d5b5-fe95-4e54-82ad-fff6a9ba66f1,2,Potentially Available,0,Does Not Provide This Service,0,Does Not Provide This Service,2026-04-11 03:32:52.869862
a7e6fa1e-de83-4a5a-8365-6ca688b3d4a4,73a5cec7-e92f-4e16-aeed-172ae12037b3,2,Potentially Available,0,Does Not Provide This Service,0,Does Not Provide This Service,2026-04-11 03:32:52.869862
0ed703b9-3f5d-4883-b2f2-892e6ae5a9f1,73c04eaa-5056-41b9-adf9-71e67cae64cf,2,Potentially Available,0,Does Not Provide This Service,0,Does Not Provide This Service,2026-04-11 03:32:52.869862
2f4df121-b411-4621-958b-74993423d6fc,73cf3319-86aa-4a6c-a8fd-a0ec72a8704b,2,Potentially Available,0,Does Not Provide This Service,0,Does Not Provide This Service,2026-04-11 03:32:52.869862
035e1912-cb75-4439-8195-0c55aeaba9e3,73dacbc5-0534-48d2-b10a-668b57c8bef3,0,Does Not Provide This Service,0,Does Not Provide This Service,1,Likely Available,2026-04-11 03:32:52.869862
6e178a7e-e940-452f-9c39-2b6fbfb3f25c,73dc6fd3-f60b-4948-83fa-f18e0ef4dd86,2,Potentially Available,0,Does Not Provide This Service,0,Does Not Provide This Service,2026-04-11 03:32:52.869862
2011bf1f-3a63-4bd3-9b89-6bfb8a7ba10d,744cf5f6-18a6-46ae-9551-e11e86806717,2,Potentially Available,0,Does Not Provide This Service,0,Does Not Provide This Service,2026-04-11 03:32:52.869862
f32d4344-e8e2-48f3-9415-578c1af1ead7,7450cef0-982f-4705-8f20-040f5f83b8d9,2,Potentially Available,0,Does Not Provide This Service,0,Does Not Provide This Service,2026-04-11 03:32:52.869862
713cfa61-a047-498f-8b92-efb13b60ea81,746367a3-79b5-45a4-b9a9-98d3b9c03955,2,Potentially Available,0,Does Not Provide This Service,0,Does Not Provide This Service,2026-04-11 03:32:52.869862
2b7f897f-852f-455a-ad5d-e9425f7e7451,7465c097-53be-4c3d-b727-1e1800f770bb,2,Potentially Available,0,Does Not Provide This Service,0,Does Not Provide This Service,2026-04-11 03:32:52.869862
6a2b7efc-f998-486b-bec5-88f9beb4f35f,74691ce5-3e87-4cb0-8863-3365a5c22017,2,Potentially Available,0,Does Not Provide This Service,0,Does Not Provide This Service,2026-04-11 03:32:52.869862
0740b8d3-ba7b-4ad5-848e-cb70c79eb866,74755932-81c4-43e3-b5d3-1cff8ff2a5c4,2,Potentially Available,0,Does Not Provide This Service,0,Does Not Provide This Service,2026-04-11 03:32:52.869862
0ee98f6e-9274-43ac-a523-17e2fb51e18d,749ff11d-d828-44df-84ea-3555ebc407d9,2,Potentially Available,0,Does Not Provide This Service,0,Does Not Provide This Service,2026-04-11 03:32:52.869862
2b597956-d210-4027-b59f-0d09862ecada,74a500f8-cbd1-448e-a153-6837d1148a6e,2,Potentially Available,0,Does Not Provide This Service,0,Does Not Provide This Service,2026-04-11 03:32:52.869862
497fea8e-5c6d-44b2-b857-03154ab12065,74cfdbba-3114-4e13-a47f-403566ca5d85,2,Potentially Available,0,Does Not Provide This Service,0,Does Not Provide This Service,2026-04-11 03:32:52.869862
e07c59fa-917d-48af-96da-8ff1c1277ab3,74d660ce-ab58-4297-b63a-6b62e76e4450,2,Potentially Available,0,Does Not Provide This Service,0,Does Not Provide This Service,2026-04-11 03:32:52.869862
77098cdc-f795-47d3-ae6c-55fd647c63d9,74ec39ef-e4e9-41ea-b4c4-0025c745c283,2,Potentially Available,0,Does Not Provide This Service,0,Does Not Provide This Service,2026-04-11 03:32:52.869862
105d809b-afaa-409f-b715-fdcc55a04fd2,750bc0fd-1cee-4cc1-b363-419d05c92997,2,Potentially Available,0,Does Not Provide This Service,0,Does Not Provide This Service,2026-04-11 03:32:52.869862
2180212f-edbd-4201-826a-3ed5eb306446,751ba066-4d95-4401-8fc0-8e29ea1f33de,2,Potentially Available,0,Does Not Provide This Service,0,Does Not Provide This Service,2026-04-11 03:32:52.869862
532b6adb-fff5-485a-89f3-31faaf0da38c,752014d9-ef42-42de-a3c5-68c2cc6542c5,2,Potentially Available,0,Does Not Provide This Service,0,Does Not Provide This Service,2026-04-11 03:32:52.869862
0a835862-1e8b-4052-95a9-fc497cc11571,753deaa6-f849-4251-ab47-e064223325ca,2,Potentially Available,0,Does Not Provide This Service,0,Does Not Provide This Service,2026-04-11 03:32:52.869862
570a6c4a-2af8-485f-afd6-b2aa9f3df99c,754d176f-5526-41dd-be71-eb4684ae72f8,2,Potentially Available,0,Does Not Provide This Service,0,Does Not Provide This Service,2026-04-11 03:32:52.869862
6dc84a57-6e31-436f-8a73-f045bf60d423,7552721d-a091-43bd-a5b1-0e0a443a5232,2,Potentially Available,0,Does Not Provide This Service,0,Does Not Provide This Service,2026-04-11 03:32:52.869862
9368da50-57ec-4d13-a87e-fe641f34fef3,75ab1f6c-f6d9-4eac-996e-aa007a113636,2,Potentially Available,0,Does Not Provide This Service,0,Does Not Provide This Service,2026-04-11 03:32:52.869862
6ce8eff0-514c-483b-ab66-d61357a5d700,75b6d878-1a0d-4868-8ed5-d6b7bc45527e,2,Potentially Available,1,Likely Available,0,Does Not Provide This Service,2026-04-11 03:32:52.869862
ecc338f0-d210-4fe5-9292-819adbec15f1,75b86f4d-6bcd-49c0-babe-15f15641a192,2,Potentially Available,0,Does Not Provide This Service,0,Does Not Provide This Service,2026-04-11 03:32:52.869862
a4da2420-c090-45b9-ae4b-e4b342ac8934,75c32e3b-0a31-4918-a621-5b22751e1790,2,Potentially Available,0,Does Not Provide This Service,0,Does Not Provide This Service,2026-04-11 03:32:52.869862
864a6a6e-9e63-453d-813b-68fd3e62f04d,75c961b3-0f47-45f6-9bc7-39af00dda58e,2,Potentially Available,0,Does Not Provide This Service,0,Does Not Provide This Service,2026-04-11 03:32:52.869862
c22eda97-d889-48f9-bbc9-bbd0d87be603,75e00cb6-4cf9-49bc-a412-4349dbdee309,2,Potentially Available,0,Does Not Provide This Service,0,Does Not Provide This Service,2026-04-11 03:32:52.869862
f4cbf15c-aa3c-45e9-8156-56537bc98595,75e2c972-9c27-4d17-982b-ee22aa0843fd,2,Potentially Available,0,Does Not Provide This Service,0,Does Not Provide This Service,2026-04-11 03:32:52.869862
d98c09d1-04d9-4275-8d42-8dbb54e6d643,75f1947b-4433-4540-9b44-c6a3a5f827ae,2,Potentially Available,0,Does Not Provide This Service,0,Does Not Provide This Service,2026-04-11 03:32:52.869862
cf631135-d842-4fbf-86b4-ebd89dac422a,75f99416-dbb6-4851-ba75-721e8d7d1677,2,Potentially Available,0,Does Not Provide This Service,0,Does Not Provide This Service,2026-04-11 03:32:52.869862
9da28aaf-f1fd-40dd-814c-b01c2e2f8eb8,761526d9-3c5e-4390-9e47-0606ce408cb1,2,Potentially Available,0,Does Not Provide This Service,0,Does Not Provide This Service,2026-04-11 03:32:52.869862
b562d895-b5b4-4be0-adcb-b96898dd4d13,762c3458-ced8-4ec4-a8f0-be68c4d6993f,2,Potentially Available,0,Does Not Provide This Service,0,Does Not Provide This Service,2026-04-11 03:32:52.869862
d511e922-8596-4be1-8abf-8d38c13473cb,76366f32-b2f9-49d4-8101-0dde5601a156,2,Potentially Available,0,Does Not Provide This Service,0,Does Not Provide This Service,2026-04-11 03:32:52.869862
d7ef1e79-9682-4ff7-a926-de4bdf88f791,763cb358-afbc-4fbd-8aa3-e54ad23e22b6,2,Potentially Available,0,Does Not Provide This Service,0,Does Not Provide This Service,2026-04-11 03:32:52.869862
6c3b091c-4ee5-49ea-865f-17409a46d599,7642e33e-96c8-4a38-8565-99b1b35a7359,2,Potentially Available,0,Does Not Provide This Service,0,Does Not Provide This Service,2026-04-11 03:32:52.869862
9e545168-a051-45a7-8b78-335f6d26cc89,76543a28-8408-49e6-8b6f-388f7d25ea38,2,Potentially Available,0,Does Not Provide This Service,0,Does Not Provide This Service,2026-04-11 03:32:52.869862
0a212faf-63d4-4a91-83cf-6e6f408f553b,76bdf553-f2d4-4f3b-b49b-dd34692a564a,0,Does Not Provide This Service,0,Does Not Provide This Service,5,Highly Constrained,2026-04-11 03:32:52.869862
5be4d3ed-a967-4043-a32b-cbaa08c5b38e,76e162e4-ba42-4c47-9b3a-83eb8081d9a7,2,Potentially Available,0,Does Not Provide This Service,0,Does Not Provide This Service,2026-04-11 03:32:52.869862
b21b7f75-682f-47aa-9af0-738d175d11c2,76f08823-f907-49a5-bab2-2d6b329be157,0,Does Not Provide This Service,0,Does Not Provide This Service,5,Highly Constrained,2026-04-11 03:32:52.869862
a1266d51-91f3-488b-a3de-bdace925c558,76f1cc83-19ce-4973-9709-372171490fdc,2,Potentially Available,0,Does Not Provide This Service,0,Does Not Provide This Service,2026-04-11 03:32:52.869862
2ac51bbc-b86e-4d5b-816d-b3169d4eb630,7701b07b-e737-44d2-afc2-0f7f0c770dc3,2,Potentially Available,0,Does Not Provide This Service,0,Does Not Provide This Service,2026-04-11 03:32:52.869862
013967bd-336a-4d62-aaa5-e7ddab5a269e,770d92df-dca7-4eeb-ab83-82ea854cffc3,2,Potentially Available,0,Does Not Provide This Service,0,Does Not Provide This Service,2026-04-11 03:32:52.869862
43be74a7-b5a3-45b3-81db-83ff64b174a6,771bb89b-72d9-4911-819c-4ea49acc1b38,2,Potentially Available,0,Does Not Provide This Service,0,Does Not Provide This Service,2026-04-11 03:32:52.869862
f7e99563-d231-4e41-9de7-2d6dd9329d1b,772b05eb-f0e7-41a2-901b-f5ae5b5ad677,2,Potentially Available,0,Does Not Provide This Service,0,Does Not Provide This Service,2026-04-11 03:32:52.869862
6991186a-9fe8-4bdd-a5e5-10c845544ca4,7731f5f2-6b11-4b8c-af72-e80fc4de0925,2,Potentially Available,0,Does Not Provide This Service,0,Does Not Provide This Service,2026-04-11 03:32:52.869862
6ee82781-f177-4243-86f4-18765db2d006,7732f670-d65e-43cd-9873-d8ad957ce82f,2,Potentially Available,0,Does Not Provide This Service,0,Does Not Provide This Service,2026-04-11 03:32:52.869862
9f8547b2-0eca-4c9a-a706-6924ed74f773,773e1c1f-7be0-4e2c-8bf5-6f44b3256113,0,Does Not Provide This Service,0,Does Not Provide This Service,5,Highly Constrained,2026-04-11 03:32:52.869862
1a6d8870-8119-4e1d-913e-ccc4a618f2a6,7764ac51-1bd7-4f86-86e2-735ae6539305,2,Potentially Available,0,Does Not Provide This Service,0,Does Not Provide This Service,2026-04-11 03:32:52.869862
24f2e159-d00a-449c-bd53-a9984067f00f,777296c2-ae9a-4fb4-8001-bc5c5c1bbb81,2,Potentially Available,0,Does Not Provide This Service,0,Does Not Provide This Service,2026-04-11 03:32:52.869862
0230c440-13b2-4470-9b54-7fdd259903e9,778dbdee-0d1c-45f9-b920-0413474ce79a,2,Potentially Available,0,Does Not Provide This Service,0,Does Not Provide This Service,2026-04-11 03:32:52.869862
49875465-a9f7-4be9-bf8e-a69b1d0442de,77b95748-5ad9-41a6-9ea1-9b90f61b9113,2,Potentially Available,0,Does Not Provide This Service,0,Does Not Provide This Service,2026-04-11 03:32:52.869862
2afba25c-c8c1-4fe7-b234-2bfc5367ae2a,77be0109-83b6-4e49-879c-c835a3f2bac6,2,Potentially Available,0,Does Not Provide This Service,0,Does Not Provide This Service,2026-04-11 03:32:52.869862
b39f28d1-fc76-4ff1-a977-70f07731c904,77cb7ed4-7adb-4bc7-ad46-3d076b7cb3da,2,Potentially Available,0,Does Not Provide This Service,0,Does Not Provide This Service,2026-04-11 03:32:52.869862
c0c2b514-aa22-4b6b-b597-ff54b045a031,7813e085-0f4c-4836-89a8-ca8cd0686827,2,Potentially Available,0,Does Not Provide This Service,0,Does Not Provide This Service,2026-04-11 03:32:52.869862
a4935e0c-ecee-40b8-8a38-169012fa121b,782d5697-4e5f-45e3-8d4f-ba88faa434f2,0,Does Not Provide This Service,4,Constrained by Market,0,Does Not Provide This Service,2026-04-11 03:32:52.869862
ab62ec1e-2100-4287-bd30-06c9fc74cb7a,78320b1f-2f6b-4101-99a7-481feaf46a23,2,Potentially Available,0,Does Not Provide This Service,0,Does Not Provide This Service,2026-04-11 03:32:52.869862
a94ced6a-ec84-4dd4-a69c-7c2de46a335f,783df85b-0d3c-43cc-980e-ecea4279eab8,2,Potentially Available,0,Does Not Provide This Service,0,Does Not Provide This Service,2026-04-11 03:32:52.869862
da23054b-0b31-448a-865e-7cea8c1efffe,784ba8a9-3fa6-41bc-ad8f-b2786125b8f4,2,Potentially Available,0,Does Not Provide This Service,0,Does Not Provide This Service,2026-04-11 03:32:52.869862
7021ee14-4d5a-4ba5-8c93-9ffff9b6406d,786205b5-5d2c-4073-aef2-379835b8fa55,2,Potentially Available,0,Does Not Provide This Service,0,Does Not Provide This Service,2026-04-11 03:32:52.869862
417e5626-11a7-48a7-9ed3-c4dce42f5fe3,786ba568-70fa-4d57-8056-8b276658f891,2,Potentially Available,0,Does Not Provide This Service,0,Does Not Provide This Service,2026-04-11 03:32:52.869862
afd2c911-26b6-48de-b769-82363dab0d85,786fea36-e253-4d04-b4dd-13ad39cc678b,2,Potentially Available,0,Does Not Provide This Service,0,Does Not Provide This Service,2026-04-11 03:32:52.869862
f91ca086-c5aa-4373-b3ff-a30cb49ad3bc,789742ea-a536-4b3f-a33d-a705ba73f50e,2,Potentially Available,0,Does Not Provide This Service,0,Does Not Provide This Service,2026-04-11 03:32:52.869862
7bf011a5-f525-46bb-92e0-c7a2114a54a9,7899c8a3-8517-4c0e-be7a-eab0ad5856a8,2,Potentially Available,0,Does Not Provide This Service,0,Does Not Provide This Service,2026-04-11 03:32:52.869862
b54325d9-5a98-4775-8698-2934eb786803,78a75049-8739-4c89-97f1-2da8f96d8154,0,Does Not Provide This Service,0,Does Not Provide This Service,1,Likely Available,2026-04-11 03:32:52.869862
838e4909-be4a-4387-ac61-103cf5c4d1a4,78a99446-d68a-4950-856b-cf54612048a2,2,Potentially Available,0,Does Not Provide This Service,0,Does Not Provide This Service,2026-04-11 03:32:52.869862
eb4320ee-a569-417a-8b5f-4f24c2a0a60b,78ac1683-b46b-4018-9f54-b871c9579225,2,Potentially Available,0,Does Not Provide This Service,0,Does Not Provide This Service,2026-04-11 03:32:52.869862
eaf20229-370a-4500-9415-7f5939cf924c,78b8d944-e408-4b2c-b11a-2e093518a84b,2,Potentially Available,0,Does Not Provide This Service,0,Does Not Provide This Service,2026-04-11 03:32:52.869862
435906f1-9a2f-4dea-b887-ee7ee0ade356,78c9f5a4-a140-4e6c-976c-fbc82b474c44,2,Potentially Available,0,Does Not Provide This Service,0,Does Not Provide This Service,2026-04-11 03:32:52.869862
0644a49e-76cf-4502-b843-ebcecdd8bc06,78d05462-030a-4e87-b531-e42674d2443b,2,Potentially Available,0,Does Not Provide This Service,0,Does Not Provide This Service,2026-04-11 03:32:52.869862
d0122dc0-b458-44f2-be64-c30143f36f21,78ec7278-5eeb-4771-98cd-cf6fe4e3c8b8,2,Potentially Available,0,Does Not Provide This Service,0,Does Not Provide This Service,2026-04-11 03:32:52.869862
973a3f69-4f77-4d6b-9163-bbddac94c645,79115b51-0958-407a-b6a4-bef58b47348b,2,Potentially Available,0,Does Not Provide This Service,0,Does Not Provide This Service,2026-04-11 03:32:52.869862
a2d9f46a-e1d3-462d-9b91-fb74ab1982ce,791a3623-71c1-4705-945e-332419dbe47e,2,Potentially Available,0,Does Not Provide This Service,0,Does Not Provide This Service,2026-04-11 03:32:52.869862
79d94631-82c9-454a-9e77-d3eb8acd7432,794164b7-ccde-40c3-a868-692cd1687f4e,2,Potentially Available,0,Does Not Provide This Service,0,Does Not Provide This Service,2026-04-11 03:32:52.869862
ac6cada6-fbe8-451e-89d2-7f4b21a7a661,7944fb09-0684-49c9-adb7-4923eba4a5b1,2,Potentially Available,5,Highly Constrained,0,Does Not Provide This Service,2026-04-11 03:32:52.869862
54d2ebf5-c7eb-448c-a1f7-5d5e77f75344,7953931e-8c0d-4fac-ab3b-b20e58c71bc4,2,Potentially Available,0,Does Not Provide This Service,0,Does Not Provide This Service,2026-04-11 03:32:52.869862
37f2254f-a3f0-44e8-8a1c-39142e83d467,795a8ee1-e574-4d27-bfa3-3e56733f9358,2,Potentially Available,0,Does Not Provide This Service,0,Does Not Provide This Service,2026-04-11 03:32:52.869862
484cfc15-c985-4528-98d8-895fb6c4a0b3,7977e37b-e2f6-4fd3-9c2e-b6048ab96c29,2,Potentially Available,0,Does Not Provide This Service,0,Does Not Provide This Service,2026-04-11 03:32:52.869862
d36bdfb7-f747-460e-aa50-666c30aedd63,797a0640-4ab4-42d8-83bd-1fa91a286667,2,Potentially Available,0,Does Not Provide This Service,0,Does Not Provide This Service,2026-04-11 03:32:52.869862
428f3d21-a58b-4e7e-9295-1d55d4070e2a,797dda0a-cf0d-41c7-97ef-a3dd416e6878,0,Does Not Provide This Service,0,Does Not Provide This Service,2,Potentially Available,2026-04-11 03:32:52.869862
d39dc62b-f5f3-4430-9212-44b86af50606,79adc0cd-73ac-45fa-ab02-99671f78581f,2,Potentially Available,0,Does Not Provide This Service,0,Does Not Provide This Service,2026-04-11 03:32:52.869862
625ccc90-63d0-439c-ae23-18d5e163d931,79b8450a-47bf-43f5-813f-62c9ac3b9424,2,Potentially Available,0,Does Not Provide This Service,0,Does Not Provide This Service,2026-04-11 03:32:52.869862
b1950693-d4ae-4838-ba6f-8b01ebe6fdcf,79ca9025-e2de-458b-8a8c-31b68779f224,2,Potentially Available,0,Does Not Provide This Service,0,Does Not Provide This Service,2026-04-11 03:32:52.869862
dce1489d-5eea-4599-a89b-797ea011e231,79dc610b-06c8-4620-9585-d1acacdef904,2,Potentially Available,0,Does Not Provide This Service,0,Does Not Provide This Service,2026-04-11 03:32:52.869862
9b8f7d27-5098-4be6-a45e-36e66da3d9e4,79dd5658-faa6-4667-91ce-37fdf38f8b78,2,Potentially Available,0,Does Not Provide This Service,0,Does Not Provide This Service,2026-04-11 03:32:52.869862
3ee146c0-dcb9-40d0-bd71-23e2b5db1463,79dfd7bb-4c66-4ef9-beab-c808f539a2b7,2,Potentially Available,0,Does Not Provide This Service,0,Does Not Provide This Service,2026-04-11 03:32:52.869862
92ba43bf-f54c-4c20-bace-61968379f0f7,79f36e07-b247-4046-b392-fab5089cae9f,2,Potentially Available,0,Does Not Provide This Service,0,Does Not Provide This Service,2026-04-11 03:32:52.869862
6af08586-8c33-4818-b1ff-b2226fc883be,7a00b4b0-a68a-4e5a-a1aa-7e21b8853516,2,Potentially Available,0,Does Not Provide This Service,0,Does Not Provide This Service,2026-04-11 03:32:52.869862
e875e75f-bbc7-4acc-8ed1-f6920899b100,7a06c9a0-193c-4204-b7a0-aadfe2be2fcf,0,Does Not Provide This Service,0,Does Not Provide This Service,2,Potentially Available,2026-04-11 03:32:52.869862
de77ad11-bd48-4dc5-a085-e53cddcdd896,7a153369-a9be-46f8-9d08-07b281aec211,2,Potentially Available,0,Does Not Provide This Service,0,Does Not Provide This Service,2026-04-11 03:32:52.869862
1c974851-25b3-44a5-9d7b-b2f75bef1bba,7a3e7350-333f-4bfb-958b-c0645e5e9d3b,2,Potentially Available,0,Does Not Provide This Service,0,Does Not Provide This Service,2026-04-11 03:32:52.869862
42e88fb7-ed5b-419e-aa50-3497095d0fcc,7a3f5e59-76f8-4e43-afc1-218d2e355389,2,Potentially Available,0,Does Not Provide This Service,0,Does Not Provide This Service,2026-04-11 03:32:52.869862
48b0aba8-758f-4fe3-998f-727d918ae729,7a4ab093-546f-405e-a082-8361adf36e85,2,Potentially Available,0,Does Not Provide This Service,0,Does Not Provide This Service,2026-04-11 03:32:52.869862
5b5cd4e4-7d86-43c9-ab12-e261b337f887,7a502f07-5ce6-4ca3-9721-789b677ebf67,2,Potentially Available,0,Does Not Provide This Service,0,Does Not Provide This Service,2026-04-11 03:32:52.869862
02c8d837-1822-4be9-a17b-4b2fb378e3cf,7a63a763-5451-4c05-bbbf-fdaf436a4ff8,2,Potentially Available,0,Does Not Provide This Service,0,Does Not Provide This Service,2026-04-11 03:32:52.869862
c473c254-8c39-4ad2-b25f-03479d5f0c07,7ab958d6-20a1-4ea8-9d23-12117a09aeab,2,Potentially Available,0,Does Not Provide This Service,0,Does Not Provide This Service,2026-04-11 03:32:52.869862
13c02e48-cc2d-408d-9618-2c244dd5a284,7ac7b1e5-6dc2-4d88-94aa-e1a854f5d794,2,Potentially Available,0,Does Not Provide This Service,0,Does Not Provide This Service,2026-04-11 03:32:52.869862
53de754e-9b17-4c2e-b7aa-74cc9e3fe220,7acea7d4-5b85-4464-9f60-c1e4bf710ac6,2,Potentially Available,0,Does Not Provide This Service,0,Does Not Provide This Service,2026-04-11 03:32:52.869862
b5928644-e911-420a-b917-71438ea27d55,7acf270c-1617-4f39-a135-d9d21c303555,0,Does Not Provide This Service,0,Does Not Provide This Service,1,Likely Available,2026-04-11 03:32:52.869862
e650ab12-5ce4-4511-bf49-eee9a1091b2a,7ad1cc18-8a78-4645-9095-6a1ac4c6963b,0,Does Not Provide This Service,0,Does Not Provide This Service,1,Likely Available,2026-04-11 03:32:52.869862
61b41556-1a08-4cc3-a682-d73ce6a30389,7b085a0f-62ff-41dd-af27-ed25a39bdd5d,2,Potentially Available,0,Does Not Provide This Service,0,Does Not Provide This Service,2026-04-11 03:32:52.869862
39b9d17e-571b-412f-8e70-af7832a85169,7b609440-5c19-40bb-9296-aa6620d13cdb,2,Potentially Available,0,Does Not Provide This Service,0,Does Not Provide This Service,2026-04-11 03:32:52.869862
73cd25e4-d55c-42a3-b625-4d85c386148d,7b7e7d71-51a1-4436-9b6a-e6d456998b14,2,Potentially Available,0,Does Not Provide This Service,0,Does Not Provide This Service,2026-04-11 03:32:52.869862
a77dbebb-4979-4d6c-87e4-0f0af465801d,7ba63671-f3af-409a-b659-1425a40bc0e5,0,Does Not Provide This Service,0,Does Not Provide This Service,5,Highly Constrained,2026-04-11 03:32:52.869862
8bec0ecd-509a-413d-a559-fd5c6a74dcb2,7bb267d1-0e9e-4df8-a68d-b69e7e943f57,2,Potentially Available,0,Does Not Provide This Service,0,Does Not Provide This Service,2026-04-11 03:32:52.869862
90c154c6-9542-4528-935d-dfb3a9d58fc2,7bc3cdde-a1bc-4116-ac0f-4c666e9abe1f,2,Potentially Available,0,Does Not Provide This Service,0,Does Not Provide This Service,2026-04-11 03:32:52.869862
47170ae6-9249-43d8-8f3b-cec36bba8c03,7bc51930-0b39-4db1-845e-b7a5970e995c,2,Potentially Available,0,Does Not Provide This Service,0,Does Not Provide This Service,2026-04-11 03:32:52.869862
474158a4-88df-4b55-9933-fccc314b9ebb,7bda622e-4b6f-4768-a14c-912bea6e506b,2,Potentially Available,0,Does Not Provide This Service,0,Does Not Provide This Service,2026-04-11 03:32:52.869862
ea4f4c43-5a43-4e10-923c-484d2b95c9a3,7bf7c260-6a87-4ac3-aae9-5ab999479e2b,2,Potentially Available,0,Does Not Provide This Service,0,Does Not Provide This Service,2026-04-11 03:32:52.869862
01329ba1-5485-4535-be96-a2bb73a474df,7c1248c0-25b8-45f5-9c2a-dec7f00846d4,2,Potentially Available,0,Does Not Provide This Service,0,Does Not Provide This Service,2026-04-11 03:32:52.869862
cb7eb1a0-290b-4f2a-9b4e-bd4dab969eb9,7c5ba076-8807-4b3d-8b20-0b89a73c51e7,2,Potentially Available,0,Does Not Provide This Service,0,Does Not Provide This Service,2026-04-11 03:32:52.869862
fb67a590-981b-4b9f-939c-125fc594f824,7c786a3f-45bf-4489-ac24-59a489ad0f41,2,Potentially Available,0,Does Not Provide This Service,0,Does Not Provide This Service,2026-04-11 03:32:52.869862
971ed69d-134f-4f3d-805b-f72a83198c79,7c8286d9-4f8a-44d5-9e75-1ed3a15d518e,2,Potentially Available,0,Does Not Provide This Service,0,Does Not Provide This Service,2026-04-11 03:32:52.869862
cefc311b-3618-4ce6-a26d-fdc2ba740a6c,7c887c57-d667-4b2a-bde2-e6e3061b3727,1,Likely Available,0,Does Not Provide This Service,0,Does Not Provide This Service,2026-04-11 03:32:52.869862
b4f53a81-732c-44ac-bac6-850b8198ff0e,7c91f787-2fc1-4885-8bad-e5800d7b5b97,0,Does Not Provide This Service,0,Does Not Provide This Service,1,Likely Available,2026-04-11 03:32:52.869862
a7d2c5ea-2c20-452c-89ee-fb20a78f46c3,7cacc133-e6c2-4db7-b7e2-d851b22014d5,2,Potentially Available,0,Does Not Provide This Service,0,Does Not Provide This Service,2026-04-11 03:32:52.869862
ca231552-9385-4a92-9cfe-25f4ca5331c9,7cd38d01-a5d1-4003-a05e-dd59c9452c6f,2,Potentially Available,0,Does Not Provide This Service,0,Does Not Provide This Service,2026-04-11 03:32:52.869862
77b7d743-26e6-4c2f-8d70-8a80f251093c,7ce81128-53a8-43e6-aabe-4b6b9bf94f61,2,Potentially Available,0,Does Not Provide This Service,0,Does Not Provide This Service,2026-04-11 03:32:52.869862
4db6f1f4-65e5-453d-b273-97688c25e121,7ceac3bf-6bcd-4093-ac40-59a6f39e3839,2,Potentially Available,0,Does Not Provide This Service,0,Does Not Provide This Service,2026-04-11 03:32:52.869862
c549a42b-3ac6-4d20-97f8-ead865a124d3,7d0a6e38-778f-4f42-b746-dc293271b88a,2,Potentially Available,0,Does Not Provide This Service,0,Does Not Provide This Service,2026-04-11 03:32:52.869862
1bc80960-5e00-4208-a080-ca4e7602bc3d,7d298983-2b79-4b41-8fce-c0f4a0ebb602,2,Potentially Available,0,Does Not Provide This Service,0,Does Not Provide This Service,2026-04-11 03:32:52.869862
ec49b0b0-a18b-4fe2-9d98-61233635faee,7d2c1ff6-864e-446c-ade8-fc52fdbb74f0,2,Potentially Available,0,Does Not Provide This Service,0,Does Not Provide This Service,2026-04-11 03:32:52.869862
a15bc8f3-4def-4f99-8515-98e8c4dedbc7,7d2d6643-dcfa-4b1d-a197-cf3dd155d939,2,Potentially Available,0,Does Not Provide This Service,0,Does Not Provide This Service,2026-04-11 03:32:52.869862
886452f1-86a8-4418-ba7f-03da97be50a5,7d54501e-4f3b-44d4-8b63-71f145ef9ead,2,Potentially Available,0,Does Not Provide This Service,0,Does Not Provide This Service,2026-04-11 03:32:52.869862
e91aa2b6-d05f-4f0e-935c-95b7f5d6bb12,7d5d479e-f749-4581-ae62-acdc35fb2f59,0,Does Not Provide This Service,0,Does Not Provide This Service,3,Constrained by Size,2026-04-11 03:32:52.869862
847cbdb2-3bbf-4ef1-ad38-bb8bba8fea63,7d70a1a5-3096-4da8-adbe-95e993d98c04,2,Potentially Available,0,Does Not Provide This Service,0,Does Not Provide This Service,2026-04-11 03:32:52.869862
0c0a9513-7708-479a-8266-146e192c5664,7dca3217-3383-49ee-9314-0d280bdead58,2,Potentially Available,0,Does Not Provide This Service,0,Does Not Provide This Service,2026-04-11 03:32:52.869862
3ade76b2-626b-413f-af53-6e64c6df6880,7dd70484-57d4-4d93-a231-f572169a8a28,2,Potentially Available,0,Does Not Provide This Service,0,Does Not Provide This Service,2026-04-11 03:32:52.869862
c2a35306-404f-4dd4-bb6b-d6cc41572e8b,7df23a57-7af6-4062-947e-e51b38eea5b0,2,Potentially Available,0,Does Not Provide This Service,0,Does Not Provide This Service,2026-04-11 03:32:52.869862
71f3757a-f8c7-48ab-a6ba-43468f8993fc,7df737c4-b69d-42ff-86d9-b6b5487e3fa7,2,Potentially Available,0,Does Not Provide This Service,0,Does Not Provide This Service,2026-04-11 03:32:52.869862
50b3ccf6-ac07-41d8-a1db-3bca1af2057e,7df88c36-1e45-407c-8740-6718a8a97132,2,Potentially Available,0,Does Not Provide This Service,0,Does Not Provide This Service,2026-04-11 03:32:52.869862
a7fcc97a-15b3-4d11-9019-38fb0ff3cb6a,7e17222c-ed5d-4942-bab0-a15590a3e2c2,2,Potentially Available,0,Does Not Provide This Service,0,Does Not Provide This Service,2026-04-11 03:32:52.869862
beca5a6c-773c-4264-80f1-e2f60f0a9f7c,7e261a44-064a-4432-8760-5a2c3ed2c2a8,2,Potentially Available,0,Does Not Provide This Service,0,Does Not Provide This Service,2026-04-11 03:32:52.869862
e3944a08-c450-47b4-808b-43b736466d94,7e69af58-ebb5-40f1-8aff-da9325443d36,2,Potentially Available,0,Does Not Provide This Service,0,Does Not Provide This Service,2026-04-11 03:32:52.869862
a796d703-0739-47f9-b388-deb659292397,7e733b26-8bcc-4b82-aba3-d0f13b100d7d,2,Potentially Available,0,Does Not Provide This Service,0,Does Not Provide This Service,2026-04-11 03:32:52.869862
a69b6126-dcf8-4059-9753-a93aa928cae3,7e83775b-5aee-4bd9-8b87-2fd90241eddd,2,Potentially Available,0,Does Not Provide This Service,0,Does Not Provide This Service,2026-04-11 03:32:52.869862
c70bd6d9-fdd9-4ff8-ad69-2ee647ec2ff7,7e83fd3e-95fd-4089-9a9c-51f1157d5cb8,2,Potentially Available,0,Does Not Provide This Service,0,Does Not Provide This Service,2026-04-11 03:32:52.869862
2267424b-6d99-45f3-81de-1a7ec122e148,7e8cd193-3acf-4c25-9df3-684f97a0ce2c,2,Potentially Available,0,Does Not Provide This Service,0,Does Not Provide This Service,2026-04-11 03:32:52.869862
6ae186fa-1845-4e6f-99ef-c12181437717,7e908286-c23a-4e65-8853-44e0ea721eef,0,Does Not Provide This Service,0,Does Not Provide This Service,3,Constrained by Size,2026-04-11 03:32:52.869862
8b32a389-7a9a-49e5-9fa2-250edeaea90a,7e9b4e16-86f5-49bc-a1f2-b4a58b9efeae,2,Potentially Available,0,Does Not Provide This Service,0,Does Not Provide This Service,2026-04-11 03:32:52.869862
d153e0ce-b135-4229-9acd-723e55298e59,7eac7ef9-c075-4918-8baa-79972a0af50c,2,Potentially Available,0,Does Not Provide This Service,0,Does Not Provide This Service,2026-04-11 03:32:52.869862
463333a2-7480-4f38-a8cb-92fa1729a2dc,7ed8e5f1-ba36-409b-ba1c-10de37521a65,2,Potentially Available,0,Does Not Provide This Service,0,Does Not Provide This Service,2026-04-11 03:32:52.869862
8a50c372-e13c-480e-8dff-6159e8cad911,7edb9346-7e31-4f79-a3e3-f3802fe94fe1,2,Potentially Available,0,Does Not Provide This Service,0,Does Not Provide This Service,2026-04-11 03:32:52.869862
4cfbc901-d4ed-42b2-8323-2caa38c678e0,7ee972ad-dea2-4849-ada4-3314af411a31,2,Potentially Available,0,Does Not Provide This Service,0,Does Not Provide This Service,2026-04-11 03:32:52.869862
371deeb4-e1bf-4883-81d0-94cea1ffc95d,7efa99c9-c72a-49ce-8aa7-743ce3aada76,2,Potentially Available,0,Does Not Provide This Service,0,Does Not Provide This Service,2026-04-11 03:32:52.869862
c5d08fe1-628e-482b-a2c1-58c477bba76f,7f0f9f3b-9832-4268-be57-3caf37d5e640,2,Potentially Available,0,Does Not Provide This Service,0,Does Not Provide This Service,2026-04-11 03:32:52.869862
50a5bb71-c998-480e-aa3c-4fdaae72e20e,7f135b8e-c714-4b9c-b8cc-e68a56139e64,2,Potentially Available,0,Does Not Provide This Service,0,Does Not Provide This Service,2026-04-11 03:32:52.869862
10aae49f-0087-4315-bc94-3c4eb68df2ee,7f2181ca-1609-4da6-ab41-c5cfdb69cbde,2,Potentially Available,0,Does Not Provide This Service,0,Does Not Provide This Service,2026-04-11 03:32:52.869862
14861815-2481-4c0c-878a-aac3abc9f9b7,7f7bac38-ee7b-4660-a218-3df15eeaa501,1,Likely Available,1,Likely Available,0,Does Not Provide This Service,2026-04-11 03:32:52.869862
3367040a-94fc-440e-92fb-24d102794b88,7fa8f742-6dd6-4e07-b604-4520aa562899,2,Potentially Available,0,Does Not Provide This Service,0,Does Not Provide This Service,2026-04-11 03:32:52.869862
617f8f25-7156-456c-a986-fa827e87229f,7fb81360-2dc4-49b0-9de8-f031ae7bb808,2,Potentially Available,0,Does Not Provide This Service,0,Does Not Provide This Service,2026-04-11 03:32:52.869862
aa6c7894-337c-47d8-a322-c6d97066060a,7fb997b5-ceb2-4496-9b7f-33155a1f0370,2,Potentially Available,0,Does Not Provide This Service,0,Does Not Provide This Service,2026-04-11 03:32:52.869862
456cdca3-4bbc-437d-a7b5-e56734db3902,7febe988-3756-4705-ba72-fba778809cff,2,Potentially Available,0,Does Not Provide This Service,0,Does Not Provide This Service,2026-04-11 03:32:52.869862
cbd6c014-747f-417f-97f3-811daed5f611,8013d4be-be2f-45cc-8042-e54cbc4c13ba,2,Potentially Available,0,Does Not Provide This Service,0,Does Not Provide This Service,2026-04-11 03:32:52.869862
98e66322-c877-4144-97cc-4e639dc98893,80193e39-bb25-4e56-b2d6-1c5f72870083,2,Potentially Available,0,Does Not Provide This Service,0,Does Not Provide This Service,2026-04-11 03:32:52.869862
05de7e94-5930-45bb-93e1-25689398649a,801efb77-99ea-4bf6-ba8b-41f9200e2f48,2,Potentially Available,0,Does Not Provide This Service,0,Does Not Provide This Service,2026-04-11 03:32:52.869862
0d581368-453c-4e06-bf0f-725ac2f75e6a,803e8c40-e7e9-46a4-8d59-21a492f0037b,2,Potentially Available,0,Does Not Provide This Service,0,Does Not Provide This Service,2026-04-11 03:32:52.869862
fafc1e0d-6de8-4b34-8105-bca22a5a09a8,80433261-7b82-41be-a34e-d94f913389b5,2,Potentially Available,0,Does Not Provide This Service,0,Does Not Provide This Service,2026-04-11 03:32:52.869862
e2e99d98-de96-4416-8d19-93b2ceda5b25,805a589e-49b7-4c55-a215-097ea66118f4,2,Potentially Available,0,Does Not Provide This Service,0,Does Not Provide This Service,2026-04-11 03:32:52.869862
70284954-792f-476a-b82e-09e0e4eec7f1,807802af-51ec-4312-83a3-a6cdb15048e3,1,Likely Available,1,Likely Available,0,Does Not Provide This Service,2026-04-11 03:32:52.869862
94035fc4-7c97-456b-86ba-9e7c289488e3,8080b157-56fc-42e8-9ddb-f7421d2ada4a,2,Potentially Available,0,Does Not Provide This Service,0,Does Not Provide This Service,2026-04-11 03:32:52.869862
2fdbab63-1d0c-4d8a-b6e1-f202171ce8e1,80c0e3cd-90ef-455e-b157-ec926d7afd18,2,Potentially Available,5,Highly Constrained,0,Does Not Provide This Service,2026-04-11 03:32:52.869862
5ec42df5-35c8-44c8-a0e7-e94e6f5c8ef5,80ff66fd-a96f-4907-9f67-9c39f9d06a2d,2,Potentially Available,0,Does Not Provide This Service,0,Does Not Provide This Service,2026-04-11 03:32:52.869862
1871863e-d413-4ab4-9301-83d3d182e535,811689a8-3b70-4d6d-884c-5eceff2b1e52,2,Potentially Available,0,Does Not Provide This Service,0,Does Not Provide This Service,2026-04-11 03:32:52.869862
44f59523-d31a-4c65-aea2-b40592d73c80,8118b4ab-8901-4983-9f30-1a686d7601a2,2,Potentially Available,3,Constrained by Size,0,Does Not Provide This Service,2026-04-11 03:32:52.869862
9aa5b99e-01b1-42d4-9460-37f8a380a00d,81240af8-7df2-48f0-a356-60a7107b2247,2,Potentially Available,0,Does Not Provide This Service,0,Does Not Provide This Service,2026-04-11 03:32:52.869862
be7c4256-b2e7-4256-9009-fa40c638f5bd,815a2139-a4d4-454d-8ab9-9d254dd0b316,2,Potentially Available,0,Does Not Provide This Service,0,Does Not Provide This Service,2026-04-11 03:32:52.869862
4cd2ad88-0bd8-4554-8078-ed3415bfad54,8168ffc0-7874-481e-b414-8260d0fd20de,2,Potentially Available,0,Does Not Provide This Service,0,Does Not Provide This Service,2026-04-11 03:32:52.869862
89205d2e-27e8-4d33-a0bc-be656d0cce24,816ec8b3-dd89-47b6-ab28-38c84219067a,2,Potentially Available,0,Does Not Provide This Service,0,Does Not Provide This Service,2026-04-11 03:32:52.869862
7cdf8b66-7324-42fe-90eb-6b54fef4b671,81721e66-d8c1-4550-be5a-a0f853b61293,2,Potentially Available,0,Does Not Provide This Service,0,Does Not Provide This Service,2026-04-11 03:32:52.869862
663ce3ff-a81d-4259-a178-5a9f27a83648,81c5006f-a14a-4468-ab43-685bbfa972a4,2,Potentially Available,0,Does Not Provide This Service,0,Does Not Provide This Service,2026-04-11 03:32:52.869862
93c6e44d-e0bf-4cc3-99d0-eaa639217c76,81d6e865-d95a-4b96-92fa-61160cd9e593,2,Potentially Available,0,Does Not Provide This Service,0,Does Not Provide This Service,2026-04-11 03:32:52.869862
57b2ab45-4fc0-40e6-968e-fd24f2b214b7,81fb8956-5280-4f57-9c68-b2c344aca1f4,2,Potentially Available,0,Does Not Provide This Service,0,Does Not Provide This Service,2026-04-11 03:32:52.869862
ac4f8404-43ce-49b4-b0cd-98feb25915ab,82042d29-1830-4d6e-ba24-12d1f8146371,2,Potentially Available,0,Does Not Provide This Service,0,Does Not Provide This Service,2026-04-11 03:32:52.869862
2e8a7e14-2098-4134-9a5c-b29c2212b83b,821b88c3-421f-4da8-9653-951bac097dcb,2,Potentially Available,0,Does Not Provide This Service,0,Does Not Provide This Service,2026-04-11 03:32:52.869862
6994cfa0-f32e-4dcd-ab1e-266457f901ea,821bacd0-aecf-4b26-9802-512182d756cf,2,Potentially Available,0,Does Not Provide This Service,0,Does Not Provide This Service,2026-04-11 03:32:52.869862
7d254b17-b32b-4515-adf8-ebcdbb9c0a41,822241bd-9f61-4218-8fcb-e0e09bc30d99,2,Potentially Available,0,Does Not Provide This Service,0,Does Not Provide This Service,2026-04-11 03:32:52.869862
1c8bbfec-8fb5-4a2f-84f1-23b0498a849b,825cf5b9-422e-49c7-86c5-872319d56bd4,2,Potentially Available,0,Does Not Provide This Service,0,Does Not Provide This Service,2026-04-11 03:32:52.869862
a2ed4e64-7c1b-4436-9cd8-869c309e7633,8263f6a4-b3d8-4b63-b04f-a1acd0b170c8,2,Potentially Available,0,Does Not Provide This Service,0,Does Not Provide This Service,2026-04-11 03:32:52.869862
092e7a74-4492-4134-b61b-6de5fa338e04,827ebdc2-b3f8-4b6a-b4e4-d5d3622e8531,2,Potentially Available,0,Does Not Provide This Service,0,Does Not Provide This Service,2026-04-11 03:32:52.869862
265b485a-d664-4355-9228-c905b7fcef2b,82970d86-6c10-476d-a0c9-0fed9d8b1a6d,2,Potentially Available,0,Does Not Provide This Service,0,Does Not Provide This Service,2026-04-11 03:32:52.869862
ff8cf1cb-7727-4cef-95ca-2ac5932f2c04,82aba676-7c20-47a7-88ff-a9f3b624970f,2,Potentially Available,0,Does Not Provide This Service,0,Does Not Provide This Service,2026-04-11 03:32:52.869862
0dbc4321-330f-4309-b601-d93ffbd4fd62,82bb46c4-0989-48ac-957c-7c58b563898f,2,Potentially Available,0,Does Not Provide This Service,0,Does Not Provide This Service,2026-04-11 03:32:52.869862
b7fd736a-026a-47a5-bc32-e0c1de162c02,82dd0256-4c7f-471a-b100-57d8135f0ba4,2,Potentially Available,0,Does Not Provide This Service,0,Does Not Provide This Service,2026-04-11 03:32:52.869862
a18a7690-f41c-4e52-9514-fe8eba044e28,82e82f36-8dc9-4f3c-81a8-91244f3e8c42,2,Potentially Available,0,Does Not Provide This Service,0,Does Not Provide This Service,2026-04-11 03:32:52.869862
4adf3f10-43c5-45ea-a18b-7002accf75ae,82ece147-8c4f-4a26-a32f-2bd43fd2b3f2,2,Potentially Available,0,Does Not Provide This Service,0,Does Not Provide This Service,2026-04-11 03:32:52.869862
626a3cfa-4b5e-4c79-bea8-19b0f6f2230a,830658da-05ce-4794-952f-4598f4a99029,2,Potentially Available,0,Does Not Provide This Service,0,Does Not Provide This Service,2026-04-11 03:32:52.869862
8a03c2be-d1b5-4499-88fd-d125702aa376,830a7ebc-9ad2-460e-a6c6-13c0e2c59d41,2,Potentially Available,0,Does Not Provide This Service,0,Does Not Provide This Service,2026-04-11 03:32:52.869862
ee70a77a-cb8d-4787-a992-5cd59870376d,83365e0f-8a1c-4628-a723-53335b87ca1c,2,Potentially Available,0,Does Not Provide This Service,0,Does Not Provide This Service,2026-04-11 03:32:52.869862
7efbbfa9-47d0-406d-9874-a12cc275907a,834cd150-22cd-4ce9-b6f6-1c3da553b012,2,Potentially Available,0,Does Not Provide This Service,0,Does Not Provide This Service,2026-04-11 03:32:52.869862
a7b07cf6-f957-45d7-a721-0c907f2f2100,83a315d3-6c6f-4885-acc7-4c4696e88a7a,2,Potentially Available,0,Does Not Provide This Service,0,Does Not Provide This Service,2026-04-11 03:32:52.869862
2b357836-997d-4126-8578-24c0fed73b24,83a9e4f4-69fd-4fc6-91c6-1808b5dcaf06,2,Potentially Available,0,Does Not Provide This Service,0,Does Not Provide This Service,2026-04-11 03:32:52.869862
160675ce-47f5-48dd-bfe5-17116b977a6a,83a9f4aa-7995-4eff-bbd5-e749b7c479b2,2,Potentially Available,0,Does Not Provide This Service,0,Does Not Provide This Service,2026-04-11 03:32:52.869862
06e628c0-e541-40d8-a16f-d8f42142972b,83be01ad-352f-427c-b352-3bb6942e6539,2,Potentially Available,0,Does Not Provide This Service,0,Does Not Provide This Service,2026-04-11 03:32:52.869862
acbeb777-62b6-40a8-8aad-a321bc711eb2,83c20e4c-f4d9-4d7d-9560-a2cca1d613fe,0,Does Not Provide This Service,0,Does Not Provide This Service,3,Constrained by Size,2026-04-11 03:32:52.869862
252b0729-9cd3-4ecf-857d-d4da3b9ee6d8,83fc4c18-576e-4a65-bc38-767477bab5f3,2,Potentially Available,0,Does Not Provide This Service,0,Does Not Provide This Service,2026-04-11 03:32:52.869862
91b5b60a-bef1-42cd-b2da-a0c4d9d70705,8426299f-f362-4688-914f-e05efe1750df,2,Potentially Available,0,Does Not Provide This Service,0,Does Not Provide This Service,2026-04-11 03:32:52.869862
311fc020-191e-47ea-a7f8-845f6c8d88ba,8434f511-c388-4e0a-af37-f8eae15df690,2,Potentially Available,0,Does Not Provide This Service,0,Does Not Provide This Service,2026-04-11 03:32:52.869862
6dc64311-3d68-49eb-8289-3a92761b3125,84371624-7b31-4386-8427-b275ca9dec3a,0,Does Not Provide This Service,0,Does Not Provide This Service,5,Highly Constrained,2026-04-11 03:32:52.869862
edc2f768-220f-41a6-94db-1b5a1d77558a,843c8bf0-7c42-4274-8ec6-95431b84449c,2,Potentially Available,0,Does Not Provide This Service,0,Does Not Provide This Service,2026-04-11 03:32:52.869862
33f434ee-a87d-4f5f-97c5-57c93007b2a7,8444f53f-cde9-482f-94b7-d8426a2a5372,2,Potentially Available,0,Does Not Provide This Service,0,Does Not Provide This Service,2026-04-11 03:32:52.869862
979e4dd5-9e87-4688-92e6-f7d64f451008,846f4885-4049-4ab9-8ef8-9c319c6bcc34,2,Potentially Available,0,Does Not Provide This Service,0,Does Not Provide This Service,2026-04-11 03:32:52.869862
ae3fdbfa-2076-4ec9-807b-47e203892cf7,8475534a-fdf0-4e20-b5a7-85a17f530a7f,2,Potentially Available,0,Does Not Provide This Service,0,Does Not Provide This Service,2026-04-11 03:32:52.869862
2a388405-f956-4737-ad74-f4772cfee5eb,847cbb5c-6f62-4164-a3f6-c8342709e7b7,2,Potentially Available,0,Does Not Provide This Service,0,Does Not Provide This Service,2026-04-11 03:32:52.869862
9de8353a-b5bb-4dba-9f5d-6efa9302cfaa,8492e0cb-acd5-44f7-aa16-7d847459016c,2,Potentially Available,0,Does Not Provide This Service,0,Does Not Provide This Service,2026-04-11 03:32:52.869862
b3ea49cd-f552-4786-a0de-0bb83d1ed560,84a41a04-4c39-47a6-8da5-17df94aa5988,2,Potentially Available,0,Does Not Provide This Service,0,Does Not Provide This Service,2026-04-11 03:32:52.869862
f4299f50-eb68-4830-b245-8ed864c48700,84fad118-204a-4357-8605-e4954c03d6a4,2,Potentially Available,0,Does Not Provide This Service,0,Does Not Provide This Service,2026-04-11 03:32:52.869862
ef6d8f31-c21f-4c92-b70e-5011bdc29f9b,851e3bfc-4d27-48f7-8f0a-07f000df86f0,2,Potentially Available,0,Does Not Provide This Service,0,Does Not Provide This Service,2026-04-11 03:32:52.869862
f68f72cf-25f3-4e22-8260-a308db0c810b,855d4600-6255-433b-b19d-79e3e79b1346,2,Potentially Available,0,Does Not Provide This Service,0,Does Not Provide This Service,2026-04-11 03:32:52.869862
bc4ae30c-ab02-4e22-b2da-5601910e5b04,856d8bef-9946-435c-a494-17ecdde96663,2,Potentially Available,0,Does Not Provide This Service,0,Does Not Provide This Service,2026-04-11 03:32:52.869862
8b1dcdd4-9110-490b-93c6-4c8ef8c34a59,858769c8-ee48-4660-ac27-9d8913c5fa10,2,Potentially Available,0,Does Not Provide This Service,0,Does Not Provide This Service,2026-04-11 03:32:52.869862
9aa284a9-2598-40d4-b444-2ac218504b3e,8593a04b-9ddf-4021-aab3-405a5701894b,2,Potentially Available,0,Does Not Provide This Service,0,Does Not Provide This Service,2026-04-11 03:32:52.869862
f490c305-4614-416d-9cdd-8199c770b9df,8599f1a8-f2e0-462a-8ced-36998623830d,2,Potentially Available,1,Likely Available,0,Does Not Provide This Service,2026-04-11 03:32:52.869862
36877aab-0db3-4e4c-ad7b-cdbd440bbbe6,85ab98bb-3f97-4051-b24b-53a639acef67,0,Does Not Provide This Service,0,Does Not Provide This Service,1,Likely Available,2026-04-11 03:32:52.869862
a13dff48-5638-4c04-ac68-1fdef5db3e5b,85b1518f-f4da-4dcd-9a7f-a9534a03ab28,2,Potentially Available,0,Does Not Provide This Service,0,Does Not Provide This Service,2026-04-11 03:32:52.869862
fac04206-3f17-4d4a-93cc-8e2e21059cc7,85ca016a-7362-4727-b300-ba98a2e2c0d9,2,Potentially Available,0,Does Not Provide This Service,0,Does Not Provide This Service,2026-04-11 03:32:52.869862
23b70395-21b3-4c4e-9bab-03aa204408d2,85cd31e7-f031-4933-9179-d7e0830bcd98,2,Potentially Available,0,Does Not Provide This Service,0,Does Not Provide This Service,2026-04-11 03:32:52.869862
0866db3e-bb13-4e83-9a77-96205dc0864d,85cf3588-1cfd-463b-9627-2e39275045e6,2,Potentially Available,0,Does Not Provide This Service,0,Does Not Provide This Service,2026-04-11 03:32:52.869862
c1980d43-836d-40d0-98de-488474b991ce,86456059-281a-4dde-ae4e-bbb2cab90ab6,0,Does Not Provide This Service,0,Does Not Provide This Service,2,Potentially Available,2026-04-11 03:32:52.869862
d5ca585c-fd06-43dc-96be-02487ffd364a,8689923b-7b45-455e-945c-6201747b4d18,2,Potentially Available,0,Does Not Provide This Service,0,Does Not Provide This Service,2026-04-11 03:32:52.869862
f15ff2f1-31ee-4c47-bccd-4e2f07a9501f,86f163e9-6aa8-4283-9f7e-83d0793e98f5,2,Potentially Available,0,Does Not Provide This Service,0,Does Not Provide This Service,2026-04-11 03:32:52.869862
c8f05cea-f16b-44c4-84af-7e2e3daafb73,87244a29-6ab6-4f6f-89bc-f15f66fcf595,0,Does Not Provide This Service,0,Does Not Provide This Service,1,Likely Available,2026-04-11 03:32:52.869862
86a71727-ece3-42f5-98e3-9d302fbd289a,872e9d60-ca9d-481b-96de-50f9e54b39f5,2,Potentially Available,0,Does Not Provide This Service,0,Does Not Provide This Service,2026-04-11 03:32:52.869862
e2cbe7bc-1bf8-438b-916e-e207be17d7dc,87375abb-9aa8-40dc-9abd-8398e7b58a4c,2,Potentially Available,0,Does Not Provide This Service,0,Does Not Provide This Service,2026-04-11 03:32:52.869862
799b405f-5374-492b-a2ed-3e42840df58f,87535b7c-acb0-49fa-9add-b52f8b1da44d,0,Does Not Provide This Service,0,Does Not Provide This Service,4,Constrained by Market,2026-04-11 03:32:52.869862
085ce9d6-6e6b-46e9-bea8-f1529fc96653,87641349-4a16-4f60-8304-3fb529f5a8cb,2,Potentially Available,0,Does Not Provide This Service,0,Does Not Provide This Service,2026-04-11 03:32:52.869862
40744392-ce7c-4739-83ed-94d2a07437e6,87a57de2-09b6-498b-a9a5-a691e737dccb,2,Potentially Available,0,Does Not Provide This Service,0,Does Not Provide This Service,2026-04-11 03:32:52.869862
e5dd2f49-6bfd-4d47-a328-29b38780c488,87bf0982-0356-48ba-92e1-70f24eb2530f,2,Potentially Available,0,Does Not Provide This Service,0,Does Not Provide This Service,2026-04-11 03:32:52.869862
fd5de282-b8be-426a-9766-329dc300dea0,87d11ed4-bc50-415d-909b-5ba61b985cac,2,Potentially Available,0,Does Not Provide This Service,0,Does Not Provide This Service,2026-04-11 03:32:52.869862
e6c828ec-979e-4545-9b27-57b9d0ef6847,87f443e9-101e-4ae9-affe-e835984b3678,2,Potentially Available,0,Does Not Provide This Service,0,Does Not Provide This Service,2026-04-11 03:32:52.869862
0e4e1294-e5af-48a0-a9e7-41bbf08aee97,88123a7a-952a-43f6-87e4-e7cc1aa40341,2,Potentially Available,0,Does Not Provide This Service,0,Does Not Provide This Service,2026-04-11 03:32:52.869862
cca30112-210d-45c8-b9ab-f1ea48a9aed2,8821c301-e796-4815-b845-f708a467a29a,2,Potentially Available,0,Does Not Provide This Service,0,Does Not Provide This Service,2026-04-11 03:32:52.869862
6bf36af1-dc78-4f3d-8cf1-b0817d442e2c,882a1098-8dff-4bec-beae-9766559dde51,0,Does Not Provide This Service,0,Does Not Provide This Service,1,Likely Available,2026-04-11 03:32:52.869862
36af6a6b-ead0-4168-9f16-baa30035eca0,885dce9c-dc7e-49f0-9368-63a6f99f6b38,2,Potentially Available,0,Does Not Provide This Service,0,Does Not Provide This Service,2026-04-11 03:32:52.869862
3b09baa2-4191-4300-83f4-2d2cec195546,88605d52-e472-48ed-bda7-e1f6b89b6fc9,2,Potentially Available,0,Does Not Provide This Service,0,Does Not Provide This Service,2026-04-11 03:32:52.869862
895d198c-b638-49af-8d19-10831ab07fde,8864039a-aac3-4175-8b2e-f84591939a9e,2,Potentially Available,0,Does Not Provide This Service,0,Does Not Provide This Service,2026-04-11 03:32:52.869862
cc8c96cd-d26b-44a3-a48e-27de14bbf3da,8873fd93-8e22-41a9-9bda-0c6eed8ba915,2,Potentially Available,0,Does Not Provide This Service,0,Does Not Provide This Service,2026-04-11 03:32:52.869862
62de1b15-882b-4497-aea9-b775286df90c,889d7ee6-e3f7-4d92-b6aa-36942c53b7fe,2,Potentially Available,0,Does Not Provide This Service,0,Does Not Provide This Service,2026-04-11 03:32:52.869862
74a359fb-97da-4ea3-9f52-55c31479fe19,88b1e1cd-8a0c-48c7-b842-96f554dec5bc,2,Potentially Available,0,Does Not Provide This Service,0,Does Not Provide This Service,2026-04-11 03:32:52.869862
49eccf19-d1e4-4e7e-ae9f-bdb6121f3fdd,88c1f7a5-b233-4691-b734-cf510ed3061f,2,Potentially Available,0,Does Not Provide This Service,0,Does Not Provide This Service,2026-04-11 03:32:52.869862
c4acd783-5150-4fde-99f9-f16525222254,88c4f338-96d6-46c3-99ca-6cd38341b71e,2,Potentially Available,1,Likely Available,0,Does Not Provide This Service,2026-04-11 03:32:52.869862
aa831b17-296f-4c7d-957a-9ffc1cd874e8,88cb09e0-cfac-4dc5-ae5e-3093f1d6c7b0,2,Potentially Available,0,Does Not Provide This Service,0,Does Not Provide This Service,2026-04-11 03:32:52.869862
8c3267b7-1dbb-4371-a939-dd4cb5ebb00e,88d7d878-6e8f-4b7d-9030-0923631e2279,2,Potentially Available,0,Does Not Provide This Service,0,Does Not Provide This Service,2026-04-11 03:32:52.869862
a9702634-ce61-45bb-bb23-2fb6fc3adc28,8926d5ec-a1eb-4d04-98d4-50db1f08ff7e,2,Potentially Available,0,Does Not Provide This Service,0,Does Not Provide This Service,2026-04-11 03:32:52.869862
b55ad8f3-1025-40e5-972c-6c854a56ee44,894ec123-4972-41a5-a116-dc165c1db8ab,2,Potentially Available,0,Does Not Provide This Service,0,Does Not Provide This Service,2026-04-11 03:32:52.869862
fefbe3d9-7546-4b43-bab4-05150752006c,895fc0dc-eecc-4d2d-a425-dbec5e2e3137,0,Does Not Provide This Service,0,Does Not Provide This Service,4,Constrained by Market,2026-04-11 03:32:52.869862
d6286203-6d6e-49a1-ac2b-4d28f9e0f728,8960523d-4057-477d-99ac-27908bb6a9cc,2,Potentially Available,0,Does Not Provide This Service,0,Does Not Provide This Service,2026-04-11 03:32:52.869862
86705df6-8e0b-4c3b-97c3-612e081ec195,8978c97e-c120-4887-a117-e9da43645fd8,2,Potentially Available,0,Does Not Provide This Service,0,Does Not Provide This Service,2026-04-11 03:32:52.869862
76a36461-4004-49b3-84a9-777be7e03bd0,89b33cd0-683b-494c-b440-e2cf885cb9e5,1,Likely Available,0,Does Not Provide This Service,0,Does Not Provide This Service,2026-04-11 03:32:52.869862
b3924770-3c89-4e9e-a53e-456d2c02299f,89e7fa97-f83d-4d31-945e-d38c733ed7b2,2,Potentially Available,0,Does Not Provide This Service,0,Does Not Provide This Service,2026-04-11 03:32:52.869862
76905534-8638-419e-bb84-ad8d60cd141b,8a19764e-6bc7-4f2b-8ddf-649f41c201ae,0,Does Not Provide This Service,0,Does Not Provide This Service,1,Likely Available,2026-04-11 03:32:52.869862
47d599b5-b5f8-4f74-ac33-ccba3556fdfb,8a43dc96-4dd2-4290-b15f-e988ce201a45,1,Likely Available,1,Likely Available,0,Does Not Provide This Service,2026-04-11 03:32:52.869862
d6117726-1849-4c40-83f2-0d1289d99517,8a446d51-0e30-4d69-94b7-d5a11ec9b6f9,2,Potentially Available,0,Does Not Provide This Service,0,Does Not Provide This Service,2026-04-11 03:32:52.869862
9383af5a-72f1-4e00-be77-e27c2c363a2c,8a46fcc8-e0df-4a7a-9827-10ec4ef80b24,2,Potentially Available,0,Does Not Provide This Service,0,Does Not Provide This Service,2026-04-11 03:32:52.869862
a264b688-2479-4fe8-984c-323d7dc35fbf,8a7d0bfa-8986-4ba3-943e-0f1ac718a604,2,Potentially Available,0,Does Not Provide This Service,0,Does Not Provide This Service,2026-04-11 03:32:52.869862
a7592419-1b07-4baf-9235-b717156f4415,8a81c3d6-31de-45e6-9391-f87e9b1e0a51,2,Potentially Available,0,Does Not Provide This Service,0,Does Not Provide This Service,2026-04-11 03:32:52.869862
8e291137-9533-45d7-b6e7-1ca0cd0432fb,8a82e2a9-9a96-4f33-9b0f-10bfac9880c6,0,Does Not Provide This Service,0,Does Not Provide This Service,1,Likely Available,2026-04-11 03:32:52.869862
1ae15793-322a-4fa9-8bee-8b1fda8fe596,8a933561-d4bb-48e1-ad24-cff9ecc98ab0,2,Potentially Available,0,Does Not Provide This Service,0,Does Not Provide This Service,2026-04-11 03:32:52.869862
792e4cdc-4c3a-4c5e-8350-eb9c4c420455,8ab02c3b-b285-4b63-a0a3-93d6b77f6b59,2,Potentially Available,0,Does Not Provide This Service,0,Does Not Provide This Service,2026-04-11 03:32:52.869862
f6d5aa50-39d8-41ba-a9b2-7137fc4761b1,8ab190e4-5706-46ce-977b-4e9787ca6a3b,2,Potentially Available,0,Does Not Provide This Service,0,Does Not Provide This Service,2026-04-11 03:32:52.869862
75040716-7adc-4b5e-92f1-2ba8c25e7d8f,8ab8058c-a743-4db5-bc63-6c71152d03f9,2,Potentially Available,0,Does Not Provide This Service,0,Does Not Provide This Service,2026-04-11 03:32:52.869862
aef7ec13-40bf-4750-9dd1-8e3dc2ec5470,8ad11012-0418-4eea-ac3f-952c7373345a,0,Does Not Provide This Service,0,Does Not Provide This Service,2,Potentially Available,2026-04-11 03:32:52.869862
b27b68c0-29ba-4f62-88c0-a8fdf6a88e9e,8af57f14-6b20-4a4f-8938-534986c9df08,2,Potentially Available,0,Does Not Provide This Service,0,Does Not Provide This Service,2026-04-11 03:32:52.869862
1eb93069-dae6-4053-aec5-466989614c4a,8b416679-7b5d-4770-953b-96ca2cd722db,2,Potentially Available,0,Does Not Provide This Service,0,Does Not Provide This Service,2026-04-11 03:32:52.869862
23b84aec-1faf-4a1f-bf8d-e5a6f9e2ece9,8b6a2b80-fec0-4cf5-b6af-02582fe07272,2,Potentially Available,0,Does Not Provide This Service,0,Does Not Provide This Service,2026-04-11 03:32:52.869862
620d5ba3-1893-4936-9284-7605247b1313,8b9191b2-816a-4e2a-bd8a-905d0d77c8ed,2,Potentially Available,0,Does Not Provide This Service,0,Does Not Provide This Service,2026-04-11 03:32:52.869862
d59971ae-188e-4ac7-9327-5adcbe9a6431,8ba652fa-cf56-4e12-a747-e63c53ab896d,2,Potentially Available,0,Does Not Provide This Service,0,Does Not Provide This Service,2026-04-11 03:32:52.869862
d023f80b-d994-41cf-8c7c-4649e1bc93ae,8bad712f-eab8-431b-b411-e660a7926188,2,Potentially Available,0,Does Not Provide This Service,0,Does Not Provide This Service,2026-04-11 03:32:52.869862
29a55afd-cdea-455b-b179-0a8c885e6aae,8bed63d2-6d25-4f8b-872b-a7be81857ad3,2,Potentially Available,0,Does Not Provide This Service,0,Does Not Provide This Service,2026-04-11 03:32:52.869862
0c849549-fd8d-456c-bc2e-502b7a2f00f0,8bf011c1-ed77-4565-8bc6-d95eb565b5fa,2,Potentially Available,0,Does Not Provide This Service,0,Does Not Provide This Service,2026-04-11 03:32:52.869862
02f473f6-3f31-49c3-8e6b-d6b82dbc390d,8bf3cb04-5e23-42f5-bdd3-21494f1b3713,2,Potentially Available,0,Does Not Provide This Service,0,Does Not Provide This Service,2026-04-11 03:32:52.869862
4df2f68a-6ef3-42d5-ba9a-01d29df43001,8bfe7fac-a52d-44af-a75a-c5354e4413ed,2,Potentially Available,0,Does Not Provide This Service,0,Does Not Provide This Service,2026-04-11 03:32:52.869862
c21b4475-57a6-4d29-86f9-52bafcd41372,8c00c306-63d9-4390-80b5-5258f45ee56c,2,Potentially Available,0,Does Not Provide This Service,0,Does Not Provide This Service,2026-04-11 03:32:52.869862
bb02e527-8328-4a4c-93b8-50a3ac82f11c,8c1a925f-9754-4184-9cf6-9fee8c622664,2,Potentially Available,0,Does Not Provide This Service,0,Does Not Provide This Service,2026-04-11 03:32:52.869862
6b1ba8b4-782f-4352-be34-454a4f91b533,8c1ea6a8-b2a0-4eae-b0a2-473351dfde86,2,Potentially Available,0,Does Not Provide This Service,0,Does Not Provide This Service,2026-04-11 03:32:52.869862
73e2b10b-9bd7-4251-8130-1cca8cb863c8,8c411c4c-cc68-4e53-ac2d-336aac6db609,2,Potentially Available,0,Does Not Provide This Service,0,Does Not Provide This Service,2026-04-11 03:32:52.869862
f9a68ee9-2de3-425d-a5f3-ad0014049cc6,8c48c32c-f646-4b25-ae90-c12399935f9a,0,Does Not Provide This Service,0,Does Not Provide This Service,1,Likely Available,2026-04-11 03:32:52.869862
b892a1f5-88b4-40f6-8fef-4b2690d4aacc,8c553b0e-88a7-414e-bd37-62bc970b1f28,2,Potentially Available,0,Does Not Provide This Service,0,Does Not Provide This Service,2026-04-11 03:32:52.869862
36c01aeb-6db7-40a3-afb8-0d644a7631ab,8c864534-e136-4b8c-af49-3939d3542ae8,2,Potentially Available,0,Does Not Provide This Service,0,Does Not Provide This Service,2026-04-11 03:32:52.869862
2709258f-0829-4432-9318-a6ea79d1e606,8c9a474b-ce44-4861-934d-f5d92feea536,2,Potentially Available,0,Does Not Provide This Service,0,Does Not Provide This Service,2026-04-11 03:32:52.869862
e1a783a0-7b6d-4711-a052-0602d45dcca4,8ca43547-8532-444b-b294-7a6eb3d3e54b,2,Potentially Available,0,Does Not Provide This Service,0,Does Not Provide This Service,2026-04-11 03:32:52.869862
99e4961a-f9c5-4d19-afca-8736be5eb955,8cbf510b-bd0e-4da7-8555-55700c123d9f,2,Potentially Available,0,Does Not Provide This Service,0,Does Not Provide This Service,2026-04-11 03:32:52.869862
986e4107-a98e-4dea-b74e-453cca832742,8cc1c2e5-8a66-42da-a7d0-4b3c15dea5d7,2,Potentially Available,0,Does Not Provide This Service,0,Does Not Provide This Service,2026-04-11 03:32:52.869862
c4617f93-b290-4e4a-91ee-902c2b838ae0,8cedef48-62b8-44e3-9b96-80aeba06a3b0,2,Potentially Available,0,Does Not Provide This Service,0,Does Not Provide This Service,2026-04-11 03:32:52.869862
98d28b5d-afe4-42db-9bcb-97761c6efe02,8cef3fb0-6765-4fb6-86e0-f58bd0e64aaa,2,Potentially Available,1,Likely Available,0,Does Not Provide This Service,2026-04-11 03:32:52.869862
0faba33f-c951-45e1-a865-760bbfa8cf48,8d2caa06-9abe-4d03-bbc2-5caaa232f27e,2,Potentially Available,0,Does Not Provide This Service,0,Does Not Provide This Service,2026-04-11 03:32:52.869862
93526b48-40c8-480f-b30c-df5b3e357c84,8d4810c0-0e97-42eb-9578-5cf6cdce1b62,2,Potentially Available,0,Does Not Provide This Service,0,Does Not Provide This Service,2026-04-11 03:32:52.869862
4145781f-0d67-41f6-923b-5c70937229cc,8d48c7d4-9c60-43e6-8602-7174e662a79f,2,Potentially Available,0,Does Not Provide This Service,0,Does Not Provide This Service,2026-04-11 03:32:52.869862
5700b7a3-7314-4456-86fa-b4a827fe225c,8d551710-e95e-418f-9d74-2f9311bafb41,2,Potentially Available,0,Does Not Provide This Service,0,Does Not Provide This Service,2026-04-11 03:32:52.869862
a4f55227-40a8-4b19-bd2e-23bdae89e006,8d5efdd3-6842-4082-aca5-f7e8b3bf9d40,2,Potentially Available,0,Does Not Provide This Service,0,Does Not Provide This Service,2026-04-11 03:32:52.869862
3ab75b50-9f48-4296-8040-2e9e3e7fddf7,8d6d15f5-5ecd-4a7d-96a7-275c0c9f6122,2,Potentially Available,0,Does Not Provide This Service,0,Does Not Provide This Service,2026-04-11 03:32:52.869862
ed832af3-8eb1-4ed9-b3be-7d440ae7bfc3,8d86016c-8702-4634-adf3-d8a5bf97dbb9,2,Potentially Available,0,Does Not Provide This Service,0,Does Not Provide This Service,2026-04-11 03:32:52.869862
5c179be4-0a21-4fcb-81c9-1a56adae0f02,8daed008-cee7-4a3e-935a-937a728ec4b8,2,Potentially Available,0,Does Not Provide This Service,0,Does Not Provide This Service,2026-04-11 03:32:52.869862
847710c4-d7aa-4d28-ac77-007382678c6d,8dbe10ce-e233-4c62-8d02-ef573401fc4b,2,Potentially Available,0,Does Not Provide This Service,0,Does Not Provide This Service,2026-04-11 03:32:52.869862
a7c09587-0fb0-4597-bed5-d6eda265f518,8dcbbcad-b8ee-4b04-817c-3d988cd9b728,2,Potentially Available,0,Does Not Provide This Service,0,Does Not Provide This Service,2026-04-11 03:32:52.869862
8aeb6221-d621-4ea3-83dd-74fbd5482bd0,8df51868-f7a7-43ee-b15f-81c79ee43ee3,2,Potentially Available,5,Highly Constrained,0,Does Not Provide This Service,2026-04-11 03:32:52.869862
9a6279c5-1b17-46d3-a1b3-1a3cdd788cee,8e00f16e-93ac-42d2-92fe-9fd51939bcbf,2,Potentially Available,0,Does Not Provide This Service,0,Does Not Provide This Service,2026-04-11 03:32:52.869862
890f3390-5ebd-4a00-bc68-db16b1ee349e,8e0451cc-a90f-406e-b167-f6d9e1434d58,2,Potentially Available,0,Does Not Provide This Service,0,Does Not Provide This Service,2026-04-11 03:32:52.869862
97c0be0c-2ca7-4b1e-a432-f06d81558823,8e37df1b-d301-4c83-b1a9-89947ca11bc4,2,Potentially Available,0,Does Not Provide This Service,0,Does Not Provide This Service,2026-04-11 03:32:52.869862
532a0e46-ac29-4896-bfb1-ef1188c4398d,8e429e1b-35fc-4108-a16c-0e00d6397c49,2,Potentially Available,0,Does Not Provide This Service,0,Does Not Provide This Service,2026-04-11 03:32:52.869862
e91fbc34-166d-49d1-9514-0d62108a2588,8e43cd25-a2ba-4d39-bde4-cec1f04269df,2,Potentially Available,0,Does Not Provide This Service,0,Does Not Provide This Service,2026-04-11 03:32:52.869862
8a009642-87f5-4982-9e41-f247383ad48c,8e7fbf16-e8a3-477f-a038-240ac39b23b4,2,Potentially Available,0,Does Not Provide This Service,0,Does Not Provide This Service,2026-04-11 03:32:52.869862
23c6a735-6814-4b91-88b3-12484224be9d,8ecd9332-1929-4ad6-b686-f0f17a2446ee,2,Potentially Available,0,Does Not Provide This Service,0,Does Not Provide This Service,2026-04-11 03:32:52.869862
0ed675a5-2375-4549-be5a-2ab3ad5d6aaa,8ee38718-19ec-406a-9c09-fb1570a18be9,2,Potentially Available,0,Does Not Provide This Service,0,Does Not Provide This Service,2026-04-11 03:32:52.869862
5cbabf12-a7b3-468a-956f-7233982c50c4,8eea6b9a-5b59-4a24-9afa-6a2cd73e4a59,2,Potentially Available,0,Does Not Provide This Service,0,Does Not Provide This Service,2026-04-11 03:32:52.869862
b2a96480-1831-460b-94bd-44a192c89afb,8f02dae8-4702-409f-8562-7154f581a674,2,Potentially Available,0,Does Not Provide This Service,0,Does Not Provide This Service,2026-04-11 03:32:52.869862
a10c41ae-8965-4d2a-8e30-107554bb53ef,8f0c8c79-c98b-4f5a-b66a-c595175449de,2,Potentially Available,0,Does Not Provide This Service,0,Does Not Provide This Service,2026-04-11 03:32:52.869862
ea637ed8-ef03-4487-a6e8-68ddc3479358,8f1377c3-ffc5-4958-85c2-a0cd7dd42ea2,2,Potentially Available,0,Does Not Provide This Service,0,Does Not Provide This Service,2026-04-11 03:32:52.869862
12526ab8-c5eb-4ab7-83d1-92e479e252ee,8f1bb179-320e-4258-8a08-11cdf513bf8d,2,Potentially Available,0,Does Not Provide This Service,0,Does Not Provide This Service,2026-04-11 03:32:52.869862
8a92dac2-805e-402e-ad3c-86dc5716b185,8f2357ff-e666-487b-9755-810514117d32,2,Potentially Available,0,Does Not Provide This Service,0,Does Not Provide This Service,2026-04-11 03:32:52.869862
b161b384-2842-4655-b94d-d7b54c4dcbcb,8f2d3c70-ecf2-4738-a19c-fa1097cc94e0,2,Potentially Available,0,Does Not Provide This Service,0,Does Not Provide This Service,2026-04-11 03:32:52.869862
ff655cd1-7fb6-46f7-a933-e0a85fdd29f3,8f3e6219-783b-4918-9d36-170f055f13d0,2,Potentially Available,0,Does Not Provide This Service,0,Does Not Provide This Service,2026-04-11 03:32:52.869862
1bbfec9f-7a56-4be8-8fad-15d7b078b6a1,8f3fe29c-b5e4-4df0-91b4-30c125021dc0,2,Potentially Available,0,Does Not Provide This Service,0,Does Not Provide This Service,2026-04-11 03:32:52.869862
0f321071-6ed6-46f0-99d4-11852bea9837,8f5fbf3e-0362-49d1-9694-3fc8413c59e4,2,Potentially Available,0,Does Not Provide This Service,0,Does Not Provide This Service,2026-04-11 03:32:52.869862
50cc205a-009f-48ea-b6e6-a3c23eb7b0f7,8f6c79a2-82e9-4072-8bce-e33abb614772,2,Potentially Available,0,Does Not Provide This Service,0,Does Not Provide This Service,2026-04-11 03:32:52.869862
cf53055f-6b40-42cd-b1db-8f09847b6b3e,8f76b173-3d19-4d97-9522-3103665119a3,2,Potentially Available,0,Does Not Provide This Service,0,Does Not Provide This Service,2026-04-11 03:32:52.869862
32c8eeb3-59f8-42cd-a3a2-7755baabebae,8f7f5566-50f2-45b8-853a-fdbd131348be,2,Potentially Available,0,Does Not Provide This Service,0,Does Not Provide This Service,2026-04-11 03:32:52.869862
080f4059-886d-4e81-9233-54ca8c0b6be2,8f967cd3-68cc-46ce-b325-ed72d738d337,2,Potentially Available,0,Does Not Provide This Service,0,Does Not Provide This Service,2026-04-11 03:32:52.869862
91ae56fe-3d32-48d0-9909-266180c5c8c6,8f9f6d4c-5e83-49c2-86c7-a968b0400150,2,Potentially Available,0,Does Not Provide This Service,0,Does Not Provide This Service,2026-04-11 03:32:52.869862
98e765da-ead1-46ae-a669-721ae421e22e,8fc17733-cfdb-4105-9197-bd77cb84e405,2,Potentially Available,0,Does Not Provide This Service,0,Does Not Provide This Service,2026-04-11 03:32:52.869862
c490931e-128b-4564-8721-51f7a93762af,8fd754b6-5510-4543-b649-c32f0a32fc12,2,Potentially Available,0,Does Not Provide This Service,0,Does Not Provide This Service,2026-04-11 03:32:52.869862
e8a7c950-3301-4c1e-9f15-035b15fd75ee,8fec05c1-466a-42a7-b129-38aa0aa4b287,2,Potentially Available,0,Does Not Provide This Service,0,Does Not Provide This Service,2026-04-11 03:32:52.869862
d6f33487-9b1f-4497-8cff-9b661d8206e1,8ff83b3e-99d2-4771-973a-997b849e499a,2,Potentially Available,0,Does Not Provide This Service,0,Does Not Provide This Service,2026-04-11 03:32:52.869862
3c2a53dc-365a-4acb-b3b1-37577fe5b40f,90092b1f-eb58-4db3-b9f8-ffc67311d8a5,2,Potentially Available,0,Does Not Provide This Service,0,Does Not Provide This Service,2026-04-11 03:32:52.869862
dc9936eb-970e-41e0-8497-5dbd9e88a9b6,902845dd-6c8b-4567-82e2-f2454e42c6d0,2,Potentially Available,0,Does Not Provide This Service,0,Does Not Provide This Service,2026-04-11 03:32:52.869862
57b6130c-5dc1-40a7-bd09-1a89528d7cea,9031943c-50b7-44fd-9f32-9d0cbaf5e4cf,2,Potentially Available,0,Does Not Provide This Service,0,Does Not Provide This Service,2026-04-11 03:32:52.869862
8a7b07ef-5cae-4258-8078-0ba2212df863,903b9da2-2784-4757-abec-cb8af2baf0fc,2,Potentially Available,0,Does Not Provide This Service,0,Does Not Provide This Service,2026-04-11 03:32:52.869862
b2129e31-159b-443a-88ff-13f945a01bd9,907f3844-aa7f-4eaa-8864-197c818938c9,0,Does Not Provide This Service,0,Does Not Provide This Service,1,Likely Available,2026-04-11 03:32:52.869862
d46e71d0-3082-4cf7-b42d-5125b05c29f6,9084801c-3ae4-49f9-a6e2-368e6ba5beab,1,Likely Available,1,Likely Available,0,Does Not Provide This Service,2026-04-11 03:32:52.869862
fcf0cec6-8394-4a17-b6e9-df5572de1a41,9089427f-8309-4bff-b370-95f4902bfb26,2,Potentially Available,0,Does Not Provide This Service,0,Does Not Provide This Service,2026-04-11 03:32:52.869862
f8f13a66-9251-42c1-8441-cbee8eb9883c,9099235c-c062-4e74-8175-94ee72b66470,2,Potentially Available,0,Does Not Provide This Service,0,Does Not Provide This Service,2026-04-11 03:32:52.869862
d27673e5-8a4d-429d-a37c-a7225e77cc0e,90cf74cb-b4bd-4bc3-94fd-e8866b366844,2,Potentially Available,0,Does Not Provide This Service,0,Does Not Provide This Service,2026-04-11 03:32:52.869862
b62501bb-f43f-4d02-ac1e-08bf04009298,90e0045c-fd7b-4543-93de-728b707b8074,2,Potentially Available,0,Does Not Provide This Service,0,Does Not Provide This Service,2026-04-11 03:32:52.869862
59b23f5e-c62e-4ad7-9308-6dcb5b8d4f2c,90ed165e-7dd1-4a5c-ab79-d96e59b89056,2,Potentially Available,0,Does Not Provide This Service,0,Does Not Provide This Service,2026-04-11 03:32:52.869862
6745b790-8ad1-495c-b422-b05f4e12e0ae,90f8f1cf-d50b-4387-a848-c0323ebb3f99,2,Potentially Available,0,Does Not Provide This Service,0,Does Not Provide This Service,2026-04-11 03:32:52.869862
b248a18f-a259-4c98-9d40-7eb75bd70d1b,90fc32b1-7ce1-4466-b5a4-00ad0abc30d3,2,Potentially Available,0,Does Not Provide This Service,0,Does Not Provide This Service,2026-04-11 03:32:52.869862
a0a29e40-db96-4be2-8f2e-7896eab72989,9101e065-6650-421f-a738-630857f6b8ef,2,Potentially Available,0,Does Not Provide This Service,0,Does Not Provide This Service,2026-04-11 03:32:52.869862
8269462d-9a8a-412d-a3f3-9057ad172642,910bf4a8-783f-41d7-b6da-10fb67247ff4,2,Potentially Available,0,Does Not Provide This Service,0,Does Not Provide This Service,2026-04-11 03:32:52.869862
c8a7e851-8e7e-47d5-80fa-40161e7031a6,911a7ec0-cde1-402e-960e-0d57e977a039,2,Potentially Available,0,Does Not Provide This Service,0,Does Not Provide This Service,2026-04-11 03:32:52.869862
0e18e554-04dd-462b-a318-9bbdb6b9f60a,911cd57e-4c44-4cd6-bb02-f132355263c8,2,Potentially Available,0,Does Not Provide This Service,0,Does Not Provide This Service,2026-04-11 03:32:52.869862
6b7b9866-0b3e-48e4-9d36-59057f5f52a8,911efcaf-1035-4e78-afc9-64e9bc4d1712,2,Potentially Available,0,Does Not Provide This Service,0,Does Not Provide This Service,2026-04-11 03:32:52.869862
d273ae0a-08d0-4bcb-9384-a1e2309b2b61,9146a0a5-2610-44cc-8d89-ecfef6190912,2,Potentially Available,0,Does Not Provide This Service,0,Does Not Provide This Service,2026-04-11 03:32:52.869862
b390ed27-85e1-4d2e-8fb7-ec555df5ab65,9154fc5a-36ea-4efc-9933-6d9c89d6ca63,2,Potentially Available,0,Does Not Provide This Service,0,Does Not Provide This Service,2026-04-11 03:32:52.869862
135ff297-fb2c-4df2-ad8b-7d4a03577705,915ea8a0-d861-4149-ab36-026c64557f68,0,Does Not Provide This Service,0,Does Not Provide This Service,3,Constrained by Size,2026-04-11 03:32:52.869862
f24ca0ae-ffb0-49f4-8563-a15b03c3b3d7,919008db-8f5e-44d6-ba01-ead273838a55,2,Potentially Available,5,Highly Constrained,0,Does Not Provide This Service,2026-04-11 03:32:52.869862
5a0b2709-b623-4341-a178-42b25637c4d5,91b4a171-682e-465f-8519-4f63e9679e51,2,Potentially Available,0,Does Not Provide This Service,0,Does Not Provide This Service,2026-04-11 03:32:52.869862
b68100b6-0a83-42b8-8ef3-184efad791e0,91bb5ace-abd8-402e-a1a9-1a3827f34c14,2,Potentially Available,0,Does Not Provide This Service,0,Does Not Provide This Service,2026-04-11 03:32:52.869862
6d4f43e0-4d21-41f7-acfe-fbac68fe0b52,91d22a0c-8385-49b3-8a70-e64c5294dbc8,2,Potentially Available,0,Does Not Provide This Service,0,Does Not Provide This Service,2026-04-11 03:32:52.869862
7a730b34-33ed-4106-9465-eb00c0e0bfe2,c6fb90e7-e195-4b42-b9c1-7b659d0e2714,0,Does Not Provide This Service,0,Does Not Provide This Service,1,Likely Available,2026-04-11 03:32:52.869862
241dc6f8-df70-4e4f-94ed-fa21d126441f,91e53f37-ed44-47ff-9a93-bbfb94b272fa,2,Potentially Available,0,Does Not Provide This Service,0,Does Not Provide This Service,2026-04-11 03:32:52.869862
e08648ba-a687-4b98-9685-dc5e3f6820d9,91ee4a3d-29d6-4e28-8040-5e3d2426df9e,2,Potentially Available,0,Does Not Provide This Service,0,Does Not Provide This Service,2026-04-11 03:32:52.869862
dad40b3e-f9d1-46bf-8bd4-5ff57c34907f,91f854c7-0816-4c4d-a874-cc4e7879e54b,2,Potentially Available,0,Does Not Provide This Service,0,Does Not Provide This Service,2026-04-11 03:32:52.869862
cfc03c9f-8690-4c30-bc22-44a7f1e47a5e,92125518-d7e7-4d39-8a63-31163ac1f905,2,Potentially Available,0,Does Not Provide This Service,0,Does Not Provide This Service,2026-04-11 03:32:52.869862
8c4321e2-d5a3-4eb3-95f7-cbfeb5c1d9df,92146ff1-8610-4648-8ed3-fd78a500e82e,0,Does Not Provide This Service,0,Does Not Provide This Service,3,Constrained by Size,2026-04-11 03:32:52.869862
7b78c880-7efc-4178-9d5f-c0a996d5b11e,922c0b18-9c0f-4285-a2dc-298722f8f46e,0,Does Not Provide This Service,0,Does Not Provide This Service,4,Constrained by Market,2026-04-11 03:32:52.869862
916d9d8a-c910-4149-a59b-32311a221264,9237c1de-e4f1-40e6-85f3-b1b61d662da0,2,Potentially Available,0,Does Not Provide This Service,0,Does Not Provide This Service,2026-04-11 03:32:52.869862
80da31d5-476f-42aa-b0d4-4ffea2149ffb,9249afdb-c7e3-4787-9442-0cf3106d90df,2,Potentially Available,0,Does Not Provide This Service,0,Does Not Provide This Service,2026-04-11 03:32:52.869862
391de07e-e25d-4b72-ab1e-f5bbc1610b9c,927e1531-34cd-44bb-8e01-771f719c65d4,2,Potentially Available,0,Does Not Provide This Service,0,Does Not Provide This Service,2026-04-11 03:32:52.869862
773cc1a3-7534-464b-b878-a53846375f18,929a4f8b-7ac4-4754-a83a-50fdc9e51414,2,Potentially Available,0,Does Not Provide This Service,0,Does Not Provide This Service,2026-04-11 03:32:52.869862
b7affdd9-0590-416d-9b87-9909c75ec091,92f5e7d7-7384-4098-b4d5-ecbcfa9afb9d,2,Potentially Available,0,Does Not Provide This Service,0,Does Not Provide This Service,2026-04-11 03:32:52.869862
96294ef3-5ddb-430a-af81-c3c446173456,93055511-a0a4-408d-a3f1-61ab359888d5,2,Potentially Available,0,Does Not Provide This Service,0,Does Not Provide This Service,2026-04-11 03:32:52.869862
be6719d6-9803-4814-81cc-8bd794f0a514,93159ffe-2c06-4e76-b034-02bb3c17819a,2,Potentially Available,0,Does Not Provide This Service,0,Does Not Provide This Service,2026-04-11 03:32:52.869862
9237b778-53bb-486a-9a14-942731e93eec,93414d69-679e-49d4-bc91-7bc2ca946648,2,Potentially Available,0,Does Not Provide This Service,0,Does Not Provide This Service,2026-04-11 03:32:52.869862
f8d10379-65a9-4da0-9127-c15e3899df38,939f445e-b722-4435-bbcd-917ebd28eeee,2,Potentially Available,0,Does Not Provide This Service,0,Does Not Provide This Service,2026-04-11 03:32:52.869862
e1b2833b-59a4-460b-8abe-621765c2ffaa,93a62951-c2a3-47a8-824f-ae0dca8db089,2,Potentially Available,0,Does Not Provide This Service,0,Does Not Provide This Service,2026-04-11 03:32:52.869862
77cbadde-3c70-4e95-bebf-46b299e66f2b,93b9e889-bfc5-444f-b25f-5755e94b1396,2,Potentially Available,0,Does Not Provide This Service,0,Does Not Provide This Service,2026-04-11 03:32:52.869862
507f7ada-08f4-429a-92c0-7f9ea6d0d84e,93c417af-bc8d-49ec-8d80-691f6775a1ba,2,Potentially Available,0,Does Not Provide This Service,0,Does Not Provide This Service,2026-04-11 03:32:52.869862
f0145d33-ed14-420e-bb2e-1983de9aa6a0,93e81da9-9dbe-41e5-976e-e53938e43382,2,Potentially Available,0,Does Not Provide This Service,0,Does Not Provide This Service,2026-04-11 03:32:52.869862
dc8a2cbb-f5b5-48c6-844a-6441580e1ba4,940b3424-0230-4f17-b789-da74f46338a2,2,Potentially Available,0,Does Not Provide This Service,0,Does Not Provide This Service,2026-04-11 03:32:52.869862
2442b783-279a-4689-83b0-266d2f78e797,941e16ad-8f18-4d4b-ae40-4499b20cd434,2,Potentially Available,0,Does Not Provide This Service,0,Does Not Provide This Service,2026-04-11 03:32:52.869862
b93f8e72-a598-4bdf-a2ef-949cf6448fb2,9429301d-f93f-4d0c-bd44-15f2b361e8ba,2,Potentially Available,0,Does Not Provide This Service,0,Does Not Provide This Service,2026-04-11 03:32:52.869862
2a36f950-364d-40a5-92f3-8bcd8791ff9a,944c2af7-c820-41f0-bd62-98140cb58811,2,Potentially Available,0,Does Not Provide This Service,0,Does Not Provide This Service,2026-04-11 03:32:52.869862
9f96db0e-927b-45d0-bf64-f1bdab0de4d9,946998b9-9bd5-4847-88d8-2ba7d098e2ae,2,Potentially Available,0,Does Not Provide This Service,0,Does Not Provide This Service,2026-04-11 03:32:52.869862
a7d57cae-7bc5-430f-9c82-d410dd522509,9470548a-50c6-4a7a-bf9c-8a47af6de807,2,Potentially Available,0,Does Not Provide This Service,0,Does Not Provide This Service,2026-04-11 03:32:52.869862
2c989806-ca8d-4121-a4da-4d6d09246fd9,9479ae89-b99e-4fdc-ac7d-e87d9232f609,2,Potentially Available,0,Does Not Provide This Service,0,Does Not Provide This Service,2026-04-11 03:32:52.869862
83d6882b-c242-473b-b6e8-d37983bde2b5,947eb337-12b3-482b-8fee-41a19348d947,2,Potentially Available,0,Does Not Provide This Service,0,Does Not Provide This Service,2026-04-11 03:32:52.869862
c3f6a574-0516-4d33-8dab-51d09a10ef64,9487ec28-19cc-444b-8449-d4d8f3aaf535,2,Potentially Available,0,Does Not Provide This Service,0,Does Not Provide This Service,2026-04-11 03:32:52.869862
4074420e-387b-4c02-8bec-27c6d660130a,94b802f2-54f1-4732-9240-90b8f4bd9893,2,Potentially Available,0,Does Not Provide This Service,0,Does Not Provide This Service,2026-04-11 03:32:52.869862
017cae54-bafa-41fd-8ded-b6b31788bc2a,94bb4b65-f9da-441d-a15d-89fc40f3cab7,2,Potentially Available,0,Does Not Provide This Service,0,Does Not Provide This Service,2026-04-11 03:32:52.869862
a3a88a7f-47f4-4ec5-88de-232e6154bc94,94f1b8fa-43e3-4560-bd88-b257bd10cedf,2,Potentially Available,0,Does Not Provide This Service,0,Does Not Provide This Service,2026-04-11 03:32:52.869862
6a33782d-520e-4536-9625-3813f5363b22,9504425d-379d-4039-acf7-093d0bda0790,2,Potentially Available,0,Does Not Provide This Service,0,Does Not Provide This Service,2026-04-11 03:32:52.869862
1134a76f-5e7a-4dbf-84a2-3796d7304596,951b4161-e6d0-423b-be36-41bc58d97a65,2,Potentially Available,0,Does Not Provide This Service,0,Does Not Provide This Service,2026-04-11 03:32:52.869862
873da611-2558-4a89-9fb5-45b53af1c25e,952405a9-2458-4cc6-b1ca-e9e4a4295bfc,2,Potentially Available,0,Does Not Provide This Service,0,Does Not Provide This Service,2026-04-11 03:32:52.869862
95497900-495b-4a6e-96a3-aaaca723c384,952f13d9-233f-44f2-ace3-1cbffa67dce6,2,Potentially Available,0,Does Not Provide This Service,0,Does Not Provide This Service,2026-04-11 03:32:52.869862
ca89b3e5-64f8-4281-a7d5-b539896676f4,953b798a-09b4-47d2-b6e4-67e24d87fec1,2,Potentially Available,0,Does Not Provide This Service,0,Does Not Provide This Service,2026-04-11 03:32:52.869862
0c9a6100-5df8-4631-a7d8-1230e137dc50,954f7f5d-ec7e-4e09-970a-75a430b7bc78,2,Potentially Available,0,Does Not Provide This Service,0,Does Not Provide This Service,2026-04-11 03:32:52.869862
c43a14bf-6d6c-4689-bb72-78a5a46ee07c,9566c2ab-a303-47be-b977-aeb019dcae30,2,Potentially Available,0,Does Not Provide This Service,0,Does Not Provide This Service,2026-04-11 03:32:52.869862
a774a4a6-6501-477e-8be8-35bb7b40d4c3,957e1503-ff6e-4d0d-84be-73643b00a367,2,Potentially Available,0,Does Not Provide This Service,0,Does Not Provide This Service,2026-04-11 03:32:52.869862
05b9940b-1c84-4fe2-b2a3-f63230584921,95a76c72-640e-468f-8fb6-dea469dc0b74,0,Does Not Provide This Service,0,Does Not Provide This Service,1,Likely Available,2026-04-11 03:32:52.869862
067e6169-f8ef-4572-989c-e5b7d3e73b73,95d38da0-7faa-4c62-bc53-372f7562a0ca,2,Potentially Available,0,Does Not Provide This Service,0,Does Not Provide This Service,2026-04-11 03:32:52.869862
6fb37667-bd5f-4a33-8711-a0fc1e94d14c,95f24c04-1bc7-437f-a9c6-26e75ff32432,2,Potentially Available,0,Does Not Provide This Service,0,Does Not Provide This Service,2026-04-11 03:32:52.869862
14352d46-b7b8-4d9e-bd23-2835b0cde578,95f6e00a-d4e3-40ab-8390-4deb390fa495,2,Potentially Available,0,Does Not Provide This Service,0,Does Not Provide This Service,2026-04-11 03:32:52.869862
7646713a-86ef-48cb-9a5a-aca49796cce0,95fa14ec-91a9-4038-90e2-a2c16648e35c,2,Potentially Available,0,Does Not Provide This Service,0,Does Not Provide This Service,2026-04-11 03:32:52.869862
742f3f49-b071-4991-ad0f-521bc74681ce,96070b33-54fc-467c-a16a-6551e75ca8ea,2,Potentially Available,0,Does Not Provide This Service,0,Does Not Provide This Service,2026-04-11 03:32:52.869862
17f0ff03-ce4e-4537-888c-a3e6df8a1ee9,960c48a0-e37a-4d53-8f0d-f904d869d43d,2,Potentially Available,0,Does Not Provide This Service,0,Does Not Provide This Service,2026-04-11 03:32:52.869862
6782019e-5fff-416c-b35f-9966dd394b9c,9651f9e1-de9e-45d7-84fc-a0da5b365a0f,2,Potentially Available,0,Does Not Provide This Service,0,Does Not Provide This Service,2026-04-11 03:32:52.869862
1f388cbe-fb81-4504-846a-5936b4a61db3,9664df0f-e094-4e6d-b107-18b07bad049e,2,Potentially Available,0,Does Not Provide This Service,0,Does Not Provide This Service,2026-04-11 03:32:52.869862
da0b9e8a-81f5-4b2e-9199-cfd5af3bc3d5,966e7034-0996-4d32-829b-8b24ab438741,2,Potentially Available,0,Does Not Provide This Service,0,Does Not Provide This Service,2026-04-11 03:32:52.869862
d25d56a7-3545-4698-b69e-91305fa806b0,969a8931-5bab-47ba-b272-49c782bf893f,2,Potentially Available,0,Does Not Provide This Service,0,Does Not Provide This Service,2026-04-11 03:32:52.869862
ff0d2e82-edb8-4ee3-a128-1ab8392b986a,96acd3fd-c175-4455-a1e6-666707f80f3d,2,Potentially Available,0,Does Not Provide This Service,0,Does Not Provide This Service,2026-04-11 03:32:52.869862
2d4289b4-54a8-41fe-9029-222f145d5413,96bbfa4d-09d2-44fb-86d8-98ace123b8b3,2,Potentially Available,0,Does Not Provide This Service,0,Does Not Provide This Service,2026-04-11 03:32:52.869862
9aee7ec3-9e3e-4db3-8e8c-2c4f8488b0ed,96c70a3a-253f-496b-98c4-99fc70ad2b54,2,Potentially Available,0,Does Not Provide This Service,0,Does Not Provide This Service,2026-04-11 03:32:52.869862
aff7bec7-0936-45a1-bf58-64bf10b58006,96c9a682-bd22-40d5-bf45-01f9def7ba13,2,Potentially Available,0,Does Not Provide This Service,0,Does Not Provide This Service,2026-04-11 03:32:52.869862
4636c640-1034-4ba8-9964-9b2f8519951c,96d2fb84-afc7-4a96-8951-9bd60a50baa3,2,Potentially Available,0,Does Not Provide This Service,0,Does Not Provide This Service,2026-04-11 03:32:52.869862
08d1571d-040c-4f14-9e28-fae1c9d1ac34,96d8353d-4f1a-4e6f-9a18-f9766554a713,2,Potentially Available,0,Does Not Provide This Service,0,Does Not Provide This Service,2026-04-11 03:32:52.869862
3e4fcce7-0b12-458a-9ae6-93489d97e12f,96f7e34c-6048-4a4a-9ed7-060f785931a5,2,Potentially Available,0,Does Not Provide This Service,0,Does Not Provide This Service,2026-04-11 03:32:52.869862
9e9a21d2-c731-4ea1-8be9-a9f3b4402f33,97033287-4832-4e20-ad32-e42cb738fdd4,2,Potentially Available,0,Does Not Provide This Service,0,Does Not Provide This Service,2026-04-11 03:32:52.869862
0c575033-08fc-466f-9aac-6996388b55be,972b366f-cb4c-4383-92cb-5fd84b924e02,2,Potentially Available,0,Does Not Provide This Service,0,Does Not Provide This Service,2026-04-11 03:32:52.869862
bd881365-3977-461c-899a-c0780fb5ecfd,9755c9c3-f5b8-487d-a957-69add4606d17,2,Potentially Available,0,Does Not Provide This Service,0,Does Not Provide This Service,2026-04-11 03:32:52.869862
f3e2d3b1-093f-405b-a065-eb89afb17017,97620d20-ef88-42d7-8251-0eeb926487d2,2,Potentially Available,0,Does Not Provide This Service,0,Does Not Provide This Service,2026-04-11 03:32:52.869862
9a358290-8879-47de-bf65-ca42df3d8564,9778171d-17b9-4ffd-b962-d30052850851,2,Potentially Available,0,Does Not Provide This Service,0,Does Not Provide This Service,2026-04-11 03:32:52.869862
cadbe3d8-4909-4f41-81b3-d3fff09eab06,978c4693-0a78-47d7-b79e-a083af7c6c40,2,Potentially Available,0,Does Not Provide This Service,0,Does Not Provide This Service,2026-04-11 03:32:52.869862
f1df3413-a033-4c43-865a-b93c50ca193b,97b7ed3d-c8f3-4648-abb6-6f36bce6cbda,2,Potentially Available,0,Does Not Provide This Service,0,Does Not Provide This Service,2026-04-11 03:32:52.869862
4a30c65f-3a3c-4819-b67c-d7f25073e40f,97c31cde-5c7c-48c6-984b-be20f7074ac2,2,Potentially Available,0,Does Not Provide This Service,0,Does Not Provide This Service,2026-04-11 03:32:52.869862
e047a6f9-189f-4ff1-bdd4-62cb5b298f22,97c71ebb-e973-407a-9254-cff7543cb278,2,Potentially Available,0,Does Not Provide This Service,0,Does Not Provide This Service,2026-04-11 03:32:52.869862
fefe2ed5-ba94-495e-87ca-3219b2019b77,97dc17b2-6947-44af-beb5-4b17f8855740,2,Potentially Available,0,Does Not Provide This Service,0,Does Not Provide This Service,2026-04-11 03:32:52.869862
ce61e5a4-0b09-404b-b1ae-fd944cc131f0,98305f4e-ac85-4278-a36d-637427a6f54f,2,Potentially Available,0,Does Not Provide This Service,0,Does Not Provide This Service,2026-04-11 03:32:52.869862
2b5cbabc-237b-4ed9-b1e9-48cf783939e6,98530d43-daf8-4bd5-bc3a-c4b2dcbae4eb,2,Potentially Available,0,Does Not Provide This Service,0,Does Not Provide This Service,2026-04-11 03:32:52.869862
966d3002-4e24-443e-bd9b-c11562456488,986de93f-2a8b-4ff7-b1e8-fbb3c814d402,2,Potentially Available,0,Does Not Provide This Service,0,Does Not Provide This Service,2026-04-11 03:32:52.869862
c00016a0-97dd-48ff-96fe-54fb3909cf7b,987cbc66-3158-4522-b56d-c97aa41707ed,2,Potentially Available,0,Does Not Provide This Service,0,Does Not Provide This Service,2026-04-11 03:32:52.869862
f9e35faa-c712-40c5-8dd3-540a14282e63,98b4c1d7-f63f-4d58-a0dd-b7b17d1a92d8,2,Potentially Available,0,Does Not Provide This Service,0,Does Not Provide This Service,2026-04-11 03:32:52.869862
25aadc24-d8f7-45d6-b6dd-a351b7a0a1a1,98c99164-47ee-4e10-b866-bb4d3a27687d,2,Potentially Available,0,Does Not Provide This Service,0,Does Not Provide This Service,2026-04-11 03:32:52.869862
a2648b42-91c6-4046-8cc3-7a3bd63805aa,98db16ce-2dc1-44ec-9b9b-fb985951cffb,2,Potentially Available,0,Does Not Provide This Service,0,Does Not Provide This Service,2026-04-11 03:32:52.869862
3ffa538f-043a-4d75-ae17-da155d63a0ca,98e3c065-99af-4eb7-aaf9-9e1d034e8da7,2,Potentially Available,0,Does Not Provide This Service,0,Does Not Provide This Service,2026-04-11 03:32:52.869862
374173c3-3be9-4243-80fc-52520482f74c,98e619fc-430c-4046-b7c9-7a1ca80c9c7b,2,Potentially Available,0,Does Not Provide This Service,0,Does Not Provide This Service,2026-04-11 03:32:52.869862
03a41a3c-874d-4c20-b136-7da62207661a,98ebfbff-d557-4b9c-b255-a6219f634357,2,Potentially Available,0,Does Not Provide This Service,0,Does Not Provide This Service,2026-04-11 03:32:52.869862
4cf4ce28-f9f1-4924-a389-61be11a55b43,98ee72ed-fa69-4753-b46c-5879025a6582,2,Potentially Available,0,Does Not Provide This Service,0,Does Not Provide This Service,2026-04-11 03:32:52.869862
8bb9ff1f-3666-4e63-b51b-1f883d1dcbfc,98f02373-71bf-41b4-bbfc-2827d9ffe749,1,Likely Available,0,Does Not Provide This Service,0,Does Not Provide This Service,2026-04-11 03:32:52.869862
4b563d83-5028-4928-bf80-34da05625943,98f11a85-b28e-48ce-9682-8c36943f1eda,2,Potentially Available,0,Does Not Provide This Service,0,Does Not Provide This Service,2026-04-11 03:32:52.869862
efb99764-6fcd-432d-9c74-0727094b6b67,98f802a4-4f1e-4678-8123-36ed4205017f,2,Potentially Available,0,Does Not Provide This Service,0,Does Not Provide This Service,2026-04-11 03:32:52.869862
c75ca01e-12d8-42a8-8082-249d9c852b6f,9904608c-a80f-452d-bed0-bb78e103fad5,2,Potentially Available,0,Does Not Provide This Service,0,Does Not Provide This Service,2026-04-11 03:32:52.869862
e30af0f8-a139-47df-ae51-5277c1709407,993dbb16-07cc-40bc-b7dc-3b40a35b5e91,2,Potentially Available,0,Does Not Provide This Service,0,Does Not Provide This Service,2026-04-11 03:32:52.869862
db282da0-9ed6-47a6-80f5-6559cd427f3b,995b626a-5b93-40b0-bbcf-ed6327d541c6,2,Potentially Available,1,Likely Available,0,Does Not Provide This Service,2026-04-11 03:32:52.869862
d893941a-95cc-406b-8abc-1e08420003c0,9984873f-1d81-4797-9b7d-96ece6b4a1f5,0,Does Not Provide This Service,1,Likely Available,0,Does Not Provide This Service,2026-04-11 03:32:52.869862
7cff7a11-b036-48bd-9edd-baf98496dbc2,99949fef-fb63-40b2-b790-c5a8e80a2c99,2,Potentially Available,0,Does Not Provide This Service,0,Does Not Provide This Service,2026-04-11 03:32:52.869862
d000c726-d188-4559-a3b2-87f5648d4be4,99e09ab1-1b6d-4c67-8528-fbfc8c648c3d,2,Potentially Available,0,Does Not Provide This Service,0,Does Not Provide This Service,2026-04-11 03:32:52.869862
4a80e3f1-ec8d-4776-a839-a713ddd8e657,99e3bdbc-67fc-4cf4-8c29-f6efbabb3680,2,Potentially Available,0,Does Not Provide This Service,0,Does Not Provide This Service,2026-04-11 03:32:52.869862
b41050c4-34ec-4f9a-8b4e-6e2266bc515b,9a16fff2-16b5-4865-8f45-b7ef117e5956,2,Potentially Available,0,Does Not Provide This Service,0,Does Not Provide This Service,2026-04-11 03:32:52.869862
e48182d8-3504-471b-9f07-b2014664d853,9a670b3b-0a22-42dc-9596-3b0d506a5aac,2,Potentially Available,0,Does Not Provide This Service,0,Does Not Provide This Service,2026-04-11 03:32:52.869862
47c82208-360f-4fb2-92b3-34ce5d6172ef,9a8a3068-b687-499d-afec-3e5f0b0de213,2,Potentially Available,0,Does Not Provide This Service,0,Does Not Provide This Service,2026-04-11 03:32:52.869862
a36179f0-e95a-46ee-9fcd-2173bdee7ef0,9aa8cc41-f91a-4b86-bebe-b00a15538e7f,2,Potentially Available,0,Does Not Provide This Service,0,Does Not Provide This Service,2026-04-11 03:32:52.869862
4539a84a-743a-417f-b6a1-c52b62ce6924,9ab2e773-b49e-48fc-ac41-953ba84c8dfc,2,Potentially Available,0,Does Not Provide This Service,0,Does Not Provide This Service,2026-04-11 03:32:52.869862
fe1d17f5-3980-42f2-aa79-9f8ed3c81f15,9ac59d4c-753a-41c9-94a0-20ffcd034e17,2,Potentially Available,0,Does Not Provide This Service,0,Does Not Provide This Service,2026-04-11 03:32:52.869862
c56b206f-ab9a-4a53-a17c-da8e71255f1a,9acff8c9-c184-43d6-ae55-6d62e49c68b7,2,Potentially Available,0,Does Not Provide This Service,0,Does Not Provide This Service,2026-04-11 03:32:52.869862
741123bc-e9e1-4a97-aa70-5a67bb276eda,9ad0ad1e-78ba-4374-a215-0448e14de689,2,Potentially Available,0,Does Not Provide This Service,0,Does Not Provide This Service,2026-04-11 03:32:52.869862
559df807-0ef3-4ffe-8303-faccd80646b6,9ad1c8a8-414b-4ce2-b130-e8a4ea045faa,2,Potentially Available,0,Does Not Provide This Service,0,Does Not Provide This Service,2026-04-11 03:32:52.869862
6f396fb8-43af-467a-952d-541ae96290f8,9addb446-3f18-48d3-9240-73cfcabd41fb,2,Potentially Available,0,Does Not Provide This Service,0,Does Not Provide This Service,2026-04-11 03:32:52.869862
57566fb9-5064-44ed-adaa-c52ff04c180e,9adfcfbb-c444-4390-b585-4f5687420b9e,2,Potentially Available,0,Does Not Provide This Service,0,Does Not Provide This Service,2026-04-11 03:32:52.869862
7d76f923-0057-4d40-87e5-29489a7ad53b,9aed2bbc-2f26-47c1-ab98-4ab7c8e15483,2,Potentially Available,0,Does Not Provide This Service,0,Does Not Provide This Service,2026-04-11 03:32:52.869862
c442c893-1993-4362-8da1-5ed38a9fced6,9b0e4723-5d52-4da7-a0c5-7d52cfe9d178,2,Potentially Available,0,Does Not Provide This Service,0,Does Not Provide This Service,2026-04-11 03:32:52.869862
81e61c66-99f1-4210-a023-b3c99d14194a,9b109bbc-3aaf-4fc2-8c20-c2c048ad3144,2,Potentially Available,0,Does Not Provide This Service,0,Does Not Provide This Service,2026-04-11 03:32:52.869862
6af50f38-8b9d-4e4d-8800-02bab6fafbfb,9b8113f9-f3ba-4d06-8f31-82fd18b6df12,2,Potentially Available,0,Does Not Provide This Service,0,Does Not Provide This Service,2026-04-11 03:32:52.869862
a3051f34-d0ca-4969-92d4-758d70060de3,9b944f9e-8272-4fff-a215-8086cd47769b,2,Potentially Available,0,Does Not Provide This Service,0,Does Not Provide This Service,2026-04-11 03:32:52.869862
6939cd08-9e40-40d5-9cb1-27ef884abc92,9b9d29c9-3802-41db-9402-44cbdc59b813,2,Potentially Available,0,Does Not Provide This Service,0,Does Not Provide This Service,2026-04-11 03:32:52.869862
32b23bdf-a34d-4c48-bbf0-cf8f022c1de1,9bf81487-8e9d-42ca-8777-402e51d35b67,2,Potentially Available,0,Does Not Provide This Service,0,Does Not Provide This Service,2026-04-11 03:32:52.869862
8bb2e6c0-6648-4d21-8f43-15376bb60964,9c06284b-daed-4a5d-9b33-9b1152323aa7,2,Potentially Available,0,Does Not Provide This Service,0,Does Not Provide This Service,2026-04-11 03:32:52.869862
ac06abd1-f1d1-44ef-8933-caa13260547f,9c10de04-11ee-487b-955a-48e06b0ab2ca,2,Potentially Available,0,Does Not Provide This Service,0,Does Not Provide This Service,2026-04-11 03:32:52.869862
e2af90dd-9cee-4c3f-93a9-5ee6590d5140,9c18d9f0-04bb-431d-9165-69cb261916c9,2,Potentially Available,0,Does Not Provide This Service,0,Does Not Provide This Service,2026-04-11 03:32:52.869862
9dee3543-71e3-44e4-8ffa-38b4f51e21a9,9c5d9dcd-1bf1-4e4e-91a0-7d4aad13a60a,2,Potentially Available,5,Highly Constrained,0,Does Not Provide This Service,2026-04-11 03:32:52.869862
eece1719-5abb-443d-a947-b8663ce34767,9c6d7ecd-55f4-4970-91b6-8bb6ce2abe25,2,Potentially Available,0,Does Not Provide This Service,0,Does Not Provide This Service,2026-04-11 03:32:52.869862
32caec99-fa81-4465-9412-7f4290b22576,9c71ad0a-f946-4313-ab8b-86734810e435,0,Does Not Provide This Service,0,Does Not Provide This Service,3,Constrained by Size,2026-04-11 03:32:52.869862
bd20db96-b32d-477f-9790-4a136c7ceb75,9cc01186-064b-4b8c-a900-7e3cf97b3076,2,Potentially Available,0,Does Not Provide This Service,0,Does Not Provide This Service,2026-04-11 03:32:52.869862
aa08b5e9-d88d-4204-9aae-a69781ea5a35,9cc7c063-91aa-4587-add4-ea25eb341f94,2,Potentially Available,0,Does Not Provide This Service,0,Does Not Provide This Service,2026-04-11 03:32:52.869862
334fb524-6c78-4ffa-9efa-a4a7a79371d0,9cf48efa-8e95-4136-bbd7-d7e24394f266,2,Potentially Available,0,Does Not Provide This Service,0,Does Not Provide This Service,2026-04-11 03:32:52.869862
7e9d77a7-3d92-43b7-bdac-5cc1f800a36b,9cf4c7b4-c6f0-490a-8abe-827735ecb752,2,Potentially Available,0,Does Not Provide This Service,0,Does Not Provide This Service,2026-04-11 03:32:52.869862
0d01b664-1351-4f7c-8864-7a361ee76660,9cf66482-d83c-4ce1-94e0-f3e2aa7e8e65,0,Does Not Provide This Service,0,Does Not Provide This Service,2,Potentially Available,2026-04-11 03:32:52.869862
d91afc87-6d6b-4936-b50d-6a982094b87f,9d0be9e8-40e8-44d1-abda-0c733c1c8dcb,2,Potentially Available,0,Does Not Provide This Service,0,Does Not Provide This Service,2026-04-11 03:32:52.869862
87f01a73-b2dc-48fa-b621-e1fba7970519,9d28111d-dc21-4193-9232-dc8a0c18a898,2,Potentially Available,0,Does Not Provide This Service,0,Does Not Provide This Service,2026-04-11 03:32:52.869862
7ded2a23-927c-4868-bd19-fce707b5967e,9d2a670b-93a9-4af4-b573-8231c2253180,2,Potentially Available,0,Does Not Provide This Service,0,Does Not Provide This Service,2026-04-11 03:32:52.869862
a0753b84-15d6-4e29-9923-bd6a1cb0e23c,9d2fba26-4ee7-4cdf-886e-631ac19e9ed1,2,Potentially Available,0,Does Not Provide This Service,0,Does Not Provide This Service,2026-04-11 03:32:52.869862
72061ef1-771e-442f-86e4-23563ae019af,9d71ee2b-bc8d-4a35-b604-0f53359a8fff,2,Potentially Available,0,Does Not Provide This Service,0,Does Not Provide This Service,2026-04-11 03:32:52.869862
00b98b3b-9b46-4983-8f55-622bb653fb40,9d733476-6ece-4f38-86c9-12ba988e0992,2,Potentially Available,0,Does Not Provide This Service,0,Does Not Provide This Service,2026-04-11 03:32:52.869862
3d95e1c8-877c-43a1-af53-b225ec71fef6,9d78f67e-20b5-45fe-aa01-1ff97358fa54,2,Potentially Available,0,Does Not Provide This Service,0,Does Not Provide This Service,2026-04-11 03:32:52.869862
5cb62964-7f2e-4a8a-84b1-c057e22a7ce4,9d7d9ede-4a0a-4df2-a888-1dcee3880a5b,2,Potentially Available,0,Does Not Provide This Service,0,Does Not Provide This Service,2026-04-11 03:32:52.869862
c5b30506-9414-40d8-890d-7361450a38fa,9d7e6fef-5481-446e-9db5-17a37a91b765,2,Potentially Available,0,Does Not Provide This Service,0,Does Not Provide This Service,2026-04-11 03:32:52.869862
8b6a26e3-52a3-436d-866e-3a987ec5631e,9d99a15a-8d87-4712-9211-0e0261649f4b,2,Potentially Available,0,Does Not Provide This Service,0,Does Not Provide This Service,2026-04-11 03:32:52.869862
4e1f14d8-97d7-448d-8822-2f93fe9f7d91,9d9f9484-7384-4854-9b45-029b7ae0dcd3,2,Potentially Available,0,Does Not Provide This Service,0,Does Not Provide This Service,2026-04-11 03:32:52.869862
26110cee-7bed-4150-bfb0-182562fa86c5,9e0366c5-e126-4a8c-8731-270193f3a384,0,Does Not Provide This Service,0,Does Not Provide This Service,3,Constrained by Size,2026-04-11 03:32:52.869862
cf53298d-a972-4f5d-9f55-fe390ada6ca3,9e1ba19e-30c4-41bf-bf4b-ae81de380d43,2,Potentially Available,0,Does Not Provide This Service,0,Does Not Provide This Service,2026-04-11 03:32:52.869862
0700e0a7-4203-4894-88f6-c3b8d5c0a155,9e236352-0758-48e1-b9ee-89ceefe52ec1,2,Potentially Available,0,Does Not Provide This Service,0,Does Not Provide This Service,2026-04-11 03:32:52.869862
c708b0ca-bfda-409e-b658-6e4981139311,9e33f075-8bb2-4e19-be96-c4a873c54d62,2,Potentially Available,0,Does Not Provide This Service,0,Does Not Provide This Service,2026-04-11 03:32:52.869862
4f680888-c74b-4ced-b43e-a4628aad9e17,9e5094d0-11bd-4aa7-a9a0-8efc6c73ed92,2,Potentially Available,0,Does Not Provide This Service,0,Does Not Provide This Service,2026-04-11 03:32:52.869862
090430c5-7074-4c17-9768-4b2bcf146bc4,9e6f47c5-2234-405c-b245-309b2504de2a,2,Potentially Available,0,Does Not Provide This Service,0,Does Not Provide This Service,2026-04-11 03:32:52.869862
f8c97650-6f97-49bf-bc71-90072c0c9d4c,9e8c6e33-b6fd-486b-81a6-6a0b2381d24b,2,Potentially Available,0,Does Not Provide This Service,0,Does Not Provide This Service,2026-04-11 03:32:52.869862
26c718a7-2ce4-43ea-96e9-0e9cc9284cfb,9ea064e2-35b9-4243-8d9a-03b6a5ccfabf,2,Potentially Available,0,Does Not Provide This Service,0,Does Not Provide This Service,2026-04-11 03:32:52.869862
9b07aee0-9805-4bb3-900f-9c9927f3e748,9eb2aa11-b891-46c1-b616-7102cbb25ae3,2,Potentially Available,0,Does Not Provide This Service,0,Does Not Provide This Service,2026-04-11 03:32:52.869862
61eb38dc-0338-49c6-8e16-e60703aa9184,9eb977e1-4e14-459b-8655-dcc19cc8d3ce,1,Likely Available,1,Likely Available,0,Does Not Provide This Service,2026-04-11 03:32:52.869862
eea609f8-ca5c-4ad8-bc72-8bbbee0613de,9edbb7dc-d1d5-4ca8-b87e-4dc25b040be6,2,Potentially Available,0,Does Not Provide This Service,0,Does Not Provide This Service,2026-04-11 03:32:52.869862
969ff1c9-0e3a-481c-be0d-d68082acb825,9ef3bb6c-e78d-4241-9c79-91b6fa6405f7,2,Potentially Available,0,Does Not Provide This Service,0,Does Not Provide This Service,2026-04-11 03:32:52.869862
5b628c65-1c79-4ab8-be5b-ece137212975,9f15396a-0d70-48cb-a161-9ecde33fb073,2,Potentially Available,0,Does Not Provide This Service,0,Does Not Provide This Service,2026-04-11 03:32:52.869862
8bd1026a-9358-444a-a029-49cc8a8268e4,9f273be7-7885-4157-b01a-f74fcdb0677e,2,Potentially Available,0,Does Not Provide This Service,0,Does Not Provide This Service,2026-04-11 03:32:52.869862
319e48f1-dda5-4b45-a078-d2a228ad85c6,9f33b68f-ac32-436a-b3ec-29982cc212cd,2,Potentially Available,0,Does Not Provide This Service,0,Does Not Provide This Service,2026-04-11 03:32:52.869862
d191aac5-5fe5-4c03-9826-1aecffc0faee,9f3f7f89-1fb9-4300-88fe-bf35f61c0661,2,Potentially Available,0,Does Not Provide This Service,0,Does Not Provide This Service,2026-04-11 03:32:52.869862
aeee5a61-9487-4f04-b6e7-8bf36d995e6f,9f3ff231-2d26-4d1c-8b22-df8c96bba2db,2,Potentially Available,0,Does Not Provide This Service,0,Does Not Provide This Service,2026-04-11 03:32:52.869862
a57e2edc-25ee-4b12-9bd5-1ab8b6af3f48,9f486822-b263-4d63-89d4-0a387c6b7a3e,2,Potentially Available,0,Does Not Provide This Service,0,Does Not Provide This Service,2026-04-11 03:32:52.869862
5268f854-3c62-485a-a130-8e8e26be51c9,9f5f24d2-aea6-43b2-b162-2535b4537748,0,Does Not Provide This Service,0,Does Not Provide This Service,5,Highly Constrained,2026-04-11 03:32:52.869862
afa36774-2379-4b2c-87f2-387ad4f2a8a3,9f6e8934-8e4a-4d8b-a726-d52e2731b0c0,1,Likely Available,1,Likely Available,0,Does Not Provide This Service,2026-04-11 03:32:52.869862
dcc40fd8-b4a0-4207-afd7-a633ea9fc515,9f87c3f6-1005-42c9-ba72-fc3d4883f04b,2,Potentially Available,1,Likely Available,0,Does Not Provide This Service,2026-04-11 03:32:52.869862
78cc1bf0-e2a9-4dd9-807f-0e6794c9bc5f,9f9fbbcc-4180-48ae-bbdc-2ea8c647e70d,1,Likely Available,0,Does Not Provide This Service,0,Does Not Provide This Service,2026-04-11 03:32:52.869862
99b44dd2-1388-447b-9445-77b761848114,9fac55d0-8a3c-4b1e-9997-4fcb0c74fdb1,2,Potentially Available,0,Does Not Provide This Service,0,Does Not Provide This Service,2026-04-11 03:32:52.869862
abeb07c1-e255-41f6-9a09-952a8ed90772,9fb54680-1ca9-433b-9ba7-f0e266f16aab,2,Potentially Available,0,Does Not Provide This Service,0,Does Not Provide This Service,2026-04-11 03:32:52.869862
927356c1-1dd8-403a-89d3-d5924023cb66,9fb718bd-73d5-4082-8933-e7d2178e826a,2,Potentially Available,5,Highly Constrained,0,Does Not Provide This Service,2026-04-11 03:32:52.869862
18c8f5cb-8449-4399-8f6c-deb4359c1437,9fbbc97f-2648-4408-9b76-f72a3d03b546,2,Potentially Available,0,Does Not Provide This Service,0,Does Not Provide This Service,2026-04-11 03:32:52.869862
a7fd7ef6-2386-4e88-bc66-009a35787d11,9fcb766d-1f90-4cf0-b4a2-50453a8b53dd,1,Likely Available,1,Likely Available,0,Does Not Provide This Service,2026-04-11 03:32:52.869862
86881cd3-7ee7-4952-b12e-64f107ca09d7,9fcd8b25-bd67-4a76-944d-e271fca9c3c8,2,Potentially Available,0,Does Not Provide This Service,0,Does Not Provide This Service,2026-04-11 03:32:52.869862
b4fdd6d7-159a-48fa-b103-1d9ec96ec781,a007bda3-0ba1-4dfa-9de1-d53336d7cba1,2,Potentially Available,0,Does Not Provide This Service,0,Does Not Provide This Service,2026-04-11 03:32:52.869862
d0d55cf1-242b-4b30-950c-875d85531b6e,a01b7d00-86cf-4876-8e64-7f05e8635c62,2,Potentially Available,0,Does Not Provide This Service,0,Does Not Provide This Service,2026-04-11 03:32:52.869862
7be3d7d1-c0a6-41b0-b086-1afd3190a94a,a0267faf-b044-4794-be48-bd93b81388fd,0,Does Not Provide This Service,0,Does Not Provide This Service,2,Potentially Available,2026-04-11 03:32:52.869862
16c47bf0-3179-4b20-a3f9-5feb02a0c6c2,a049f2c7-5afe-4117-b084-db2e4e99e7c5,2,Potentially Available,0,Does Not Provide This Service,0,Does Not Provide This Service,2026-04-11 03:32:52.869862
cbae204f-94c8-441e-b879-6be2c0b3800d,a04c76c8-f49a-4881-ad37-b3d7e449210a,2,Potentially Available,0,Does Not Provide This Service,0,Does Not Provide This Service,2026-04-11 03:32:52.869862
a9880a1a-0c41-4a93-98ad-acded608cec9,a068736e-7eb8-41ca-b24a-1b1adf82ebae,2,Potentially Available,0,Does Not Provide This Service,0,Does Not Provide This Service,2026-04-11 03:32:52.869862
6d36b764-1f5c-4858-a2e0-0534c33a9437,a08c07f3-e301-441e-b97d-97d0df1e1b2c,2,Potentially Available,0,Does Not Provide This Service,0,Does Not Provide This Service,2026-04-11 03:32:52.869862
6d996e4a-7c16-4522-94a9-62fa81a99cfb,a0a19fa2-d83b-47db-b169-5e5dea1ac6f0,2,Potentially Available,0,Does Not Provide This Service,0,Does Not Provide This Service,2026-04-11 03:32:52.869862
7a8bfec9-6964-41e7-b1ea-cd912affcd60,a0a85708-0036-4c57-92ca-5add65c55328,2,Potentially Available,0,Does Not Provide This Service,0,Does Not Provide This Service,2026-04-11 03:32:52.869862
7987f53a-8718-4355-9553-65f5e52536d5,a0ab4d50-a844-4ced-b3c3-72f4176311e7,2,Potentially Available,0,Does Not Provide This Service,0,Does Not Provide This Service,2026-04-11 03:32:52.869862
072bfa03-5890-4ef9-b94a-a4705f464f37,a0ac08d4-ac16-47bd-b3c3-003ac704af42,0,Does Not Provide This Service,0,Does Not Provide This Service,3,Constrained by Size,2026-04-11 03:32:52.869862
089ac79d-8125-4a8e-93b7-45981d701ac1,a0ca6e61-df03-4142-b6a8-4894f6831dba,0,Does Not Provide This Service,0,Does Not Provide This Service,4,Constrained by Market,2026-04-11 03:32:52.869862
1a3cca64-44eb-4bf6-b1c8-fd2c093b4f52,a103e3e0-5c18-43bd-acf8-138f81923da8,0,Does Not Provide This Service,0,Does Not Provide This Service,4,Constrained by Market,2026-04-11 03:32:52.869862
313a982d-cf4c-4e03-8f26-1eed1d2f81ce,a10f3522-8bad-4107-91eb-4e93bf0c0ef7,2,Potentially Available,0,Does Not Provide This Service,0,Does Not Provide This Service,2026-04-11 03:32:52.869862
cab73133-8eeb-4787-a775-5fd1bb9d260d,a1272631-20d6-44da-ad5c-580afcbfb4e3,1,Likely Available,4,Constrained by Market,0,Does Not Provide This Service,2026-04-11 03:32:52.869862
51f11499-4b72-497c-a49b-65cbb7831e7f,a1306e4c-30fe-4d66-9a8a-541c7e40633b,2,Potentially Available,0,Does Not Provide This Service,0,Does Not Provide This Service,2026-04-11 03:32:52.869862
61055901-5018-4432-bfae-830bc8b59b11,a136e74e-a127-4c49-8634-f833aaf3fb65,2,Potentially Available,0,Does Not Provide This Service,0,Does Not Provide This Service,2026-04-11 03:32:52.869862
bb6a721d-299a-4830-8819-6b974346cda7,a143f42e-7011-4c1f-9e3a-7f31dbcee1ff,2,Potentially Available,3,Constrained by Size,0,Does Not Provide This Service,2026-04-11 03:32:52.869862
5883a9c8-2b99-48c4-89fb-c782dd8ba600,a1553143-25ec-445c-bc3c-ec000184c5b2,2,Potentially Available,0,Does Not Provide This Service,0,Does Not Provide This Service,2026-04-11 03:32:52.869862
e3bf5ab4-7115-42f2-8e74-0995377123cb,a15a2c02-2338-409e-b0c6-ba248ca30065,2,Potentially Available,0,Does Not Provide This Service,0,Does Not Provide This Service,2026-04-11 03:32:52.869862
33c01df4-f028-4593-9c4a-fa5319878f18,a165aea7-87a5-47d0-b1b4-67fe4894d5e2,2,Potentially Available,0,Does Not Provide This Service,0,Does Not Provide This Service,2026-04-11 03:32:52.869862
02a7c2db-0536-4082-97cd-380058701261,a18a9609-3f7f-4635-9901-e67c48dc2a88,2,Potentially Available,0,Does Not Provide This Service,0,Does Not Provide This Service,2026-04-11 03:32:52.869862
23f98c3b-5efa-42c8-8281-ce5c6fc9f4f6,a18d0347-5364-4c19-b42a-a955bc174304,2,Potentially Available,0,Does Not Provide This Service,0,Does Not Provide This Service,2026-04-11 03:32:52.869862
3701adc8-edfc-4078-ab14-387a2f37a250,a192b08d-3e45-40bd-aff8-f40feace4660,0,Does Not Provide This Service,0,Does Not Provide This Service,1,Likely Available,2026-04-11 03:32:52.869862
c97e4b3b-0823-4c34-9749-6dd36d1620fd,a19ace89-afca-4de5-ab25-e92887c7388f,2,Potentially Available,0,Does Not Provide This Service,0,Does Not Provide This Service,2026-04-11 03:32:52.869862
91f4c301-2fed-4daf-899a-cc49bdc89b3f,a1c18163-7c80-4504-a3f7-8186ba998315,2,Potentially Available,0,Does Not Provide This Service,0,Does Not Provide This Service,2026-04-11 03:32:52.869862
3a9cb389-9d44-4561-b544-edefc9879dbd,a1c456fb-bb60-4348-8643-b6ffa1340ff6,1,Likely Available,1,Likely Available,0,Does Not Provide This Service,2026-04-11 03:32:52.869862
12d0c6f4-e065-46cb-b884-e2607d99045b,a1ccaf0a-03a5-4e26-be8e-ca7a5ada7585,2,Potentially Available,0,Does Not Provide This Service,0,Does Not Provide This Service,2026-04-11 03:32:52.869862
85664b54-9b7e-4b48-bdb5-f476aa2a5518,a1dd069f-e316-4f75-bac1-e13d0b2866aa,2,Potentially Available,0,Does Not Provide This Service,0,Does Not Provide This Service,2026-04-11 03:32:52.869862
c3defba5-1467-40b1-b61b-8d987cb3089f,a1e531c7-b604-40fe-b6b9-3326e29d9cae,2,Potentially Available,0,Does Not Provide This Service,0,Does Not Provide This Service,2026-04-11 03:32:52.869862
b8cbb9cb-76b6-4290-80b9-c464d905a155,a1f636f5-c259-4088-80ee-f5c0f4466526,2,Potentially Available,0,Does Not Provide This Service,0,Does Not Provide This Service,2026-04-11 03:32:52.869862
9042f145-79ed-4620-a668-e50b80389e14,a2004a6e-5937-4ec7-be27-52611a23c835,2,Potentially Available,0,Does Not Provide This Service,0,Does Not Provide This Service,2026-04-11 03:32:52.869862
3ecdbebd-8be4-4df6-a71f-2342de75c86d,a212ca51-1cbd-4f7b-b5ed-2363acd85b6f,2,Potentially Available,0,Does Not Provide This Service,0,Does Not Provide This Service,2026-04-11 03:32:52.869862
124a0178-fec7-4663-868b-ab6d91289916,a25082a1-d849-4709-88e6-ad3a85236206,2,Potentially Available,0,Does Not Provide This Service,0,Does Not Provide This Service,2026-04-11 03:32:52.869862
6100f791-ee6a-4757-b482-6f1a7372c803,a2555590-8032-4353-af37-6b51ab2d7ec0,2,Potentially Available,0,Does Not Provide This Service,0,Does Not Provide This Service,2026-04-11 03:32:52.869862
bff204d5-9055-4f11-baf7-0767e40f000c,a25b80ee-6283-47a9-ab37-061ae9918fc9,0,Does Not Provide This Service,0,Does Not Provide This Service,1,Likely Available,2026-04-11 03:32:52.869862
cc175bf8-699d-406a-8158-ea8aef8290ad,a2a384cb-b673-42d8-a60e-196e2c7335ce,2,Potentially Available,0,Does Not Provide This Service,0,Does Not Provide This Service,2026-04-11 03:32:52.869862
f877611a-a619-4abd-b937-907f7aff07a8,a2eb6e86-a4fb-4065-8398-c33f184a36db,2,Potentially Available,0,Does Not Provide This Service,0,Does Not Provide This Service,2026-04-11 03:32:52.869862
be794dd6-aadc-4f88-a126-2083cbd5a322,a2f8c167-fff4-4836-a365-deb8c9c7a160,2,Potentially Available,0,Does Not Provide This Service,0,Does Not Provide This Service,2026-04-11 03:32:52.869862
8cdceecb-a02f-46a6-a90b-2ace6ee5ca14,a3478919-fb60-49e4-b096-48e332010655,2,Potentially Available,0,Does Not Provide This Service,0,Does Not Provide This Service,2026-04-11 03:32:52.869862
0289f61b-ea76-4eae-b518-3b66e8f2a203,a351de02-5332-4679-a96c-9a08521ebde3,2,Potentially Available,0,Does Not Provide This Service,0,Does Not Provide This Service,2026-04-11 03:32:52.869862
69d17afc-c0ac-4443-b6aa-2abc99171346,a3554a9d-fdf8-4d1b-9fdc-ce5fffd6da5b,2,Potentially Available,0,Does Not Provide This Service,0,Does Not Provide This Service,2026-04-11 03:32:52.869862
39e9b71c-30a6-4413-8ec2-3605f1e47c2b,a36be05d-fd13-45b6-9591-85c93483b0f4,2,Potentially Available,0,Does Not Provide This Service,0,Does Not Provide This Service,2026-04-11 03:32:52.869862
787f7d0b-327d-49e0-99bc-d8eee37d4e18,a373a442-12bc-4aae-8f10-efb36c260ebf,2,Potentially Available,0,Does Not Provide This Service,0,Does Not Provide This Service,2026-04-11 03:32:52.869862
064ade6d-101e-4899-8363-9a5f973503fb,a3887d09-19cd-4be6-8cf7-dd81bf7f9a6f,2,Potentially Available,0,Does Not Provide This Service,0,Does Not Provide This Service,2026-04-11 03:32:52.869862
ec2cf13d-1b05-4e81-87a8-245a828bb1af,a3bdb025-bed9-4193-894e-d603057e2609,2,Potentially Available,0,Does Not Provide This Service,0,Does Not Provide This Service,2026-04-11 03:32:52.869862
8f28cc8a-665e-4782-9b8e-4465a152a0f3,a3c1df53-784d-4a2b-a6a3-08213a5e28b2,2,Potentially Available,0,Does Not Provide This Service,0,Does Not Provide This Service,2026-04-11 03:32:52.869862
dd0b4b6e-5f41-44ba-90a2-5fc018e2a8bb,a3c36a17-3076-4870-a6a7-fbe5042b0ff8,2,Potentially Available,0,Does Not Provide This Service,0,Does Not Provide This Service,2026-04-11 03:32:52.869862
148e62a1-e1d6-4e60-8cbd-bd3a1dd96650,a3daad02-9eab-4387-84a4-84bbd8dfb1ac,2,Potentially Available,0,Does Not Provide This Service,0,Does Not Provide This Service,2026-04-11 03:32:52.869862
f27e20ad-6156-4528-aff4-17d27411f5ee,a3e19ebf-3bad-4aec-89e9-6f8c910ebe8d,2,Potentially Available,0,Does Not Provide This Service,0,Does Not Provide This Service,2026-04-11 03:32:52.869862
fc64b3d5-e737-4b61-9c93-8cd5c3a439b4,a3fbda47-4c25-423f-bdd7-0a5c9f7161b5,2,Potentially Available,0,Does Not Provide This Service,0,Does Not Provide This Service,2026-04-11 03:32:52.869862
4d582e49-482c-4b5b-9f06-fe7b056ed0de,a40b006a-3238-4b3c-b3be-9629685735bb,2,Potentially Available,0,Does Not Provide This Service,0,Does Not Provide This Service,2026-04-11 03:32:52.869862
34bd2c42-95b2-45aa-aeae-92eff0f28d59,a4163fdf-f2fc-4699-8371-65ec07173ec6,2,Potentially Available,0,Does Not Provide This Service,0,Does Not Provide This Service,2026-04-11 03:32:52.869862
2a5eabd9-8b0c-4c9c-8c3d-dc4cb6798af0,a4436f64-3eeb-4147-8789-eacb7d010fa3,2,Potentially Available,0,Does Not Provide This Service,0,Does Not Provide This Service,2026-04-11 03:32:52.869862
bb45aa0c-59ce-4c3b-bb1d-1c975ee426a6,a44b270d-4e45-4d83-af7e-c1ccb962bfc4,2,Potentially Available,0,Does Not Provide This Service,0,Does Not Provide This Service,2026-04-11 03:32:52.869862
a9838eee-5eb1-4196-9f86-a81117e12d3f,a4513d00-0539-43f3-ba7a-37607aeb8466,2,Potentially Available,0,Does Not Provide This Service,0,Does Not Provide This Service,2026-04-11 03:32:52.869862
b3c3bc6d-db45-4a56-a58d-73a81cea6408,a46b2e0b-d233-46d5-9ffb-452af8720008,2,Potentially Available,0,Does Not Provide This Service,0,Does Not Provide This Service,2026-04-11 03:32:52.869862
bde2e2df-3299-4f21-b4ec-d0e426fbcae3,a4907cc0-8225-4c0a-ae35-c4a02f2124d2,2,Potentially Available,0,Does Not Provide This Service,0,Does Not Provide This Service,2026-04-11 03:32:52.869862
0885465d-a62f-4157-9852-7edf0ac7acb9,a4929eac-1f44-49cb-9536-8d91ae61f365,2,Potentially Available,0,Does Not Provide This Service,0,Does Not Provide This Service,2026-04-11 03:32:52.869862
66764849-f45b-4619-a9a3-79f3a12047d1,a4a4b866-7e43-4d2c-b78d-7b89149dc9e6,2,Potentially Available,0,Does Not Provide This Service,0,Does Not Provide This Service,2026-04-11 03:32:52.869862
376a588b-b8ef-4f42-a3fc-2da0599573bd,a4a7c103-f45b-4f92-a333-324acdfded4b,2,Potentially Available,0,Does Not Provide This Service,0,Does Not Provide This Service,2026-04-11 03:32:52.869862
2aa1762b-e1a4-4c5b-bb8c-c29581d8fb11,a4abc787-0f1c-4664-9c40-617246eac8e6,2,Potentially Available,0,Does Not Provide This Service,0,Does Not Provide This Service,2026-04-11 03:32:52.869862
367dd7a8-8cc5-4b4d-b1b0-0d5192045971,a4d61a35-d361-40e9-ad01-387b79a1e9e1,2,Potentially Available,0,Does Not Provide This Service,0,Does Not Provide This Service,2026-04-11 03:32:52.869862
96962874-4192-4270-8ae6-dabe9ee303bc,a4dc447d-89b1-462a-bba9-f47c0b5253f2,2,Potentially Available,0,Does Not Provide This Service,0,Does Not Provide This Service,2026-04-11 03:32:52.869862
24106d09-55d4-4349-9343-16666467b9dd,a4e9d4ec-a570-4685-a74c-f7075679f6d0,2,Potentially Available,0,Does Not Provide This Service,0,Does Not Provide This Service,2026-04-11 03:32:52.869862
da46da2e-a278-4ad4-8026-ade63ccbc36a,a5195237-443f-4f2c-8d1c-24a4724165e2,2,Potentially Available,0,Does Not Provide This Service,0,Does Not Provide This Service,2026-04-11 03:32:52.869862
704724ec-5815-4c50-a5b8-784b53532155,a5245e1c-1704-4c01-a1c0-c4e08317b286,2,Potentially Available,0,Does Not Provide This Service,0,Does Not Provide This Service,2026-04-11 03:32:52.869862
e2e21d4c-4a39-4ed0-a0dc-c506da9b0d7b,a563eec4-aaeb-486d-896a-e04f56e030a5,0,Does Not Provide This Service,0,Does Not Provide This Service,5,Highly Constrained,2026-04-11 03:32:52.869862
a008ed06-264a-4db5-a03f-2d38b7851ab4,a5d2b08f-3e84-466a-8340-73f086e7a3e1,2,Potentially Available,0,Does Not Provide This Service,0,Does Not Provide This Service,2026-04-11 03:32:52.869862
2585ff75-653a-4b1d-a845-0816b4a9333c,a5e4fd21-18b8-47ed-9892-3b58cd9ad714,2,Potentially Available,0,Does Not Provide This Service,0,Does Not Provide This Service,2026-04-11 03:32:52.869862
615e1151-1f4b-4ed9-8f23-722ed4298b87,a5ecdb3c-6fce-46fe-bb27-e2442af98f97,2,Potentially Available,0,Does Not Provide This Service,0,Does Not Provide This Service,2026-04-11 03:32:52.869862
10c0423f-b4b7-496b-bf99-81c0e016b266,a60880f0-9da0-4187-86f3-acb1984045a6,2,Potentially Available,0,Does Not Provide This Service,0,Does Not Provide This Service,2026-04-11 03:32:52.869862
576d89c9-728d-4ff7-b2f7-9ce3ffb543c2,a60a9772-7d92-4f4e-bcdf-d46ff7de7153,2,Potentially Available,0,Does Not Provide This Service,0,Does Not Provide This Service,2026-04-11 03:32:52.869862
8687c9e2-5baa-4d39-8690-adf910dff663,a6346953-8360-42d5-98ed-2a87051cf3a7,2,Potentially Available,0,Does Not Provide This Service,0,Does Not Provide This Service,2026-04-11 03:32:52.869862
70bee570-f24f-487d-80bb-4bbc96ff71ce,a63edbdd-941b-453c-b7b1-356c17f7e644,2,Potentially Available,0,Does Not Provide This Service,0,Does Not Provide This Service,2026-04-11 03:32:52.869862
83ddb448-71be-407a-9e7c-157b4031e6a6,a662de6e-71e5-4b4b-bf05-be79dc3c1a4b,0,Does Not Provide This Service,0,Does Not Provide This Service,2,Potentially Available,2026-04-11 03:32:52.869862
20d000a3-3136-4b25-a16a-c9c9c75f1e89,a6880e41-33f3-4caf-838d-20caeb53627c,2,Potentially Available,0,Does Not Provide This Service,0,Does Not Provide This Service,2026-04-11 03:32:52.869862
e44a3616-a9b2-4a73-9dc7-210b8464f036,a69287be-ceee-46eb-8785-299ffc99319a,2,Potentially Available,0,Does Not Provide This Service,0,Does Not Provide This Service,2026-04-11 03:32:52.869862
dd7ecc66-17df-4c64-bd55-36697a9bd755,a69fdc5f-99f7-4db1-9e53-08e7842afc10,2,Potentially Available,0,Does Not Provide This Service,0,Does Not Provide This Service,2026-04-11 03:32:52.869862
704b44f9-5f5b-493a-8d5b-112068f907a6,a6a4585a-96b5-4dd9-887e-766546be0cb5,2,Potentially Available,0,Does Not Provide This Service,0,Does Not Provide This Service,2026-04-11 03:32:52.869862
07633c81-21ca-4b5d-bb9e-bd573221189f,a6a7b390-da40-40d6-8e72-91cf74b00ab5,2,Potentially Available,0,Does Not Provide This Service,0,Does Not Provide This Service,2026-04-11 03:32:52.869862
4d2f6722-9929-4c16-bf88-9f05e9f6979b,a6b42123-0a2a-496c-835b-71748a5695e6,2,Potentially Available,0,Does Not Provide This Service,0,Does Not Provide This Service,2026-04-11 03:32:52.869862
00b09d49-b6fc-4eda-8970-9479be815e44,a6ba5ee9-7ca5-434c-8ca2-9ed89daa7f46,2,Potentially Available,0,Does Not Provide This Service,0,Does Not Provide This Service,2026-04-11 03:32:52.869862
83cc9fda-1a53-4955-934b-6076bd5cf38d,a6d9c61b-f7bd-442b-83bb-7be7bed2a9cd,0,Does Not Provide This Service,0,Does Not Provide This Service,4,Constrained by Market,2026-04-11 03:32:52.869862
aaeb643b-2826-402a-ab08-eba754e41062,a6f3ec45-3296-4a98-a0db-3c9aa4d30290,2,Potentially Available,0,Does Not Provide This Service,0,Does Not Provide This Service,2026-04-11 03:32:52.869862
906e00ed-2614-4b9d-b3fd-ea7766517291,a6f8303b-9ca8-4ece-a0c3-a3a3b6888121,2,Potentially Available,0,Does Not Provide This Service,0,Does Not Provide This Service,2026-04-11 03:32:52.869862
623c5263-f32e-4656-a8df-4fc199fc5584,a7096235-ee6c-44f8-bad6-8730c714fe50,2,Potentially Available,0,Does Not Provide This Service,0,Does Not Provide This Service,2026-04-11 03:32:52.869862
9836b889-867a-4a3c-8b91-09e32b57f500,a70d02dc-f770-42f1-9e21-864106bb7104,2,Potentially Available,0,Does Not Provide This Service,0,Does Not Provide This Service,2026-04-11 03:32:52.869862
809dca62-c52f-4524-8566-5aa24ac756b0,a734e03f-bcb5-40a5-9b63-bffe661328bd,2,Potentially Available,0,Does Not Provide This Service,0,Does Not Provide This Service,2026-04-11 03:32:52.869862
bf3db353-bf40-4e74-9b7d-0e7d8f19a7aa,a74b2485-a1ba-4046-9ba6-921ecb5a78a9,2,Potentially Available,0,Does Not Provide This Service,0,Does Not Provide This Service,2026-04-11 03:32:52.869862
da0da1dc-2d8b-454a-a0bc-f6f6fc3bc669,a761530f-3330-429b-9dae-240285312c82,2,Potentially Available,0,Does Not Provide This Service,0,Does Not Provide This Service,2026-04-11 03:32:52.869862
e46e2849-382b-4e10-8034-d85d6b4bd331,a773eb91-01f0-4e45-8c7b-ad744805611d,2,Potentially Available,0,Does Not Provide This Service,0,Does Not Provide This Service,2026-04-11 03:32:52.869862
331df787-fbf4-46e4-959f-d745365d6b11,a7bb0c7e-cb25-4443-901b-158bb3ce6cf3,2,Potentially Available,0,Does Not Provide This Service,0,Does Not Provide This Service,2026-04-11 03:32:52.869862
b14238f3-7e45-499e-8b01-36497926c796,a7df0e3a-3cb7-4395-8579-80d4c06c2fe4,2,Potentially Available,0,Does Not Provide This Service,0,Does Not Provide This Service,2026-04-11 03:32:52.869862
5d96e499-d610-4baf-94b9-d3f5ce50d2ff,a7dfa701-fbc6-41a1-9ed5-e732345a00ae,2,Potentially Available,1,Likely Available,0,Does Not Provide This Service,2026-04-11 03:32:52.869862
d0d595d5-d55a-4ac8-8d4e-15297adcf20a,a8204be5-faea-48b4-a05c-f93e9f5ba958,2,Potentially Available,0,Does Not Provide This Service,0,Does Not Provide This Service,2026-04-11 03:32:52.869862
d3d65b12-1871-4cfe-8487-fc22fccd0175,a84916c9-1a23-4b40-a2d9-1accbe063a46,2,Potentially Available,0,Does Not Provide This Service,0,Does Not Provide This Service,2026-04-11 03:32:52.869862
45d6f16a-fc06-4bd3-9076-c94c29c0a500,a861cdc8-351d-497d-9caf-de69ee15bddb,2,Potentially Available,0,Does Not Provide This Service,0,Does Not Provide This Service,2026-04-11 03:32:52.869862
c7666b4e-1965-4375-90a3-258fbec85983,a86c60fb-cdba-45e1-bf76-266d58b47812,2,Potentially Available,0,Does Not Provide This Service,0,Does Not Provide This Service,2026-04-11 03:32:52.869862
4ffa284a-ffb9-4786-ba17-f907a53b3d39,a8a86365-74b8-44b7-8c6f-f94fa51caaff,2,Potentially Available,0,Does Not Provide This Service,0,Does Not Provide This Service,2026-04-11 03:32:52.869862
8bd055bf-b0a2-46b3-96f3-7b0bbb47d44b,a8d2a82c-5bb9-436d-a0c3-a3b218d4a53d,2,Potentially Available,0,Does Not Provide This Service,0,Does Not Provide This Service,2026-04-11 03:32:52.869862
7e0c39d1-d12d-4a2c-8b83-be5c573ec707,a8efae1a-dc92-4ea9-b9d9-44c6529d1625,2,Potentially Available,0,Does Not Provide This Service,0,Does Not Provide This Service,2026-04-11 03:32:52.869862
0d673a2e-b8ef-4822-9c10-bd9afd71f96e,a9010747-ddb2-492f-ad41-e787025e506d,2,Potentially Available,5,Highly Constrained,0,Does Not Provide This Service,2026-04-11 03:32:52.869862
9b24590a-d907-4da6-aba8-de4e34750b6b,a90e8df7-b9fc-4363-b77e-4dd7caacbeb3,2,Potentially Available,0,Does Not Provide This Service,0,Does Not Provide This Service,2026-04-11 03:32:52.869862
b6836ba1-1cca-4eae-9b7d-45483e242533,a910ec08-8531-41f9-849c-e318f67bd35b,2,Potentially Available,0,Does Not Provide This Service,0,Does Not Provide This Service,2026-04-11 03:32:52.869862
eb3f19b0-df67-4123-8305-2fc960e5b3c6,a94f880a-ce53-49dd-82f4-3f5a84b4bd12,2,Potentially Available,0,Does Not Provide This Service,0,Does Not Provide This Service,2026-04-11 03:32:52.869862
7accb4e5-2298-4089-bdea-a49d9c216526,a965ee14-5c0c-464e-854a-6800fbd705dc,2,Potentially Available,0,Does Not Provide This Service,0,Does Not Provide This Service,2026-04-11 03:32:52.869862
3cb6099d-c3d8-4d92-a1d8-619dd1f2a40b,a96752c5-c501-4a8c-b60b-bda860ab0dac,2,Potentially Available,0,Does Not Provide This Service,0,Does Not Provide This Service,2026-04-11 03:32:52.869862
2ab01486-2f91-4aff-9d40-dfeed5104fe6,a96b4251-23ce-4626-8bbf-57085692b816,2,Potentially Available,0,Does Not Provide This Service,0,Does Not Provide This Service,2026-04-11 03:32:52.869862
d53cb522-db24-48cb-87f0-a65001f5769a,a97c558b-c996-4c1c-bfe3-4b8f13f4173a,2,Potentially Available,0,Does Not Provide This Service,0,Does Not Provide This Service,2026-04-11 03:32:52.869862
6116399f-5738-462a-85fa-fe6be8231b0e,a9d6c712-ef16-4aec-908c-24cafc4c1a0e,2,Potentially Available,0,Does Not Provide This Service,0,Does Not Provide This Service,2026-04-11 03:32:52.869862
c6182df9-0520-4621-8968-2ece3793885b,a9fd7127-0590-4e33-b54a-2d9f462e50df,1,Likely Available,0,Does Not Provide This Service,0,Does Not Provide This Service,2026-04-11 03:32:52.869862
992502ab-62f4-4775-90cd-8ff6dd215058,aa01404e-4094-4eb3-8e5f-34761a4368fd,2,Potentially Available,0,Does Not Provide This Service,0,Does Not Provide This Service,2026-04-11 03:32:52.869862
1b15a6a8-b4cf-4d45-a8ae-c99a73332863,aa32436f-22c0-4f20-b667-0119900b1aa2,2,Potentially Available,0,Does Not Provide This Service,0,Does Not Provide This Service,2026-04-11 03:32:52.869862
1fd610b5-51bd-4673-9418-9be143dc7fd9,aa369e29-2cf0-4b91-8ed9-6e0a12d56f73,2,Potentially Available,0,Does Not Provide This Service,0,Does Not Provide This Service,2026-04-11 03:32:52.869862
1df9b0b1-a617-4cbc-9727-44c6918f887e,aa4c5fed-a40e-4882-8872-0f4b19e88b9a,2,Potentially Available,0,Does Not Provide This Service,0,Does Not Provide This Service,2026-04-11 03:32:52.869862
decc8022-a562-4617-b5c1-7b9048e53c37,aa4d0a87-b70c-43d6-83bc-8550dba3a686,2,Potentially Available,0,Does Not Provide This Service,0,Does Not Provide This Service,2026-04-11 03:32:52.869862
2f7ec214-d49b-4d5a-a4d0-985c3dad0152,aa585f2e-fedd-4e28-93a3-09ba4b010be1,2,Potentially Available,0,Does Not Provide This Service,0,Does Not Provide This Service,2026-04-11 03:32:52.869862
b57796ab-cb77-4b13-91cf-f30d267a6e8f,aa5f8704-fd62-4b0a-b9f4-b2ae524594d9,2,Potentially Available,0,Does Not Provide This Service,0,Does Not Provide This Service,2026-04-11 03:32:52.869862
5c8a339e-3215-4b15-80a4-5ac8c41e917c,aa66b6b6-7a02-4435-ba59-0c41b8a5b3a2,2,Potentially Available,0,Does Not Provide This Service,0,Does Not Provide This Service,2026-04-11 03:32:52.869862
70bb401e-6579-4aca-b8b8-8413aedde358,aa66d40a-4e65-44ee-ae4f-e13d34bc4e36,2,Potentially Available,0,Does Not Provide This Service,0,Does Not Provide This Service,2026-04-11 03:32:52.869862
c9b43498-97d1-4992-8794-8188018c44d8,aa74b5e3-ce04-4329-a504-f698e0336980,2,Potentially Available,0,Does Not Provide This Service,0,Does Not Provide This Service,2026-04-11 03:32:52.869862
babba92d-6013-4931-97c2-4f2c28d18b1f,aa839ef2-c277-4e35-9e8d-4518c4356c1b,2,Potentially Available,0,Does Not Provide This Service,0,Does Not Provide This Service,2026-04-11 03:32:52.869862
ed8213ef-407c-4b7f-9f71-fd17020e1445,aabfc38b-4eac-4e8e-95ef-84857ed12a1a,2,Potentially Available,0,Does Not Provide This Service,0,Does Not Provide This Service,2026-04-11 03:32:52.869862
922a57e3-4ac8-451d-85b9-e1a663d3b1cd,aade47e1-0e29-4d98-8bef-bfcf21934939,2,Potentially Available,0,Does Not Provide This Service,0,Does Not Provide This Service,2026-04-11 03:32:52.869862
f74ed2ec-98ee-457d-ac2c-178ef346ed3e,aaf8b8a0-9c68-4894-a977-ae4281cc0dc4,2,Potentially Available,0,Does Not Provide This Service,0,Does Not Provide This Service,2026-04-11 03:32:52.869862
db07db99-d8b2-415c-9e7d-df8ae385d922,aaffc141-f742-441c-80cf-2175c81cd1fb,2,Potentially Available,0,Does Not Provide This Service,0,Does Not Provide This Service,2026-04-11 03:32:52.869862
679d68f7-7269-445d-a044-4893d35eb8e6,ab0458cf-e4f6-4ce0-a187-6398b8b8e61a,2,Potentially Available,0,Does Not Provide This Service,0,Does Not Provide This Service,2026-04-11 03:32:52.869862
a372267f-9780-4c75-b393-3be32e139bd3,ab21f91a-00a4-4ce4-aa67-74213008d34a,2,Potentially Available,0,Does Not Provide This Service,0,Does Not Provide This Service,2026-04-11 03:32:52.869862
a52c514d-1b29-4d9e-a8ca-72471275f1b2,ab323dcc-263c-449f-93cb-51b782edb74a,2,Potentially Available,5,Highly Constrained,0,Does Not Provide This Service,2026-04-11 03:32:52.869862
dd1728a3-a841-4b85-8ee8-ff6857708c30,ab46bfe4-eb4f-46ac-97a6-0fc93f3f2983,2,Potentially Available,0,Does Not Provide This Service,0,Does Not Provide This Service,2026-04-11 03:32:52.869862
b5b60a62-f217-4189-aa61-f701ba6b764c,ab5282d7-302f-4008-8707-b8006ed1c899,2,Potentially Available,0,Does Not Provide This Service,0,Does Not Provide This Service,2026-04-11 03:32:52.869862
0680abac-b751-4cb2-96ba-9080b0cf1130,ab5b7cfe-e45e-41c7-b371-65325f959ec6,2,Potentially Available,0,Does Not Provide This Service,0,Does Not Provide This Service,2026-04-11 03:32:52.869862
acb98fdc-073c-406b-8a64-7a33379f1fa9,ab731bf4-b747-4881-a0ae-dc328d4daefe,2,Potentially Available,0,Does Not Provide This Service,0,Does Not Provide This Service,2026-04-11 03:32:52.869862
7c796336-d209-4916-9582-0d174b1164f8,ab7e0f63-c9d0-4bcc-b856-71054a8a9282,2,Potentially Available,0,Does Not Provide This Service,0,Does Not Provide This Service,2026-04-11 03:32:52.869862
c094e63f-829f-4d04-9588-915cdf81a7ce,ab81f593-c4f6-4a4f-9ff3-d40980dc59a6,2,Potentially Available,0,Does Not Provide This Service,0,Does Not Provide This Service,2026-04-11 03:32:52.869862
2956faed-d8c7-4814-9bed-f221aa1fe9d9,ab8d47ca-9308-44b0-bd52-3997a225b5bb,2,Potentially Available,0,Does Not Provide This Service,0,Does Not Provide This Service,2026-04-11 03:32:52.869862
24921da1-c2ba-4cb3-898e-716d848bf1f6,abe9412c-62e8-41f5-904d-883e6481d017,2,Potentially Available,0,Does Not Provide This Service,0,Does Not Provide This Service,2026-04-11 03:32:52.869862
7aaac280-703d-4f55-9dd0-3d70ac9e29ed,abf522f5-b631-4162-abf9-cb4a3dd32352,2,Potentially Available,0,Does Not Provide This Service,0,Does Not Provide This Service,2026-04-11 03:32:52.869862
673a91da-215a-4e0d-a7a5-c3c25dbc6cb1,abf79e46-3ade-4c92-8a0c-adb265e0f3f4,2,Potentially Available,0,Does Not Provide This Service,0,Does Not Provide This Service,2026-04-11 03:32:52.869862
56d78920-7b72-4c0d-8242-f043fa5ee599,ac08ff3d-aa78-42de-946f-1b04c72cd21e,2,Potentially Available,0,Does Not Provide This Service,0,Does Not Provide This Service,2026-04-11 03:32:52.869862
c97dba29-4be5-48f4-b8a4-f00820c6cc8e,ac1de968-dd48-49c7-8c7a-aab0b032c961,2,Potentially Available,0,Does Not Provide This Service,0,Does Not Provide This Service,2026-04-11 03:32:52.869862
2f0130f9-b21a-4f0e-9cda-5b063906d12b,ac299ab9-4387-48c0-ab61-6dbef2a36613,2,Potentially Available,0,Does Not Provide This Service,0,Does Not Provide This Service,2026-04-11 03:32:52.869862
4ecd56f2-0f18-4109-a3b0-1d714b5fb81d,ac32729e-70b9-4076-b21f-1a515fbdf109,2,Potentially Available,0,Does Not Provide This Service,0,Does Not Provide This Service,2026-04-11 03:32:52.869862
733b66e8-3907-4bf6-b1c2-422265c07d04,ac41d38d-ffae-4c40-96db-a785878a660e,2,Potentially Available,0,Does Not Provide This Service,0,Does Not Provide This Service,2026-04-11 03:32:52.869862
e1bcb53b-93bd-455f-8b73-582363d80c15,ac4d87a9-ca70-4477-90b8-044a97bd676b,2,Potentially Available,0,Does Not Provide This Service,0,Does Not Provide This Service,2026-04-11 03:32:52.869862
9232a9c0-0507-486d-91ef-7e2b760b5b60,ac571689-75f4-4ab5-945e-4024fe7639b2,2,Potentially Available,0,Does Not Provide This Service,0,Does Not Provide This Service,2026-04-11 03:32:52.869862
c5b273ef-1430-4860-9a68-fb9c2924b42e,ac7ab345-fc0b-4c6b-a4f8-9b3729f1d6dc,2,Potentially Available,0,Does Not Provide This Service,0,Does Not Provide This Service,2026-04-11 03:32:52.869862
403a4ee4-13cb-42ac-9e06-07859478d7d3,ac7f40b8-a523-451f-b058-1731efefbfa9,2,Potentially Available,0,Does Not Provide This Service,0,Does Not Provide This Service,2026-04-11 03:32:52.869862
920b97db-21c1-4f96-af2c-c488a49fc241,ac80ca00-c091-40dc-a8ea-a729d1c5ec67,0,Does Not Provide This Service,0,Does Not Provide This Service,1,Likely Available,2026-04-11 03:32:52.869862
9c9cb49b-1c78-49d5-ba2b-256d82374621,accc11e2-9759-419f-9cc9-db36adc84f10,2,Potentially Available,0,Does Not Provide This Service,0,Does Not Provide This Service,2026-04-11 03:32:52.869862
b5ce455b-5020-4c41-ba8a-b8d72bec4aac,acf64759-ac56-47e5-81fd-6965785eb144,2,Potentially Available,0,Does Not Provide This Service,0,Does Not Provide This Service,2026-04-11 03:32:52.869862
70ac479d-e03b-4bdb-8af4-741b5e04d6ef,ad2a15e6-f392-42c7-a0a6-30dc3b560231,2,Potentially Available,0,Does Not Provide This Service,0,Does Not Provide This Service,2026-04-11 03:32:52.869862
ca03d805-a446-4a48-a8c7-a8d1f2e1ff30,ad4539e6-b232-4cd7-b98e-2dda2171b1a6,2,Potentially Available,0,Does Not Provide This Service,0,Does Not Provide This Service,2026-04-11 03:32:52.869862
ee7c1e57-812f-4106-955f-305d62fdecea,ad7e0824-b6da-45c3-9189-b28e8a15dc68,2,Potentially Available,0,Does Not Provide This Service,0,Does Not Provide This Service,2026-04-11 03:32:52.869862
9c171cd5-13c3-4ebb-b556-0ea7e4243691,ad956a5b-9b88-4347-966c-d46b395d693c,2,Potentially Available,0,Does Not Provide This Service,0,Does Not Provide This Service,2026-04-11 03:32:52.869862
a561a573-5e48-4d17-884d-666fdf66c7e2,ad96a81a-cee0-4fc3-8d06-d1ab705fef52,2,Potentially Available,0,Does Not Provide This Service,0,Does Not Provide This Service,2026-04-11 03:32:52.869862
dbd39c55-31d8-4647-9268-41c8e37ea29a,adb968e6-dde1-4a51-868f-16db24d5030f,2,Potentially Available,0,Does Not Provide This Service,0,Does Not Provide This Service,2026-04-11 03:32:52.869862
389f0445-93f8-488e-a8a0-6b6d11fdf44b,add04b23-bb9e-4c96-8b68-dc28be49c68c,2,Potentially Available,0,Does Not Provide This Service,0,Does Not Provide This Service,2026-04-11 03:32:52.869862
d73a91ba-e739-405c-b37f-9618d4b78573,ae137875-0681-48f5-b5e8-458f32a0a4a4,2,Potentially Available,0,Does Not Provide This Service,0,Does Not Provide This Service,2026-04-11 03:32:52.869862
06abb6cb-3e05-4907-abd1-88a4e7e22fc1,ae381f16-1954-4b67-a671-2f7473caa229,2,Potentially Available,0,Does Not Provide This Service,0,Does Not Provide This Service,2026-04-11 03:32:52.869862
360d0fdc-513f-4aa1-a931-9ffafbcf9a43,ae61155b-9651-4258-8dae-154319a4bf10,2,Potentially Available,0,Does Not Provide This Service,0,Does Not Provide This Service,2026-04-11 03:32:52.869862
cdcd588c-639b-4880-be0e-6ccde4778fa2,ae93c0aa-fa5f-49d5-9b59-3d846ff5ebef,2,Potentially Available,0,Does Not Provide This Service,0,Does Not Provide This Service,2026-04-11 03:32:52.869862
b7e46307-c696-4cc9-b860-74b13e25e442,aeb6e2be-1ce9-4bf2-9e50-0c85f21e62a6,1,Likely Available,1,Likely Available,0,Does Not Provide This Service,2026-04-11 03:32:52.869862
2f68de33-1e53-4306-b5a5-baaa3b14fa47,aebc570a-7e4d-4ab4-9ac5-1e9268feb8ec,2,Potentially Available,0,Does Not Provide This Service,0,Does Not Provide This Service,2026-04-11 03:32:52.869862
8256a9bf-3cf9-4aa0-b6fe-6b4425d16073,aec20a94-4fba-46e2-aee6-885c274f9a0f,2,Potentially Available,0,Does Not Provide This Service,0,Does Not Provide This Service,2026-04-11 03:32:52.869862
c1a7cabf-c127-4a3f-8ab2-882bf9f0d1d6,aeccb945-29c1-43bf-82e9-7484c659049e,2,Potentially Available,0,Does Not Provide This Service,0,Does Not Provide This Service,2026-04-11 03:32:52.869862
205e43c2-fef3-43f3-8471-60552a986427,aecef734-e39e-4a82-a868-8f589b811362,2,Potentially Available,0,Does Not Provide This Service,0,Does Not Provide This Service,2026-04-11 03:32:52.869862
6e65df36-ba8a-468c-9fee-6034237ac0da,aee0aa1b-5eeb-445a-b94b-f20fe0dc57a8,2,Potentially Available,0,Does Not Provide This Service,0,Does Not Provide This Service,2026-04-11 03:32:52.869862
cb9dd131-9f5a-480a-ae12-d1eac174243f,aef04247-7409-48cd-8f5a-815bcc81e390,2,Potentially Available,0,Does Not Provide This Service,0,Does Not Provide This Service,2026-04-11 03:32:52.869862
679d776a-3b4f-432f-a6ff-a6548b255736,af064a2b-7c10-4f94-bb54-77a5cfbf7724,2,Potentially Available,0,Does Not Provide This Service,0,Does Not Provide This Service,2026-04-11 03:32:52.869862
13d56961-e789-4b04-90ac-0173f3333d43,af087bb8-cb29-4c29-a1d7-cc3323a2a31e,2,Potentially Available,0,Does Not Provide This Service,0,Does Not Provide This Service,2026-04-11 03:32:52.869862
5d7789ac-f6eb-4ce0-ad5d-087fa0f66452,af09fb71-0839-4074-a23f-764598979efb,0,Does Not Provide This Service,0,Does Not Provide This Service,4,Constrained by Market,2026-04-11 03:32:52.869862
195c7b76-8e42-4df1-871b-ecf489c4aeea,af2269b4-0c29-4b19-bfce-e9f3c504e65d,2,Potentially Available,0,Does Not Provide This Service,0,Does Not Provide This Service,2026-04-11 03:32:52.869862
5cc3f5f4-e1c8-402e-b410-4fb9fcd442fc,af3bf1a0-8f5f-4638-8d31-a7b64791a568,2,Potentially Available,0,Does Not Provide This Service,0,Does Not Provide This Service,2026-04-11 03:32:52.869862
c8afd128-bba9-4017-a523-a2593e2eb540,af416239-b08e-49ee-a64f-4eb047d7d3ba,2,Potentially Available,0,Does Not Provide This Service,0,Does Not Provide This Service,2026-04-11 03:32:52.869862
58ca2dfa-99b6-4310-a7be-3573eecf69fa,af42e174-3046-445a-9d42-f0453a3b1103,2,Potentially Available,0,Does Not Provide This Service,0,Does Not Provide This Service,2026-04-11 03:32:52.869862
4b020700-f2af-43be-a2d5-85388855c7e1,af485cc7-ca3b-4b37-b9d5-a67490c5fc6c,2,Potentially Available,0,Does Not Provide This Service,0,Does Not Provide This Service,2026-04-11 03:32:52.869862
baff29e2-8c0c-4a4e-bda5-6ad62a75782a,af66c217-6aff-4452-bdbd-3d4e327fe0ad,2,Potentially Available,0,Does Not Provide This Service,0,Does Not Provide This Service,2026-04-11 03:32:52.869862
1aab918f-8261-493c-83b9-48c37a931473,af8f243e-d6a6-4557-a762-627e764f1772,2,Potentially Available,0,Does Not Provide This Service,0,Does Not Provide This Service,2026-04-11 03:32:52.869862
a14d30e4-2dde-49cd-895b-7cb6194b69c4,af994a11-35ad-4576-9bfd-169b466939e9,2,Potentially Available,0,Does Not Provide This Service,0,Does Not Provide This Service,2026-04-11 03:32:52.869862
097f6766-45dc-4b9d-946d-653114650e3f,afaafdd8-d103-44a7-bb67-16985cad8fe0,2,Potentially Available,0,Does Not Provide This Service,0,Does Not Provide This Service,2026-04-11 03:32:52.869862
0573b160-29a6-4944-ba0b-77adde413a0b,afd1c518-347f-43cb-bd14-2ab458c429ec,2,Potentially Available,0,Does Not Provide This Service,0,Does Not Provide This Service,2026-04-11 03:32:52.869862
c511b1de-59cb-44fc-802a-7a260f0cc66e,afe8d643-e4a7-4652-9cc6-9f87710e3c98,2,Potentially Available,0,Does Not Provide This Service,0,Does Not Provide This Service,2026-04-11 03:32:52.869862
59419f9c-d62b-492d-86bd-2a5a7787fb37,b00abab1-c85f-44cc-b032-d0a7d11314ae,2,Potentially Available,0,Does Not Provide This Service,0,Does Not Provide This Service,2026-04-11 03:32:52.869862
18466420-993e-4099-aded-395df97f2f8c,b00e04d0-1166-4657-93fc-a513fd830221,1,Likely Available,1,Likely Available,0,Does Not Provide This Service,2026-04-11 03:32:52.869862
a20f5cff-ba51-4e45-951d-a9cf82c45b89,b0186094-60ba-4ae5-992c-9347ca59f9e9,2,Potentially Available,0,Does Not Provide This Service,0,Does Not Provide This Service,2026-04-11 03:32:52.869862
1262b41b-5efb-40cf-a8a4-6e57c5f19f68,b01c79d7-f059-49dd-b9bd-94ac5e226612,2,Potentially Available,0,Does Not Provide This Service,0,Does Not Provide This Service,2026-04-11 03:32:52.869862
35fb065f-907d-4370-9dcb-a44ddba868fe,b01c7f2a-990d-4d6b-9408-e8e23afa2818,2,Potentially Available,0,Does Not Provide This Service,0,Does Not Provide This Service,2026-04-11 03:32:52.869862
98b5e99b-23ab-40a4-8a60-32b23ece2d52,b0237379-40b9-41d2-a0c8-16d16eae484e,2,Potentially Available,0,Does Not Provide This Service,0,Does Not Provide This Service,2026-04-11 03:32:52.869862
63cbd4ad-d475-4728-adde-bbf5f7f466d1,b027ea0e-d8ce-40aa-a7a7-e394997ddd72,2,Potentially Available,0,Does Not Provide This Service,0,Does Not Provide This Service,2026-04-11 03:32:52.869862
a06ae1fc-29c9-4386-9e6d-d522ed569605,b04be1d1-9c17-4f32-bacd-f30256a5b50a,2,Potentially Available,0,Does Not Provide This Service,0,Does Not Provide This Service,2026-04-11 03:32:52.869862
79a95a63-40e1-4418-938c-cbcd19af6266,b0910fb0-8a52-4898-abfe-2ecc91b1fee7,2,Potentially Available,0,Does Not Provide This Service,0,Does Not Provide This Service,2026-04-11 03:32:52.869862
b73bbd2f-2936-45b1-81bb-5ae9cef01d65,b095c630-fc82-4c44-9af3-c644951ce2ad,2,Potentially Available,0,Does Not Provide This Service,0,Does Not Provide This Service,2026-04-11 03:32:52.869862
1de8bd7d-24ba-4b74-8dc3-d42974141756,b09d2861-c685-42bb-8b4c-3b7def82f7bd,2,Potentially Available,0,Does Not Provide This Service,0,Does Not Provide This Service,2026-04-11 03:32:52.869862
6903bb1e-d9d5-49d4-9f9e-e1768571b5ba,b0a03794-4e13-4dd6-ad47-663179d1ed6a,2,Potentially Available,0,Does Not Provide This Service,0,Does Not Provide This Service,2026-04-11 03:32:52.869862
2d299c74-b3ff-464a-a3a8-d2f6e5e126fa,b0b20d5e-f6f4-4865-916a-833243449116,2,Potentially Available,0,Does Not Provide This Service,0,Does Not Provide This Service,2026-04-11 03:32:52.869862
f571f6a6-7c94-42f1-a98d-ada6b604b8b9,b0b6f43c-9904-4a24-a327-fffcc8bff4e3,2,Potentially Available,0,Does Not Provide This Service,0,Does Not Provide This Service,2026-04-11 03:32:52.869862
fcf1f88a-eacd-4e04-9a38-71a528945452,b0bf90d1-6a24-44ef-bf19-cd30aa22aea0,2,Potentially Available,0,Does Not Provide This Service,0,Does Not Provide This Service,2026-04-11 03:32:52.869862
98210947-78e9-4e57-96b6-9243e6911630,b0bf915d-b5d6-476d-98a3-4a4ab7577f4b,2,Potentially Available,0,Does Not Provide This Service,0,Does Not Provide This Service,2026-04-11 03:32:52.869862
0ec83a0d-2e17-42c7-ba3a-a122e2b72b25,b0c6f5a3-3180-4235-97cd-7efd51005703,2,Potentially Available,0,Does Not Provide This Service,0,Does Not Provide This Service,2026-04-11 03:32:52.869862
57281d90-2116-4bdb-aef5-49e49e5caab4,b0cf33be-bf5a-4fdf-a967-d8a9842c40fd,2,Potentially Available,0,Does Not Provide This Service,0,Does Not Provide This Service,2026-04-11 03:32:52.869862
405e7428-bfd0-4b12-8645-eddc219cad90,b0e94e0e-7e0a-428f-9b0b-97dee1b6471e,2,Potentially Available,0,Does Not Provide This Service,0,Does Not Provide This Service,2026-04-11 03:32:52.869862
9fb31afa-e327-4517-9c24-f2ffc324e54a,b0fa497d-3189-4431-9d4b-99214ae2ed90,0,Does Not Provide This Service,0,Does Not Provide This Service,1,Likely Available,2026-04-11 03:32:52.869862
4e719bbb-c7d5-49d5-96e2-dd96b13a60d8,b119c119-cfd7-40dd-bbf6-127c7ccd65b9,1,Likely Available,0,Does Not Provide This Service,0,Does Not Provide This Service,2026-04-11 03:32:52.869862
f997fcd6-6d74-474d-97db-431377db975c,b13188d3-01b1-4501-8362-8468ba151e39,2,Potentially Available,0,Does Not Provide This Service,0,Does Not Provide This Service,2026-04-11 03:32:52.869862
6e0a1d4d-0714-4e8e-911b-611c017058ad,b1717434-7f41-435f-846e-3e1671ff7541,2,Potentially Available,0,Does Not Provide This Service,0,Does Not Provide This Service,2026-04-11 03:32:52.869862
24ca60a7-9129-46e4-947d-d3c0f1bbbbf2,b1b4c137-f562-4a2a-a825-47901637f7cf,2,Potentially Available,0,Does Not Provide This Service,0,Does Not Provide This Service,2026-04-11 03:32:52.869862
9928e65d-80e6-41d2-b736-503190e23319,b1c7e37a-cf2a-40bc-b20c-e60133822345,2,Potentially Available,0,Does Not Provide This Service,0,Does Not Provide This Service,2026-04-11 03:32:52.869862
b2758323-9db0-4095-8b98-f17b3b5a774a,b1eec123-8313-4f88-90a1-8f0317dda13e,2,Potentially Available,0,Does Not Provide This Service,0,Does Not Provide This Service,2026-04-11 03:32:52.869862
ac6e3044-7cb1-40c5-a081-0bf88e926bd2,b1f4cd17-d122-4f2e-add5-221a46d0a7cb,2,Potentially Available,0,Does Not Provide This Service,0,Does Not Provide This Service,2026-04-11 03:32:52.869862
2ba831d9-5bac-4251-aa9d-401e2c91bb60,b1fea1df-7461-427d-b26d-f7719aaff0ae,2,Potentially Available,0,Does Not Provide This Service,0,Does Not Provide This Service,2026-04-11 03:32:52.869862
961866ff-69c1-4695-a997-21d2d1c9b21a,b21e81db-a041-4573-842d-b448732c52eb,2,Potentially Available,0,Does Not Provide This Service,0,Does Not Provide This Service,2026-04-11 03:32:52.869862
acb36201-01d8-44f4-8435-d2b9f12c7ee9,b222cddc-1211-4b61-9021-7d13f731d50a,2,Potentially Available,0,Does Not Provide This Service,0,Does Not Provide This Service,2026-04-11 03:32:52.869862
6a797f2f-f83d-4392-9859-6ce1451477df,b227023c-5bab-4c8d-b673-e65079a61291,2,Potentially Available,0,Does Not Provide This Service,0,Does Not Provide This Service,2026-04-11 03:32:52.869862
8d72da59-6136-4d9c-bf24-ff1d4030c744,b23dcc86-ea55-4159-845d-e52dc166c746,2,Potentially Available,0,Does Not Provide This Service,0,Does Not Provide This Service,2026-04-11 03:32:52.869862
39bc95a8-9cf1-416e-8a70-a3dfe1d994d1,b23fd305-aed9-4add-96d2-d8c6664144bb,1,Likely Available,0,Does Not Provide This Service,0,Does Not Provide This Service,2026-04-11 03:32:52.869862
dee8c673-caa5-482c-b3b7-56e028338619,b253fd7e-0249-4f02-8819-20d90e5c5248,2,Potentially Available,0,Does Not Provide This Service,0,Does Not Provide This Service,2026-04-11 03:32:52.869862
c8edc81e-a5f1-4827-b455-e69a4da591a4,b281f389-cffe-4c30-97d9-dccad6b17320,2,Potentially Available,0,Does Not Provide This Service,0,Does Not Provide This Service,2026-04-11 03:32:52.869862
f96769fb-968d-4df5-a811-fc53f48b9c54,b2a26ff9-839f-4e9a-b40a-ca8bbdc1f13e,2,Potentially Available,0,Does Not Provide This Service,0,Does Not Provide This Service,2026-04-11 03:32:52.869862
b506f16a-4973-4aef-99cc-08305943b739,b2dccad0-f2e2-4de9-bcc6-32f2fa04377e,2,Potentially Available,0,Does Not Provide This Service,0,Does Not Provide This Service,2026-04-11 03:32:52.869862
6648cf64-c474-446c-949c-40f2272323ab,b2ec6660-b7fd-4b0e-a088-6525f6f52f89,2,Potentially Available,0,Does Not Provide This Service,0,Does Not Provide This Service,2026-04-11 03:32:52.869862
8f510395-8778-42a9-b64d-d904b91a17ce,b2f01654-6a78-448f-b782-e33a3466e732,2,Potentially Available,0,Does Not Provide This Service,0,Does Not Provide This Service,2026-04-11 03:32:52.869862
a229aaa9-321b-4544-8316-7415a77e1d70,b2f2adb8-25ec-4df2-b9c0-2b8aa5454f5f,2,Potentially Available,0,Does Not Provide This Service,0,Does Not Provide This Service,2026-04-11 03:32:52.869862
732ee18c-9864-4adf-9f39-10a84e2a2503,b310f450-f553-4318-9921-ebe97f14c70a,2,Potentially Available,0,Does Not Provide This Service,0,Does Not Provide This Service,2026-04-11 03:32:52.869862
4f4bb1ef-7233-44c3-a047-e1a65f0a532d,b31887f5-a1de-4c89-98a0-d12d8704ffa1,2,Potentially Available,0,Does Not Provide This Service,0,Does Not Provide This Service,2026-04-11 03:32:52.869862
0b43dde2-24fb-49e8-94aa-16ffad45a676,b32a343e-0b6c-44d4-aae5-54de049dd7e2,0,Does Not Provide This Service,0,Does Not Provide This Service,1,Likely Available,2026-04-11 03:32:52.869862
ed7bf50d-31bd-413f-b8ee-b5d09ca035eb,b3397c66-4994-4f60-81c4-5b4da1e5aa36,2,Potentially Available,0,Does Not Provide This Service,0,Does Not Provide This Service,2026-04-11 03:32:52.869862
58b5a5db-b783-4f2e-ac66-31766b288058,b33c8dfb-291c-4a86-a945-aae672b43094,2,Potentially Available,0,Does Not Provide This Service,0,Does Not Provide This Service,2026-04-11 03:32:52.869862
662d4999-64a0-4277-a4b1-cc71ed69e058,b3415267-a948-4875-af5b-ab040f429457,2,Potentially Available,0,Does Not Provide This Service,0,Does Not Provide This Service,2026-04-11 03:32:52.869862
7b8a54c2-044f-4c47-ae55-7dcf929e8ae9,b343d706-4b29-4c6c-a029-8bba47e73eb8,2,Potentially Available,0,Does Not Provide This Service,0,Does Not Provide This Service,2026-04-11 03:32:52.869862
e05d9394-a2b2-4af3-b830-be855402ce1b,b34f21c6-f05f-4d89-8b8e-dd0d978ebc25,2,Potentially Available,0,Does Not Provide This Service,0,Does Not Provide This Service,2026-04-11 03:32:52.869862
dd7276c9-4385-4702-ba82-a4fab4fff52c,b3644eb2-dded-411e-a234-d0bc611ce791,2,Potentially Available,0,Does Not Provide This Service,0,Does Not Provide This Service,2026-04-11 03:32:52.869862
993e7687-07a9-449e-8b82-5994cd468f5c,b3732653-a150-4df2-969d-32bec4e72692,2,Potentially Available,0,Does Not Provide This Service,0,Does Not Provide This Service,2026-04-11 03:32:52.869862
89621bf5-fe69-4c30-97e1-797803e6ce7d,b38bd039-db77-48c5-8954-e79ff5cbff82,2,Potentially Available,0,Does Not Provide This Service,0,Does Not Provide This Service,2026-04-11 03:32:52.869862
d857ab7d-3476-4010-90b5-01f1a7bca8b9,b394ba18-ca10-454b-9981-d6b06341e9f9,2,Potentially Available,0,Does Not Provide This Service,0,Does Not Provide This Service,2026-04-11 03:32:52.869862
779a0814-f825-4fa7-a05d-2bc1e8d1c933,b3d01a5e-e3e3-45e6-97f9-a2b476032f63,2,Potentially Available,0,Does Not Provide This Service,0,Does Not Provide This Service,2026-04-11 03:32:52.869862
7ba814f4-555c-4108-8f9a-39ffb6b2cba8,b3df0eba-0a5a-4ac4-ad19-418fc3623d62,2,Potentially Available,0,Does Not Provide This Service,0,Does Not Provide This Service,2026-04-11 03:32:52.869862
cc242cb2-e632-4463-8ecd-d1838605a38d,b3e257ce-770b-4c6c-97d5-90489a951b12,2,Potentially Available,0,Does Not Provide This Service,0,Does Not Provide This Service,2026-04-11 03:32:52.869862
bcfa0410-14b3-4408-a411-f887844f51c0,b3faa93a-cf92-4c13-8e8b-0116b81b8056,2,Potentially Available,0,Does Not Provide This Service,0,Does Not Provide This Service,2026-04-11 03:32:52.869862
de8f2fef-88e8-45a1-ba5a-a423ef55c182,b3fd19ac-1052-43f9-ab88-e85fb3fbabdb,2,Potentially Available,0,Does Not Provide This Service,0,Does Not Provide This Service,2026-04-11 03:32:52.869862
20bb43b4-ca2a-4e3b-bc52-aa63603b3044,b40884e6-341f-4b81-89a7-182bc3089a7a,2,Potentially Available,0,Does Not Provide This Service,0,Does Not Provide This Service,2026-04-11 03:32:52.869862
4a4ac8d2-6725-4670-aa1c-5c7f5a0ba6ce,b43308c6-6071-4e93-8f12-8ee1b06a309a,2,Potentially Available,0,Does Not Provide This Service,0,Does Not Provide This Service,2026-04-11 03:32:52.869862
99f1d7e3-c033-4bd1-9f50-742d02825107,b43aa7b3-be23-48ea-8971-9554944d8ac6,2,Potentially Available,0,Does Not Provide This Service,0,Does Not Provide This Service,2026-04-11 03:32:52.869862
4e292add-339f-4ad5-a22e-5a9d0bd4b17a,b45b25cd-5a7d-4724-a5ae-50509283a9e9,2,Potentially Available,0,Does Not Provide This Service,0,Does Not Provide This Service,2026-04-11 03:32:52.869862
3285279b-6b89-4dfb-b6cc-a9c6f631e37b,b484cd47-b297-4bed-99e4-dc6df78b7b14,2,Potentially Available,5,Highly Constrained,0,Does Not Provide This Service,2026-04-11 03:32:52.869862
15a079d3-2e80-4939-be0b-9e5ea1ed82d4,b48f1e66-d135-46d5-86d0-cce19f804c2f,2,Potentially Available,0,Does Not Provide This Service,0,Does Not Provide This Service,2026-04-11 03:32:52.869862
af658f4c-e571-46d3-b9c0-665b5da85379,b4cfa10f-1711-40cb-9d52-472bb6c3abef,2,Potentially Available,0,Does Not Provide This Service,0,Does Not Provide This Service,2026-04-11 03:32:52.869862
f465da7c-7ef5-4309-bc46-e06cff371b45,b4dc3f3e-f060-45f7-ac33-9b6ba803d751,2,Potentially Available,0,Does Not Provide This Service,0,Does Not Provide This Service,2026-04-11 03:32:52.869862
fff62c23-e3b2-42e6-9200-7dd63d1d3fe4,b4f481c3-48a9-4714-9f2d-0d989f10b32a,2,Potentially Available,0,Does Not Provide This Service,0,Does Not Provide This Service,2026-04-11 03:32:52.869862
7f299558-1096-49c4-a04b-3d808a4f4bfd,b4fe23ed-289c-4cd2-b5cb-0386513f9952,2,Potentially Available,3,Constrained by Size,0,Does Not Provide This Service,2026-04-11 03:32:52.869862
d8d07a3b-ce37-4b6d-b4b1-78d4995512bb,b52199ea-be7f-4108-a853-1c39b44b99b1,0,Does Not Provide This Service,0,Does Not Provide This Service,1,Likely Available,2026-04-11 03:32:52.869862
f7f7c3ed-7819-433a-8c16-69d4259868aa,b52e416c-bfff-480b-899b-43f8b9606df0,2,Potentially Available,0,Does Not Provide This Service,0,Does Not Provide This Service,2026-04-11 03:32:52.869862
999e1cf5-1561-46c2-a46b-12f4857113c5,b5300509-229f-4b00-994d-29f62b7ed7a8,2,Potentially Available,0,Does Not Provide This Service,0,Does Not Provide This Service,2026-04-11 03:32:52.869862
47709133-6e6e-4246-9994-5feed7b39446,b5483d34-2950-4e0b-a19a-6374997fcf9d,2,Potentially Available,0,Does Not Provide This Service,0,Does Not Provide This Service,2026-04-11 03:32:52.869862
f643f7dd-c240-46d5-ae4d-a9310de7ac48,b55057f7-e7ff-4ee4-a022-ae6d5132c70c,2,Potentially Available,0,Does Not Provide This Service,0,Does Not Provide This Service,2026-04-11 03:32:52.869862
3da3b2b4-a354-4087-bcb1-10cd8dd71fcb,b570f0c6-5400-418f-b691-40682585dc74,2,Potentially Available,0,Does Not Provide This Service,0,Does Not Provide This Service,2026-04-11 03:32:52.869862
c8b12a91-b3d0-46d0-a327-8d0d85b9b62f,b57671a6-5b09-48eb-95c2-44f6108f6cb4,2,Potentially Available,0,Does Not Provide This Service,0,Does Not Provide This Service,2026-04-11 03:32:52.869862
e5fffd39-07d9-4353-a8b6-054cd3e25623,b57afd5f-c664-444b-95e0-468d37593c2b,0,Does Not Provide This Service,0,Does Not Provide This Service,4,Constrained by Market,2026-04-11 03:32:52.869862
493a8f8c-d05e-4cb2-a2db-c0a4b44851b7,b57edd45-5c38-4440-8b48-aaeea6fef633,2,Potentially Available,0,Does Not Provide This Service,0,Does Not Provide This Service,2026-04-11 03:32:52.869862
4d0c6e33-b884-47ce-aa39-4e35317e7a7e,b5807c0e-cdff-4898-8f01-3188de404e89,2,Potentially Available,0,Does Not Provide This Service,0,Does Not Provide This Service,2026-04-11 03:32:52.869862
8a99beb6-b860-41f6-86ac-49d5a5fd43dd,b5a6d429-27f5-486b-ab02-f8f24f65a27b,2,Potentially Available,0,Does Not Provide This Service,0,Does Not Provide This Service,2026-04-11 03:32:52.869862
46acd4ad-71cd-4991-ab8e-88a493412f39,b5cac1ba-58be-49a4-8fd8-86b4195ddbd3,2,Potentially Available,0,Does Not Provide This Service,0,Does Not Provide This Service,2026-04-11 03:32:52.869862
bcf8a521-f25e-45e8-aff3-a68fbf0d8823,b5fa23c8-6d08-4b43-ba04-ee3402e920bc,2,Potentially Available,0,Does Not Provide This Service,0,Does Not Provide This Service,2026-04-11 03:32:52.869862
54c9ab4c-5e78-4cfe-9bcf-23430fa80662,b5fb2ab1-3c6e-4171-a3d2-8b993027f25b,2,Potentially Available,0,Does Not Provide This Service,0,Does Not Provide This Service,2026-04-11 03:32:52.869862
05705f16-dc79-4b1c-8df3-b6710014447c,b601494b-c282-498e-8b77-d316a5be6934,2,Potentially Available,0,Does Not Provide This Service,0,Does Not Provide This Service,2026-04-11 03:32:52.869862
d8c528f9-9468-41df-9e85-36c573dcd8be,b602ee2c-a01e-4474-9e05-6cdb36a4b59a,2,Potentially Available,0,Does Not Provide This Service,0,Does Not Provide This Service,2026-04-11 03:32:52.869862
d4dfa38f-1ea2-4fe7-8936-115eff56685e,b611f72f-751b-4638-a433-c0aa5747e931,2,Potentially Available,0,Does Not Provide This Service,0,Does Not Provide This Service,2026-04-11 03:32:52.869862
ab06bce5-7f61-4eaf-a01a-89015045e00d,b61643f8-1713-4fca-a44a-eae5ead5000a,2,Potentially Available,0,Does Not Provide This Service,0,Does Not Provide This Service,2026-04-11 03:32:52.869862
9132db7b-dd6e-477c-ad72-1e8bf57ab5c0,b61920fa-f4b3-44a7-8e2b-f181288cc8bb,2,Potentially Available,0,Does Not Provide This Service,0,Does Not Provide This Service,2026-04-11 03:32:52.869862
dc7b25aa-b16a-46eb-9797-45e308c17ca4,b637354f-7b97-4957-bc8a-4122b08c30e5,2,Potentially Available,1,Likely Available,0,Does Not Provide This Service,2026-04-11 03:32:52.869862
a67f58ef-143e-41c3-ac1d-cf7c0fd08b3a,b63b444a-47c4-450b-84bc-cee72637f639,2,Potentially Available,0,Does Not Provide This Service,0,Does Not Provide This Service,2026-04-11 03:32:52.869862
a8dc495b-d5fa-476b-9084-5557e1d96900,b655b066-cad2-43b1-bc09-2fa4f7891d89,0,Does Not Provide This Service,0,Does Not Provide This Service,4,Constrained by Market,2026-04-11 03:32:52.869862
c12fb3a4-daa2-49e4-8085-e33749bd04c1,b65a6d11-657e-4240-b483-2d0a23fc9d19,2,Potentially Available,0,Does Not Provide This Service,0,Does Not Provide This Service,2026-04-11 03:32:52.869862
5cd7518a-907c-48d9-beba-569c8a6867b3,b69e0480-db8e-44df-adf1-99638d957e1d,2,Potentially Available,0,Does Not Provide This Service,0,Does Not Provide This Service,2026-04-11 03:32:52.869862
fb5ce952-da80-4da2-b09c-15195e7ac721,b6d7d281-dbb5-4eed-b1fc-dd16395eb33b,2,Potentially Available,0,Does Not Provide This Service,0,Does Not Provide This Service,2026-04-11 03:32:52.869862
bf6aa577-d3a8-4844-a77e-f8b182f1a8b2,b6dcc006-eb30-4906-864e-83fd37f9593e,2,Potentially Available,0,Does Not Provide This Service,0,Does Not Provide This Service,2026-04-11 03:32:52.869862
4f7edabf-3adb-41ab-950f-e67884a545ba,b6f0b72d-28dd-42b4-9c05-256dc2366559,2,Potentially Available,0,Does Not Provide This Service,0,Does Not Provide This Service,2026-04-11 03:32:52.869862
7e75b944-903f-4d9d-af8c-fb6a32e11c8f,b7165d69-865d-4eff-8b4c-6a734912b32a,2,Potentially Available,0,Does Not Provide This Service,0,Does Not Provide This Service,2026-04-11 03:32:52.869862
2c122a72-cdd0-4ac6-923e-01c2afb5e1ba,b71d4137-8bf3-45f5-baca-d01c2374c1bc,2,Potentially Available,0,Does Not Provide This Service,0,Does Not Provide This Service,2026-04-11 03:32:52.869862
e021aac7-0801-4135-9d0c-a8b43d3696e9,b720c346-335e-41bc-ba4a-7af2e00dd6ce,2,Potentially Available,0,Does Not Provide This Service,0,Does Not Provide This Service,2026-04-11 03:32:52.869862
ba96807a-a623-49da-b228-2577d337ec29,b7389609-5483-44b5-86dc-3abef85a09ee,1,Likely Available,1,Likely Available,0,Does Not Provide This Service,2026-04-11 03:32:52.869862
2020034c-6a26-48c5-a446-9ac9558ef419,b73b0208-cb91-4461-ac4a-0f95aba08908,2,Potentially Available,0,Does Not Provide This Service,0,Does Not Provide This Service,2026-04-11 03:32:52.869862
da26fdba-c762-439e-8dee-435b82dfe254,b7626ac0-28db-46c8-870f-0c0c3c2ea6f5,2,Potentially Available,0,Does Not Provide This Service,0,Does Not Provide This Service,2026-04-11 03:32:52.869862
661c4562-369f-4c9d-809a-7c5a8eaa7b3a,b765c59f-3073-46c4-b22a-4ecdf4ac9d0a,2,Potentially Available,0,Does Not Provide This Service,0,Does Not Provide This Service,2026-04-11 03:32:52.869862
d1959596-22ba-4a32-a238-9e2c356df4f0,b776b807-3d95-4861-ba76-61b905b29950,2,Potentially Available,0,Does Not Provide This Service,0,Does Not Provide This Service,2026-04-11 03:32:52.869862
dc968a51-1092-4d51-b161-f15ac71f0ff3,b77c13e8-ce50-4ecb-8e9a-d076c2856a0a,1,Likely Available,1,Likely Available,0,Does Not Provide This Service,2026-04-11 03:32:52.869862
20a7cb6c-84be-4c30-b1f1-164c0d13c33b,b7bcd5d4-dfef-41c6-a4c7-3b9d9b118c5a,2,Potentially Available,0,Does Not Provide This Service,0,Does Not Provide This Service,2026-04-11 03:32:52.869862
5fe6263a-2c01-4add-85dc-42e3379aa602,b7c5f4e5-c9eb-45a4-a9da-2b4a79f68273,2,Potentially Available,0,Does Not Provide This Service,0,Does Not Provide This Service,2026-04-11 03:32:52.869862
fb5b5f94-98af-4208-9477-639f4932c07a,b7d05b92-e6a5-4be2-adc4-15f926a8ad54,2,Potentially Available,0,Does Not Provide This Service,0,Does Not Provide This Service,2026-04-11 03:32:52.869862
86ed3f5b-a32e-4f8c-bb44-a1595ec882d3,b7d8f327-278b-4d1d-ad41-d35702852523,2,Potentially Available,0,Does Not Provide This Service,0,Does Not Provide This Service,2026-04-11 03:32:52.869862
e930194c-7442-416c-a319-2ee28b78362b,b810e259-169a-4e88-b944-379e92a59068,2,Potentially Available,0,Does Not Provide This Service,0,Does Not Provide This Service,2026-04-11 03:32:52.869862
3e6a6ca9-fb8a-4642-a976-012d03b9cc3d,b8112afe-3381-46d1-a6a6-c4505f90630a,2,Potentially Available,0,Does Not Provide This Service,0,Does Not Provide This Service,2026-04-11 03:32:52.869862
f9895dfe-ab30-41ac-a597-2b04bfa047c3,b812f459-a777-4b4a-a096-9740c417b43f,2,Potentially Available,0,Does Not Provide This Service,0,Does Not Provide This Service,2026-04-11 03:32:52.869862
83d99dcb-d40d-49cd-856d-8f2b4ffa949b,b82c7ee0-872b-4c50-8b3a-eefd3bd0c71f,2,Potentially Available,0,Does Not Provide This Service,0,Does Not Provide This Service,2026-04-11 03:32:52.869862
0f2676bc-22ee-495b-9ade-963145086f88,b88dcb00-2959-4f5b-ac1d-7cbb903063ab,2,Potentially Available,0,Does Not Provide This Service,0,Does Not Provide This Service,2026-04-11 03:32:52.869862
812a98f7-abaf-4ad8-bb9c-3863ac3525f9,b8960c8f-d743-44a5-989c-8dee35cbf380,2,Potentially Available,0,Does Not Provide This Service,0,Does Not Provide This Service,2026-04-11 03:32:52.869862
d033276c-cc32-452d-907c-6aa77ecba61d,b8c54006-c13b-4cda-b0b7-258099db9f82,2,Potentially Available,0,Does Not Provide This Service,0,Does Not Provide This Service,2026-04-11 03:32:52.869862
7abf671f-40f8-4c78-b7d8-7cef14b34fbe,b8c80f66-cfa1-48e2-9210-12bffd6bc77a,2,Potentially Available,0,Does Not Provide This Service,0,Does Not Provide This Service,2026-04-11 03:32:52.869862
b54c5cce-00f4-452e-a2cd-cb2d7d7115ad,b8c98f8f-aae3-4ec5-996c-6c07504a0cd8,1,Likely Available,3,Constrained by Size,0,Does Not Provide This Service,2026-04-11 03:32:52.869862
d0c5d73c-72ce-4825-a574-7d1e13008ca3,b8e884c3-07f5-458f-9e5e-a9c30bd8c763,2,Potentially Available,0,Does Not Provide This Service,0,Does Not Provide This Service,2026-04-11 03:32:52.869862
b54aec8c-1703-4200-bf68-c0e49a8d4dcf,b8f4afed-bf17-4c17-8609-2c513667e4bf,2,Potentially Available,0,Does Not Provide This Service,0,Does Not Provide This Service,2026-04-11 03:32:52.869862
111f3c2a-fe6f-4619-8173-34731650144b,b91ed0e3-cb5b-4c59-9590-ff596d795120,2,Potentially Available,0,Does Not Provide This Service,0,Does Not Provide This Service,2026-04-11 03:32:52.869862
0de68d07-aa68-46aa-b1f6-1a375f563073,b92dfb7c-44d6-4fe2-86bd-d2ea94b47d03,2,Potentially Available,0,Does Not Provide This Service,0,Does Not Provide This Service,2026-04-11 03:32:52.869862
3a9ac7e3-1273-426d-9ce0-33eb323a677b,b94386e0-96dd-497b-a5b8-4b42c5d463cb,1,Likely Available,1,Likely Available,0,Does Not Provide This Service,2026-04-11 03:32:52.869862
fab4aa4f-e6cc-44d3-80d8-627914f89af0,b97543d5-c4dd-462c-82e3-a21f6c7f078e,2,Potentially Available,0,Does Not Provide This Service,0,Does Not Provide This Service,2026-04-11 03:32:52.869862
8106cabc-c50e-4e98-b599-b8828c26102b,b9b35325-bcb5-4f3c-92db-0dc517b5404d,2,Potentially Available,0,Does Not Provide This Service,0,Does Not Provide This Service,2026-04-11 03:32:52.869862
f54d1269-dcd4-4b8a-b7b6-62297cc1067e,b9b7fa9b-dcd6-43e0-b5cc-821cb0c41822,2,Potentially Available,0,Does Not Provide This Service,0,Does Not Provide This Service,2026-04-11 03:32:52.869862
2ec232f7-bf0e-4e98-9d07-29f865ba235f,b9b9d953-286e-4566-9b5c-a92e696ac085,2,Potentially Available,0,Does Not Provide This Service,0,Does Not Provide This Service,2026-04-11 03:32:52.869862
8a77bce9-c082-4900-9603-4b5c4fe15ba2,b9c9cb4b-7bc1-444c-a710-d645492ef1ae,2,Potentially Available,0,Does Not Provide This Service,0,Does Not Provide This Service,2026-04-11 03:32:52.869862
4457d7bb-accf-4eed-8b03-1a2b5eb8c46d,ba3b8b24-c4d0-43f1-8369-8402bc239f29,2,Potentially Available,0,Does Not Provide This Service,0,Does Not Provide This Service,2026-04-11 03:32:52.869862
c70b24ec-10de-4b2e-ab7a-66b096e6976d,ba48503e-fada-4ad5-bb39-841504a974bc,2,Potentially Available,0,Does Not Provide This Service,0,Does Not Provide This Service,2026-04-11 03:32:52.869862
8bb591af-81cf-4779-88ba-a098ce20645c,ba5a1e29-a8a4-41ad-a6da-22cec7cb3bca,2,Potentially Available,0,Does Not Provide This Service,0,Does Not Provide This Service,2026-04-11 03:32:52.869862
2922d833-1a3c-4133-ab7b-08b65b899080,ba8144c1-cf14-4964-9b95-3089518483bc,2,Potentially Available,0,Does Not Provide This Service,0,Does Not Provide This Service,2026-04-11 03:32:52.869862
7101659c-cea3-4557-9fff-366386dbfc45,ba81c7ab-154a-49c4-b198-0238958dc52c,2,Potentially Available,0,Does Not Provide This Service,0,Does Not Provide This Service,2026-04-11 03:32:52.869862
c67692d5-734e-4420-9b6b-4f2de75bc9b8,ba8422c0-a094-47a8-a443-9a21da99f2af,2,Potentially Available,0,Does Not Provide This Service,0,Does Not Provide This Service,2026-04-11 03:32:52.869862
c6def5a2-524f-4971-8beb-8537edf68452,baa2ca3c-9326-4c1d-a036-1470bada8502,2,Potentially Available,0,Does Not Provide This Service,0,Does Not Provide This Service,2026-04-11 03:32:52.869862
ef6ef82a-9965-4cf5-8256-24fb2ddce765,babfd093-2039-4057-a1e0-50c8246e71b3,2,Potentially Available,0,Does Not Provide This Service,0,Does Not Provide This Service,2026-04-11 03:32:52.869862
4d672a47-56da-4f0d-b73f-fabb91f82655,badc90ce-8cb6-4585-8c76-8c558cab6f75,2,Potentially Available,0,Does Not Provide This Service,0,Does Not Provide This Service,2026-04-11 03:32:52.869862
deb759ed-a36f-4a4c-baab-952cac7c7c38,bb0538ae-27d3-4c75-9a82-971f98515e42,0,Does Not Provide This Service,0,Does Not Provide This Service,1,Likely Available,2026-04-11 03:32:52.869862
e3d43e0d-79d2-44b0-a6d5-ed9443139716,bb0e8798-03b2-4085-b824-f0beac683dd5,2,Potentially Available,0,Does Not Provide This Service,0,Does Not Provide This Service,2026-04-11 03:32:52.869862
3af09294-21ba-469c-9cc7-3dedb41c8074,bb18bc22-0108-49e2-8a25-441aaac42a6e,2,Potentially Available,0,Does Not Provide This Service,0,Does Not Provide This Service,2026-04-11 03:32:52.869862
c47c143e-06b8-4802-89ab-7ed7bd2a157e,bb213cfb-3691-49db-a583-58802df64a47,2,Potentially Available,0,Does Not Provide This Service,0,Does Not Provide This Service,2026-04-11 03:32:52.869862
fee16d7a-b35b-47db-827f-187c249b99d3,bb217235-bf29-4ffc-9806-49fb74399781,2,Potentially Available,0,Does Not Provide This Service,0,Does Not Provide This Service,2026-04-11 03:32:52.869862
386969ec-7d86-49ea-9a25-c4cc2a766dca,bb28bcd7-6dc4-4388-855a-3a4d9f8b0ffc,2,Potentially Available,0,Does Not Provide This Service,0,Does Not Provide This Service,2026-04-11 03:32:52.869862
8a2fb1a3-d73c-448d-91ab-887ee679efac,bb47b345-2ce7-4a2e-8842-5f1c29c1105a,2,Potentially Available,0,Does Not Provide This Service,0,Does Not Provide This Service,2026-04-11 03:32:52.869862
9d333ad6-590b-4808-b3cd-6ab717354f37,bb589f93-ea68-4a06-be2c-26d8f70cd00e,2,Potentially Available,0,Does Not Provide This Service,0,Does Not Provide This Service,2026-04-11 03:32:52.869862
dc296314-3a80-440c-92a4-ec0521826ffa,bb6698b7-21ff-4f39-9f60-40ebc0253a36,2,Potentially Available,0,Does Not Provide This Service,0,Does Not Provide This Service,2026-04-11 03:32:52.869862
70a97c7b-3c30-45fd-8ab2-8bd65a4215d8,bb6d92ca-1fb7-4f47-b4ff-20216ec76ba8,2,Potentially Available,0,Does Not Provide This Service,0,Does Not Provide This Service,2026-04-11 03:32:52.869862
c7bfa25e-28b1-4cb1-baf0-aada76bb4fb6,bb7397ef-05b7-43a5-aebd-26416e457a4c,2,Potentially Available,0,Does Not Provide This Service,0,Does Not Provide This Service,2026-04-11 03:32:52.869862
6876f48a-7975-484a-8909-f8ee5a2fbdcf,bbace864-6168-4628-ac57-18c70354e420,2,Potentially Available,0,Does Not Provide This Service,0,Does Not Provide This Service,2026-04-11 03:32:52.869862
d3bff226-8b90-4606-9844-c78c1a5fa76e,bc064db7-8567-4275-96ed-91dda884bfbb,2,Potentially Available,0,Does Not Provide This Service,0,Does Not Provide This Service,2026-04-11 03:32:52.869862
1805e8de-8475-4b93-8c75-c90df1d6781e,bc17b2f8-949f-4d5f-a6ec-8072b155616d,2,Potentially Available,0,Does Not Provide This Service,0,Does Not Provide This Service,2026-04-11 03:32:52.869862
7844fc26-7b04-4b4a-a7c0-f828ff4d1062,bc1db7ee-b93f-4657-a9f2-10ac99aba704,2,Potentially Available,0,Does Not Provide This Service,0,Does Not Provide This Service,2026-04-11 03:32:52.869862
bb118cbb-f2eb-47e4-98f7-1e3d210cba4e,bc25b82f-69f0-4fd5-9e61-5c04e5a402fd,2,Potentially Available,0,Does Not Provide This Service,0,Does Not Provide This Service,2026-04-11 03:32:52.869862
fcdb6c5a-aae7-4d7e-aa9e-4a41ddbe368b,bc56167a-fcf5-42e1-9464-68a68dd8b582,2,Potentially Available,0,Does Not Provide This Service,0,Does Not Provide This Service,2026-04-11 03:32:52.869862
5c5a0c62-46fa-49dc-ad86-bf14e18b630d,bc786ede-c16a-4a35-a39e-c24d01a0ccf7,2,Potentially Available,0,Does Not Provide This Service,0,Does Not Provide This Service,2026-04-11 03:32:52.869862
5de41b1e-646e-40c9-b63c-5c6804ab073d,bc8b7b3f-6d16-4b41-9ad7-a75c9d6418a3,2,Potentially Available,0,Does Not Provide This Service,0,Does Not Provide This Service,2026-04-11 03:32:52.869862
a1259e30-dd34-4044-97ce-688a3f4f637d,bc8ebec5-74a0-4d96-92c7-a80eec910b7e,2,Potentially Available,0,Does Not Provide This Service,0,Does Not Provide This Service,2026-04-11 03:32:52.869862
cc05e5db-4b65-429c-ba56-b37f9b609757,bcaf253d-0dda-43a6-9008-ddba0fd831ba,2,Potentially Available,0,Does Not Provide This Service,0,Does Not Provide This Service,2026-04-11 03:32:52.869862
71473bf8-0952-463e-b34a-b6f6c62dcc8d,bcb2a1e1-f899-4bca-8c72-f22e4d3d6343,2,Potentially Available,0,Does Not Provide This Service,0,Does Not Provide This Service,2026-04-11 03:32:52.869862
69fda10e-20c6-450f-a627-e1f9ed572523,bcbb212b-3739-4006-bb48-621daaf8d689,2,Potentially Available,0,Does Not Provide This Service,0,Does Not Provide This Service,2026-04-11 03:32:52.869862
1051b4a8-e988-4c26-b20e-c8bdd7222888,bccd8f9b-1d0a-43f3-9798-46139579c2d9,2,Potentially Available,0,Does Not Provide This Service,0,Does Not Provide This Service,2026-04-11 03:32:52.869862
dd5f19fe-9651-48af-9638-2f10ed86ff55,bcd575c1-e6c2-4c2c-aa48-54e19fbbad6a,2,Potentially Available,0,Does Not Provide This Service,0,Does Not Provide This Service,2026-04-11 03:32:52.869862
b8a09624-70c2-4004-a454-67e7fb246808,bcefda5b-9f9d-453a-945f-57c860937196,1,Likely Available,1,Likely Available,0,Does Not Provide This Service,2026-04-11 03:32:52.869862
17b010ef-dd5c-4408-a1e2-ca5dbcbdcf80,bd1364d0-46fd-4573-b530-76a59b224289,0,Does Not Provide This Service,0,Does Not Provide This Service,2,Potentially Available,2026-04-11 03:32:52.869862
5b026186-a012-4e68-9529-c5bbcca29349,bd147511-abb2-49a0-bf6b-3a4392166d95,2,Potentially Available,0,Does Not Provide This Service,0,Does Not Provide This Service,2026-04-11 03:32:52.869862
0d66d9bd-3b20-4321-90b6-41d025266de3,bd22d744-5827-43e6-8c20-41634950e822,2,Potentially Available,0,Does Not Provide This Service,0,Does Not Provide This Service,2026-04-11 03:32:52.869862
2260c5fa-095d-4cf1-86ef-14f0dacc0834,bd272d44-3914-4c5c-bc7c-f385d5015585,2,Potentially Available,0,Does Not Provide This Service,0,Does Not Provide This Service,2026-04-11 03:32:52.869862
90c6d7fe-cef9-4ba8-bf32-06b05a8e45ec,bd4ef76c-bff3-4ea3-a36a-543c79baea07,2,Potentially Available,0,Does Not Provide This Service,0,Does Not Provide This Service,2026-04-11 03:32:52.869862
c0fae0c4-27b4-4236-8e93-71ff8ee2ad89,bd57b5d0-6faa-4ce8-8a0c-c11afd04b463,2,Potentially Available,0,Does Not Provide This Service,0,Does Not Provide This Service,2026-04-11 03:32:52.869862
070a9dab-0c13-4517-a131-764bc8c15176,bd60845b-5c33-44f1-851b-ed135e8fe490,2,Potentially Available,0,Does Not Provide This Service,0,Does Not Provide This Service,2026-04-11 03:32:52.869862
9093360e-e00a-40c0-afa4-b4a2a00a46b5,bd8572c7-cd65-4053-8088-9aaabb527808,2,Potentially Available,0,Does Not Provide This Service,0,Does Not Provide This Service,2026-04-11 03:32:52.869862
e0c9d7a5-d440-4d74-8a03-9e1aee7fae98,bd9121b4-d328-4dfd-9a0c-e475f9214e38,2,Potentially Available,0,Does Not Provide This Service,0,Does Not Provide This Service,2026-04-11 03:32:52.869862
654c32af-2b8a-49bb-af7f-2eb5d460eb8d,bda199f5-9d4a-42dc-9607-25adc58f8c82,2,Potentially Available,0,Does Not Provide This Service,0,Does Not Provide This Service,2026-04-11 03:32:52.869862
39d6575b-e499-4573-b85b-2bd24a06c2fa,bdadf5e6-c581-46a9-87ad-ff2d14e424bd,2,Potentially Available,0,Does Not Provide This Service,0,Does Not Provide This Service,2026-04-11 03:32:52.869862
9058c3fb-95c5-4211-93db-231f5f64f124,bdce394c-8669-4723-834b-910be5831065,2,Potentially Available,0,Does Not Provide This Service,0,Does Not Provide This Service,2026-04-11 03:32:52.869862
1b8b3f97-0f87-4c00-8a4a-2d56aba02b1b,bdd225aa-67b0-449e-890e-35d526b30875,2,Potentially Available,0,Does Not Provide This Service,0,Does Not Provide This Service,2026-04-11 03:32:52.869862
0a32a9f8-69c5-44ff-8fb0-4a7ab483ce4d,bddb7597-6f80-48f9-9ec3-50b73c9f59ee,2,Potentially Available,0,Does Not Provide This Service,0,Does Not Provide This Service,2026-04-11 03:32:52.869862
59f261be-12e7-4917-ac42-7121ac9e07d3,be0235b8-e465-4304-bace-da16ae26e1c6,2,Potentially Available,0,Does Not Provide This Service,0,Does Not Provide This Service,2026-04-11 03:32:52.869862
3f8bd691-f3fb-4af9-9869-9190d2b55e9f,be104b02-b970-4499-a61a-d68692d261cf,2,Potentially Available,0,Does Not Provide This Service,0,Does Not Provide This Service,2026-04-11 03:32:52.869862
66b359dc-ff7d-4b02-813d-ee66a1a0535e,be243227-f059-47a2-8090-859efe95f295,0,Does Not Provide This Service,1,Likely Available,0,Does Not Provide This Service,2026-04-11 03:32:52.869862
d7dc6afa-7155-42c2-aecd-080c7544dc01,be4a6c57-021e-4965-a56f-e4b1fcdb54d0,2,Potentially Available,0,Does Not Provide This Service,0,Does Not Provide This Service,2026-04-11 03:32:52.869862
5c09fbe1-0b9f-4361-adf1-51b62abc9676,be6dcf7a-e02b-49e0-9a1e-ca7c8a6bcf5d,2,Potentially Available,0,Does Not Provide This Service,0,Does Not Provide This Service,2026-04-11 03:32:52.869862
138f311f-a244-48a2-a571-f8c3d5a1f0f9,be822cc4-2354-42d8-a78c-51af937f459b,2,Potentially Available,0,Does Not Provide This Service,0,Does Not Provide This Service,2026-04-11 03:32:52.869862
a9bede4c-03b8-4293-acba-49998054aca5,be90ac57-c6dc-4958-9b87-00e6550c2ea6,2,Potentially Available,0,Does Not Provide This Service,0,Does Not Provide This Service,2026-04-11 03:32:52.869862
0d890621-dd3d-4a39-88e3-e3e7ba340ad4,bed3068b-74c3-432f-b4f0-54538201fda3,2,Potentially Available,0,Does Not Provide This Service,0,Does Not Provide This Service,2026-04-11 03:32:52.869862
4e789d88-5f8a-445a-97ba-497b8bf812ff,bed58804-5068-4161-8518-3e21e415ee69,2,Potentially Available,0,Does Not Provide This Service,0,Does Not Provide This Service,2026-04-11 03:32:52.869862
31a4c88a-00c2-4d3d-9876-9c3c25b38d5d,bed69f8e-58df-47eb-997a-320d681f352f,2,Potentially Available,0,Does Not Provide This Service,0,Does Not Provide This Service,2026-04-11 03:32:52.869862
eebabadb-d721-4f02-8a96-4752433db485,bf2f4f92-a93d-4977-9cb3-83c3e6635883,2,Potentially Available,5,Highly Constrained,0,Does Not Provide This Service,2026-04-11 03:32:52.869862
2908430e-7942-4f94-bea3-c4f92e1c8de1,bf35adb2-4d9b-4013-b732-8a955fc08b4d,2,Potentially Available,0,Does Not Provide This Service,0,Does Not Provide This Service,2026-04-11 03:32:52.869862
6383ba17-4aad-4e80-9f67-395a7efef6b3,bf3f7e30-1004-474e-9f40-fd23cd3a92e8,2,Potentially Available,0,Does Not Provide This Service,0,Does Not Provide This Service,2026-04-11 03:32:52.869862
d9bc16fc-3aba-4041-8ef1-7ebc0ea98203,bf42aa5e-94eb-4945-9001-2ccf6a56df64,2,Potentially Available,0,Does Not Provide This Service,0,Does Not Provide This Service,2026-04-11 03:32:52.869862
649b54fc-4f37-4dfd-8caf-fd932198264a,bf447745-ca21-48aa-9827-f7fa73e499b0,0,Does Not Provide This Service,0,Does Not Provide This Service,5,Highly Constrained,2026-04-11 03:32:52.869862
d1f0e1c0-7972-47ef-a6c3-bfcb5a057f9c,bf46720b-ee69-4680-9fbe-ce58c2ed94fa,2,Potentially Available,0,Does Not Provide This Service,0,Does Not Provide This Service,2026-04-11 03:32:52.869862
fac598c3-4466-455b-85cf-90c6b9136108,bf6a759a-764e-4839-90ed-3c5ef688261e,2,Potentially Available,0,Does Not Provide This Service,0,Does Not Provide This Service,2026-04-11 03:32:52.869862
5c3b6193-7b7d-4112-a203-969094cc0499,bf6b180e-a796-4c93-a1e7-a17ba99dbb04,2,Potentially Available,0,Does Not Provide This Service,0,Does Not Provide This Service,2026-04-11 03:32:52.869862
ddfbc485-5df4-47e4-97e3-643e6fd13fcb,bf72af01-e1ed-41e1-b03a-6bcd789c2ba0,2,Potentially Available,0,Does Not Provide This Service,0,Does Not Provide This Service,2026-04-11 03:32:52.869862
d24ae174-d46c-48bf-ba54-fe882950d1c5,bf7303fd-e86b-47ff-849c-298c6bf1dfae,2,Potentially Available,0,Does Not Provide This Service,0,Does Not Provide This Service,2026-04-11 03:32:52.869862
f3be245d-688e-4a3d-a830-11d9361503ee,bf78838b-3fca-4ee9-9959-d86b64d8aab2,2,Potentially Available,0,Does Not Provide This Service,0,Does Not Provide This Service,2026-04-11 03:32:52.869862
711ad22a-7639-4820-b847-bf2483fc325a,bf8aadd7-689a-4094-a099-7128bb7d10f4,2,Potentially Available,0,Does Not Provide This Service,0,Does Not Provide This Service,2026-04-11 03:32:52.869862
44152b60-8a7c-42e9-a035-30eddda73453,bfa34c71-be9b-4b87-a39a-5f743c6af3bd,2,Potentially Available,0,Does Not Provide This Service,0,Does Not Provide This Service,2026-04-11 03:32:52.869862
cd52e00a-e4b9-4992-893a-469f66e915c9,bfabdf78-9901-44a5-9a42-c46b5df5ff6f,2,Potentially Available,0,Does Not Provide This Service,0,Does Not Provide This Service,2026-04-11 03:32:52.869862
579e272d-ab07-4623-a5eb-139713bf7f0d,bfb13669-bb25-49e6-bbb8-64d80a9fa1a4,2,Potentially Available,0,Does Not Provide This Service,0,Does Not Provide This Service,2026-04-11 03:32:52.869862
2d2ff9af-a11a-4526-8659-77791bc704c4,bfb31cb7-072b-4f1c-a08f-85a53af533d4,2,Potentially Available,0,Does Not Provide This Service,0,Does Not Provide This Service,2026-04-11 03:32:52.869862
36fb8510-623e-41f5-882f-43382841107e,bfefad26-f5a8-48bc-9827-9eb9f65a9578,2,Potentially Available,0,Does Not Provide This Service,0,Does Not Provide This Service,2026-04-11 03:32:52.869862
7285f1eb-0aff-40cd-8229-806c1106ae01,bff47064-b1c9-4652-8301-3a41db9d8496,2,Potentially Available,0,Does Not Provide This Service,0,Does Not Provide This Service,2026-04-11 03:32:52.869862
c53dc4d0-c744-46cb-b0d5-aadf6fa70c07,c04cd447-40ff-42cc-8c0c-02f1bcf52987,2,Potentially Available,0,Does Not Provide This Service,0,Does Not Provide This Service,2026-04-11 03:32:52.869862
0f28d82c-192a-4d28-90d2-b5e659515339,c07b248f-dabb-488d-b617-8b84b78328a6,2,Potentially Available,0,Does Not Provide This Service,0,Does Not Provide This Service,2026-04-11 03:32:52.869862
8e367674-f60d-4e4d-bd99-c5c30210cf9c,c07e1b06-d552-42e5-be65-b1061880cf2d,2,Potentially Available,0,Does Not Provide This Service,0,Does Not Provide This Service,2026-04-11 03:32:52.869862
915c6049-bab2-4bd2-94ca-5dd443a42760,c0840dc9-4b81-4701-811c-99956fe1741f,1,Likely Available,1,Likely Available,0,Does Not Provide This Service,2026-04-11 03:32:52.869862
8fa8cd18-564f-458d-83b7-2ad50edd7b6c,c0e72ac2-1da0-478a-9c2c-a07186c6f350,2,Potentially Available,0,Does Not Provide This Service,0,Does Not Provide This Service,2026-04-11 03:32:52.869862
75cde0c4-f951-42f7-be98-51089f37743a,c0f6ae5e-7dd9-468c-9415-d33dde734cca,1,Likely Available,0,Does Not Provide This Service,0,Does Not Provide This Service,2026-04-11 03:32:52.869862
4b5fe2d3-bb6b-46e5-8095-16f35f07b609,c0fd02fb-b9a3-4853-b4c8-032431e60fc1,2,Potentially Available,0,Does Not Provide This Service,0,Does Not Provide This Service,2026-04-11 03:32:52.869862
faaf845b-f1d8-45de-b46b-08a2a38a5faf,c132ea09-bced-4539-8fbe-b9e8a8ca84a8,2,Potentially Available,0,Does Not Provide This Service,0,Does Not Provide This Service,2026-04-11 03:32:52.869862
01deb267-d24d-4a08-98be-fb1342315ae8,c1399f37-6b91-4266-b7d6-da7b687847f9,2,Potentially Available,0,Does Not Provide This Service,0,Does Not Provide This Service,2026-04-11 03:32:52.869862
9d37b9f7-1e30-43a2-bad3-fc5ae5fa1409,c13af9d8-cca2-49ba-8dfb-c569e23d63b9,2,Potentially Available,0,Does Not Provide This Service,0,Does Not Provide This Service,2026-04-11 03:32:52.869862
46198697-6ae6-4e30-b217-90094f3c4dc9,c1490e4c-78cb-470d-9aab-640106f55b21,2,Potentially Available,0,Does Not Provide This Service,0,Does Not Provide This Service,2026-04-11 03:32:52.869862
1be87a05-c336-4629-b6c7-c5a8cca80846,c15904cb-2c4c-4b2b-bf4f-f353f178bfea,2,Potentially Available,0,Does Not Provide This Service,0,Does Not Provide This Service,2026-04-11 03:32:52.869862
e6834cac-961c-4c9f-b4ad-32dc45e8e51e,c16926bb-cb51-438b-8996-467428166e2f,2,Potentially Available,0,Does Not Provide This Service,0,Does Not Provide This Service,2026-04-11 03:32:52.869862
0d1a117a-d048-49c3-908c-6bbced68a74f,c16d4fb1-a6aa-465d-a6e1-fac4f04f26ce,2,Potentially Available,5,Highly Constrained,0,Does Not Provide This Service,2026-04-11 03:32:52.869862
84c55ad7-6f95-45ef-84c2-277c485598ae,c1942c7f-18d2-4b79-b545-f216cf78926d,2,Potentially Available,0,Does Not Provide This Service,0,Does Not Provide This Service,2026-04-11 03:32:52.869862
14472a47-8235-4310-a8ec-de718976a9fb,c1c5d52a-9b60-40c1-9882-7ca50394ef6f,2,Potentially Available,0,Does Not Provide This Service,0,Does Not Provide This Service,2026-04-11 03:32:52.869862
fdc627b6-bcd0-42eb-8c96-f71a59760b96,c1c894fc-17b7-4b72-87ff-c5deb55dbdeb,2,Potentially Available,0,Does Not Provide This Service,0,Does Not Provide This Service,2026-04-11 03:32:52.869862
e2c1bc4b-cd83-4746-bf6c-fb2e7d5df695,c1c9e743-5254-4072-8bb5-de20cba2744c,2,Potentially Available,0,Does Not Provide This Service,0,Does Not Provide This Service,2026-04-11 03:32:52.869862
13476a9c-efc6-4e6c-991a-558f43eeb8ec,c1d1d3e9-a280-42ba-8692-64c71bc9aa85,2,Potentially Available,0,Does Not Provide This Service,0,Does Not Provide This Service,2026-04-11 03:32:52.869862
dfa31a89-3b0e-4ec8-86c7-2f98ac3b413e,c1d8cbea-14eb-45b0-a8de-7360b2d8c342,2,Potentially Available,0,Does Not Provide This Service,0,Does Not Provide This Service,2026-04-11 03:32:52.869862
928ea35c-8fcb-43cd-8f5f-54c517388dd2,c1dba8e1-0855-464d-80a6-aaf27702dbc6,2,Potentially Available,0,Does Not Provide This Service,0,Does Not Provide This Service,2026-04-11 03:32:52.869862
d0a5a409-5350-447b-8a6f-153bd0f8c096,c1dc5bb5-1ec8-47b5-952c-9216c8fe3ced,2,Potentially Available,0,Does Not Provide This Service,0,Does Not Provide This Service,2026-04-11 03:32:52.869862
57376563-1b9d-455b-8a3a-4bace58eae44,c1eb6da6-67f4-43ad-a92d-28d6039a4909,2,Potentially Available,0,Does Not Provide This Service,0,Does Not Provide This Service,2026-04-11 03:32:52.869862
e3e74f82-8b8e-402b-a86d-d5ce543ed287,c1f9fd75-e598-4458-a1d2-dd89c4d53410,2,Potentially Available,0,Does Not Provide This Service,0,Does Not Provide This Service,2026-04-11 03:32:52.869862
5ba609a6-f3ad-4681-9a27-e42a1ac8831f,c209e629-f659-4e2f-9661-af0ca546ffda,2,Potentially Available,0,Does Not Provide This Service,0,Does Not Provide This Service,2026-04-11 03:32:52.869862
298bdb7b-c573-403e-b47f-954805e43135,c212692f-ba67-445c-9617-58729380f1b8,2,Potentially Available,0,Does Not Provide This Service,0,Does Not Provide This Service,2026-04-11 03:32:52.869862
bc029027-f1ad-43e1-aaba-1c7fee8c5932,c21302ee-fbc1-49d4-8890-40807f8d2a08,2,Potentially Available,0,Does Not Provide This Service,0,Does Not Provide This Service,2026-04-11 03:32:52.869862
e9187f6a-f01c-40dd-948d-ead196fe0d25,c224ddd2-a340-4942-8eef-71991ed6b9e0,2,Potentially Available,0,Does Not Provide This Service,0,Does Not Provide This Service,2026-04-11 03:32:52.869862
29c822c1-1e55-4eba-96ba-d724b2936b56,c232879d-0b5c-4597-a03c-2fa755a2e66f,2,Potentially Available,0,Does Not Provide This Service,0,Does Not Provide This Service,2026-04-11 03:32:52.869862
2ab249fa-f68d-4f32-b008-29f2231cb290,c23a8a82-9ffb-433a-8d20-34246dd8279b,2,Potentially Available,0,Does Not Provide This Service,0,Does Not Provide This Service,2026-04-11 03:32:52.869862
07281cf0-1cac-46e5-929e-bc0277331ec0,c245a71f-62a4-47f4-91e3-63d4788908c1,2,Potentially Available,0,Does Not Provide This Service,0,Does Not Provide This Service,2026-04-11 03:32:52.869862
975baf4c-4a1c-4f33-a8c6-b10ea360335a,c2554998-62be-41d5-bbbf-13742a1176fc,2,Potentially Available,0,Does Not Provide This Service,0,Does Not Provide This Service,2026-04-11 03:32:52.869862
9e665bb0-fda4-4c72-83fc-0ebb58a746dd,c27d19e6-a65b-40f0-8a87-64fc12201f43,2,Potentially Available,0,Does Not Provide This Service,0,Does Not Provide This Service,2026-04-11 03:32:52.869862
6c21b289-2ec6-4a9b-8fa6-57e79219a055,c2a83dcc-38f7-467c-8984-61463226259f,2,Potentially Available,0,Does Not Provide This Service,0,Does Not Provide This Service,2026-04-11 03:32:52.869862
e0e5dfce-52e4-437f-a9f4-b55ef5614fa6,c2b2eabf-ef5d-40b8-8248-c9d414ca5a9c,2,Potentially Available,0,Does Not Provide This Service,0,Does Not Provide This Service,2026-04-11 03:32:52.869862
6611c6b8-2e8e-47b4-ba32-849c507fb7fe,c2c5e2e3-4271-437b-b424-7db9314b9d2a,2,Potentially Available,0,Does Not Provide This Service,0,Does Not Provide This Service,2026-04-11 03:32:52.869862
6c34ef26-806f-4bfb-a1bb-49d708afaacd,c2cf5073-d7c3-4fbe-a61f-7eec0f7caea3,2,Potentially Available,0,Does Not Provide This Service,0,Does Not Provide This Service,2026-04-11 03:32:52.869862
57630a15-8070-4a20-a75d-fb6b5a1bf69a,c2d98a19-f383-4c1f-8b12-2435e9f6c019,2,Potentially Available,0,Does Not Provide This Service,0,Does Not Provide This Service,2026-04-11 03:32:52.869862
3cfb29b1-5ab9-4e53-b43d-f769c73c8337,c2da267d-8960-42f3-aafa-d8ec28682aea,2,Potentially Available,0,Does Not Provide This Service,0,Does Not Provide This Service,2026-04-11 03:32:52.869862
276776cc-9e5a-4e0f-8972-0009045ce292,c2e4b96b-520b-4d79-bfb8-f53439b41581,2,Potentially Available,0,Does Not Provide This Service,0,Does Not Provide This Service,2026-04-11 03:32:52.869862
bd7b0ec6-00ee-48fe-b9e5-d714ef691cd6,c2ea3720-c22a-4f59-b4ec-301791f2b226,2,Potentially Available,0,Does Not Provide This Service,0,Does Not Provide This Service,2026-04-11 03:32:52.869862
0884d15d-72b0-492c-a357-932f16ff41b2,c3100b29-e93c-43dc-a990-737a1d830803,2,Potentially Available,0,Does Not Provide This Service,0,Does Not Provide This Service,2026-04-11 03:32:52.869862
89325f27-0eae-44cc-b047-1df41da6807e,c32b5070-a978-4634-a32e-20c433c01d29,2,Potentially Available,0,Does Not Provide This Service,0,Does Not Provide This Service,2026-04-11 03:32:52.869862
ff2c10a6-2c91-4cf2-be54-0cfbfb8c2e29,c333fa6c-e1a0-4ed5-9865-0245ae6a9af0,2,Potentially Available,0,Does Not Provide This Service,0,Does Not Provide This Service,2026-04-11 03:32:52.869862
a2a131af-199a-4eb3-9519-4895e4c44a25,c336d036-1cf0-442c-b920-0653f7e611fa,2,Potentially Available,0,Does Not Provide This Service,0,Does Not Provide This Service,2026-04-11 03:32:52.869862
43ad511f-0b57-4447-9d58-85575e07e81c,c339c692-d743-4efd-bc1d-7ffd5ff25fac,2,Potentially Available,0,Does Not Provide This Service,0,Does Not Provide This Service,2026-04-11 03:32:52.869862
3daeb68f-ee86-4540-a19a-860eba5961d1,c35d995f-9811-4ff5-902d-434bcdaf0cd6,2,Potentially Available,0,Does Not Provide This Service,0,Does Not Provide This Service,2026-04-11 03:32:52.869862
37116766-edcb-45ba-917f-d44f7cf38243,c36ace30-fc1a-4d79-a63d-20e4c712765c,2,Potentially Available,0,Does Not Provide This Service,0,Does Not Provide This Service,2026-04-11 03:32:52.869862
a2b934b1-1ea3-474a-b2a9-fb99d061dcec,c3a53e7d-1355-441e-9547-c19c908b090c,2,Potentially Available,0,Does Not Provide This Service,0,Does Not Provide This Service,2026-04-11 03:32:52.869862
a9b8db41-3a17-4b67-b2fa-fb7779415622,c3ba3d12-dc50-4c23-8b4d-7e26a8bc1709,0,Does Not Provide This Service,0,Does Not Provide This Service,4,Constrained by Market,2026-04-11 03:32:52.869862
572cb227-076c-4842-9997-fcd895d041d0,c3bfb466-d037-4ee5-b0e8-64f5f13cf78d,2,Potentially Available,0,Does Not Provide This Service,0,Does Not Provide This Service,2026-04-11 03:32:52.869862
a56e0624-5ddc-4dad-9dd0-e88d555bb34d,c3de8913-4da9-4e23-b0d1-e85bd96ae985,2,Potentially Available,0,Does Not Provide This Service,0,Does Not Provide This Service,2026-04-11 03:32:52.869862
56839114-5d00-484f-8568-08645682da73,c3e63257-3a26-471f-97fe-9ae5a1a4df53,1,Likely Available,0,Does Not Provide This Service,0,Does Not Provide This Service,2026-04-11 03:32:52.869862
d551f2f0-0066-441f-af0a-8bc949410b24,c3f4e498-b6b3-46e1-800a-d7e70ebd1f88,2,Potentially Available,0,Does Not Provide This Service,0,Does Not Provide This Service,2026-04-11 03:32:52.869862
e99271d6-3a10-46dd-beb3-a8482abfc74f,c4152c5c-4b72-4b43-8419-c9db191fc14f,2,Potentially Available,0,Does Not Provide This Service,0,Does Not Provide This Service,2026-04-11 03:32:52.869862
5956e845-9250-46f7-9e6c-5ad0c2c70756,c42f0a7a-1ad3-47ea-954a-598e21442c27,2,Potentially Available,0,Does Not Provide This Service,0,Does Not Provide This Service,2026-04-11 03:32:52.869862
97bd3643-e549-40a6-a930-37bd2184d1f1,c4301c13-48ee-4d6d-96d1-042a748c66e6,2,Potentially Available,0,Does Not Provide This Service,0,Does Not Provide This Service,2026-04-11 03:32:52.869862
e97e535b-6e97-4435-83d3-3c630c506055,c43b04c1-8af4-4761-b88a-0161709b9f9e,2,Potentially Available,0,Does Not Provide This Service,0,Does Not Provide This Service,2026-04-11 03:32:52.869862
58d8c778-b46c-42db-b419-4ba352c9993c,c43f6be9-fd5f-4f37-89bc-b20f4d59c9f3,2,Potentially Available,0,Does Not Provide This Service,0,Does Not Provide This Service,2026-04-11 03:32:52.869862
cd370125-3e48-4ab0-949d-98821f9265a0,c44298a2-9cdd-4964-940f-0d97246c6945,2,Potentially Available,0,Does Not Provide This Service,0,Does Not Provide This Service,2026-04-11 03:32:52.869862
38d79d21-d13b-41a2-b714-aff64d6a9787,c46e814d-2704-478c-abd3-8da8e54ceba4,2,Potentially Available,0,Does Not Provide This Service,0,Does Not Provide This Service,2026-04-11 03:32:52.869862
2b0b405b-c5cb-419e-ac5b-729186e15a92,c4778cf9-8aaf-4462-8c62-26d08ba17703,2,Potentially Available,0,Does Not Provide This Service,0,Does Not Provide This Service,2026-04-11 03:32:52.869862
f79ed97d-ba28-4aff-96a5-6d16c7a73c7b,c48a4d64-8e7a-44d5-8fcf-9c7e0732f9b2,2,Potentially Available,0,Does Not Provide This Service,0,Does Not Provide This Service,2026-04-11 03:32:52.869862
2e046816-c7a9-4ca6-a75d-f998b389b9d1,c4ca9171-1105-4a76-9363-aeca157db19a,2,Potentially Available,0,Does Not Provide This Service,0,Does Not Provide This Service,2026-04-11 03:32:52.869862
3f1b5e49-ec42-48e0-9946-ecbe60c14124,c4e750b5-a519-4e53-9ced-a899542b00ab,2,Potentially Available,0,Does Not Provide This Service,0,Does Not Provide This Service,2026-04-11 03:32:52.869862
49d62ab7-6757-43e3-8003-97fe77dd101d,c4f839f1-2047-4dad-8560-ff4afbdc4c55,2,Potentially Available,0,Does Not Provide This Service,0,Does Not Provide This Service,2026-04-11 03:32:52.869862
389d39a5-90a7-4ae4-937c-77121db3ded5,c508e323-2edf-424f-b44a-8bd6dda17867,2,Potentially Available,0,Does Not Provide This Service,0,Does Not Provide This Service,2026-04-11 03:32:52.869862
7a620983-3a58-45d2-8046-96ab365440c6,c50964e6-7c43-4478-acc2-afb844244c88,2,Potentially Available,0,Does Not Provide This Service,0,Does Not Provide This Service,2026-04-11 03:32:52.869862
722cd044-38a6-4bdd-bf16-51909284e986,c50ea7b5-1085-4dd4-82ea-d8dd888f161e,2,Potentially Available,0,Does Not Provide This Service,0,Does Not Provide This Service,2026-04-11 03:32:52.869862
0b8cc53e-cfff-4dad-a6cb-c22c0c08f01b,c51359e9-8822-45c6-9842-bf559d0268e9,2,Potentially Available,0,Does Not Provide This Service,0,Does Not Provide This Service,2026-04-11 03:32:52.869862
2835a531-c956-4d92-80db-f7ce388a4def,c523db97-d843-43e7-9e1f-51ebab1fb96e,0,Does Not Provide This Service,0,Does Not Provide This Service,3,Constrained by Size,2026-04-11 03:32:52.869862
16d7b41f-e76f-48b7-8fc9-559471239b70,c5273814-4985-478a-9593-bb722aecc32f,2,Potentially Available,0,Does Not Provide This Service,0,Does Not Provide This Service,2026-04-11 03:32:52.869862
e555eadd-0fc2-4e74-a5c0-7a4ba3b0c741,c56db5d9-9a0b-4e6c-bdce-819457e7dee9,2,Potentially Available,0,Does Not Provide This Service,0,Does Not Provide This Service,2026-04-11 03:32:52.869862
45f1f4fe-cfac-4251-b34c-19c77b7afbcf,c5717144-defd-4eb0-af36-9836c5d520dd,2,Potentially Available,0,Does Not Provide This Service,0,Does Not Provide This Service,2026-04-11 03:32:52.869862
0a598abe-a2ba-4cac-a374-eb0b1954db25,c57f33a0-2b42-427e-9451-411f8dbb4138,2,Potentially Available,0,Does Not Provide This Service,0,Does Not Provide This Service,2026-04-11 03:32:52.869862
f60949b8-f45c-4797-aeab-27bf3de449dc,c5928af7-ae41-4c99-97f8-ed5781cc7e7f,0,Does Not Provide This Service,4,Constrained by Market,0,Does Not Provide This Service,2026-04-11 03:32:52.869862
07c825c9-240c-4d80-81a5-46abb0c0c5b1,c594fef3-6401-4231-a2bd-63543e931733,2,Potentially Available,0,Does Not Provide This Service,0,Does Not Provide This Service,2026-04-11 03:32:52.869862
c8781e83-1331-4bf4-af4e-9ab583c34150,c5add1ca-1abb-4667-8edd-384bc77abaa2,2,Potentially Available,0,Does Not Provide This Service,0,Does Not Provide This Service,2026-04-11 03:32:52.869862
0d0cc6b0-141d-4e3f-9fda-498168c868ff,c5bff73b-f657-4c78-9737-17aacbd0a4ee,2,Potentially Available,0,Does Not Provide This Service,0,Does Not Provide This Service,2026-04-11 03:32:52.869862
b3c7a2a6-5c2c-4215-806b-604656186505,c5e1ea93-1030-4340-88a5-82e9b9dd2c9f,2,Potentially Available,0,Does Not Provide This Service,0,Does Not Provide This Service,2026-04-11 03:32:52.869862
32a5192a-b264-4e3d-ac4e-0089cfcd31e1,c5e7f951-d61e-4693-beee-6a08d98a2c22,2,Potentially Available,0,Does Not Provide This Service,0,Does Not Provide This Service,2026-04-11 03:32:52.869862
b22655a2-7cc1-4642-8694-424f3c870796,c5f5924a-fb8b-42a5-9316-2673e480b15d,2,Potentially Available,0,Does Not Provide This Service,0,Does Not Provide This Service,2026-04-11 03:32:52.869862
f1aaec6f-1699-4c2b-b521-a5bbee9686bc,c612a532-edb6-4f8d-aac7-8b33e37b47b0,2,Potentially Available,0,Does Not Provide This Service,0,Does Not Provide This Service,2026-04-11 03:32:52.869862
2ecd2b70-c6ca-409a-9c43-eeae4cc86638,c66ce3d5-4c67-4d5e-bc74-7cad523ba5bb,2,Potentially Available,0,Does Not Provide This Service,0,Does Not Provide This Service,2026-04-11 03:32:52.869862
fbec06db-eb04-498f-97a4-acce015c4917,c69470f4-6f81-485a-aea6-525f12bc3cbe,2,Potentially Available,0,Does Not Provide This Service,0,Does Not Provide This Service,2026-04-11 03:32:52.869862
f2f86685-abdd-49d9-920e-817115b6d696,c696739c-0c44-4392-925c-ddbcc583997f,2,Potentially Available,0,Does Not Provide This Service,0,Does Not Provide This Service,2026-04-11 03:32:52.869862
758f0fea-5886-4fcb-88e1-5c556e70b5e8,c6b64007-e721-415d-ad2a-ed1ee8f4f72a,2,Potentially Available,0,Does Not Provide This Service,0,Does Not Provide This Service,2026-04-11 03:32:52.869862
4edc3bc7-4696-411c-b9e1-b8cb55f32a10,c6b92717-987a-4671-8129-2452f582ce6b,2,Potentially Available,0,Does Not Provide This Service,0,Does Not Provide This Service,2026-04-11 03:32:52.869862
fdbc6fed-97e6-47b9-8a53-7c5cbd84a180,c6c17ee4-d1fd-40b9-a9e9-e8e73ddf2d4a,2,Potentially Available,0,Does Not Provide This Service,0,Does Not Provide This Service,2026-04-11 03:32:52.869862
17d18c1c-2476-468e-b808-245e44ec44ae,c6d7359b-95b8-484d-ba04-71fd49854f46,2,Potentially Available,0,Does Not Provide This Service,0,Does Not Provide This Service,2026-04-11 03:32:52.869862
05f6ca80-bbe1-42bb-b051-a8063a17f568,c6ddc946-eeb3-4e5a-b7bf-469795249b26,2,Potentially Available,0,Does Not Provide This Service,0,Does Not Provide This Service,2026-04-11 03:32:52.869862
4096f3cf-0ce6-4305-ac39-465583db99a5,c7163c74-3669-4d9b-9e42-c4f515f87227,2,Potentially Available,0,Does Not Provide This Service,0,Does Not Provide This Service,2026-04-11 03:32:52.869862
f4c7623d-95e0-4d4c-a4c1-e710b8503b3f,c71ba5ec-f74f-480b-a2d3-698a8c46fd79,2,Potentially Available,0,Does Not Provide This Service,0,Does Not Provide This Service,2026-04-11 03:32:52.869862
626f2d9f-ec85-4af8-b8b5-1cc172550920,c74cd18f-66b9-4bde-a1e5-cd91145140ab,0,Does Not Provide This Service,0,Does Not Provide This Service,5,Highly Constrained,2026-04-11 03:32:52.869862
dd7df0be-0142-4f03-b00c-21ef9497f277,c766947f-5594-4e86-ad2b-b38ca04ff34e,2,Potentially Available,0,Does Not Provide This Service,0,Does Not Provide This Service,2026-04-11 03:32:52.869862
3d29a092-c3d3-4512-9057-3981810dd6d9,c780a35d-ff6d-4210-8b64-119e7c8a8907,0,Does Not Provide This Service,0,Does Not Provide This Service,1,Likely Available,2026-04-11 03:32:52.869862
0dfae689-5df3-4779-af55-9258a95a506e,c79e816d-5395-433b-a404-8f922da4a30f,2,Potentially Available,0,Does Not Provide This Service,0,Does Not Provide This Service,2026-04-11 03:32:52.869862
2893d29c-09e0-4ecf-b735-a69109ada36a,c7c90a31-ad8f-430b-b7f5-3e37f4915e64,2,Potentially Available,0,Does Not Provide This Service,0,Does Not Provide This Service,2026-04-11 03:32:52.869862
9d03e60b-8c19-4fe9-a12c-21b3f753894f,c7e07d26-068c-4fc7-bb39-b47f13843096,2,Potentially Available,0,Does Not Provide This Service,0,Does Not Provide This Service,2026-04-11 03:32:52.869862
62e0ca03-6bdc-430e-9045-998fb36132eb,c7f041af-f0b9-436a-85b0-c4d1f1312731,0,Does Not Provide This Service,0,Does Not Provide This Service,4,Constrained by Market,2026-04-11 03:32:52.869862
8d911a13-c28f-4e81-910d-a591919e89df,c7f62702-715c-4e82-9d24-a98a26acf545,2,Potentially Available,0,Does Not Provide This Service,0,Does Not Provide This Service,2026-04-11 03:32:52.869862
ca9a95db-743b-4bb0-b547-52bd1ebecf57,c82f79f7-c9c5-4d1b-848d-7f0fd1747ca7,2,Potentially Available,0,Does Not Provide This Service,0,Does Not Provide This Service,2026-04-11 03:32:52.869862
d62259b4-e69b-44d3-be64-1c151bee641e,c841ede3-6faa-4f3d-8a47-a54ad4052566,2,Potentially Available,0,Does Not Provide This Service,0,Does Not Provide This Service,2026-04-11 03:32:52.869862
692d04f3-d5c5-44de-9c89-8591d98d356d,c85227c2-2573-46cf-80ca-c993248cef84,2,Potentially Available,0,Does Not Provide This Service,0,Does Not Provide This Service,2026-04-11 03:32:52.869862
3203c547-92a1-4af2-8413-93851cf40e4e,c86037e1-6a19-4a65-9227-6f89a3e49598,2,Potentially Available,0,Does Not Provide This Service,0,Does Not Provide This Service,2026-04-11 03:32:52.869862
4c1a47ae-59df-4112-b24f-5fafaf0e1c7c,c866a33c-7201-4828-b030-a1c8c7f422e4,2,Potentially Available,0,Does Not Provide This Service,0,Does Not Provide This Service,2026-04-11 03:32:52.869862
16b91401-d8a1-4a0c-91c8-cfc58b0f02c4,c8908fb8-0ac2-40bc-8a5b-4d7d18980356,2,Potentially Available,0,Does Not Provide This Service,0,Does Not Provide This Service,2026-04-11 03:32:52.869862
732b8bac-6988-41c2-ac5d-e51f4ff905e2,c89b6b37-31b4-4d1c-83ff-38907acd2aff,2,Potentially Available,0,Does Not Provide This Service,0,Does Not Provide This Service,2026-04-11 03:32:52.869862
03da7c4e-9cfc-459e-8203-577c0d7b6972,c8aa2a68-7a27-4af4-831b-72127f82593f,2,Potentially Available,0,Does Not Provide This Service,0,Does Not Provide This Service,2026-04-11 03:32:52.869862
78ea0d0e-7480-4294-96e4-849e1ddf539a,c8b3dc7c-a04c-48e8-b9c1-70d7bfe8186c,0,Does Not Provide This Service,0,Does Not Provide This Service,1,Likely Available,2026-04-11 03:32:52.869862
b47d614b-35f0-4052-befa-c47c566407a0,c8b662c4-c0ca-49f4-b306-b55a16987677,0,Does Not Provide This Service,0,Does Not Provide This Service,1,Likely Available,2026-04-11 03:32:52.869862
077de5a2-9678-4cb1-99cd-cfc1001d1937,c8bccc30-9af3-4893-a98f-3d9764c80e5f,0,Does Not Provide This Service,4,Constrained by Market,0,Does Not Provide This Service,2026-04-11 03:32:52.869862
b7a59397-a504-471e-bd07-78ca1631fe9b,c8c48ce4-f456-4e1c-a8e1-caf2ca48889d,2,Potentially Available,0,Does Not Provide This Service,0,Does Not Provide This Service,2026-04-11 03:32:52.869862
e265dca4-c4fd-41c2-8162-b76f668ac595,c8c71563-1f57-4aa7-93ea-9f47c584bf69,2,Potentially Available,0,Does Not Provide This Service,0,Does Not Provide This Service,2026-04-11 03:32:52.869862
82952c3a-a27d-4dda-9157-ea9601ad2a41,c8e8933f-a4e4-4671-89df-9c8a63b4a297,2,Potentially Available,0,Does Not Provide This Service,0,Does Not Provide This Service,2026-04-11 03:32:52.869862
e7975cc9-a7a3-473c-8eb0-d795271ac351,c8ee3aef-771b-4807-8f19-8b4973e0ab5c,2,Potentially Available,0,Does Not Provide This Service,0,Does Not Provide This Service,2026-04-11 03:32:52.869862
560b1b1d-1d15-4e1d-ae03-ad0d6b2bdc0d,c8ef7634-819b-464f-848f-cc6d13670738,2,Potentially Available,0,Does Not Provide This Service,0,Does Not Provide This Service,2026-04-11 03:32:52.869862
aeb79713-8239-4c37-896b-6f072acc0340,c96c425c-3701-4106-82f4-cc6797c628b7,2,Potentially Available,0,Does Not Provide This Service,0,Does Not Provide This Service,2026-04-11 03:32:52.869862
1efaf995-dbd4-4d3c-a76f-cfa599e9a6c6,c9854cd8-6db6-49e2-8465-91700782c927,2,Potentially Available,0,Does Not Provide This Service,0,Does Not Provide This Service,2026-04-11 03:32:52.869862
838738dc-bb4f-4871-bc11-ab08c7ed7b43,c9869b9c-86ae-4764-ae65-83d763bdb523,2,Potentially Available,0,Does Not Provide This Service,0,Does Not Provide This Service,2026-04-11 03:32:52.869862
dfe03e22-2533-4b58-9599-5022b6fff786,c98feb66-66e7-4f43-a19b-81375340478c,2,Potentially Available,0,Does Not Provide This Service,0,Does Not Provide This Service,2026-04-11 03:32:52.869862
e6d4458a-b2e9-4fbd-975e-80627f80d0da,c9a9ac2c-6542-4afa-8ce1-c052520b6199,2,Potentially Available,0,Does Not Provide This Service,0,Does Not Provide This Service,2026-04-11 03:32:52.869862
0b628587-1409-4ffe-901b-b271d619bd6d,c9cc272d-7719-4c72-bdc7-5f430a82c91a,2,Potentially Available,0,Does Not Provide This Service,0,Does Not Provide This Service,2026-04-11 03:32:52.869862
22c1c36f-b8e0-4289-a297-16319cf1edb1,c9cfec01-b732-4d6e-b575-dfcee6d75dd7,2,Potentially Available,0,Does Not Provide This Service,0,Does Not Provide This Service,2026-04-11 03:32:52.869862
0d70ccac-4086-4943-bc60-cb0990ec6585,c9d175e8-daba-4eb1-95ae-cb0121fdf698,2,Potentially Available,0,Does Not Provide This Service,0,Does Not Provide This Service,2026-04-11 03:32:52.869862
977e26c4-a8a4-4c3f-bb86-f7560f304f2d,c9e77303-419a-457c-a698-a2efa32c00d1,2,Potentially Available,0,Does Not Provide This Service,0,Does Not Provide This Service,2026-04-11 03:32:52.869862
22c8e4cd-94c2-4409-9510-090ed3052c1a,c9e8291b-065f-410c-9315-d7b300a5394a,2,Potentially Available,0,Does Not Provide This Service,0,Does Not Provide This Service,2026-04-11 03:32:52.869862
c09bf690-284a-471a-ba46-094f1722b9aa,c9eb39fd-f397-4b8f-ada4-1b2593c32139,2,Potentially Available,0,Does Not Provide This Service,0,Does Not Provide This Service,2026-04-11 03:32:52.869862
45f581d9-aeba-4562-9046-3a4d3041400c,c9fc06fa-0274-4ea9-b4b5-357e1feb62b5,2,Potentially Available,0,Does Not Provide This Service,0,Does Not Provide This Service,2026-04-11 03:32:52.869862
8c9c66b6-894c-4c4f-8c06-6bb1bffd76f6,ca0d7503-7d7f-49f2-98ca-2c954705faec,2,Potentially Available,0,Does Not Provide This Service,0,Does Not Provide This Service,2026-04-11 03:32:52.869862
49cc5b0e-a17a-41cb-88a3-780cca33f9d3,ca1355ec-e2b9-4414-bbd6-bafdeee75245,2,Potentially Available,0,Does Not Provide This Service,0,Does Not Provide This Service,2026-04-11 03:32:52.869862
8897055e-1bfa-4971-b22c-752996ad445b,ca1a9305-3a8c-4d46-99f5-572dad6f940e,2,Potentially Available,0,Does Not Provide This Service,0,Does Not Provide This Service,2026-04-11 03:32:52.869862
13dc5449-8fae-4cda-b72b-1650d6895c7e,ca262519-97b7-46dd-8a2b-ef3c92f4f273,2,Potentially Available,0,Does Not Provide This Service,0,Does Not Provide This Service,2026-04-11 03:32:52.869862
ee11a972-6d2c-4d30-b0eb-62e350d5c817,ca4974ce-8803-46af-8c19-61776a63deaf,2,Potentially Available,0,Does Not Provide This Service,0,Does Not Provide This Service,2026-04-11 03:32:52.869862
8b6b5a43-c5ec-4714-b6d6-a243f8a21811,ca68528f-fc88-4b6e-b014-40370580556a,2,Potentially Available,0,Does Not Provide This Service,0,Does Not Provide This Service,2026-04-11 03:32:52.869862
62de535d-5764-48a0-8207-bfcd347dc8c4,ca68eb16-3952-45f4-adf5-b78803f5bb26,2,Potentially Available,0,Does Not Provide This Service,0,Does Not Provide This Service,2026-04-11 03:32:52.869862
cbabfef9-1f7c-4c30-b11d-dc08d3ed5af8,ca71f340-41cd-4f12-8ef4-e02139169ca5,2,Potentially Available,0,Does Not Provide This Service,0,Does Not Provide This Service,2026-04-11 03:32:52.869862
90c62621-8f0b-4d3a-90ad-26cd6f67fae3,ca9dfafb-165e-4b18-8a8d-2f25ea29e83e,2,Potentially Available,0,Does Not Provide This Service,0,Does Not Provide This Service,2026-04-11 03:32:52.869862
59b0d22e-a2da-4fc6-8a48-0c5be1a3cee5,cab49229-02ea-4558-88de-23b84424af55,2,Potentially Available,0,Does Not Provide This Service,0,Does Not Provide This Service,2026-04-11 03:32:52.869862
c856c630-875a-4f9d-8c6f-586ae5ef1f40,cae28b9b-34ae-499e-a45b-de1024b51059,2,Potentially Available,0,Does Not Provide This Service,0,Does Not Provide This Service,2026-04-11 03:32:52.869862
42ed2dc2-268b-45b6-b2f4-f60598cd0d61,cae35878-53e2-4ede-8108-1d43ea8af124,2,Potentially Available,0,Does Not Provide This Service,0,Does Not Provide This Service,2026-04-11 03:32:52.869862
932984cf-dd71-4e3c-9c97-8202c0814c3a,cb01962d-5d89-4930-a362-49a4c2b382e8,2,Potentially Available,0,Does Not Provide This Service,0,Does Not Provide This Service,2026-04-11 03:32:52.869862
97f662c1-042e-4ef8-a3d9-9d281e8ab22c,cb03e7f5-131c-4a04-ad27-38bf7e7138b1,2,Potentially Available,0,Does Not Provide This Service,0,Does Not Provide This Service,2026-04-11 03:32:52.869862
68e66d2c-e61b-4213-832a-2f18225b5d81,cb460ea2-f7e6-4612-a7b6-6be09c14ddef,2,Potentially Available,0,Does Not Provide This Service,0,Does Not Provide This Service,2026-04-11 03:32:52.869862
f35b3ab1-d1eb-45ea-ac9a-4475cf49c7fa,cb685170-bb9b-4cd1-b771-71cded3c0839,2,Potentially Available,0,Does Not Provide This Service,0,Does Not Provide This Service,2026-04-11 03:32:52.869862
d93911a8-908e-4c86-bd0a-412245a768ca,cb6d6628-a9db-4130-8f2c-7d001c4d5e49,2,Potentially Available,0,Does Not Provide This Service,0,Does Not Provide This Service,2026-04-11 03:32:52.869862
d08faaf7-7db6-42fa-ab6d-fb060cdd70d6,cb784d87-c50b-45bc-a84a-e036d97680ae,2,Potentially Available,0,Does Not Provide This Service,0,Does Not Provide This Service,2026-04-11 03:32:52.869862
c902bb59-0ece-4dd8-9f12-e6e9b551b662,cb81019c-61ff-4dc5-9f69-d822bbb3c71d,0,Does Not Provide This Service,0,Does Not Provide This Service,2,Potentially Available,2026-04-11 03:32:52.869862
12780e9c-79ac-49eb-bc29-7e3bac8f6293,cb8b058d-60d4-470d-af7c-d1058d0a4ebb,2,Potentially Available,0,Does Not Provide This Service,0,Does Not Provide This Service,2026-04-11 03:32:52.869862
60389894-f38f-4da5-af52-e90a06fcbf99,cb92451e-5909-4721-a935-9484ff03fa0e,2,Potentially Available,0,Does Not Provide This Service,0,Does Not Provide This Service,2026-04-11 03:32:52.869862
56d2b938-1d87-44d5-80ee-fe4766efc8d1,cba5346c-1867-405a-8399-a733679c0ad7,2,Potentially Available,0,Does Not Provide This Service,0,Does Not Provide This Service,2026-04-11 03:32:52.869862
75de6569-2865-4dda-9346-c165f2908b84,cbd85e72-0b82-499e-b5ee-263eea563cdf,0,Does Not Provide This Service,0,Does Not Provide This Service,3,Constrained by Size,2026-04-11 03:32:52.869862
af63103a-14bb-4900-b936-fffce8827a2d,cbd8e218-797f-4296-92b8-610a616cf763,0,Does Not Provide This Service,0,Does Not Provide This Service,1,Likely Available,2026-04-11 03:32:52.869862
d3399627-9b48-42d0-bd0c-381a3d679df0,cbf37dd7-ba69-4258-a34c-dcff8e8f4411,2,Potentially Available,0,Does Not Provide This Service,0,Does Not Provide This Service,2026-04-11 03:32:52.869862
1eb56b61-4467-45cb-a237-09c5ef4336b4,cbfdc8a1-eae3-4b4e-bb37-667bb73d6fa8,2,Potentially Available,0,Does Not Provide This Service,0,Does Not Provide This Service,2026-04-11 03:32:52.869862
9cb3ab3b-878e-406d-a507-5d602aa97498,cbfeefeb-2545-4469-a4e4-22e1954a6178,2,Potentially Available,0,Does Not Provide This Service,0,Does Not Provide This Service,2026-04-11 03:32:52.869862
15b4ea97-d27a-496f-bebd-82ff609c07a5,cc069748-3353-44e6-b9ba-871bb07ae6f4,0,Does Not Provide This Service,0,Does Not Provide This Service,4,Constrained by Market,2026-04-11 03:32:52.869862
6258d050-7c51-40a6-a456-42106ca0fb13,cc385c86-96cb-47e9-9b44-7eee2388711a,2,Potentially Available,0,Does Not Provide This Service,0,Does Not Provide This Service,2026-04-11 03:32:52.869862
9043ec0f-5ad6-4a56-b304-1893af7e9699,cc5fd5aa-1954-44f3-8d33-99ce6c69d0fa,2,Potentially Available,0,Does Not Provide This Service,0,Does Not Provide This Service,2026-04-11 03:32:52.869862
298b3189-7d9b-4bd4-b215-e34aa342a498,cc842701-b654-4731-8fe6-8c5bb34dda73,2,Potentially Available,0,Does Not Provide This Service,0,Does Not Provide This Service,2026-04-11 03:32:52.869862
83e568ac-269a-4516-a562-d5f22c23ee7c,cc94efd8-1808-46fe-bcea-a50076d40ef8,2,Potentially Available,0,Does Not Provide This Service,0,Does Not Provide This Service,2026-04-11 03:32:52.869862
af7b645d-fc25-4447-88b5-2b0f5b077a9e,ccaa7228-fb59-416c-9990-b4bb340bbfe7,2,Potentially Available,0,Does Not Provide This Service,0,Does Not Provide This Service,2026-04-11 03:32:52.869862
f540e565-4f47-481f-8b2a-2355958e6a2f,ccaba7f7-766c-4a0f-8c82-cb42201f2746,2,Potentially Available,0,Does Not Provide This Service,0,Does Not Provide This Service,2026-04-11 03:32:52.869862
0f9d9ff2-c741-465f-aeb2-0faebb14d45b,ccbf1c0c-37db-40e0-89d0-cf4f2a6f6198,2,Potentially Available,0,Does Not Provide This Service,0,Does Not Provide This Service,2026-04-11 03:32:52.869862
d0ad581b-0ec8-4caf-bc9c-920ef5a677a0,ccc0cd0f-d193-4619-974c-21a9224aeff4,2,Potentially Available,0,Does Not Provide This Service,0,Does Not Provide This Service,2026-04-11 03:32:52.869862
f271af6b-a24f-4951-aed2-ff46668a45e7,cd23ef49-ab59-4de0-ac63-480f44354352,2,Potentially Available,0,Does Not Provide This Service,0,Does Not Provide This Service,2026-04-11 03:32:52.869862
d15765dc-a062-45c8-83d7-f3ed11b532a9,cd3c0ce3-8fd4-4e06-94dc-3da8e7c5d2a4,2,Potentially Available,0,Does Not Provide This Service,0,Does Not Provide This Service,2026-04-11 03:32:52.869862
a7c5a55e-edca-403e-8360-cf0333d1a7f3,cd4aeca9-d61b-4efe-8eaa-fa926c560c37,2,Potentially Available,0,Does Not Provide This Service,0,Does Not Provide This Service,2026-04-11 03:32:52.869862
0594a206-dc85-413e-846c-47296cbe079a,cd4d7691-4c9a-4b79-b48c-49ae0b8175f2,0,Does Not Provide This Service,0,Does Not Provide This Service,1,Likely Available,2026-04-11 03:32:52.869862
a52a87d7-975f-4cd9-8f24-0579b9cc9d37,cd4ed711-24f6-4288-af70-69ae4b0ad596,2,Potentially Available,0,Does Not Provide This Service,0,Does Not Provide This Service,2026-04-11 03:32:52.869862
dbbd8f8e-71c7-45b4-95f7-3b0f490866c4,cd60e17e-f2c2-4746-b452-741818f2f626,2,Potentially Available,0,Does Not Provide This Service,0,Does Not Provide This Service,2026-04-11 03:32:52.869862
c575961e-16d7-45ed-9ef8-4a8e306fd075,cd741f66-af63-4764-b132-246e98b36a26,2,Potentially Available,0,Does Not Provide This Service,0,Does Not Provide This Service,2026-04-11 03:32:52.869862
f0bd0f2d-98b0-40ec-8bf1-1567e7614653,cdbebc09-7729-422c-89e8-f626d023955e,0,Does Not Provide This Service,0,Does Not Provide This Service,2,Potentially Available,2026-04-11 03:32:52.869862
7903d791-ec80-4f4b-914a-db81df857312,cdd916a8-ca34-4b33-a094-9180e48a0115,0,Does Not Provide This Service,0,Does Not Provide This Service,2,Potentially Available,2026-04-11 03:32:52.869862
491824fa-c2d7-4986-aa07-189c82b9c98b,cde35fb4-f8f2-4bf5-ad06-a5798cb4c9d2,2,Potentially Available,0,Does Not Provide This Service,0,Does Not Provide This Service,2026-04-11 03:32:52.869862
b6d8267e-6b9f-493e-bcd7-ad7d3fd7aa0b,cdf09881-a731-40f5-a126-51417eabac72,2,Potentially Available,0,Does Not Provide This Service,0,Does Not Provide This Service,2026-04-11 03:32:52.869862
4edde56f-96a7-4a4f-bf95-c4063a74ac43,ce0bb552-c6c5-4e05-8f54-04237cbc87ec,1,Likely Available,1,Likely Available,0,Does Not Provide This Service,2026-04-11 03:32:52.869862
4be788ec-67aa-4402-99d6-ae2f66c6a89f,ce20e436-6eaa-4b5c-8374-3016597a714d,0,Does Not Provide This Service,0,Does Not Provide This Service,3,Constrained by Size,2026-04-11 03:32:52.869862
143afe1f-89bb-4442-96d6-df7958e0ad87,ce389089-f0ba-44ab-83f8-39a34e9bb80c,2,Potentially Available,0,Does Not Provide This Service,0,Does Not Provide This Service,2026-04-11 03:32:52.869862
f99f87f9-ab58-4a04-bb1e-0faa59d8d7f7,ce62f266-2e85-4cc0-8856-49cb843f3efa,2,Potentially Available,0,Does Not Provide This Service,0,Does Not Provide This Service,2026-04-11 03:32:52.869862
15a3a89d-70b0-4712-a57e-3b3a12a96b38,ce64cc58-55a1-486a-afbd-4bc3269fc91f,2,Potentially Available,0,Does Not Provide This Service,0,Does Not Provide This Service,2026-04-11 03:32:52.869862
909b6a0c-05f0-4ade-9558-0d1c19ddea61,ce676f13-f83d-4ae2-944a-f5f97b834429,0,Does Not Provide This Service,0,Does Not Provide This Service,4,Constrained by Market,2026-04-11 03:32:52.869862
208eb0bc-3f70-42e1-acfc-1f6726166c80,ce7a04d8-174d-4254-8bd5-bb53c49f760c,2,Potentially Available,0,Does Not Provide This Service,0,Does Not Provide This Service,2026-04-11 03:32:52.869862
7647bd2a-b3b6-46f6-af1b-c15ba15f693c,ce8e0ada-ce49-4a1b-8dbb-a383023778bd,2,Potentially Available,0,Does Not Provide This Service,0,Does Not Provide This Service,2026-04-11 03:32:52.869862
4bca40fe-ae8e-4e5e-aa90-0e4b033f653c,cebc69d3-e228-4991-b620-5075807c51f4,2,Potentially Available,0,Does Not Provide This Service,0,Does Not Provide This Service,2026-04-11 03:32:52.869862
1ae991ad-7d43-469d-8dd6-e6bde9c443c7,ced1a632-6067-48fd-9116-75f1ca871954,2,Potentially Available,0,Does Not Provide This Service,0,Does Not Provide This Service,2026-04-11 03:32:52.869862
1d814461-56bb-432d-aa3e-b8530e7274ed,ced524ab-8bdb-4f6d-be26-b482342b08a5,2,Potentially Available,0,Does Not Provide This Service,0,Does Not Provide This Service,2026-04-11 03:32:52.869862
5065da80-add8-4cdc-b8c2-ea498bdf8611,ceeb4007-0d95-423e-ae4d-d9427b50d99d,2,Potentially Available,0,Does Not Provide This Service,0,Does Not Provide This Service,2026-04-11 03:32:52.869862
9dd5c60d-c058-4696-bf3a-64fa1f20f633,ceecac22-4f84-4915-b1fb-391287a6aa32,0,Does Not Provide This Service,0,Does Not Provide This Service,2,Potentially Available,2026-04-11 03:32:52.869862
8a234eb6-b0bd-4665-8fea-e24d3764ed0f,cf038269-d496-43f1-877f-600361bc5d7d,2,Potentially Available,0,Does Not Provide This Service,0,Does Not Provide This Service,2026-04-11 03:32:52.869862
537bf182-9a5d-4297-8997-7a3ec1a6511a,cf1bd1e2-11ca-43d8-8234-aa0c0cee9a44,2,Potentially Available,0,Does Not Provide This Service,0,Does Not Provide This Service,2026-04-11 03:32:52.869862
22902d77-18c7-498c-9c27-ea6cd6e1f74c,cf21e635-a376-43cb-8dce-8158a3597db7,2,Potentially Available,0,Does Not Provide This Service,0,Does Not Provide This Service,2026-04-11 03:32:52.869862
addcd437-d126-44aa-8d14-ae42b73b834f,cf281847-9cd0-4a45-a1c3-e5aecbc0f6b5,2,Potentially Available,0,Does Not Provide This Service,0,Does Not Provide This Service,2026-04-11 03:32:52.869862
6f2d1d6e-fb2a-41c1-a3e1-b49d84547f33,cf29b686-80bc-48cd-8e80-2bee9532e0be,2,Potentially Available,0,Does Not Provide This Service,0,Does Not Provide This Service,2026-04-11 03:32:52.869862
acabc7cd-4b88-46dd-bbd6-a89f26158d94,cf2ac606-bfb4-444f-8e0c-5730f62e0551,0,Does Not Provide This Service,0,Does Not Provide This Service,1,Likely Available,2026-04-11 03:32:52.869862
70332c0c-1f41-479a-9b95-cf25a9e424eb,cf3a34e8-9d47-41a8-99a4-cb9fee0a69e3,2,Potentially Available,0,Does Not Provide This Service,0,Does Not Provide This Service,2026-04-11 03:32:52.869862
a68c2121-8551-4734-a3a7-1c0063ee4b0e,cf3c0096-8d60-478f-a71a-43545d0c36e8,2,Potentially Available,0,Does Not Provide This Service,0,Does Not Provide This Service,2026-04-11 03:32:52.869862
2e4af496-a977-4405-97d7-8945be0594b4,cf63403e-7cf9-4b94-a85d-4a8a40f088f9,2,Potentially Available,0,Does Not Provide This Service,0,Does Not Provide This Service,2026-04-11 03:32:52.869862
59d875e9-48eb-4660-ac85-e86bf8ed3404,cf70a40d-2987-43fd-a6d3-0fbce70554e2,2,Potentially Available,0,Does Not Provide This Service,0,Does Not Provide This Service,2026-04-11 03:32:52.869862
f64fd265-ab88-4361-ba5e-ebaac43ae018,cf95e0e4-6c7f-4d4c-97eb-8479de0ae458,2,Potentially Available,0,Does Not Provide This Service,0,Does Not Provide This Service,2026-04-11 03:32:52.869862
a4348851-3678-470e-8808-7921fff2f657,cfc46c38-3941-4dea-aadd-ed7b662767dc,2,Potentially Available,0,Does Not Provide This Service,0,Does Not Provide This Service,2026-04-11 03:32:52.869862
8bbef6ed-836c-48a6-b679-a86a33184ad9,cfd2d4cb-8347-41fc-8e7c-8f4c147d0c35,2,Potentially Available,0,Does Not Provide This Service,0,Does Not Provide This Service,2026-04-11 03:32:52.869862
5388b01a-91d9-4690-b9eb-0630fcea691c,cfdb2a4f-c892-4a01-bc12-dc7268aa42f7,2,Potentially Available,0,Does Not Provide This Service,0,Does Not Provide This Service,2026-04-11 03:32:52.869862
a944e677-aada-4f3a-b816-a7d5d171210e,cfff9dc3-cb31-480e-9be4-7c7f2b6cffb4,0,Does Not Provide This Service,0,Does Not Provide This Service,2,Potentially Available,2026-04-11 03:32:52.869862
07670940-55bf-4285-815c-f4ccce848aff,d00151c4-06cf-433c-be2c-b7119afcc29f,2,Potentially Available,0,Does Not Provide This Service,0,Does Not Provide This Service,2026-04-11 03:32:52.869862
153710f4-da34-4950-be5c-4dfb1f580e07,d002cb24-b624-48c6-a6d2-28156a165fbe,2,Potentially Available,0,Does Not Provide This Service,0,Does Not Provide This Service,2026-04-11 03:32:52.869862
2a9596de-638e-4261-a93f-3a70474e369c,d04a6294-4437-4577-a1ee-1af85c1a0851,0,Does Not Provide This Service,0,Does Not Provide This Service,1,Likely Available,2026-04-11 03:32:52.869862
26310e9e-c48a-4619-87fd-dc1055e18f25,d056638d-c6f3-42ff-bf6a-0743f644a601,2,Potentially Available,0,Does Not Provide This Service,0,Does Not Provide This Service,2026-04-11 03:32:52.869862
e7b8bfdb-c32a-4797-b1f6-186ec918d193,d05999ee-04be-4f48-ab5e-d1287d67c1cb,1,Likely Available,1,Likely Available,0,Does Not Provide This Service,2026-04-11 03:32:52.869862
19fbd0d2-7679-4a5b-ac6a-78772fa6969e,d0673159-a4ca-497e-98af-dd50ce41c2ca,0,Does Not Provide This Service,0,Does Not Provide This Service,2,Potentially Available,2026-04-11 03:32:52.869862
05e0baf8-7407-4d9d-8b19-fcbb105f3cf5,d06e6aec-1a58-4150-ab58-0ad06c061228,2,Potentially Available,0,Does Not Provide This Service,0,Does Not Provide This Service,2026-04-11 03:32:52.869862
e5317f8d-4681-4a94-b8ce-7b0a0835f7e9,d08b8e9e-6a51-4bde-ae16-3487c615b15e,2,Potentially Available,0,Does Not Provide This Service,0,Does Not Provide This Service,2026-04-11 03:32:52.869862
d8fcee33-82bf-4adf-931d-5469bb583dcf,d09438ff-89ed-449f-b3b3-d36fe2de1059,2,Potentially Available,0,Does Not Provide This Service,0,Does Not Provide This Service,2026-04-11 03:32:52.869862
d44a2793-3ade-4b5d-81d9-fa2de7a06ce8,d09bf8b9-2567-4f71-84e0-12ef3e789353,2,Potentially Available,0,Does Not Provide This Service,0,Does Not Provide This Service,2026-04-11 03:32:52.869862
7cf096f6-da3f-4684-8504-2e36ab7701ff,d0ad35a6-d792-4d4f-b897-47616abf0ead,2,Potentially Available,0,Does Not Provide This Service,0,Does Not Provide This Service,2026-04-11 03:32:52.869862
c22af95e-ad8d-4b38-8c15-8b1c8e92e075,d0cd8171-a2e1-40ff-9283-d405226d8961,2,Potentially Available,0,Does Not Provide This Service,0,Does Not Provide This Service,2026-04-11 03:32:52.869862
3729861f-14eb-4ad4-919b-fe2a144d218b,d0e30c7d-705b-45ea-9567-5c77ff5c8418,2,Potentially Available,0,Does Not Provide This Service,0,Does Not Provide This Service,2026-04-11 03:32:52.869862
37051d08-d81f-4e67-8f7f-d15c61edc24a,d1188992-1494-4a2c-9a07-0827087f3467,2,Potentially Available,0,Does Not Provide This Service,0,Does Not Provide This Service,2026-04-11 03:32:52.869862
f597706e-9652-4ad7-9776-d6a68b26ef4e,d12b2c89-8ae0-4a6f-8cd7-c77ca10eb1d3,2,Potentially Available,0,Does Not Provide This Service,0,Does Not Provide This Service,2026-04-11 03:32:52.869862
91e4e3cf-943d-4d56-b70b-7688cd68a421,d14c6652-71c6-4da9-a04c-d846306e3336,0,Does Not Provide This Service,0,Does Not Provide This Service,1,Likely Available,2026-04-11 03:32:52.869862
a800b45b-b5fb-4456-8537-8a9fc4d94491,d152d796-2e2b-49ab-aec2-4d72ec103996,2,Potentially Available,0,Does Not Provide This Service,0,Does Not Provide This Service,2026-04-11 03:32:52.869862
77d1a0b8-1c06-456b-9d65-a0ac6796c820,d181f3be-fa96-4c43-8a95-e8856fbb2331,2,Potentially Available,0,Does Not Provide This Service,0,Does Not Provide This Service,2026-04-11 03:32:52.869862
4fc656f4-c26d-41e3-830d-5e359f2ed2d7,d19bbb16-4710-4ff5-989d-30535cfda7cc,0,Does Not Provide This Service,0,Does Not Provide This Service,1,Likely Available,2026-04-11 03:32:52.869862
062722bd-eae9-4009-bf30-6c5ed59d98a0,d1b386f8-8038-4551-935b-815179c83d2d,2,Potentially Available,0,Does Not Provide This Service,0,Does Not Provide This Service,2026-04-11 03:32:52.869862
91b31983-ea31-44f5-b9af-208c272b4682,d1b3ff6b-9380-4076-9619-1240eb11429d,2,Potentially Available,0,Does Not Provide This Service,0,Does Not Provide This Service,2026-04-11 03:32:52.869862
9ea3aa2a-fc3f-4259-bc78-13e7a15e7276,d1ff8e8b-2581-4be2-98e4-831e5379a6a5,2,Potentially Available,0,Does Not Provide This Service,0,Does Not Provide This Service,2026-04-11 03:32:52.869862
a636723d-7f7d-49d3-bb88-a90213098b4b,d23e582f-6352-446d-980a-d389e4b6425e,2,Potentially Available,0,Does Not Provide This Service,0,Does Not Provide This Service,2026-04-11 03:32:52.869862
41f3df40-cbdb-4925-a62f-70be802c7c00,d27111ac-05dd-4924-944e-b3bb3611133a,2,Potentially Available,0,Does Not Provide This Service,0,Does Not Provide This Service,2026-04-11 03:32:52.869862
b3e463b3-8066-414d-9dc7-18a517268c5f,d278c9fa-422e-4af4-9cf1-676a54a8eb41,2,Potentially Available,0,Does Not Provide This Service,0,Does Not Provide This Service,2026-04-11 03:32:52.869862
1c4eb7db-fae4-4f5a-afac-e767054891a8,d289ada9-9db8-4c93-9745-b9d399b08288,2,Potentially Available,0,Does Not Provide This Service,0,Does Not Provide This Service,2026-04-11 03:32:52.869862
f3dd8a8b-7b32-498b-b891-e9a56b3e6cef,d2a1c29f-1988-4360-bb1c-4ece1d4e86b4,0,Does Not Provide This Service,0,Does Not Provide This Service,1,Likely Available,2026-04-11 03:32:52.869862
4b0561cd-9f13-4d89-b3bb-11a2dc09cb12,d2c4a836-7c31-4eb5-97d9-9a88048e49ff,1,Likely Available,0,Does Not Provide This Service,0,Does Not Provide This Service,2026-04-11 03:32:52.869862
6f3cb010-fb31-4195-ac86-a76173bf76b5,d2d6f39b-e658-4dad-a3e8-bc0c8de5ddbc,2,Potentially Available,0,Does Not Provide This Service,0,Does Not Provide This Service,2026-04-11 03:32:52.869862
b5e807f7-0530-43ad-8fdb-789d583467de,d32505c3-04a5-48ee-a46d-5feafac0d956,2,Potentially Available,0,Does Not Provide This Service,0,Does Not Provide This Service,2026-04-11 03:32:52.869862
23bc1a70-1356-49b0-bd0e-c2901ff59c40,d32985cc-de07-4e63-a2a4-fe6b2ae0f425,2,Potentially Available,0,Does Not Provide This Service,0,Does Not Provide This Service,2026-04-11 03:32:52.869862
fba877e7-11a1-46f5-86d2-7518e967444c,d336ccb4-4ba3-49ab-884c-3d1805ecdfde,2,Potentially Available,0,Does Not Provide This Service,0,Does Not Provide This Service,2026-04-11 03:32:52.869862
d92f08df-47ef-4066-98dc-f1dec0a31000,d336efb9-50d1-46bc-ab1e-e383d68a0c66,2,Potentially Available,0,Does Not Provide This Service,0,Does Not Provide This Service,2026-04-11 03:32:52.869862
bf02bec7-a678-4ef6-98e9-ab00fa3044b4,d340fa0e-ca23-4346-920a-651b09a34c77,2,Potentially Available,0,Does Not Provide This Service,0,Does Not Provide This Service,2026-04-11 03:32:52.869862
f679f53a-cb7e-4212-8f9d-d46ec93c76c9,d3437ca6-f1f1-4e9a-8a41-9be6294535a8,2,Potentially Available,0,Does Not Provide This Service,0,Does Not Provide This Service,2026-04-11 03:32:52.869862
b6884852-b057-4ba1-9a60-5ab633a3699a,d353fc6e-c6cb-427f-ad03-13f2efa9343b,2,Potentially Available,0,Does Not Provide This Service,0,Does Not Provide This Service,2026-04-11 03:32:52.869862
2b8cb8b5-7075-4900-837b-66aed1e3ea77,d3624a53-5156-43f8-a66e-822487a96de5,2,Potentially Available,0,Does Not Provide This Service,0,Does Not Provide This Service,2026-04-11 03:32:52.869862
29ee034b-0287-4fc5-a970-631b8d2bfb7f,d37c4e4a-c0fd-4a49-bb2a-7022da547957,2,Potentially Available,0,Does Not Provide This Service,0,Does Not Provide This Service,2026-04-11 03:32:52.869862
9ca6dca1-8b47-407a-88fb-2da246cef1d2,d380ac64-21ed-48f2-868e-c5e9194db07d,2,Potentially Available,0,Does Not Provide This Service,0,Does Not Provide This Service,2026-04-11 03:32:52.869862
4ea582f6-f94e-46a5-9e7b-d12e61de6d13,d380c4d8-0cdb-4c0e-8419-e89d48a46566,0,Does Not Provide This Service,0,Does Not Provide This Service,5,Highly Constrained,2026-04-11 03:32:52.869862
4a57526d-3830-41ca-a13b-9488227be3b7,d396940c-69a2-4c22-ae4b-7a5f91e01384,2,Potentially Available,0,Does Not Provide This Service,0,Does Not Provide This Service,2026-04-11 03:32:52.869862
92ce74eb-34cf-455f-bad3-e335d8c27d0c,d39907b2-0718-482b-96c9-8babba29dd78,1,Likely Available,0,Does Not Provide This Service,0,Does Not Provide This Service,2026-04-11 03:32:52.869862
d219020d-a4e2-439d-b855-ed6fb0283040,d3a5658b-78d3-4d71-8b63-0f3400d98526,2,Potentially Available,0,Does Not Provide This Service,0,Does Not Provide This Service,2026-04-11 03:32:52.869862
ffb239f7-a245-4afc-9550-ce3a2fe6123c,d3ac8858-e0f0-4400-9257-5de4e2695ecb,2,Potentially Available,0,Does Not Provide This Service,0,Does Not Provide This Service,2026-04-11 03:32:52.869862
744d65c9-4fd0-4093-96c1-f82eba2f763d,d3c2eff7-3e32-44d3-bd09-52fbd7415888,2,Potentially Available,0,Does Not Provide This Service,0,Does Not Provide This Service,2026-04-11 03:32:52.869862
e15ea97c-a53d-41e2-b441-c8375e6b4ce4,d3d5be78-be56-4801-8ea3-2fe98d3e7c05,2,Potentially Available,0,Does Not Provide This Service,0,Does Not Provide This Service,2026-04-11 03:32:52.869862
4d342c72-f976-4cae-8403-4500f729c918,d40aafce-432a-48ee-8068-70d530b91950,0,Does Not Provide This Service,0,Does Not Provide This Service,2,Potentially Available,2026-04-11 03:32:52.869862
04f3e88d-0efc-4e35-a500-59b831a47af7,d41c5c00-d470-4755-9392-41c6f06ca1c6,2,Potentially Available,0,Does Not Provide This Service,0,Does Not Provide This Service,2026-04-11 03:32:52.869862
33cd3540-dbe9-4e40-92a8-b03a3226c9a9,d4761d69-9769-4e66-a259-b7db5a4adb2e,2,Potentially Available,0,Does Not Provide This Service,0,Does Not Provide This Service,2026-04-11 03:32:52.869862
3e83abd4-cd70-4645-8a27-daea3faaa389,d480b808-8623-408b-9a24-14fa827a2e4e,2,Potentially Available,0,Does Not Provide This Service,0,Does Not Provide This Service,2026-04-11 03:32:52.869862
b77fb38a-b9e8-4262-bd6a-1b1502f9c1f0,d4848f95-b6f2-438f-a035-86b52e226fa8,0,Does Not Provide This Service,0,Does Not Provide This Service,1,Likely Available,2026-04-11 03:32:52.869862
97b88562-f198-4158-9e48-88ba7444e81f,d4bcdc9a-38fd-4b83-b3ad-4d57771799ad,2,Potentially Available,0,Does Not Provide This Service,0,Does Not Provide This Service,2026-04-11 03:32:52.869862
dc48cb80-9e23-4638-9c24-c19b46b9be0c,d4c4c0d2-2626-44a9-9ae4-ec669a0aa03a,2,Potentially Available,0,Does Not Provide This Service,0,Does Not Provide This Service,2026-04-11 03:32:52.869862
eec94703-876b-4166-9495-f1c30434cc14,d4d42426-62d7-44b8-9ae7-2fde1d689da7,2,Potentially Available,0,Does Not Provide This Service,0,Does Not Provide This Service,2026-04-11 03:32:52.869862
3e430890-cd2e-44ea-ac91-3aa83c844c24,d4fca3a2-468e-4490-b1ff-500febb1f9cb,2,Potentially Available,4,Constrained by Market,0,Does Not Provide This Service,2026-04-11 03:32:52.869862
2e5bc70b-aed3-4aff-8705-6765f0d40774,d5137b00-2a53-40e7-87fa-38fddded43ec,2,Potentially Available,0,Does Not Provide This Service,0,Does Not Provide This Service,2026-04-11 03:32:52.869862
a7b254c1-fd93-4606-857f-79793c12c2f7,d52504e3-edb5-405e-9327-5013deb221c2,2,Potentially Available,0,Does Not Provide This Service,0,Does Not Provide This Service,2026-04-11 03:32:52.869862
6777c8b5-48e1-4ea9-b525-f8590841b2e7,d571e213-0444-4411-b89e-ddc43e4b3514,2,Potentially Available,0,Does Not Provide This Service,0,Does Not Provide This Service,2026-04-11 03:32:52.869862
9b0f3cc8-2aa3-4593-ae13-3c860105c4ab,d5778e2c-bb74-4dea-a0dd-be9e6cb70ec2,2,Potentially Available,0,Does Not Provide This Service,0,Does Not Provide This Service,2026-04-11 03:32:52.869862
c574023e-daae-4ad8-bcca-0cc5dee5b42f,d59cbda3-b1a4-4386-8054-2f1378a38cbd,2,Potentially Available,0,Does Not Provide This Service,0,Does Not Provide This Service,2026-04-11 03:32:52.869862
9aeb6144-5d46-41dd-8f77-5013c5b80178,d5b71026-a4d7-4bc7-b76f-149176f5b89d,2,Potentially Available,0,Does Not Provide This Service,0,Does Not Provide This Service,2026-04-11 03:32:52.869862
190b82d7-6535-4f77-ad0f-86a18e6eaf76,d602fc1a-1fd8-4c85-b96f-e4b8d39ca77c,2,Potentially Available,0,Does Not Provide This Service,0,Does Not Provide This Service,2026-04-11 03:32:52.869862
5f63a817-aaf7-412e-bd54-a02d40e7a2c1,d6128662-98d0-402f-94fa-ad721490f5f3,2,Potentially Available,0,Does Not Provide This Service,0,Does Not Provide This Service,2026-04-11 03:32:52.869862
d1779cc8-7c92-4530-bd2a-7605616fd63d,d61ee045-eb8e-42d1-b34a-4a01235783f5,2,Potentially Available,0,Does Not Provide This Service,0,Does Not Provide This Service,2026-04-11 03:32:52.869862
d846df8d-1c50-43c1-8bfa-a502ab7027d9,d6302ece-fb1f-4cc1-8f3d-5b7d7f7c9aa1,2,Potentially Available,0,Does Not Provide This Service,0,Does Not Provide This Service,2026-04-11 03:32:52.869862
f8270ba3-9f3c-49dc-a2bf-994877e0e72c,d63289aa-85a7-4317-83de-4fad07ec2113,2,Potentially Available,0,Does Not Provide This Service,0,Does Not Provide This Service,2026-04-11 03:32:52.869862
d2380c5b-5e68-4565-9632-49a607c3dd02,d6577a04-37ba-47c3-aade-83117a13cee2,2,Potentially Available,0,Does Not Provide This Service,0,Does Not Provide This Service,2026-04-11 03:32:52.869862
44f27beb-a714-47a1-90e6-fc9ed481cfcb,d658ebb4-be18-4281-b247-004965c69d62,2,Potentially Available,0,Does Not Provide This Service,0,Does Not Provide This Service,2026-04-11 03:32:52.869862
8fef2991-4e13-492e-bfd5-8670d43b70ad,d65a362e-ae48-4efd-872f-d75925508cc4,2,Potentially Available,0,Does Not Provide This Service,0,Does Not Provide This Service,2026-04-11 03:32:52.869862
e4d6c7d8-40a1-427a-962b-be5acc5cb631,d6912dfc-292e-48e0-94ef-24309b42ca6d,2,Potentially Available,0,Does Not Provide This Service,0,Does Not Provide This Service,2026-04-11 03:32:52.869862
26a618ff-5871-4177-b02b-7f0421387067,d6943a96-61bf-4ae2-8ee3-1b7ad99faba9,2,Potentially Available,0,Does Not Provide This Service,0,Does Not Provide This Service,2026-04-11 03:32:52.869862
94db5827-8741-4e2c-b8fb-cdd3da6f7a7d,d6ba1cee-2cfa-47bb-9a92-36624dd214a1,2,Potentially Available,0,Does Not Provide This Service,0,Does Not Provide This Service,2026-04-11 03:32:52.869862
51fa32ca-7055-43bd-8aae-b532b77a528a,d6bd074b-d0a6-4ec9-8f39-047892447e1d,2,Potentially Available,0,Does Not Provide This Service,0,Does Not Provide This Service,2026-04-11 03:32:52.869862
da1be4db-b6d9-4757-85eb-1a1ec0cf6b7b,d6c1ee46-8eb9-4e02-ac34-455c96850870,2,Potentially Available,0,Does Not Provide This Service,0,Does Not Provide This Service,2026-04-11 03:32:52.869862
46d08598-3c29-4e71-80e6-534ffbfbe5da,d6fe5a91-54ae-4754-a47c-13ee174b7157,2,Potentially Available,0,Does Not Provide This Service,0,Does Not Provide This Service,2026-04-11 03:32:52.869862
30fd5c04-8026-4aca-a13b-27d1a70fafd4,d70a1b84-75a0-4ef7-97e5-bd56f3a1ef13,2,Potentially Available,0,Does Not Provide This Service,0,Does Not Provide This Service,2026-04-11 03:32:52.869862
9958077c-6ef9-4de4-abb7-d6a880aa7c8d,d72985ac-e406-44a8-886b-c4d2da00091a,2,Potentially Available,0,Does Not Provide This Service,0,Does Not Provide This Service,2026-04-11 03:32:52.869862
c726f5d6-94cc-4065-a68b-2ae037ab9bb0,d74cd486-f6db-401b-b23f-1880e9d69dc1,2,Potentially Available,0,Does Not Provide This Service,0,Does Not Provide This Service,2026-04-11 03:32:52.869862
6634ccaf-6feb-4175-b928-dffd23cf2e93,d751121a-4d05-46ae-b7d8-388dcd23e205,2,Potentially Available,0,Does Not Provide This Service,0,Does Not Provide This Service,2026-04-11 03:32:52.869862
0a3e650b-163a-40da-896b-0272e8d24dc9,d7668e64-107d-403e-9c14-b4861b03318c,2,Potentially Available,0,Does Not Provide This Service,0,Does Not Provide This Service,2026-04-11 03:32:52.869862
a3cda294-62f6-4052-aa6e-ad1783a170c0,d767198e-9b11-4d32-949d-aadf632c67b4,2,Potentially Available,0,Does Not Provide This Service,0,Does Not Provide This Service,2026-04-11 03:32:52.869862
8061bba8-7703-4b52-b7ef-289be64298cd,d7736edb-34cd-42cf-9bec-8b6e8e44ce6f,2,Potentially Available,0,Does Not Provide This Service,0,Does Not Provide This Service,2026-04-11 03:32:52.869862
39dec62b-2790-4dd1-8fd2-6382819dbf46,d786ac57-c84d-4140-8c11-8b5f34db7123,2,Potentially Available,0,Does Not Provide This Service,0,Does Not Provide This Service,2026-04-11 03:32:52.869862
44c20bdf-2ec5-4f44-86e4-9767b6738a5d,d7a4e62e-90f5-4ec1-82fd-a0aa5157ee5b,2,Potentially Available,0,Does Not Provide This Service,0,Does Not Provide This Service,2026-04-11 03:32:52.869862
2d52ab77-cdaf-4b8f-ae1d-8e9d26c515c2,d7b2299e-f7c3-41f1-8364-6864db201517,2,Potentially Available,0,Does Not Provide This Service,0,Does Not Provide This Service,2026-04-11 03:32:52.869862
d5611aef-c875-434a-a3e0-4a569add5c58,d7e5af5f-fead-41f2-be5b-3f84b43178f2,2,Potentially Available,0,Does Not Provide This Service,0,Does Not Provide This Service,2026-04-11 03:32:52.869862
d69010b9-8feb-4d95-aaae-d471b123aeec,d7e93954-ef33-45a1-8c22-1824f56fe835,2,Potentially Available,0,Does Not Provide This Service,0,Does Not Provide This Service,2026-04-11 03:32:52.869862
10532444-ba96-4df1-9c55-e981ef8b2dbb,d80bd344-56f5-429a-8f50-cb89c4d18a73,2,Potentially Available,0,Does Not Provide This Service,0,Does Not Provide This Service,2026-04-11 03:32:52.869862
f04793fa-377d-45fa-a8f5-df53290595e9,d80e3cbd-0e77-4786-9ba3-6e75290b7d1c,2,Potentially Available,0,Does Not Provide This Service,0,Does Not Provide This Service,2026-04-11 03:32:52.869862
cdea4e60-c05c-4faa-b46c-c8cf6cc3ded9,d84821a2-543c-4ad9-8c88-add6eeef5b8b,2,Potentially Available,0,Does Not Provide This Service,0,Does Not Provide This Service,2026-04-11 03:32:52.869862
20af1ad6-5338-48b8-b966-8307ffababf3,d84e2860-ded8-44fc-9ebd-d6b3b6d62fe6,2,Potentially Available,0,Does Not Provide This Service,0,Does Not Provide This Service,2026-04-11 03:32:52.869862
08912042-000d-4c98-af97-5452314c3def,d8752024-8213-44be-bf1a-06dbd2205657,2,Potentially Available,0,Does Not Provide This Service,0,Does Not Provide This Service,2026-04-11 03:32:52.869862
56d20204-d858-478c-9eff-721dd0622071,d8938519-a842-45a0-96a6-85a89fd9b20e,2,Potentially Available,0,Does Not Provide This Service,0,Does Not Provide This Service,2026-04-11 03:32:52.869862
b9d1a671-829a-42bd-b609-68724a7c2457,d8b27dbf-a5e7-4c7d-8a6c-f8bdbd9b1ddf,2,Potentially Available,0,Does Not Provide This Service,0,Does Not Provide This Service,2026-04-11 03:32:52.869862
3c470dc0-0eff-4f2c-b009-a727d2dab062,d8b36881-9ae6-4f6b-836a-9b399b7c1fab,2,Potentially Available,0,Does Not Provide This Service,0,Does Not Provide This Service,2026-04-11 03:32:52.869862
49716ad8-71fa-42b3-9535-b3d23ac21711,d8bbe4a3-47fd-412d-b4d7-65fa03c0ae2a,2,Potentially Available,0,Does Not Provide This Service,0,Does Not Provide This Service,2026-04-11 03:32:52.869862
cbb00b33-9c35-4ac7-a0b1-d6dd3a60d2bd,d8cd326c-7090-4dd4-bb34-61ee02da3af7,2,Potentially Available,0,Does Not Provide This Service,0,Does Not Provide This Service,2026-04-11 03:32:52.869862
bf5d507d-975d-48f7-b7e8-806fe86def05,d8cf04bf-8dee-40fd-81f2-6f5351d3bc19,2,Potentially Available,0,Does Not Provide This Service,0,Does Not Provide This Service,2026-04-11 03:32:52.869862
d5105357-3572-4b6c-9f9d-91b43f611bf0,d8e279fd-9723-4f30-81d6-045a05bc5580,2,Potentially Available,0,Does Not Provide This Service,0,Does Not Provide This Service,2026-04-11 03:32:52.869862
cbb7441e-1255-47b1-af55-a7f448b1bcd3,d8ebe0ce-3e2e-4d08-bd3c-ea403eb87be3,2,Potentially Available,0,Does Not Provide This Service,0,Does Not Provide This Service,2026-04-11 03:32:52.869862
19d3ee4c-8a5e-403a-8dbb-8c0eaf168070,d8f1fd95-3555-4c54-b49d-e1beb6cd10f3,2,Potentially Available,0,Does Not Provide This Service,0,Does Not Provide This Service,2026-04-11 03:32:52.869862
13078cef-bbc5-4f2e-b182-e30ea6808ee1,d90256ea-0c5e-44ad-8c4d-df3a4cf4f895,1,Likely Available,0,Does Not Provide This Service,0,Does Not Provide This Service,2026-04-11 03:32:52.869862
265eacaf-1918-4c59-a948-3fd1183e9808,d90ed67e-2110-49b3-8799-91c704ef1132,2,Potentially Available,0,Does Not Provide This Service,0,Does Not Provide This Service,2026-04-11 03:32:52.869862
9a6c21c5-f031-46b8-817b-b3a2406c03de,d90f7aa0-253c-4057-981f-9337f08ba562,2,Potentially Available,0,Does Not Provide This Service,0,Does Not Provide This Service,2026-04-11 03:32:52.869862
eb9610e3-daac-4cd8-8549-b3b6b52b9738,d913b395-d763-423b-9c7e-81ef278f6b34,2,Potentially Available,0,Does Not Provide This Service,0,Does Not Provide This Service,2026-04-11 03:32:52.869862
b4dd538c-8b00-4f6e-b4f1-98c36f5fd631,d9164ea7-72c3-4302-bd2e-382870fd7059,2,Potentially Available,0,Does Not Provide This Service,0,Does Not Provide This Service,2026-04-11 03:32:52.869862
5e0fceb5-33a8-4b1b-8bba-45ad8bdf691b,d94bbd08-8848-48eb-8367-741740b5a45d,2,Potentially Available,0,Does Not Provide This Service,0,Does Not Provide This Service,2026-04-11 03:32:52.869862
f8d3ccde-4191-4059-820e-37bae83a7dc7,d94dcfc7-0b55-45f7-8c62-284c673b4586,2,Potentially Available,0,Does Not Provide This Service,0,Does Not Provide This Service,2026-04-11 03:32:52.869862
8262e882-e000-408a-8366-a5f4b74012ad,d95899e7-e264-4c07-9d00-b8647259a35d,2,Potentially Available,0,Does Not Provide This Service,0,Does Not Provide This Service,2026-04-11 03:32:52.869862
019caba6-cf24-42bb-8f79-ef044a305810,d95c6e1f-95ff-4671-8a93-56f52328bb7d,2,Potentially Available,0,Does Not Provide This Service,0,Does Not Provide This Service,2026-04-11 03:32:52.869862
d269b845-c5e0-469d-9729-798d7dfc0487,d95eaaeb-d894-41f1-86ee-784d397926a7,0,Does Not Provide This Service,0,Does Not Provide This Service,1,Likely Available,2026-04-11 03:32:52.869862
41ab3663-f234-4d03-a408-4b3d957158a2,d9600795-bf2d-4c8d-9547-bcf290404e30,2,Potentially Available,0,Does Not Provide This Service,0,Does Not Provide This Service,2026-04-11 03:32:52.869862
fe7cd5b8-ea9b-4e89-9e87-457bf657b3ec,d9622da7-2b70-4c83-96b3-854186d81a94,2,Potentially Available,0,Does Not Provide This Service,0,Does Not Provide This Service,2026-04-11 03:32:52.869862
2e6c4b66-9f24-4848-95a5-d2ffa7655e95,d96e6406-c6b9-467f-9137-6e26d8617ab1,2,Potentially Available,0,Does Not Provide This Service,0,Does Not Provide This Service,2026-04-11 03:32:52.869862
d72ce12e-3b3d-46b8-927f-34aec4359cf3,d972e5da-58aa-4451-bbff-f84f3b3e54dd,2,Potentially Available,0,Does Not Provide This Service,0,Does Not Provide This Service,2026-04-11 03:32:52.869862
13656cf0-a0c4-4598-81c7-b94e9e4f2c19,d9b56916-9779-4060-b6b2-7fe0d1453a33,2,Potentially Available,0,Does Not Provide This Service,0,Does Not Provide This Service,2026-04-11 03:32:52.869862
313e51c4-aec1-4e79-a57d-215e75b4375e,d9c9f40c-d720-499c-866c-aa560fcbedc1,2,Potentially Available,0,Does Not Provide This Service,0,Does Not Provide This Service,2026-04-11 03:32:52.869862
74bbad3b-fa0a-4200-84c1-2fefc3085689,d9e154c5-c24b-4a2a-a494-136a0aa5b24c,2,Potentially Available,0,Does Not Provide This Service,0,Does Not Provide This Service,2026-04-11 03:32:52.869862
b91ab86a-d9e8-4d37-90e0-0603629e965d,d9e28187-b725-436a-8c4e-cc6a3ae54d32,2,Potentially Available,0,Does Not Provide This Service,0,Does Not Provide This Service,2026-04-11 03:32:52.869862
a6e36250-e501-4dd2-ae2d-ef38f047dca2,d9f4c9aa-a2da-4e2b-a491-eee068324daf,2,Potentially Available,0,Does Not Provide This Service,0,Does Not Provide This Service,2026-04-11 03:32:52.869862
6f302e7d-6bca-48ac-9a68-be088dd09c3d,da0582c1-3a14-4813-b78d-28de9b8d6b6b,0,Does Not Provide This Service,0,Does Not Provide This Service,1,Likely Available,2026-04-11 03:32:52.869862
f54975bd-841b-4295-98e1-d176ddc537be,da2c0e31-4e7d-4747-88ee-c577680b78d1,2,Potentially Available,0,Does Not Provide This Service,0,Does Not Provide This Service,2026-04-11 03:32:52.869862
0373d504-ef5b-4ed7-ab40-5dbe1292c33c,da3cf6f6-bbeb-4f3e-b0e0-1ef349130829,2,Potentially Available,0,Does Not Provide This Service,0,Does Not Provide This Service,2026-04-11 03:32:52.869862
dc81ff50-dd3c-4dd6-b7d1-fd81bdc38c6b,da3f1b55-ef4a-4742-9b9e-21cafc055802,2,Potentially Available,0,Does Not Provide This Service,0,Does Not Provide This Service,2026-04-11 03:32:52.869862
eb48401d-331d-425f-8816-558539be1d62,da651bd9-ef31-43cd-a14f-4d2837b5e5bc,2,Potentially Available,0,Does Not Provide This Service,0,Does Not Provide This Service,2026-04-11 03:32:52.869862
8ad54f8b-8ffa-4fe6-a640-81a2c85a8bea,da7ec909-78f6-45ad-a8f3-e3184a1adf73,2,Potentially Available,0,Does Not Provide This Service,0,Does Not Provide This Service,2026-04-11 03:32:52.869862
eb0368f3-3966-4222-8593-522c32b39a87,da7efaa8-5895-4ae2-ac78-d63187452658,2,Potentially Available,0,Does Not Provide This Service,0,Does Not Provide This Service,2026-04-11 03:32:52.869862
393a65e2-0f0b-4006-916d-cd4de7d0b84f,da8af9e3-494f-4e40-9f5b-8bca5c535d84,2,Potentially Available,0,Does Not Provide This Service,0,Does Not Provide This Service,2026-04-11 03:32:52.869862
f9bab9dd-e7be-43eb-9095-d4f835382419,da8b4471-8ae3-4e72-a35a-042ce8933fd3,2,Potentially Available,0,Does Not Provide This Service,0,Does Not Provide This Service,2026-04-11 03:32:52.869862
d6d385d1-90a8-4864-abb6-3a3ef3336ef1,da8ca0da-b8ba-4de3-8207-3f60be0baffb,2,Potentially Available,0,Does Not Provide This Service,0,Does Not Provide This Service,2026-04-11 03:32:52.869862
35beea3e-63b1-4694-96a7-23891e154b3a,da941f2a-50a6-4f17-b306-a886ceb1cce4,2,Potentially Available,0,Does Not Provide This Service,0,Does Not Provide This Service,2026-04-11 03:32:52.869862
d78827db-7a6e-41e3-a978-d6ec0f7ed6f3,dab7ade7-a637-4827-bac6-23263aec2758,2,Potentially Available,0,Does Not Provide This Service,0,Does Not Provide This Service,2026-04-11 03:32:52.869862
3a3952ed-5ade-4494-b9fb-37356c152d8c,dac7a5ac-88ec-419f-865c-195d644ce2a5,2,Potentially Available,0,Does Not Provide This Service,0,Does Not Provide This Service,2026-04-11 03:32:52.869862
76d6f30c-f69e-436b-93c4-f5824ced3491,dacba4d0-a4eb-4cad-b835-3ec0fba648c6,2,Potentially Available,0,Does Not Provide This Service,0,Does Not Provide This Service,2026-04-11 03:32:52.869862
aa347706-24f0-42ca-a14e-2ce44f05fcd5,dacce77b-7d57-4a9b-ad88-9a6fa654e94f,2,Potentially Available,0,Does Not Provide This Service,0,Does Not Provide This Service,2026-04-11 03:32:52.869862
24577d3b-0f12-454b-a8f1-31576e3bb8fb,dad6399c-a86f-409b-bef8-bee86bb4e9ff,2,Potentially Available,0,Does Not Provide This Service,0,Does Not Provide This Service,2026-04-11 03:32:52.869862
63e25655-1479-452a-b728-0b6e825c672c,dade9d7d-b312-481c-82c9-340ac826047d,2,Potentially Available,0,Does Not Provide This Service,0,Does Not Provide This Service,2026-04-11 03:32:52.869862
9febc404-c9f8-4418-98fc-08966a5dc850,dae0a688-8268-40dd-a611-702b6aeaf150,2,Potentially Available,0,Does Not Provide This Service,0,Does Not Provide This Service,2026-04-11 03:32:52.869862
594178ec-2e8a-4ae4-9037-39d23a4085e3,dae563b6-3a51-4ca1-9e60-75255fcb878d,2,Potentially Available,0,Does Not Provide This Service,0,Does Not Provide This Service,2026-04-11 03:32:52.869862
4cca30fa-316a-485e-b582-6dd03c8ed546,daf7b2a6-83e4-460d-b09a-b2f0dc448652,2,Potentially Available,1,Likely Available,0,Does Not Provide This Service,2026-04-11 03:32:52.869862
aa058d24-c96d-4d0b-8464-74fc336cda8a,db000ed0-d1a1-4d0b-9e3d-9b288ce2cc4e,2,Potentially Available,0,Does Not Provide This Service,0,Does Not Provide This Service,2026-04-11 03:32:52.869862
5a340236-64d4-4c7f-a2de-63f2d901fcce,db044bd9-5338-4757-9f0e-2b12d95abf6a,2,Potentially Available,0,Does Not Provide This Service,0,Does Not Provide This Service,2026-04-11 03:32:52.869862
fd1a013e-2145-4095-97f1-1c73cbeb8370,db45d02e-0e32-4a24-b88a-dd00bd0d0d30,2,Potentially Available,0,Does Not Provide This Service,0,Does Not Provide This Service,2026-04-11 03:32:52.869862
431d5aae-ba7d-4940-861d-2b00d32b85c6,db71b73a-87b4-410f-8537-742ad014435c,2,Potentially Available,0,Does Not Provide This Service,0,Does Not Provide This Service,2026-04-11 03:32:52.869862
b36ffcf4-566f-4862-9e10-121e6d4af523,db9b4945-384f-409f-acf8-ad08ac5e4b84,2,Potentially Available,0,Does Not Provide This Service,0,Does Not Provide This Service,2026-04-11 03:32:52.869862
271d1c87-45e9-4271-b78e-ec876b4464a1,dbd84d4d-21c7-4beb-8747-6477a2dfbe41,2,Potentially Available,0,Does Not Provide This Service,0,Does Not Provide This Service,2026-04-11 03:32:52.869862
e4daab43-c6b3-4802-9fe5-2ed7d1687e88,dbdadd28-c06b-41ec-af7e-e5ebaa668bde,2,Potentially Available,0,Does Not Provide This Service,0,Does Not Provide This Service,2026-04-11 03:32:52.869862
44e44186-7a04-47b2-bcc0-ff72993688f8,dbfd5535-a470-4184-986f-4219e8f9054d,2,Potentially Available,0,Does Not Provide This Service,0,Does Not Provide This Service,2026-04-11 03:32:52.869862
e8eb257c-daee-449a-a5f8-f3c25c8dab2c,dc69a7a7-f5da-4311-90cf-65a663afcf10,0,Does Not Provide This Service,1,Likely Available,0,Does Not Provide This Service,2026-04-11 03:32:52.869862
72dcaebc-556c-4fdc-bbb1-332324cc1f35,dca9bc57-660a-4819-8b48-404828f960a6,2,Potentially Available,0,Does Not Provide This Service,0,Does Not Provide This Service,2026-04-11 03:32:52.869862
66d34882-6b9a-4024-955c-11fc8eac6197,dcc773a2-8662-49d5-a59b-ca1280df5c6b,2,Potentially Available,0,Does Not Provide This Service,0,Does Not Provide This Service,2026-04-11 03:32:52.869862
e89d0345-f702-45dd-8ad3-bb3177e8af01,dcce1b71-18c7-478d-91a0-1c2ce0141021,2,Potentially Available,0,Does Not Provide This Service,0,Does Not Provide This Service,2026-04-11 03:32:52.869862
641e581c-0969-4ceb-9fc4-59dfbdbd66a4,dcd762fa-d76e-4046-a823-e1f1dae379f4,2,Potentially Available,0,Does Not Provide This Service,0,Does Not Provide This Service,2026-04-11 03:32:52.869862
72a9aa80-cf59-4115-86c3-137c1ba75dbc,dcddb844-886d-4278-a8da-7bcf21c0f09a,0,Does Not Provide This Service,0,Does Not Provide This Service,2,Potentially Available,2026-04-11 03:32:52.869862
343468d2-ac32-4cd0-a446-6e9f2f3e6519,dcf94532-b904-4589-b543-98741d464897,2,Potentially Available,0,Does Not Provide This Service,0,Does Not Provide This Service,2026-04-11 03:32:52.869862
ddc15eae-e73a-4471-8cd8-934d21c5a907,dd133ab8-ff29-477f-90a4-9861776f80f4,2,Potentially Available,0,Does Not Provide This Service,0,Does Not Provide This Service,2026-04-11 03:32:52.869862
cc19d1bd-63c3-42c5-9470-1ce3d60b765f,dd192c8c-283c-4b96-89de-589e0f41a033,0,Does Not Provide This Service,0,Does Not Provide This Service,1,Likely Available,2026-04-11 03:32:52.869862
5a49b987-8d3b-4a68-b9d1-081ed97a5485,dd40c94a-e1b4-40be-96b9-96827a7ee327,2,Potentially Available,0,Does Not Provide This Service,0,Does Not Provide This Service,2026-04-11 03:32:52.869862
bfbf097c-afab-41f7-ab60-4b044b3679d7,dd9acaa8-beb4-4577-a947-d020e4411d79,2,Potentially Available,0,Does Not Provide This Service,0,Does Not Provide This Service,2026-04-11 03:32:52.869862
276d6e43-0b16-4b2f-9732-af97f7e04b7d,dda5aa8b-1bc8-4b12-badd-9b4d8ebf3bdd,2,Potentially Available,0,Does Not Provide This Service,0,Does Not Provide This Service,2026-04-11 03:32:52.869862
ce96f64a-8fc0-4b5b-9bd7-f93a4da81bad,ddcc5070-b271-4e71-855b-4f3e404f3761,2,Potentially Available,0,Does Not Provide This Service,0,Does Not Provide This Service,2026-04-11 03:32:52.869862
d47a22b7-2d90-4223-8da5-7c8004b69199,ddf25c1e-22d9-4c63-9361-f14ea3270718,2,Potentially Available,0,Does Not Provide This Service,0,Does Not Provide This Service,2026-04-11 03:32:52.869862
17e68533-bc58-4d26-b9b2-a7969d751902,de0bfc33-4db9-486c-950f-a4ad4d85ec58,0,Does Not Provide This Service,0,Does Not Provide This Service,3,Constrained by Size,2026-04-11 03:32:52.869862
d8b10bae-0892-4c53-8e80-399fe4ddde72,de2fd565-654b-4582-8a93-bb2b41d43318,2,Potentially Available,0,Does Not Provide This Service,0,Does Not Provide This Service,2026-04-11 03:32:52.869862
eac9b428-1d9c-4772-9f3f-b2938f93ca40,de8db064-50c4-4e26-9446-51f317cce504,2,Potentially Available,0,Does Not Provide This Service,0,Does Not Provide This Service,2026-04-11 03:32:52.869862
590fb10d-15ea-4512-9e69-15f33d69cfb7,de9d99d7-0d2e-4c97-afff-cb08a6895a08,2,Potentially Available,0,Does Not Provide This Service,0,Does Not Provide This Service,2026-04-11 03:32:52.869862
b6a5eb24-0ae1-4120-bae9-42ad09d56397,deacbecd-4fc2-40cb-b082-2f912e8b81f6,2,Potentially Available,0,Does Not Provide This Service,0,Does Not Provide This Service,2026-04-11 03:32:52.869862
473689f9-40b5-4b3e-a525-f7ef917c50ea,deafc98e-907c-4db1-aeb3-eac9ea49142a,2,Potentially Available,0,Does Not Provide This Service,0,Does Not Provide This Service,2026-04-11 03:32:52.869862
b87207e4-53de-45de-9764-056d53b47323,decb3a4c-99ac-40ef-b4fa-482fcbc18ad2,2,Potentially Available,0,Does Not Provide This Service,0,Does Not Provide This Service,2026-04-11 03:32:52.869862
bd9120fe-5c75-441a-8495-8dce492ec0e6,ded51fa4-789e-4426-aa5a-38d98e64362e,2,Potentially Available,0,Does Not Provide This Service,0,Does Not Provide This Service,2026-04-11 03:32:52.869862
90de4b2f-a1f5-49a0-a859-6a6a28355c07,ded599d5-556a-4c24-9739-b7d3bed66f07,2,Potentially Available,0,Does Not Provide This Service,0,Does Not Provide This Service,2026-04-11 03:32:52.869862
cfc62ab2-f878-4958-aa2d-29dfcf50e80b,deddb90d-ccef-49c0-8d7f-569a672066ad,1,Likely Available,0,Does Not Provide This Service,0,Does Not Provide This Service,2026-04-11 03:32:52.869862
310ead30-faf1-4d6d-aa3c-3fbf96bb22e6,deec1da9-1f51-4ad7-93e4-1ae65a8778ea,2,Potentially Available,0,Does Not Provide This Service,0,Does Not Provide This Service,2026-04-11 03:32:52.869862
917ff57c-1e93-469e-a78a-df9f5bb81fd3,def710c0-5e96-49c3-9116-1cea71fbfa2a,2,Potentially Available,0,Does Not Provide This Service,0,Does Not Provide This Service,2026-04-11 03:32:52.869862
a6b0ff26-03bf-4ee1-838b-3d989f16a72f,df2c52aa-f9cf-44a2-9676-29766a1617d4,2,Potentially Available,0,Does Not Provide This Service,0,Does Not Provide This Service,2026-04-11 03:32:52.869862
04045420-6171-480e-aead-ee169fc28b0f,df39a633-9e6f-4417-9e6d-8e67c2b9fb7f,2,Potentially Available,0,Does Not Provide This Service,0,Does Not Provide This Service,2026-04-11 03:32:52.869862
08a597df-ac9d-4294-82df-122ed4044d90,df4708c4-9a25-48e0-9156-b67c5f67a0fe,0,Does Not Provide This Service,0,Does Not Provide This Service,5,Highly Constrained,2026-04-11 03:32:52.869862
0db779a3-6686-4dab-8f1d-c553276665b2,df4b10b9-f1a0-4cd0-99c5-b335bb391219,2,Potentially Available,0,Does Not Provide This Service,0,Does Not Provide This Service,2026-04-11 03:32:52.869862
79f96328-1cc9-43c8-a459-b44b5ec5da51,df8e719b-6ecd-4a8e-a996-315b3eded17f,2,Potentially Available,0,Does Not Provide This Service,0,Does Not Provide This Service,2026-04-11 03:32:52.869862
a8ac8d02-2c59-4c95-8548-70f6cd1d50fe,dfd83b18-b4b5-4fcb-a8a8-eb5d18b9698f,2,Potentially Available,0,Does Not Provide This Service,0,Does Not Provide This Service,2026-04-11 03:32:52.869862
02aaf5ce-eadb-48a4-8f35-bd0964535f70,dfe20e33-a8ab-4e3c-991b-781d792c6aea,2,Potentially Available,0,Does Not Provide This Service,0,Does Not Provide This Service,2026-04-11 03:32:52.869862
67086128-cab1-487d-bed1-353f326e10ad,dfebcd55-c704-4eff-be0f-db67f07ffa89,2,Potentially Available,0,Does Not Provide This Service,0,Does Not Provide This Service,2026-04-11 03:32:52.869862
adc2200c-9b6c-4fcd-ad71-1c7c2e361c4d,dfebff73-acbe-402a-85d6-b066e79e84fe,2,Potentially Available,0,Does Not Provide This Service,0,Does Not Provide This Service,2026-04-11 03:32:52.869862
e9f8b7a3-2de0-4b26-9155-2885a59ef06a,e00baf41-b1b1-4643-bf5f-ecb61bb307f5,2,Potentially Available,0,Does Not Provide This Service,0,Does Not Provide This Service,2026-04-11 03:32:52.869862
f35604f0-5d08-4a7f-80f1-3ad629c2d247,e0170c77-7a32-42d5-ad6f-7e32744510b0,1,Likely Available,1,Likely Available,0,Does Not Provide This Service,2026-04-11 03:32:52.869862
c8214acc-5f4b-4b04-a8fb-12397546f56a,e04804f4-017c-46c1-b142-73b49b761f52,0,Does Not Provide This Service,0,Does Not Provide This Service,5,Highly Constrained,2026-04-11 03:32:52.869862
f8d833c6-1832-4f11-a989-a852941e31e6,e07ae897-2856-43b0-a420-b09fe0a836f5,2,Potentially Available,0,Does Not Provide This Service,0,Does Not Provide This Service,2026-04-11 03:32:52.869862
f63c2c0d-296c-4cdb-be68-0cfa13dc1afa,e088b03c-cfb7-4988-9351-08b375b734c5,2,Potentially Available,0,Does Not Provide This Service,0,Does Not Provide This Service,2026-04-11 03:32:52.869862
17fc8f95-e8eb-426a-8fcb-c6bde073704f,e0b8370d-9be9-4192-9009-64b76c55d1a1,2,Potentially Available,0,Does Not Provide This Service,0,Does Not Provide This Service,2026-04-11 03:32:52.869862
c55c6072-fe57-4fce-b9aa-c8be0b3a8b6b,e0c5cd23-9fc4-4551-8d9c-d475c553336b,2,Potentially Available,0,Does Not Provide This Service,0,Does Not Provide This Service,2026-04-11 03:32:52.869862
5bf52505-45c3-4e5a-8b82-f1f1a7752369,e0c88b8f-ae6b-487b-8900-6cbb1f167d86,2,Potentially Available,0,Does Not Provide This Service,0,Does Not Provide This Service,2026-04-11 03:32:52.869862
2f3b23ee-bb3c-471b-a949-ee68baad09e9,e0f4c48e-b43c-42ee-b2da-7f4ee76f7af4,2,Potentially Available,0,Does Not Provide This Service,0,Does Not Provide This Service,2026-04-11 03:32:52.869862
977bd00e-7b1f-49dd-89d4-0ffcbfa0c0aa,e0fd6441-b7f5-48bb-84ba-98910834db61,2,Potentially Available,0,Does Not Provide This Service,0,Does Not Provide This Service,2026-04-11 03:32:52.869862
e4dbdd77-b239-40a8-bcdc-2330d90b8d39,e1056ae1-1f95-466a-95d1-8e70630f43aa,2,Potentially Available,0,Does Not Provide This Service,0,Does Not Provide This Service,2026-04-11 03:32:52.869862
33fd3d41-3d70-4a24-8a9c-5822720de3e4,e108dad1-2c50-4ee5-ad90-5164d8adcf01,2,Potentially Available,0,Does Not Provide This Service,0,Does Not Provide This Service,2026-04-11 03:32:52.869862
668b6af2-37b8-44cd-8a80-1e9984846bd0,e136c0e4-f344-4174-9697-06486bdb79b4,2,Potentially Available,0,Does Not Provide This Service,0,Does Not Provide This Service,2026-04-11 03:32:52.869862
86d2c4bb-1a39-4914-8642-59164fa76d48,e1386271-0f78-4f06-808c-11e35fd7d469,2,Potentially Available,0,Does Not Provide This Service,0,Does Not Provide This Service,2026-04-11 03:32:52.869862
f2fff6a9-ea10-47d3-80a3-342d1ca3ef5d,e14f4eb8-537d-403b-aa38-90449b6554c3,2,Potentially Available,0,Does Not Provide This Service,0,Does Not Provide This Service,2026-04-11 03:32:52.869862
af7a7a23-f027-4e3e-81d5-3e8d79c33e1b,e159d745-42c7-4f56-9b56-3cf598423492,2,Potentially Available,0,Does Not Provide This Service,0,Does Not Provide This Service,2026-04-11 03:32:52.869862
424a6233-8aab-4e13-8703-8671ff0f08c6,e16fdad4-feb1-4719-82ba-f678fecca74a,2,Potentially Available,0,Does Not Provide This Service,0,Does Not Provide This Service,2026-04-11 03:32:52.869862
8c37a785-b543-4ef7-bf38-a35707c7b6d5,e1704895-d8a2-4adb-a783-aa80541ab1d5,2,Potentially Available,0,Does Not Provide This Service,0,Does Not Provide This Service,2026-04-11 03:32:52.869862
3ebe3f8f-2714-4389-b18a-f8e346520abc,e17c90b6-981e-40b7-b3d6-527e3bbe6b71,2,Potentially Available,0,Does Not Provide This Service,0,Does Not Provide This Service,2026-04-11 03:32:52.869862
78f0773a-aeee-47bc-b920-71fc6b9f2fcb,e188b63b-f22a-4943-81fd-99e21e1277cd,2,Potentially Available,0,Does Not Provide This Service,0,Does Not Provide This Service,2026-04-11 03:32:52.869862
032ceccd-b6e1-4d9e-8d47-9d392d80fff6,e1941a31-55b1-4b5d-957a-4cadd676c731,2,Potentially Available,0,Does Not Provide This Service,0,Does Not Provide This Service,2026-04-11 03:32:52.869862
e7969614-3a41-47ac-9f58-2f59e3159905,e1a096ef-568f-4e70-943f-aa3019a10335,1,Likely Available,1,Likely Available,0,Does Not Provide This Service,2026-04-11 03:32:52.869862
a6f74513-0332-4a42-a9bb-889bc003585b,e1cea289-c8ff-46e9-9e3d-e45ffa7d2586,2,Potentially Available,0,Does Not Provide This Service,0,Does Not Provide This Service,2026-04-11 03:32:52.869862
dbd29fe2-e8ea-4d66-9bbc-a5e9a3863924,e1fe3f74-c6b8-4566-829d-8ef4fec6b410,2,Potentially Available,0,Does Not Provide This Service,0,Does Not Provide This Service,2026-04-11 03:32:52.869862
ef88cf9a-359b-4d0c-b0e9-faf637c00809,e221ec5a-5838-420e-ba55-ae3433137105,2,Potentially Available,0,Does Not Provide This Service,0,Does Not Provide This Service,2026-04-11 03:32:52.869862
2c3ca544-6157-4007-8ae8-f1db471628ba,e235aa45-5f04-4dba-ae6d-7249c88cf0fd,2,Potentially Available,0,Does Not Provide This Service,0,Does Not Provide This Service,2026-04-11 03:32:52.869862
bd49d7d2-778e-4c18-b7be-593162f02986,e2416ce5-488d-408b-b441-7c337eddc23a,2,Potentially Available,0,Does Not Provide This Service,0,Does Not Provide This Service,2026-04-11 03:32:52.869862
c8e91e95-6b8f-4610-a92b-8982bb59290a,e25515ab-f32f-493d-9bec-c4f36bb0cf8d,2,Potentially Available,0,Does Not Provide This Service,0,Does Not Provide This Service,2026-04-11 03:32:52.869862
4daa7e21-3fd0-4506-a208-3c7f411c7a0c,e25677bb-3575-46ed-8631-d040e774bd35,2,Potentially Available,0,Does Not Provide This Service,0,Does Not Provide This Service,2026-04-11 03:32:52.869862
5fa4d1e5-7062-4055-83d5-f4d804ce196a,e27e01ea-a847-45d4-8132-6d2cbbcefbe1,1,Likely Available,4,Constrained by Market,0,Does Not Provide This Service,2026-04-11 03:32:52.869862
4599e29e-afd9-46c6-810e-9eb49da707f2,e29b3893-e42c-4154-a4ef-6f786da523f2,2,Potentially Available,0,Does Not Provide This Service,0,Does Not Provide This Service,2026-04-11 03:32:52.869862
fd4517f4-2b2d-4e34-abd5-c3b3fba13bc2,e2bf9c6b-5744-4624-bc36-f8d246b2afff,2,Potentially Available,0,Does Not Provide This Service,0,Does Not Provide This Service,2026-04-11 03:32:52.869862
1258e34c-ffc9-428f-8b93-d3def0113fbf,e2d3fda2-2281-46d1-8deb-392f180795f6,2,Potentially Available,0,Does Not Provide This Service,0,Does Not Provide This Service,2026-04-11 03:32:52.869862
d8296df6-23bb-46ab-9e9c-5d681f48bced,e2e890e4-4f92-47b7-bfbf-d7d08727845e,2,Potentially Available,0,Does Not Provide This Service,0,Does Not Provide This Service,2026-04-11 03:32:52.869862
476e64be-b32f-4eef-b9a1-91cf903c3399,e304e429-ab88-4c7e-aa15-8c12988f6279,2,Potentially Available,0,Does Not Provide This Service,0,Does Not Provide This Service,2026-04-11 03:32:52.869862
61dc754d-3afb-4e58-b12e-a35772d35b2c,e31ea57b-e979-4bab-aea3-802b2692ba49,2,Potentially Available,0,Does Not Provide This Service,0,Does Not Provide This Service,2026-04-11 03:32:52.869862
9efaf564-1712-400a-ad58-857b556f14f6,e31ff4ed-f71f-4394-9204-db74ea037380,2,Potentially Available,0,Does Not Provide This Service,0,Does Not Provide This Service,2026-04-11 03:32:52.869862
8409af6c-c963-46f4-893f-a92f36b15f7f,e33049a8-3577-4f80-87aa-c89ab56b718d,2,Potentially Available,0,Does Not Provide This Service,0,Does Not Provide This Service,2026-04-11 03:32:52.869862
0ec5d45b-8054-4ad3-9e4c-5385a3fd8def,e34ad5a5-b4dd-4c28-a1cc-32a1fcd73369,0,Does Not Provide This Service,0,Does Not Provide This Service,3,Constrained by Size,2026-04-11 03:32:52.869862
16f12d68-fb44-4d8d-a382-616dd5312a7f,e35a09b7-1376-42d8-aaa5-c777c6e08027,2,Potentially Available,0,Does Not Provide This Service,0,Does Not Provide This Service,2026-04-11 03:32:52.869862
ee2ffccc-1214-4274-8d75-bc2951ab8c76,e3657b93-1575-4786-8b40-4ed587d1b1e0,0,Does Not Provide This Service,0,Does Not Provide This Service,2,Potentially Available,2026-04-11 03:32:52.869862
dfd250ff-7191-4faf-a133-e333036c8214,e382720b-c7b5-48f4-a9d0-e32a35eca4b6,2,Potentially Available,0,Does Not Provide This Service,0,Does Not Provide This Service,2026-04-11 03:32:52.869862
154498ad-2e77-4ed0-9a58-f48ce2f5d005,e383b818-af81-472c-b8d3-a7e817c624e8,2,Potentially Available,0,Does Not Provide This Service,0,Does Not Provide This Service,2026-04-11 03:32:52.869862
2035757f-9a33-404d-84c0-fd57eb16a6e2,e3a48cd3-81e2-4145-a22b-8c72b52b9f13,2,Potentially Available,0,Does Not Provide This Service,0,Does Not Provide This Service,2026-04-11 03:32:52.869862
594bdd18-165c-4f54-b505-35a972bf66c7,e3c0215c-e1b5-420a-8eae-2ee0aaaf31c3,2,Potentially Available,0,Does Not Provide This Service,0,Does Not Provide This Service,2026-04-11 03:32:52.869862
0543188c-e958-4804-8344-143a3300a81d,e400857a-0375-4d01-a142-1a5e75c60865,2,Potentially Available,0,Does Not Provide This Service,0,Does Not Provide This Service,2026-04-11 03:32:52.869862
c0fc9819-3c39-4718-9901-f70d2bd12e7b,e4147e1e-7172-4b22-a552-7b20cd115dcb,2,Potentially Available,0,Does Not Provide This Service,0,Does Not Provide This Service,2026-04-11 03:32:52.869862
9d060e0f-0364-4109-944f-537d39abaf67,e4621280-30d9-4699-b685-afdbddd3f5ad,2,Potentially Available,0,Does Not Provide This Service,0,Does Not Provide This Service,2026-04-11 03:32:52.869862
ca5f14d3-fd48-49d0-a299-ef5eaf4d64b1,e472d16c-06ca-4c1f-a43b-3b40bf80dd18,1,Likely Available,1,Likely Available,0,Does Not Provide This Service,2026-04-11 03:32:52.869862
a54fd635-54f6-44eb-9d23-8e1a838276f0,e486051f-fc7c-43b9-8de7-8e1638a462a8,2,Potentially Available,0,Does Not Provide This Service,0,Does Not Provide This Service,2026-04-11 03:32:52.869862
9b95d103-7d68-4976-b0aa-6172a645befa,e4925ca7-889d-412b-8280-65441a8319af,2,Potentially Available,0,Does Not Provide This Service,0,Does Not Provide This Service,2026-04-11 03:32:52.869862
a1053a97-a5b2-4ec7-bbbe-5593f7ba308a,e4abfec7-b384-46eb-aff0-cc11b2183126,2,Potentially Available,0,Does Not Provide This Service,0,Does Not Provide This Service,2026-04-11 03:32:52.869862
45731674-934d-41a6-9a00-5fb524bc2609,e4ba7567-5a2c-40c6-91f6-511185b435c6,2,Potentially Available,0,Does Not Provide This Service,0,Does Not Provide This Service,2026-04-11 03:32:52.869862
edccbbaf-35db-41ee-b0e3-07c01b2610a0,e4cc2532-cbf2-4783-a6bb-39d8b9990aad,2,Potentially Available,0,Does Not Provide This Service,0,Does Not Provide This Service,2026-04-11 03:32:52.869862
719118b6-bdb8-447d-a79b-bb251a18e16f,e4ddcfaa-dbd1-41f8-b707-88128de0b7c9,2,Potentially Available,0,Does Not Provide This Service,0,Does Not Provide This Service,2026-04-11 03:32:52.869862
a343bbfa-86ae-43bc-a49e-1fe68d7a7df4,e4ef164e-ab5f-41b1-8624-c3b11a22ca3f,2,Potentially Available,0,Does Not Provide This Service,0,Does Not Provide This Service,2026-04-11 03:32:52.869862
879cfc22-4529-4f3a-8e3d-429bb103f6ef,e4f9400a-d854-411e-b60e-ea5b334a2836,0,Does Not Provide This Service,0,Does Not Provide This Service,3,Constrained by Size,2026-04-11 03:32:52.869862
200e2a2a-5589-4025-9b3e-e677bb64a511,e51071dc-a2fc-48d3-ac1c-61f110405b5f,2,Potentially Available,0,Does Not Provide This Service,0,Does Not Provide This Service,2026-04-11 03:32:52.869862
e46a84c0-d7f3-4ef6-a35b-d3c4c7d5581a,e541e487-4769-47b5-ae3e-84d79aebb058,2,Potentially Available,0,Does Not Provide This Service,0,Does Not Provide This Service,2026-04-11 03:32:52.869862
b17b6481-ffc3-4084-a0b1-74e81ba6eeb0,e55f0805-f91e-43fe-a6ee-12d09775850c,2,Potentially Available,0,Does Not Provide This Service,0,Does Not Provide This Service,2026-04-11 03:32:52.869862
3a1c3f71-dd14-477d-8b83-225a9de1c5fa,e56ce232-bce3-45eb-b1e4-8857e5705448,2,Potentially Available,0,Does Not Provide This Service,0,Does Not Provide This Service,2026-04-11 03:32:52.869862
ecf7501a-5cb3-4cfe-90ad-88a544bbc793,e589bc14-0a1e-4b69-86a5-16c9b120134d,2,Potentially Available,0,Does Not Provide This Service,0,Does Not Provide This Service,2026-04-11 03:32:52.869862
7ab9abe0-e451-4371-bfcc-941cf87ca4ef,e595e63a-203f-4970-8eba-bf861e8d1437,0,Does Not Provide This Service,0,Does Not Provide This Service,1,Likely Available,2026-04-11 03:32:52.869862
f4ab9ec6-1029-48b8-af7d-1383f952174e,e59c7a1f-f4cf-4940-bbdd-2b2d00d84931,2,Potentially Available,0,Does Not Provide This Service,0,Does Not Provide This Service,2026-04-11 03:32:52.869862
b7c8a4dc-cde5-4909-8785-a3762fb0d5b9,e5a791e5-5d42-4619-8bae-6c088507b4dd,0,Does Not Provide This Service,0,Does Not Provide This Service,1,Likely Available,2026-04-11 03:32:52.869862
def3d767-2d1e-4b18-b039-31a2272c213d,e5b08f7b-902b-4013-8ff0-53e9686ffc0d,2,Potentially Available,0,Does Not Provide This Service,0,Does Not Provide This Service,2026-04-11 03:32:52.869862
d0694cec-6717-418a-8999-4a1146fa9002,e5d09885-d25d-477e-9677-52db876df6ab,2,Potentially Available,0,Does Not Provide This Service,0,Does Not Provide This Service,2026-04-11 03:32:52.869862
49646244-5df2-4b73-ba82-5a3ce916d322,e5e3ee8b-5248-48f2-b009-3ed3ed791790,2,Potentially Available,0,Does Not Provide This Service,0,Does Not Provide This Service,2026-04-11 03:32:52.869862
dbab6693-409d-4d39-a604-1540ad327e96,e6030acf-17e1-4a4a-a122-f37d1b5e2da4,2,Potentially Available,0,Does Not Provide This Service,0,Does Not Provide This Service,2026-04-11 03:32:52.869862
322a4011-9d2e-4862-bd4c-7b79deedd921,e62eecbd-8a1b-4833-906c-a2c51503075b,2,Potentially Available,0,Does Not Provide This Service,0,Does Not Provide This Service,2026-04-11 03:32:52.869862
e3e0eb22-1068-4b9a-83fa-e49166b4d672,e63c9723-7361-46fc-8358-663b3d1d6c24,2,Potentially Available,0,Does Not Provide This Service,0,Does Not Provide This Service,2026-04-11 03:32:52.869862
84b7941c-2268-41ab-948f-ebdac3bb764a,e65eed4e-a221-4232-9607-982ce4973590,2,Potentially Available,0,Does Not Provide This Service,0,Does Not Provide This Service,2026-04-11 03:32:52.869862
cb365b2b-dd4d-43b2-a5f3-8d07d88ca8fa,e676557e-7ba4-449c-81c8-78c57a81683d,2,Potentially Available,0,Does Not Provide This Service,0,Does Not Provide This Service,2026-04-11 03:32:52.869862
6f86dbc5-0a55-42fc-ba40-9231899bf267,e6831d2e-9b85-4507-86ff-d5156e315417,2,Potentially Available,0,Does Not Provide This Service,0,Does Not Provide This Service,2026-04-11 03:32:52.869862
0e6462b5-c387-4cfa-a1ec-73024ee506bd,e695a4e8-e57c-49b7-803c-3d22df67f47a,2,Potentially Available,0,Does Not Provide This Service,0,Does Not Provide This Service,2026-04-11 03:32:52.869862
812f7e26-23a7-47c2-8d7c-a68614af6fd1,e698589e-10ff-447a-b155-b83c4bef64b3,2,Potentially Available,0,Does Not Provide This Service,0,Does Not Provide This Service,2026-04-11 03:32:52.869862
63c243ca-e105-47d8-ba2e-f0b0bfdad0fb,e6adbea6-3c75-41ba-a366-f3d0150b9ad6,2,Potentially Available,0,Does Not Provide This Service,0,Does Not Provide This Service,2026-04-11 03:32:52.869862
ab444906-e360-44b3-9aaf-5f548336a463,e6f3b882-6331-4645-b6c7-dad45cdb1a5f,2,Potentially Available,0,Does Not Provide This Service,0,Does Not Provide This Service,2026-04-11 03:32:52.869862
eb12d338-26e6-43f3-a124-966fe56a7284,e6fcb14a-21bc-4749-9960-a7259a89e1b4,2,Potentially Available,0,Does Not Provide This Service,0,Does Not Provide This Service,2026-04-11 03:32:52.869862
3a3b2a0d-dc44-462f-bb40-20de524a49e8,e704571b-a19d-4879-92a3-1b48fc6e19f3,2,Potentially Available,0,Does Not Provide This Service,0,Does Not Provide This Service,2026-04-11 03:32:52.869862
43108cea-66dd-4a7d-853f-1fbf31afc359,e7138d61-56b0-4588-aaa6-ccc51bde369a,2,Potentially Available,0,Does Not Provide This Service,0,Does Not Provide This Service,2026-04-11 03:32:52.869862
d116d040-b7be-4e93-b609-cf8df6c3d418,e7213005-e581-4d5b-8dfd-e646f5dad7db,2,Potentially Available,0,Does Not Provide This Service,0,Does Not Provide This Service,2026-04-11 03:32:52.869862
78d656cd-a5b3-4d28-825f-9ff67b2e47c3,e72f8258-f51f-45f6-997d-0977355426d8,2,Potentially Available,0,Does Not Provide This Service,0,Does Not Provide This Service,2026-04-11 03:32:52.869862
64cd62f2-d073-4339-a8ee-916b5f2aa72f,e730ba89-293b-4d5d-9a6a-4e9fd367ab81,2,Potentially Available,0,Does Not Provide This Service,0,Does Not Provide This Service,2026-04-11 03:32:52.869862
30813962-d207-4d55-a296-71d245534fbd,e75a0dc7-ecc9-4399-98eb-12bd729767d5,2,Potentially Available,0,Does Not Provide This Service,0,Does Not Provide This Service,2026-04-11 03:32:52.869862
5fcc4d83-62e5-4922-8a9d-eccb5a5553c7,e781c71d-92ac-42ad-9ea4-cb26429cbad1,2,Potentially Available,0,Does Not Provide This Service,0,Does Not Provide This Service,2026-04-11 03:32:52.869862
5b01ef2c-9204-422f-a471-ead3ef532874,e78cf596-4205-44ef-b5f8-999a94faa6e3,2,Potentially Available,0,Does Not Provide This Service,0,Does Not Provide This Service,2026-04-11 03:32:52.869862
6c0283ee-0bec-44ad-a39d-796154e82867,e797381f-9945-465e-9563-fed7dc87f765,2,Potentially Available,0,Does Not Provide This Service,0,Does Not Provide This Service,2026-04-11 03:32:52.869862
82c669d1-c5df-4813-adcd-def2a7d3cc11,e7a34160-8380-4386-942a-350e4a291fc6,2,Potentially Available,0,Does Not Provide This Service,0,Does Not Provide This Service,2026-04-11 03:32:52.869862
a3c20ff4-4856-4c40-ada5-471d974af6d0,e7b1ab3c-8206-4f3b-9720-8b23490eaff5,2,Potentially Available,0,Does Not Provide This Service,0,Does Not Provide This Service,2026-04-11 03:32:52.869862
93ff954e-97ce-4f10-9a11-4a44b7d85c21,e7b9c47b-2629-4370-80eb-858130d843a3,2,Potentially Available,0,Does Not Provide This Service,0,Does Not Provide This Service,2026-04-11 03:32:52.869862
3fac6d64-bdcc-419b-9c1c-ee9920d58570,e7bc2e3c-a9b5-445e-91de-28353a8d2cdd,2,Potentially Available,0,Does Not Provide This Service,0,Does Not Provide This Service,2026-04-11 03:32:52.869862
b6034859-ed32-42d8-8aae-ab296438775f,e7cb7058-16c8-4285-bef6-ec50940b2d16,2,Potentially Available,0,Does Not Provide This Service,0,Does Not Provide This Service,2026-04-11 03:32:52.869862
8db48640-5917-40eb-8c34-10177ba720f4,e7d0d3ca-4db7-43db-adef-27160c219c52,2,Potentially Available,0,Does Not Provide This Service,0,Does Not Provide This Service,2026-04-11 03:32:52.869862
846f1ba2-56cb-4410-823c-6125665a817f,e7d56cde-dae2-41da-86f8-d1f1706dbc1b,2,Potentially Available,0,Does Not Provide This Service,0,Does Not Provide This Service,2026-04-11 03:32:52.869862
c7383e68-ca29-4d02-bda1-d42c0084bd37,e8221d25-d775-4bd0-b019-156ae978b7f1,2,Potentially Available,0,Does Not Provide This Service,0,Does Not Provide This Service,2026-04-11 03:32:52.869862
ae418012-b2bf-480d-ba07-638d791b3863,e8243af6-84f3-463d-9cc6-d7b0dd15874b,2,Potentially Available,0,Does Not Provide This Service,0,Does Not Provide This Service,2026-04-11 03:32:52.869862
bfdf0ba9-b59e-44a1-bd4b-b421a065f89b,e83fd18a-7185-4d86-ab67-ad57498f738a,2,Potentially Available,0,Does Not Provide This Service,0,Does Not Provide This Service,2026-04-11 03:32:52.869862
de958b09-c5d3-4c66-9d40-2f2866bc3b32,e843d815-9537-47d0-86a6-638706c170ce,2,Potentially Available,0,Does Not Provide This Service,0,Does Not Provide This Service,2026-04-11 03:32:52.869862
68b3ddef-679c-4a64-a0cc-ad813107c30f,e8452bd6-f3ca-49ef-853b-5f6f79be3245,2,Potentially Available,0,Does Not Provide This Service,0,Does Not Provide This Service,2026-04-11 03:32:52.869862
cf9f4907-263c-4541-a99f-6499e87e467a,e854202c-feda-4342-bf3f-29f0d35f7399,2,Potentially Available,0,Does Not Provide This Service,0,Does Not Provide This Service,2026-04-11 03:32:52.869862
adbb9ab6-8fdc-4578-8972-7454a56eb6c2,e867e20f-3f27-41aa-9cfe-b262356fa593,2,Potentially Available,0,Does Not Provide This Service,0,Does Not Provide This Service,2026-04-11 03:32:52.869862
75c618fa-3bde-4aa0-98a6-0ed376d48e8b,e8793201-1abb-4ed6-b7d7-2dc85fcb7fd6,2,Potentially Available,0,Does Not Provide This Service,0,Does Not Provide This Service,2026-04-11 03:32:52.869862
968a2489-e68c-4d9f-81a2-3eba3141d42c,e8900cc0-a70a-4992-9e86-cfcd06c6e150,2,Potentially Available,0,Does Not Provide This Service,0,Does Not Provide This Service,2026-04-11 03:32:52.869862
c81f5a06-b7a6-41e1-b48d-f06675829201,e89de009-c29a-43ab-b993-f18d21a9af39,2,Potentially Available,0,Does Not Provide This Service,0,Does Not Provide This Service,2026-04-11 03:32:52.869862
51d3785c-c1e6-41d3-a6b0-7493f83b3951,e8c40647-3c23-4b02-9800-08aa93113538,2,Potentially Available,0,Does Not Provide This Service,0,Does Not Provide This Service,2026-04-11 03:32:52.869862
a9fd9f5c-6ed5-4bcb-8b68-00dd0a5f70bd,e8c5cd7b-5f7a-46fe-b81a-d93859c4866c,2,Potentially Available,0,Does Not Provide This Service,0,Does Not Provide This Service,2026-04-11 03:32:52.869862
a902901c-77f3-4e90-a22c-e716d213164c,e8d8d4e4-2932-4e5a-9f99-24cc192c91b8,2,Potentially Available,0,Does Not Provide This Service,0,Does Not Provide This Service,2026-04-11 03:32:52.869862
977827bc-283b-449c-88f7-a580a575c3c2,e8ebbd05-8345-4bde-8439-821b2225e75b,2,Potentially Available,0,Does Not Provide This Service,0,Does Not Provide This Service,2026-04-11 03:32:52.869862
51652760-1fcc-456b-8146-f36fbb6be2fe,e8edb24f-a0e4-4f49-a2eb-b6dbdd874f04,2,Potentially Available,0,Does Not Provide This Service,0,Does Not Provide This Service,2026-04-11 03:32:52.869862
809829b2-8237-4f4a-8c09-d1bf457f9c01,e90299c6-09fb-4d53-a75d-96a599e91522,2,Potentially Available,0,Does Not Provide This Service,0,Does Not Provide This Service,2026-04-11 03:32:52.869862
7e4f226e-a8f3-4b92-b4b5-7eb4775350d6,e91593cd-3996-425d-9097-1351c0649c83,2,Potentially Available,0,Does Not Provide This Service,0,Does Not Provide This Service,2026-04-11 03:32:52.869862
f2377a00-f5b4-4bd6-9df1-a6f8a2c74a86,e91770ce-923c-4545-95e6-c4ffc1d4a8a5,2,Potentially Available,0,Does Not Provide This Service,0,Does Not Provide This Service,2026-04-11 03:32:52.869862
f908d1aa-22e7-4e60-92f1-25b3c83c5bee,e91982a9-6451-4ce8-90ba-6fbada377456,2,Potentially Available,0,Does Not Provide This Service,0,Does Not Provide This Service,2026-04-11 03:32:52.869862
0fe9032e-beac-440d-9059-48a13838dff8,e91e37ce-0b7c-45c2-831d-a965b495d8ad,2,Potentially Available,0,Does Not Provide This Service,0,Does Not Provide This Service,2026-04-11 03:32:52.869862
e71c85bb-cb30-4bf8-b4f9-0e937558c5e4,e92a9811-00b2-4068-b65b-c879ad6c59cb,2,Potentially Available,0,Does Not Provide This Service,0,Does Not Provide This Service,2026-04-11 03:32:52.869862
21b00b80-1b56-4d4c-b39b-82e98e8efced,e934b1b5-ab7d-4d8e-a917-0bcde006e6fa,2,Potentially Available,0,Does Not Provide This Service,0,Does Not Provide This Service,2026-04-11 03:32:52.869862
4130b0a2-8a08-4e63-a3ed-968b7825fa38,e95a8640-8fcf-4543-9430-65014e287ca7,2,Potentially Available,0,Does Not Provide This Service,0,Does Not Provide This Service,2026-04-11 03:32:52.869862
0dcfe351-e9bf-42e0-9f68-22a4841e1d1c,e970bbc8-7f0d-44f3-b2b0-0d2a38030456,2,Potentially Available,0,Does Not Provide This Service,0,Does Not Provide This Service,2026-04-11 03:32:52.869862
c80bbab8-a39e-4474-973a-c5fdcad4d62a,e9a31cce-ddde-4c03-881b-486d44d6c626,2,Potentially Available,0,Does Not Provide This Service,0,Does Not Provide This Service,2026-04-11 03:32:52.869862
2d1101f3-11f6-44a3-816a-2a63b1949f6e,e9a39f1a-80c3-48ff-8a87-a8c82e5a02d5,2,Potentially Available,0,Does Not Provide This Service,0,Does Not Provide This Service,2026-04-11 03:32:52.869862
8d57707f-a7ce-4b31-84a6-529b1b3d53af,e9abe75c-2ab2-4d2f-a355-eabdeab149b3,2,Potentially Available,0,Does Not Provide This Service,0,Does Not Provide This Service,2026-04-11 03:32:52.869862
b10d8a7d-362e-4ff9-8dfd-e9a6d3a5b12c,e9c3501d-eb3f-42d2-a3d1-23cbe8a6f40d,0,Does Not Provide This Service,0,Does Not Provide This Service,2,Potentially Available,2026-04-11 03:32:52.869862
a02fad1f-1e88-4411-a2f6-27e0fc8a04e6,e9d7aaf3-5103-4ecc-b2a5-0881882efc2a,2,Potentially Available,0,Does Not Provide This Service,0,Does Not Provide This Service,2026-04-11 03:32:52.869862
f7592163-5eff-4d2c-82c9-40bbec570f3b,e9d9faaa-6e6e-4fc6-a5b3-e016517408e0,2,Potentially Available,0,Does Not Provide This Service,0,Does Not Provide This Service,2026-04-11 03:32:52.869862
9e0f6c10-75e3-43d3-ade5-2569609b0796,e9e4e21f-b65f-4a95-acf5-7262c100cf3a,2,Potentially Available,0,Does Not Provide This Service,0,Does Not Provide This Service,2026-04-11 03:32:52.869862
a7cf4884-e9da-4984-803d-c4b5a6549247,e9ec9901-98d6-4175-86b6-b8355778ea3b,2,Potentially Available,0,Does Not Provide This Service,0,Does Not Provide This Service,2026-04-11 03:32:52.869862
8c5561f5-dd98-467f-9b00-8a305c7f06c9,ea282dca-4d99-4354-8339-0a2085b681c5,2,Potentially Available,0,Does Not Provide This Service,0,Does Not Provide This Service,2026-04-11 03:32:52.869862
2b696e4c-0e85-4e5d-8709-fcff66fd179d,ea2d31ee-48bf-45ff-b69a-56fb99e7e10e,2,Potentially Available,0,Does Not Provide This Service,0,Does Not Provide This Service,2026-04-11 03:32:52.869862
83806edf-4786-4036-8ad8-e9a5b4cee459,ea68a763-810e-4a5b-8bf8-073631810b63,2,Potentially Available,0,Does Not Provide This Service,0,Does Not Provide This Service,2026-04-11 03:32:52.869862
f2d5e1bf-692d-4b43-bdaf-d54a4274eaca,ea9581fd-3f3b-4e82-8973-fca2b82a3eaf,2,Potentially Available,0,Does Not Provide This Service,0,Does Not Provide This Service,2026-04-11 03:32:52.869862
a355d2bc-e4c6-497a-8f3a-afe3dbd9d274,eaa352f2-e78b-4b56-b47e-e5ae8547add9,2,Potentially Available,0,Does Not Provide This Service,0,Does Not Provide This Service,2026-04-11 03:32:52.869862
22fdb63f-70a0-4749-8ec5-52a35b0295fd,eabd807b-526c-416b-9769-a792bd4a09bd,2,Potentially Available,0,Does Not Provide This Service,0,Does Not Provide This Service,2026-04-11 03:32:52.869862
4c5d83b3-dd91-46d2-924e-f8281df30fc0,eac8d83a-f4dd-4a2a-be35-2a9ef4cdd6be,2,Potentially Available,0,Does Not Provide This Service,0,Does Not Provide This Service,2026-04-11 03:32:52.869862
b0d4e57b-bae5-421d-981f-e8691ad315c1,eace7a81-44ae-4c77-9100-a6be39aedffe,2,Potentially Available,0,Does Not Provide This Service,0,Does Not Provide This Service,2026-04-11 03:32:52.869862
6165c24e-5aeb-44d4-9252-9a538a6fa46b,eaebc59e-40d1-4061-938b-e213f4ac723c,2,Potentially Available,0,Does Not Provide This Service,0,Does Not Provide This Service,2026-04-11 03:32:52.869862
59c99ad1-4b70-41bc-a21d-8123d7d4d82c,eb121706-9510-4133-925e-b1e1eed46e69,2,Potentially Available,0,Does Not Provide This Service,0,Does Not Provide This Service,2026-04-11 03:32:52.869862
66f4478d-a441-410c-a571-78ed1e9b1cd1,eb225262-bf7b-47d1-8e0f-49ec611de4b1,2,Potentially Available,0,Does Not Provide This Service,0,Does Not Provide This Service,2026-04-11 03:32:52.869862
86860e0a-9473-4666-9539-acb1fc250af3,eb30670c-f92f-4966-a5ba-b2de39a75db1,2,Potentially Available,0,Does Not Provide This Service,0,Does Not Provide This Service,2026-04-11 03:32:52.869862
81e694d8-5b33-4757-8a67-df0552b9034d,eb3a4e7d-83f5-4dc7-a25c-375a8e92b27c,2,Potentially Available,0,Does Not Provide This Service,0,Does Not Provide This Service,2026-04-11 03:32:52.869862
903e115f-8e7b-47e0-a307-40df6c792a32,eb3f676b-18c8-49a4-ae05-48be5e97dbff,2,Potentially Available,0,Does Not Provide This Service,0,Does Not Provide This Service,2026-04-11 03:32:52.869862
5c9d309c-768b-4279-a412-84806f6203a1,eb443b7e-a43a-4004-843f-3b374a93b6ac,2,Potentially Available,0,Does Not Provide This Service,0,Does Not Provide This Service,2026-04-11 03:32:52.869862
36402a93-46a6-4bf8-967c-10aa27bc807d,eb4a1fda-eacd-40f9-8798-456600cc5b51,2,Potentially Available,3,Constrained by Size,0,Does Not Provide This Service,2026-04-11 03:32:52.869862
6aad52f8-0f76-42af-b7ae-3386e5fef74a,eb51022e-f4ab-447f-95c3-f0f0fb0d299f,2,Potentially Available,0,Does Not Provide This Service,0,Does Not Provide This Service,2026-04-11 03:32:52.869862
d10a93af-cc90-4b7b-a601-952a536e2218,eb651712-f24a-4551-aeae-05d179fccc2b,2,Potentially Available,0,Does Not Provide This Service,0,Does Not Provide This Service,2026-04-11 03:32:52.869862
a670cb4c-f29e-4f19-80b5-b1989e84c5fa,eb68e52a-e81e-442b-939d-f3fabbb61a3e,2,Potentially Available,0,Does Not Provide This Service,0,Does Not Provide This Service,2026-04-11 03:32:52.869862
14dd9dd9-1b7f-4ef7-9883-8021248611f1,eb79a2df-e650-4fb1-a713-35c59c52594f,2,Potentially Available,0,Does Not Provide This Service,0,Does Not Provide This Service,2026-04-11 03:32:52.869862
369dfade-4889-4d76-bb58-07b0617c24eb,eb7b9296-8354-4a37-8cbd-6567b5689e7f,2,Potentially Available,0,Does Not Provide This Service,0,Does Not Provide This Service,2026-04-11 03:32:52.869862
928a10fb-4bcf-4eca-8d97-e3255d4168fa,eb855a05-aa05-47c8-a7dc-0108a417c30c,2,Potentially Available,0,Does Not Provide This Service,0,Does Not Provide This Service,2026-04-11 03:32:52.869862
71d7d87d-ea29-4245-b57f-cc0dd36c418c,eb8b1e4d-b599-4f0c-8460-e71838990b75,2,Potentially Available,0,Does Not Provide This Service,0,Does Not Provide This Service,2026-04-11 03:32:52.869862
5bf6fc28-1240-4b19-8011-74a052b961f1,ebbb5758-add9-49c7-89e1-a99a75f0e7f9,1,Likely Available,1,Likely Available,0,Does Not Provide This Service,2026-04-11 03:32:52.869862
fbf0f982-dcf3-4f75-91fc-67b52a9a5314,ebcf9e73-f482-44cd-b4fe-2e318b7e9561,2,Potentially Available,0,Does Not Provide This Service,0,Does Not Provide This Service,2026-04-11 03:32:52.869862
f341eb34-57b8-4f2c-ac3c-11742b31c7ff,ebdd908c-ea23-4cc6-92ac-77428781cfde,2,Potentially Available,0,Does Not Provide This Service,0,Does Not Provide This Service,2026-04-11 03:32:52.869862
40df6602-a267-41f8-bb90-1c7c30c4951b,ebe40ab7-8169-4e2b-8848-a4eb2d2f8974,0,Does Not Provide This Service,0,Does Not Provide This Service,1,Likely Available,2026-04-11 03:32:52.869862
acfbf667-aba0-4c01-9d72-584e12693bae,ec0af03c-623b-49b4-b82b-f74bb3638abc,2,Potentially Available,0,Does Not Provide This Service,0,Does Not Provide This Service,2026-04-11 03:32:52.869862
8949d300-e445-4287-8dfd-5cbca64073e8,ec195d36-4d1e-44c8-8475-b2f5002de768,2,Potentially Available,0,Does Not Provide This Service,0,Does Not Provide This Service,2026-04-11 03:32:52.869862
5dca2713-4929-4f0d-b3a4-987c65c2664b,ec43eaf3-a6d8-4113-84c5-697369e9f300,2,Potentially Available,0,Does Not Provide This Service,0,Does Not Provide This Service,2026-04-11 03:32:52.869862
3cafe29d-930d-4a75-ae28-3b682afaa240,ec5f3bcb-642a-4ea1-97dd-fb1b1c345a7c,2,Potentially Available,0,Does Not Provide This Service,0,Does Not Provide This Service,2026-04-11 03:32:52.869862
cf2cdad1-55f0-4ade-8e43-597fe07ab743,ec97bbf3-a104-4ccc-8e6b-c9c1b424175e,2,Potentially Available,0,Does Not Provide This Service,0,Does Not Provide This Service,2026-04-11 03:32:52.869862
87adb4fa-8335-47f0-83db-a8b378f9cfd9,eca4049d-a5ab-4f5f-9659-8973ab36407c,0,Does Not Provide This Service,0,Does Not Provide This Service,1,Likely Available,2026-04-11 03:32:52.869862
fc94690d-2154-4186-a1cc-3641eefceaac,ecb9c981-0691-4187-99af-40421e4d0177,2,Potentially Available,0,Does Not Provide This Service,0,Does Not Provide This Service,2026-04-11 03:32:52.869862
2fe46cfa-e4ff-4ae2-aa7e-4921a59fa5f8,ecba35d6-d6be-447c-8d8a-117a7eaa7c48,2,Potentially Available,0,Does Not Provide This Service,0,Does Not Provide This Service,2026-04-11 03:32:52.869862
c60b9e5b-75bb-4df7-a732-fe4c12f56198,ecc36add-30ac-42b4-af30-dc5cb0580605,2,Potentially Available,0,Does Not Provide This Service,0,Does Not Provide This Service,2026-04-11 03:32:52.869862
1dfe8eee-8603-4a5b-8d86-10bd2c38cd96,ecd8a541-6dd4-4eaf-9761-32f9aa88cc27,2,Potentially Available,0,Does Not Provide This Service,0,Does Not Provide This Service,2026-04-11 03:32:52.869862
4e6556c4-1090-4fa0-b682-a9458724c81f,ece478af-0dd3-464f-a3e8-d2a0dc97f796,2,Potentially Available,0,Does Not Provide This Service,0,Does Not Provide This Service,2026-04-11 03:32:52.869862
786c8d3d-b4f8-4b2f-8ffd-f211f3a1b00e,eceeedbe-1c61-42ea-9e3f-a223d47f9436,2,Potentially Available,0,Does Not Provide This Service,0,Does Not Provide This Service,2026-04-11 03:32:52.869862
7eb3cdbe-ab51-4306-b62e-694472026623,ecf9491e-70f1-418b-9fd8-045f8803a20d,0,Does Not Provide This Service,1,Likely Available,0,Does Not Provide This Service,2026-04-11 03:32:52.869862
eadde9cd-04a0-4572-8a32-7170174dc54d,ed1a0f42-de64-4406-8cc4-1df6dbba0017,2,Potentially Available,0,Does Not Provide This Service,0,Does Not Provide This Service,2026-04-11 03:32:52.869862
36dd7180-77bd-4961-882d-352b15a4a00e,ed40d7b4-aca0-49e4-976b-9a185ac7cd1e,2,Potentially Available,0,Does Not Provide This Service,0,Does Not Provide This Service,2026-04-11 03:32:52.869862
e45bf422-72ba-4e5c-b7ae-8e5cabdbbd41,ed4b0093-ec95-4fc8-9423-55b6f344219d,2,Potentially Available,0,Does Not Provide This Service,0,Does Not Provide This Service,2026-04-11 03:32:52.869862
5b2c718d-ddd7-41a9-a1ff-786e7f9d124d,ed528862-65d9-4276-9d60-cd0e113a8aa8,0,Does Not Provide This Service,0,Does Not Provide This Service,4,Constrained by Market,2026-04-11 03:32:52.869862
c05e8d3f-f42b-4269-b35c-8a9dbfa01f31,ed89a347-f056-4dd1-a51f-c97e5538bc29,2,Potentially Available,0,Does Not Provide This Service,0,Does Not Provide This Service,2026-04-11 03:32:52.869862
e56d3989-049a-49e8-b76a-84b35921d197,eda6f2c2-6838-4103-995a-50cedaea8668,2,Potentially Available,0,Does Not Provide This Service,0,Does Not Provide This Service,2026-04-11 03:32:52.869862
4b70369f-9ad7-47c5-810f-0df18a0b59fa,edc6afad-f8d4-47f8-bc6b-ff9d6144c7e9,0,Does Not Provide This Service,0,Does Not Provide This Service,5,Highly Constrained,2026-04-11 03:32:52.869862
26f6d6bb-318d-4b64-a634-701d8405572c,edcd9efa-b4f4-4cf8-bf9e-7a912b843a30,2,Potentially Available,0,Does Not Provide This Service,0,Does Not Provide This Service,2026-04-11 03:32:52.869862
d1a49d6c-a235-409d-b733-d86dfb0e998b,edcdae62-7002-4f36-9e81-cbc793416007,2,Potentially Available,0,Does Not Provide This Service,0,Does Not Provide This Service,2026-04-11 03:32:52.869862
c952891e-c6da-4596-982d-9ad5e4e9c066,edd291ef-ddb1-4fb1-bbf1-485a1df254d6,2,Potentially Available,0,Does Not Provide This Service,0,Does Not Provide This Service,2026-04-11 03:32:52.869862
886ebf66-ba34-4985-951a-82e74a8d47ad,eddee6a3-f3d9-4991-8952-3b00c54eafe4,2,Potentially Available,0,Does Not Provide This Service,0,Does Not Provide This Service,2026-04-11 03:32:52.869862
b7346997-e2da-49ec-8410-1ce8ed5f9358,eddfaea9-115b-479d-ac21-c8f1c428712e,2,Potentially Available,0,Does Not Provide This Service,0,Does Not Provide This Service,2026-04-11 03:32:52.869862
b3d95cd7-cb58-4d04-a459-7cdc49c9c251,edea817c-4936-4bda-89ab-d7429a7f066c,2,Potentially Available,0,Does Not Provide This Service,0,Does Not Provide This Service,2026-04-11 03:32:52.869862
4f3b5b8d-955b-49b4-b3ed-c7b6f714a3ba,edf46058-e763-40cc-98b0-21ace1e641ce,2,Potentially Available,0,Does Not Provide This Service,0,Does Not Provide This Service,2026-04-11 03:32:52.869862
a983fb11-16c3-42c2-a1c6-4952af579c8b,ee102d6e-44dc-4fa1-836d-01615131201f,2,Potentially Available,0,Does Not Provide This Service,0,Does Not Provide This Service,2026-04-11 03:32:52.869862
e35e3058-d0d0-405c-a365-565caeed6220,ee143d62-612d-438c-9d19-4fa96c13509f,2,Potentially Available,0,Does Not Provide This Service,0,Does Not Provide This Service,2026-04-11 03:32:52.869862
2ce218b7-7064-4ea1-ae14-1b29035e275f,ee4a4f87-810a-441e-92ae-4ac5ff5d2ed3,2,Potentially Available,0,Does Not Provide This Service,0,Does Not Provide This Service,2026-04-11 03:32:52.869862
4f3cdba1-9064-40b1-9c19-b7e1953a26c8,ee55428c-7ece-4973-beff-4f95be441b2c,2,Potentially Available,0,Does Not Provide This Service,0,Does Not Provide This Service,2026-04-11 03:32:52.869862
2bd0de7e-427f-4871-9d74-1581d3bd211c,ee76abf2-2cb0-4d69-bee1-c5499d59847c,2,Potentially Available,0,Does Not Provide This Service,0,Does Not Provide This Service,2026-04-11 03:32:52.869862
69071bd5-e00f-4803-a3bf-5c00c38a9f25,eec49c97-e8c8-4a8d-9e83-80cad11dfed2,2,Potentially Available,0,Does Not Provide This Service,0,Does Not Provide This Service,2026-04-11 03:32:52.869862
4c8175c1-806d-4a3e-93a8-2ef7210ec350,ef0a9a9b-cc9a-4941-9799-8b74c57dbe4d,2,Potentially Available,0,Does Not Provide This Service,0,Does Not Provide This Service,2026-04-11 03:32:52.869862
0a5e5e3c-9431-4310-9f04-520d939ce3db,ef15af3f-6c74-40b0-9ee3-e3be63834602,2,Potentially Available,0,Does Not Provide This Service,0,Does Not Provide This Service,2026-04-11 03:32:52.869862
da6c65a1-e982-4ac3-9ea7-59a1a0ceda93,ef32aee7-8ca5-41a0-8dcf-bbaf22e171e9,0,Does Not Provide This Service,0,Does Not Provide This Service,5,Highly Constrained,2026-04-11 03:32:52.869862
40c119a7-d887-48b2-98a1-60b5c5544dbd,ef40459b-3bb6-4ddb-9ed8-f10f039db243,2,Potentially Available,0,Does Not Provide This Service,0,Does Not Provide This Service,2026-04-11 03:32:52.869862
ae3b3dff-4639-4ba4-9338-63050d20415b,ef4c2099-d4c3-4f50-8e90-8df71a61aabc,2,Potentially Available,0,Does Not Provide This Service,0,Does Not Provide This Service,2026-04-11 03:32:52.869862
b7b3f5c2-5c6c-4acd-832e-bcd175037fbc,ef65d4cb-0480-47f2-90e0-151d1ea13a95,2,Potentially Available,0,Does Not Provide This Service,0,Does Not Provide This Service,2026-04-11 03:32:52.869862
89756a68-1fca-4be5-9966-9725bb1aeea8,ef69ea88-97d8-4ae8-914c-e8fd0bbd8a61,2,Potentially Available,0,Does Not Provide This Service,0,Does Not Provide This Service,2026-04-11 03:32:52.869862
a22fdaed-6049-4f0e-a205-a7cb128f722b,ef9a2e6d-f305-454a-bd67-0b3e3b91e25f,2,Potentially Available,0,Does Not Provide This Service,0,Does Not Provide This Service,2026-04-11 03:32:52.869862
273bf7cd-3b6d-4977-99ff-9b8b3581f734,efa61888-01ed-43a3-8355-164caa8c9342,2,Potentially Available,0,Does Not Provide This Service,0,Does Not Provide This Service,2026-04-11 03:32:52.869862
5e84f273-ffac-45cd-aaa6-9274b53be7eb,efacb7de-d61d-4713-a62e-4b8504e678f2,2,Potentially Available,0,Does Not Provide This Service,0,Does Not Provide This Service,2026-04-11 03:32:52.869862
c5ce3b5f-1399-4e19-bd7f-5fee11f07641,efbe40c8-f1b0-4245-86e7-dc38998cf089,2,Potentially Available,0,Does Not Provide This Service,0,Does Not Provide This Service,2026-04-11 03:32:52.869862
13e036f1-d3a6-4bc1-aec0-ab4e0c3afe25,efc7ee81-9795-451b-9a15-627ce59d8cd5,2,Potentially Available,0,Does Not Provide This Service,0,Does Not Provide This Service,2026-04-11 03:32:52.869862
b70ac69a-329c-4ceb-9e43-fdf242c05bbe,efd31925-0bdb-4ba5-ac44-5410eaded68e,2,Potentially Available,0,Does Not Provide This Service,0,Does Not Provide This Service,2026-04-11 03:32:52.869862
2c2db61b-cc46-4063-9218-67b862a580a0,efdb4c1c-0415-43c8-9815-ddb2316499ec,2,Potentially Available,0,Does Not Provide This Service,0,Does Not Provide This Service,2026-04-11 03:32:52.869862
9f7a20b2-48f3-4d90-9163-38772c57f3c1,efe57174-ad81-4345-97df-3f08ffe4b516,2,Potentially Available,0,Does Not Provide This Service,0,Does Not Provide This Service,2026-04-11 03:32:52.869862
112c209e-541d-46bb-8bed-a49dffcde302,f02635dd-a4db-46e6-ab6f-17bf788f62ea,2,Potentially Available,0,Does Not Provide This Service,0,Does Not Provide This Service,2026-04-11 03:32:52.869862
0901ca6c-99a6-4552-9238-5f95b239b866,f02f3c03-87e9-4795-a507-43c5b08c9237,0,Does Not Provide This Service,0,Does Not Provide This Service,1,Likely Available,2026-04-11 03:32:52.869862
952b180d-ae18-4cd7-b2c9-29da6cbb03fd,f077912c-52fe-4a6c-98c3-3808ffd32be2,2,Potentially Available,0,Does Not Provide This Service,0,Does Not Provide This Service,2026-04-11 03:32:52.869862
01d8c7ec-49c7-44d0-b307-f80e9bb53fca,f086928b-c87c-4d01-8745-38e53b3995aa,2,Potentially Available,0,Does Not Provide This Service,0,Does Not Provide This Service,2026-04-11 03:32:52.869862
c3662fe5-0f32-488a-bb7d-bc5e113fa6b2,f09a0ad6-c70c-4ede-9e39-fc9f4a9e19df,2,Potentially Available,0,Does Not Provide This Service,0,Does Not Provide This Service,2026-04-11 03:32:52.869862
f9472d1a-f2ea-4249-870f-29f2286440ec,f0a39314-0f36-4fc0-bbda-ed15e391f4d9,2,Potentially Available,0,Does Not Provide This Service,0,Does Not Provide This Service,2026-04-11 03:32:52.869862
9e87b336-6165-4da1-b18a-cd3e8644affc,f0a5e067-8725-4faa-830e-ae3333264fe2,2,Potentially Available,0,Does Not Provide This Service,0,Does Not Provide This Service,2026-04-11 03:32:52.869862
4e0385a8-24fc-4468-89a7-33c6771abed4,f0f10780-51d5-4203-b516-1555d7cce92d,2,Potentially Available,0,Does Not Provide This Service,0,Does Not Provide This Service,2026-04-11 03:32:52.869862
34625195-2696-48fa-96ff-1741040c54e6,f0f266bb-6862-4dec-ad2c-f089410284bb,2,Potentially Available,0,Does Not Provide This Service,0,Does Not Provide This Service,2026-04-11 03:32:52.869862
fae3e735-36a4-4783-b9f1-6fb26033477a,f1032e3b-aac8-4809-8847-b3cc3f39187d,2,Potentially Available,0,Does Not Provide This Service,0,Does Not Provide This Service,2026-04-11 03:32:52.869862
1261782c-c076-4d7d-b649-f106f0d7dbf9,f13a217e-e892-4f0f-a35a-311b1f754985,2,Potentially Available,0,Does Not Provide This Service,0,Does Not Provide This Service,2026-04-11 03:32:52.869862
9eea1b71-fac3-4c28-ae1e-ca97c4013a20,f13e42f8-7008-4172-a767-6c47e0a981c7,2,Potentially Available,0,Does Not Provide This Service,0,Does Not Provide This Service,2026-04-11 03:32:52.869862
21091d4b-db4f-47fe-bccf-0153c984e069,f145c509-7d9f-48fa-a5a6-73669cad151d,2,Potentially Available,0,Does Not Provide This Service,0,Does Not Provide This Service,2026-04-11 03:32:52.869862
32c17d32-911d-429b-8ce5-3a3837a1a318,f1472014-879d-494e-a99d-3ca385e9e6e5,2,Potentially Available,0,Does Not Provide This Service,0,Does Not Provide This Service,2026-04-11 03:32:52.869862
104781e3-1907-4bb9-bc7e-bf6fff6845f9,f16cba75-d2a8-4735-8c9e-eb8f891729bd,2,Potentially Available,0,Does Not Provide This Service,0,Does Not Provide This Service,2026-04-11 03:32:52.869862
149db031-87a5-4b34-a13b-5678a6450260,f17cf10f-7ed5-49e6-aff2-6d62d903d8c4,0,Does Not Provide This Service,0,Does Not Provide This Service,5,Highly Constrained,2026-04-11 03:32:52.869862
1734c3d4-27d9-48af-bd4b-50dd02706a27,f1968d40-1433-41fa-9a72-fa691f1a7813,2,Potentially Available,0,Does Not Provide This Service,0,Does Not Provide This Service,2026-04-11 03:32:52.869862
abadf024-e86a-405f-9431-6ccf25a9558b,f19b6ea4-471b-472d-b140-60b72bc4aa6c,2,Potentially Available,0,Does Not Provide This Service,0,Does Not Provide This Service,2026-04-11 03:32:52.869862
dbcc2470-36e4-4271-95a1-898b91cfc0c1,f19f7f22-c8a2-4499-b464-f0a79c6d15c1,2,Potentially Available,0,Does Not Provide This Service,0,Does Not Provide This Service,2026-04-11 03:32:52.869862
04b358ec-acd2-41bf-aed0-7b4141e887ab,f1cdca00-7c48-416f-aa0b-8db5218525e6,2,Potentially Available,0,Does Not Provide This Service,0,Does Not Provide This Service,2026-04-11 03:32:52.869862
6c2bceb6-56bc-4685-a5e9-b48ecbf90f67,f1d62407-bf5c-4cb7-82ff-debf437dc4b0,2,Potentially Available,0,Does Not Provide This Service,0,Does Not Provide This Service,2026-04-11 03:32:52.869862
932350e2-e92b-4c71-adfb-62d3af1be40b,f1d7dcbb-7789-43b8-a6e4-36f9151ba913,0,Does Not Provide This Service,4,Constrained by Market,0,Does Not Provide This Service,2026-04-11 03:32:52.869862
961afca4-1228-4f6a-8174-3a90986e1391,f20842bf-fded-48d7-910b-abc37229afbb,2,Potentially Available,0,Does Not Provide This Service,0,Does Not Provide This Service,2026-04-11 03:32:52.869862
748ace34-e14a-4f56-8aaa-19262ac2236c,f21c6735-370a-4209-a3f8-178fd11f5a22,2,Potentially Available,0,Does Not Provide This Service,0,Does Not Provide This Service,2026-04-11 03:32:52.869862
1522d6dc-76af-42b0-9868-7ff15dc4af70,f21e9a52-b0e7-42cf-aadb-e15083d69e44,2,Potentially Available,0,Does Not Provide This Service,0,Does Not Provide This Service,2026-04-11 03:32:52.869862
a74d4e2f-c4d2-4480-8710-1529706cc12f,f231f925-f5b9-4130-8e6f-5da354f4cf13,1,Likely Available,0,Does Not Provide This Service,0,Does Not Provide This Service,2026-04-11 03:32:52.869862
8414ce63-d750-4f2c-89b9-f24df5579386,f24987bb-ca12-45ae-9e7f-deb3da831bea,2,Potentially Available,0,Does Not Provide This Service,0,Does Not Provide This Service,2026-04-11 03:32:52.869862
fc9a0e5d-233d-4cb5-bc5c-c9351fee916c,f24fe021-bedc-48c2-b6f5-ccc575f05017,2,Potentially Available,0,Does Not Provide This Service,0,Does Not Provide This Service,2026-04-11 03:32:52.869862
46f73bb6-5619-4871-9741-aea6ebb71913,f258eb5a-642f-4809-9890-c3e12a49ecdd,0,Does Not Provide This Service,0,Does Not Provide This Service,3,Constrained by Size,2026-04-11 03:32:52.869862
c15e4277-f593-46f3-999b-c4ac262ab105,f26433c8-1fe4-42f8-ad71-be943fa1e497,2,Potentially Available,0,Does Not Provide This Service,0,Does Not Provide This Service,2026-04-11 03:32:52.869862
2a3051aa-92e0-495a-b0e6-ac68762fb684,f2a65a11-f716-44a8-9dd7-d412e2ca33ae,2,Potentially Available,0,Does Not Provide This Service,0,Does Not Provide This Service,2026-04-11 03:32:52.869862
8f7cd439-7b87-48b8-b4c7-6846ce5fcad2,f2bc53a8-4d88-49c3-b34d-5ad54fdbab58,2,Potentially Available,4,Constrained by Market,0,Does Not Provide This Service,2026-04-11 03:32:52.869862
0a117b71-d2cc-4d74-ae8d-7aa5f94fd4ab,f2c19c4e-2c14-43bc-8d29-c73804a8325a,2,Potentially Available,0,Does Not Provide This Service,0,Does Not Provide This Service,2026-04-11 03:32:52.869862
93747f43-b3f2-429a-a7f2-ff9dab7c6467,f2d182e5-3fe7-4036-956a-e0cedf2695bb,2,Potentially Available,0,Does Not Provide This Service,0,Does Not Provide This Service,2026-04-11 03:32:52.869862
2792378e-c11a-436a-8967-d4ddfac15ce5,f2f096c2-60f0-41eb-b078-bb2ca822337f,2,Potentially Available,0,Does Not Provide This Service,0,Does Not Provide This Service,2026-04-11 03:32:52.869862
96cff94e-e47c-46da-9c7b-98aafb004ff9,f2f735d5-ce7a-4b75-86db-b7a9846422ba,2,Potentially Available,0,Does Not Provide This Service,0,Does Not Provide This Service,2026-04-11 03:32:52.869862
ac48fdf8-00a3-455a-b005-17c4e2fa5058,f348bd06-5297-447e-8daf-c6b26f3e2852,2,Potentially Available,0,Does Not Provide This Service,0,Does Not Provide This Service,2026-04-11 03:32:52.869862
28a21556-422a-4249-84cf-f88dcbfefe6b,f367bd99-59cd-4cd2-81bf-2929ece14837,2,Potentially Available,0,Does Not Provide This Service,0,Does Not Provide This Service,2026-04-11 03:32:52.869862
ed0701b2-997f-4c1c-be89-b709cc247f8e,f36d2b3a-0d0c-4092-90f3-f036f7971f35,2,Potentially Available,0,Does Not Provide This Service,0,Does Not Provide This Service,2026-04-11 03:32:52.869862
15271ca5-847b-40c3-b8b4-b5ec1c95ba1e,f3910b68-630f-4247-9217-ec67d0f2f331,2,Potentially Available,0,Does Not Provide This Service,0,Does Not Provide This Service,2026-04-11 03:32:52.869862
30062b2e-a360-4e2d-9bdc-052797f6b941,f3af9293-6fef-4be1-9926-1d7e642c757b,2,Potentially Available,0,Does Not Provide This Service,0,Does Not Provide This Service,2026-04-11 03:32:52.869862
883c06ab-2784-4b14-8e91-09051effbee9,f3ca7f14-3a6d-4709-8513-68b2310bbded,2,Potentially Available,0,Does Not Provide This Service,0,Does Not Provide This Service,2026-04-11 03:32:52.869862
aa4ec603-1d91-4754-b76a-a035555b2ea2,f40ff005-7e6d-47e0-a9fa-cfa140f3b8ae,2,Potentially Available,0,Does Not Provide This Service,0,Does Not Provide This Service,2026-04-11 03:32:52.869862
dd92897d-0ff7-468c-a713-a6ced02531e0,f4292ebd-211c-4b7c-a7a5-c40b43631bf1,2,Potentially Available,0,Does Not Provide This Service,0,Does Not Provide This Service,2026-04-11 03:32:52.869862
07e3523e-8fa2-4aa1-a80f-169a3fd7d992,f42e2cff-58d3-4386-a3ba-6f52f604e6d0,2,Potentially Available,0,Does Not Provide This Service,0,Does Not Provide This Service,2026-04-11 03:32:52.869862
5970e9c1-c298-485f-87a4-44b7ef05dfdd,f441c89b-6dd8-44e1-ad47-b9d7c6d99743,2,Potentially Available,0,Does Not Provide This Service,0,Does Not Provide This Service,2026-04-11 03:32:52.869862
7f20fe2a-85f2-4b0b-a917-6bf69e078145,f44426ea-d638-40ef-9287-f9df3965a518,2,Potentially Available,0,Does Not Provide This Service,0,Does Not Provide This Service,2026-04-11 03:32:52.869862
756d9b49-6245-48cc-bdbf-44993e1014e7,f444eee1-1d91-45fe-b946-c62ab0e5bfe9,0,Does Not Provide This Service,1,Likely Available,0,Does Not Provide This Service,2026-04-11 03:32:52.869862
ce0ece05-e3c6-4363-a775-2b93ae215d5a,f469fed9-8ea7-4eb4-85a5-e781afdb938b,2,Potentially Available,0,Does Not Provide This Service,0,Does Not Provide This Service,2026-04-11 03:32:52.869862
ec612bdc-47cf-42e6-a258-f42e6dc33358,f4765eaf-688b-47db-aa0b-8190b00792aa,2,Potentially Available,0,Does Not Provide This Service,0,Does Not Provide This Service,2026-04-11 03:32:52.869862
6cb716b3-0e8a-4295-9d2f-ed892e4733de,f47e7fe0-3648-497d-9be7-1d8b21457e47,2,Potentially Available,0,Does Not Provide This Service,0,Does Not Provide This Service,2026-04-11 03:32:52.869862
21f91ff5-ce44-43e5-98e3-7b984d3866f0,f4903b05-8cfd-43e1-b5bb-430a0f428bb9,2,Potentially Available,0,Does Not Provide This Service,0,Does Not Provide This Service,2026-04-11 03:32:52.869862
ea129f18-f013-4420-aee2-4c2716885b93,f4a31a06-6cda-4825-98d9-23dbb0471f54,2,Potentially Available,0,Does Not Provide This Service,0,Does Not Provide This Service,2026-04-11 03:32:52.869862
e92699a6-6506-4fae-9395-7ad2037aa065,f4b40895-c8c0-4770-8d9c-93599cf79cea,2,Potentially Available,0,Does Not Provide This Service,0,Does Not Provide This Service,2026-04-11 03:32:52.869862
ecd19bc4-1f98-4d54-a4f2-9e585a7af710,f4b6e986-9433-48c2-b087-2395b55001fd,2,Potentially Available,0,Does Not Provide This Service,0,Does Not Provide This Service,2026-04-11 03:32:52.869862
0f2fc86c-647f-4504-aedf-799e178173ad,f4b85902-1d3b-49f7-ba76-f70c19d8c224,2,Potentially Available,0,Does Not Provide This Service,0,Does Not Provide This Service,2026-04-11 03:32:52.869862
9d52b802-e111-4dc5-b769-531dab560a0d,f4b8ef3b-bee9-42d4-a11a-0bb610d21052,2,Potentially Available,0,Does Not Provide This Service,0,Does Not Provide This Service,2026-04-11 03:32:52.869862
c6530eed-d78d-4074-838f-cfeda34adf5b,f4cd9d6d-11c3-4f17-8748-c6ad93cb67c4,2,Potentially Available,0,Does Not Provide This Service,0,Does Not Provide This Service,2026-04-11 03:32:52.869862
20d7d5df-4d5c-403b-b4f8-72f694f2a024,f4d290ae-1f4f-4115-bcb8-adafe916e1bf,2,Potentially Available,0,Does Not Provide This Service,0,Does Not Provide This Service,2026-04-11 03:32:52.869862
38d728ad-e534-423f-b71b-03b12d8fd962,f4e5d893-7924-4058-9bec-5295998995d8,2,Potentially Available,0,Does Not Provide This Service,0,Does Not Provide This Service,2026-04-11 03:32:52.869862
cb9abe4c-82ab-4341-95f3-18feeb5871a9,f52839f6-aad1-4530-a1b9-be65b55db10a,2,Potentially Available,5,Highly Constrained,0,Does Not Provide This Service,2026-04-11 03:32:52.869862
1fafe841-af63-46b2-ac50-909aa761e2cf,f57d10cc-afc7-430d-a8f1-22778dd5c77d,2,Potentially Available,0,Does Not Provide This Service,0,Does Not Provide This Service,2026-04-11 03:32:52.869862
8307f951-c850-4620-85cb-ae3fbf2f5e2c,f594d9ba-c43b-4293-9e2f-8b95738ba527,2,Potentially Available,0,Does Not Provide This Service,0,Does Not Provide This Service,2026-04-11 03:32:52.869862
91b129cd-7660-4112-8346-971bb9bf9a79,f5a827f1-8beb-461d-973f-1395593e1c3f,2,Potentially Available,0,Does Not Provide This Service,0,Does Not Provide This Service,2026-04-11 03:32:52.869862
adad4fa7-de97-4730-9f56-7f6f621d7922,f5ae7e92-b018-4777-8229-8f7b6527373a,2,Potentially Available,0,Does Not Provide This Service,0,Does Not Provide This Service,2026-04-11 03:32:52.869862
28766a3e-5105-42ff-bd11-33c00e843d33,f5b06bd0-0879-4ac2-af21-b83911314dc0,2,Potentially Available,0,Does Not Provide This Service,0,Does Not Provide This Service,2026-04-11 03:32:52.869862
e9da39ce-404e-40b8-b1d9-f31fa9404c1b,f5cd153b-fcc8-4f6f-bfab-36a249b2378e,2,Potentially Available,0,Does Not Provide This Service,0,Does Not Provide This Service,2026-04-11 03:32:52.869862
ae8535eb-131d-4a06-af38-7f82efb2ac5b,f5d4a44a-3ac9-4743-a46f-8ceaa8fc2e46,2,Potentially Available,0,Does Not Provide This Service,0,Does Not Provide This Service,2026-04-11 03:32:52.869862
92c14f56-41d4-4cb9-9897-fd7891e8861d,f5dd6d67-304c-4191-867a-a03f55ecd5d8,2,Potentially Available,0,Does Not Provide This Service,0,Does Not Provide This Service,2026-04-11 03:32:52.869862
5f5aa4ba-2552-45b3-a111-77946dc1d833,f5e5b707-3fc4-469b-9128-28e8f9dc0229,1,Likely Available,0,Does Not Provide This Service,0,Does Not Provide This Service,2026-04-11 03:32:52.869862
0f38aba0-8e66-4c84-944f-adb692031d70,f5fb9e30-1dd8-4c5a-96f4-18357448d223,2,Potentially Available,0,Does Not Provide This Service,0,Does Not Provide This Service,2026-04-11 03:32:52.869862
887edb0c-6927-4b5f-ab56-0bc85084e883,f608babe-ec45-4ac8-9c82-5ec592e98767,2,Potentially Available,0,Does Not Provide This Service,0,Does Not Provide This Service,2026-04-11 03:32:52.869862
ed820c25-acb5-40bf-94da-b857b51a4ba4,f625d9f9-eafe-43bd-bf4f-006d670248c4,2,Potentially Available,0,Does Not Provide This Service,0,Does Not Provide This Service,2026-04-11 03:32:52.869862
a469c466-23ce-4b22-9da3-611d0f9218cf,f634edcf-fd63-445f-a6a4-51d5b4ee46ef,2,Potentially Available,0,Does Not Provide This Service,0,Does Not Provide This Service,2026-04-11 03:32:52.869862
8fd3f070-1ad1-428d-abd7-f3d2a34487d1,f6368623-3a16-475e-a106-e108d32d5e51,2,Potentially Available,0,Does Not Provide This Service,0,Does Not Provide This Service,2026-04-11 03:32:52.869862
ad201a53-d2b6-41d6-9bac-9c4308a8fce3,f636c8aa-57a8-40b6-8885-e34abf7af6ff,2,Potentially Available,0,Does Not Provide This Service,0,Does Not Provide This Service,2026-04-11 03:32:52.869862
dcb41001-b2f8-49b0-b963-bb3eff31622e,f642aa5a-5014-4e6a-81ed-2ef33412d0cf,2,Potentially Available,0,Does Not Provide This Service,0,Does Not Provide This Service,2026-04-11 03:32:52.869862
2b94ff10-113c-4ed2-badb-6cba51e13095,f65de2fa-4fc4-4a42-88d3-ecb755e18e4d,2,Potentially Available,0,Does Not Provide This Service,0,Does Not Provide This Service,2026-04-11 03:32:52.869862
128d144b-b36f-47a6-aa19-e2bfe99d82aa,f68ed86c-4a3e-4dbe-979d-63971af2f5f2,2,Potentially Available,0,Does Not Provide This Service,0,Does Not Provide This Service,2026-04-11 03:32:52.869862
22aff0c9-e149-4921-b6e8-fb64d105afea,f6a08736-0088-4957-b284-4f195e63769d,2,Potentially Available,0,Does Not Provide This Service,0,Does Not Provide This Service,2026-04-11 03:32:52.869862
d723038a-b12d-4b70-811c-3a87e6acb725,f6ab8db1-fdeb-41d9-8c0e-36f8eaa23681,2,Potentially Available,0,Does Not Provide This Service,0,Does Not Provide This Service,2026-04-11 03:32:52.869862
d686e09a-67bd-4cea-ba06-bd5ab35d7c24,f6b5b704-8118-4182-a2e5-2791b8fb322e,2,Potentially Available,0,Does Not Provide This Service,0,Does Not Provide This Service,2026-04-11 03:32:52.869862
ae84ee2f-c21f-4787-a093-ba75580b87b4,f6de3a27-5048-42e5-a582-2e7efc10816a,1,Likely Available,1,Likely Available,0,Does Not Provide This Service,2026-04-11 03:32:52.869862
f411c4a6-3921-413c-8651-8c36046ceb31,f6f28565-1d0e-4f14-9a16-eebca20b6b4a,2,Potentially Available,0,Does Not Provide This Service,0,Does Not Provide This Service,2026-04-11 03:32:52.869862
c5980729-1edb-4616-875a-9ea973efab85,f7051b78-dc2d-4f3d-9a3f-3c5c04ff7d89,2,Potentially Available,0,Does Not Provide This Service,0,Does Not Provide This Service,2026-04-11 03:32:52.869862
e09ae737-fc7c-4183-b71c-13fffa1326cf,f723cbd8-f5f0-4aeb-b876-b7dda97159a7,2,Potentially Available,0,Does Not Provide This Service,0,Does Not Provide This Service,2026-04-11 03:32:52.869862
c65b6a08-e135-418c-b9ee-7efbc03910a7,f74247df-e96f-4246-9e01-3f6d2f0631c0,2,Potentially Available,0,Does Not Provide This Service,0,Does Not Provide This Service,2026-04-11 03:32:52.869862
96b55916-551e-42f7-88c8-b0e39d950116,f78cf645-ee9b-44e2-b54c-d7aa665aff04,2,Potentially Available,0,Does Not Provide This Service,0,Does Not Provide This Service,2026-04-11 03:32:52.869862
642145a2-193f-4375-aeff-ea4acbceaafd,f7a4c1cc-a3db-4641-975d-d062e18044f1,2,Potentially Available,0,Does Not Provide This Service,0,Does Not Provide This Service,2026-04-11 03:32:52.869862
c4608583-688c-4105-9bec-ed39efd9429c,f7d8aea4-d6d7-4a16-9d00-6eb6a1aa0939,2,Potentially Available,0,Does Not Provide This Service,0,Does Not Provide This Service,2026-04-11 03:32:52.869862
0cedfef4-bc36-42a0-9efe-46aac24aab3c,f7ede5a9-9079-43f8-9aa3-a47776d6d5d6,2,Potentially Available,1,Likely Available,0,Does Not Provide This Service,2026-04-11 03:32:52.869862
54b89ece-6afd-4c41-af07-2e6a00613d42,f7f1c155-7b7a-4a4a-bb03-8b8dcc350f44,2,Potentially Available,0,Does Not Provide This Service,0,Does Not Provide This Service,2026-04-11 03:32:52.869862
83dbe514-a766-4c30-94ad-719f61ad7fef,f80cd251-eddf-4a63-ab88-351a3688913f,0,Does Not Provide This Service,0,Does Not Provide This Service,5,Highly Constrained,2026-04-11 03:32:52.869862
fb142914-c161-4ccb-8c5e-9aecbd14ba35,f8222511-c393-4a2c-89c3-8250cad2a9e4,2,Potentially Available,0,Does Not Provide This Service,0,Does Not Provide This Service,2026-04-11 03:32:52.869862
662e1307-fb30-448a-90ea-c09f886b9072,f838e052-89c8-46fd-9a0c-6f0ffc75dfc0,2,Potentially Available,0,Does Not Provide This Service,0,Does Not Provide This Service,2026-04-11 03:32:52.869862
d5ec2444-9dcc-441e-8fca-531398628e7e,f84210c7-bad4-4c83-b2be-eb848850144d,2,Potentially Available,0,Does Not Provide This Service,0,Does Not Provide This Service,2026-04-11 03:32:52.869862
eee33cf8-d9e7-47f8-a1af-71cc3cea6d5a,f845590e-cd71-49df-a7d4-d31e32464008,2,Potentially Available,0,Does Not Provide This Service,0,Does Not Provide This Service,2026-04-11 03:32:52.869862
692aae82-49cb-499d-af22-2ebae74cacf3,f845c93a-c52b-46fb-86fa-b390cdabd4f2,2,Potentially Available,0,Does Not Provide This Service,0,Does Not Provide This Service,2026-04-11 03:32:52.869862
9e539b2e-31ef-417c-add2-b2640d08079c,f8548bd8-10e9-4a1a-8d1d-d0773e9c2fa2,2,Potentially Available,0,Does Not Provide This Service,0,Does Not Provide This Service,2026-04-11 03:32:52.869862
25db2e47-785d-4d78-b531-09d0c4f02313,f8872b04-973c-4c3c-950a-3148b23e481e,0,Does Not Provide This Service,0,Does Not Provide This Service,3,Constrained by Size,2026-04-11 03:32:52.869862
3bc3e360-d41a-4004-8660-63294769b47b,f8aacaf1-bd0b-4ce1-9df4-4d935f7967d5,2,Potentially Available,0,Does Not Provide This Service,0,Does Not Provide This Service,2026-04-11 03:32:52.869862
2da55da4-37d2-4d7e-af59-b01ceb1842e8,f8b40e4f-994b-4837-8fda-ecf00d9d38b8,2,Potentially Available,0,Does Not Provide This Service,0,Does Not Provide This Service,2026-04-11 03:32:52.869862
28c47f56-d365-49ce-98e1-c4e16f2912f1,f8b7c2f3-9641-4330-9dc8-a32ab7ba143e,2,Potentially Available,0,Does Not Provide This Service,0,Does Not Provide This Service,2026-04-11 03:32:52.869862
5f21a907-9302-4f61-a2a6-852357409850,f9136406-3b73-4b40-8590-734fadf66ea8,2,Potentially Available,0,Does Not Provide This Service,0,Does Not Provide This Service,2026-04-11 03:32:52.869862
75771343-3e49-4b0f-88ad-954b4b2a7dfb,f918245f-e0af-4e44-905b-e366f3a25623,2,Potentially Available,0,Does Not Provide This Service,0,Does Not Provide This Service,2026-04-11 03:32:52.869862
9abadee6-666c-46b7-9533-d9813683d0b8,f918f5db-4173-49e3-a1b3-fe0928b1d9df,2,Potentially Available,0,Does Not Provide This Service,0,Does Not Provide This Service,2026-04-11 03:32:52.869862
c76e330e-1da7-4dbd-845f-4800a0df57b8,f932034a-9a83-4e9c-843b-ff170254e7c7,2,Potentially Available,0,Does Not Provide This Service,0,Does Not Provide This Service,2026-04-11 03:32:52.869862
5779f528-33e6-4d7d-aeee-0e3c8b14a823,f9447ea3-91d5-4974-9613-1e8b2c664365,2,Potentially Available,0,Does Not Provide This Service,0,Does Not Provide This Service,2026-04-11 03:32:52.869862
9d1cd90f-d991-484f-b39e-b8eebc224a76,f972d3c2-f77e-449e-9f73-3d33ee6bec62,0,Does Not Provide This Service,0,Does Not Provide This Service,2,Potentially Available,2026-04-11 03:32:52.869862
5689b11c-70b0-440d-9395-3a25b7dd2d92,f97d5c84-974e-4b31-9cfb-bb11edfa42ca,2,Potentially Available,0,Does Not Provide This Service,0,Does Not Provide This Service,2026-04-11 03:32:52.869862
edd48e59-16ac-4293-83ea-f6076b7bf6b8,f9828fd1-ed60-4ec3-a2b4-e05c5d9081e4,2,Potentially Available,0,Does Not Provide This Service,0,Does Not Provide This Service,2026-04-11 03:32:52.869862
ad1d018d-fd17-4449-af96-d2dba804df46,f99cd454-feb8-40cd-94e1-d9eeae2e5bd8,0,Does Not Provide This Service,0,Does Not Provide This Service,5,Highly Constrained,2026-04-11 03:32:52.869862
2205c987-3ac4-4c0b-a815-e8f1e287c7e7,f99da2fb-fac1-40cb-9e62-ca4fcc3da578,2,Potentially Available,0,Does Not Provide This Service,0,Does Not Provide This Service,2026-04-11 03:32:52.869862
a01c2c6c-c304-407c-88f9-1b00760b47a2,f9a975f9-d1cf-4c50-a3ac-dee185c34a56,2,Potentially Available,0,Does Not Provide This Service,0,Does Not Provide This Service,2026-04-11 03:32:52.869862
847b60be-475a-413e-83dc-30ec30f341e2,f9af1fef-c717-4b37-9236-fe37117f0f0a,2,Potentially Available,0,Does Not Provide This Service,0,Does Not Provide This Service,2026-04-11 03:32:52.869862
99f1c189-b09e-4690-9d2b-26d2b7dab243,f9afc9ac-6136-4b45-b404-0091839e6641,0,Does Not Provide This Service,0,Does Not Provide This Service,5,Highly Constrained,2026-04-11 03:32:52.869862
2350c4f3-8112-4543-b28a-924e5952d1dd,f9b5578f-19ba-46da-b0b3-0539f16caa67,2,Potentially Available,0,Does Not Provide This Service,0,Does Not Provide This Service,2026-04-11 03:32:52.869862
318f0836-0685-4643-8399-8ed9736193b2,f9b85c91-45db-41b7-bef3-e6f555574b22,2,Potentially Available,0,Does Not Provide This Service,0,Does Not Provide This Service,2026-04-11 03:32:52.869862
8d16bf90-b214-473c-99a1-b87a52fb9c5d,f9dc84d5-3f7f-4102-95d8-fd5f76087eb4,2,Potentially Available,0,Does Not Provide This Service,0,Does Not Provide This Service,2026-04-11 03:32:52.869862
c88bfdf3-6057-47f6-aa5f-6f3c2abff231,fa06bfb7-592d-48bc-95db-aedba249ee31,2,Potentially Available,0,Does Not Provide This Service,0,Does Not Provide This Service,2026-04-11 03:32:52.869862
f0b7b8ce-228f-42e3-97cc-6579e6ae7640,fa267362-e7df-40b9-ac43-79815db80bc0,2,Potentially Available,0,Does Not Provide This Service,0,Does Not Provide This Service,2026-04-11 03:32:52.869862
6667dc6a-7c79-4689-b4f8-0797c7412850,fa4f1821-1d2b-41d9-aedd-5dd34f9c8ce4,2,Potentially Available,0,Does Not Provide This Service,0,Does Not Provide This Service,2026-04-11 03:32:52.869862
9698efca-c841-4b6e-b551-35a49b49a1db,fa53485e-2921-468d-aa40-470ed510337c,2,Potentially Available,0,Does Not Provide This Service,0,Does Not Provide This Service,2026-04-11 03:32:52.869862
d5090ea8-2cbc-4225-9562-618fdd6d376c,fa6399f2-d15c-4a21-9af9-d3dcccbe0575,2,Potentially Available,0,Does Not Provide This Service,0,Does Not Provide This Service,2026-04-11 03:32:52.869862
af880aac-d99d-4ffe-9099-a8d63669420f,fa6b50a1-e0fb-4bd2-96a5-23d43406ccbd,2,Potentially Available,0,Does Not Provide This Service,0,Does Not Provide This Service,2026-04-11 03:32:52.869862
42a93707-b0ca-4e72-a0a7-10360d91e973,fa8b79c9-2ca9-45a8-8677-4ff97507d4ec,2,Potentially Available,0,Does Not Provide This Service,0,Does Not Provide This Service,2026-04-11 03:32:52.869862
3e2e364f-ee44-4498-85b2-b03ff26da84c,faa57104-1b96-4b6d-979a-53cd8e8b556b,2,Potentially Available,0,Does Not Provide This Service,0,Does Not Provide This Service,2026-04-11 03:32:52.869862
34c534de-380f-4e54-802e-30e8d6821033,faaa700d-5a70-4b1e-bc86-4485562a0e42,2,Potentially Available,0,Does Not Provide This Service,0,Does Not Provide This Service,2026-04-11 03:32:52.869862
8b16fbae-5283-4b9c-a0b8-4e57a5bf050a,fab1fb73-ab34-4f8f-a761-14597b3cf68f,2,Potentially Available,0,Does Not Provide This Service,0,Does Not Provide This Service,2026-04-11 03:32:52.869862
23b316b8-e591-42ab-aa2b-50e1d7ced3c3,fabf8148-b152-4057-ba2f-9c670a0ec09a,2,Potentially Available,0,Does Not Provide This Service,0,Does Not Provide This Service,2026-04-11 03:32:52.869862
a7502724-542e-4a8a-b204-1607f052caca,fac8292a-74fc-475e-a089-78ae0e90935c,2,Potentially Available,0,Does Not Provide This Service,0,Does Not Provide This Service,2026-04-11 03:32:52.869862
fc5cc841-f756-4477-ab34-2498f4b8e8b1,facb3a25-2d27-4f2e-94a5-d14a4a25e1a2,2,Potentially Available,0,Does Not Provide This Service,0,Does Not Provide This Service,2026-04-11 03:32:52.869862
f3ce6e3b-f0cd-421a-b927-94c9ac8a1181,faf22228-1b5f-4a65-846d-2f3325334140,2,Potentially Available,0,Does Not Provide This Service,0,Does Not Provide This Service,2026-04-11 03:32:52.869862
18e2fd7e-54e7-46a4-924f-5c95aac0d20e,fb02264f-e114-4bba-a1eb-c161febd4a42,2,Potentially Available,0,Does Not Provide This Service,0,Does Not Provide This Service,2026-04-11 03:32:52.869862
6afa87f5-39c0-4a95-ac25-04724180c48b,fb32da9f-0729-4ed3-9a80-3d5212bf172a,2,Potentially Available,0,Does Not Provide This Service,0,Does Not Provide This Service,2026-04-11 03:32:52.869862
a750cdc0-b05f-4a37-ac54-7c4287e215c6,fb6e836c-a652-4f52-9f77-517104bd27e1,2,Potentially Available,0,Does Not Provide This Service,0,Does Not Provide This Service,2026-04-11 03:32:52.869862
2c90bc8c-dfb6-4e50-a799-6025ab1eee58,fb7ec8c1-331a-4e18-a4ec-8ea9a8f240d2,2,Potentially Available,0,Does Not Provide This Service,0,Does Not Provide This Service,2026-04-11 03:32:52.869862
adc1e103-b931-4976-9c07-bc469c8248be,fb8c9919-f5a9-494d-aedb-4477bd7ab104,2,Potentially Available,0,Does Not Provide This Service,0,Does Not Provide This Service,2026-04-11 03:32:52.869862
cfc5dfec-bcde-461a-9bb5-e20055173daf,fb96947c-2669-48c9-afb8-a501b9efe98c,2,Potentially Available,0,Does Not Provide This Service,0,Does Not Provide This Service,2026-04-11 03:32:52.869862
09c5131d-d804-4071-af9e-7c7abdeb3631,fb98bb46-4e62-432e-8904-4b5c3f7c2ebb,1,Likely Available,1,Likely Available,0,Does Not Provide This Service,2026-04-11 03:32:52.869862
0de3af19-4478-4903-b463-32e3b334173c,fb9a97a9-ea24-4e36-a54b-7a1aa4cb11e2,2,Potentially Available,0,Does Not Provide This Service,0,Does Not Provide This Service,2026-04-11 03:32:52.869862
fd88c063-2291-4326-89c1-d5b2b3a76a75,fbab169a-04ae-435f-a495-5d6c0c1a1e70,2,Potentially Available,0,Does Not Provide This Service,0,Does Not Provide This Service,2026-04-11 03:32:52.869862
eb210478-58c1-4124-b052-8555fdc1f4e6,fbb44a0c-573a-492c-bbe3-f5dac1d2ddf6,2,Potentially Available,5,Highly Constrained,0,Does Not Provide This Service,2026-04-11 03:32:52.869862
74228aa6-67c0-4024-892a-cc1a137ae494,fbb66326-5d0c-483e-aad4-a8bae4c8eb0f,0,Does Not Provide This Service,0,Does Not Provide This Service,3,Constrained by Size,2026-04-11 03:32:52.869862
9888acf1-2be4-4522-b149-5482d26133ae,fbc19a71-bf78-48b1-97f1-0efe7d8d0e9b,2,Potentially Available,0,Does Not Provide This Service,0,Does Not Provide This Service,2026-04-11 03:32:52.869862
18b38d08-ac09-4533-8288-d11f280aac96,fbd02ba7-720e-4996-9b8f-954ea6d90f17,2,Potentially Available,0,Does Not Provide This Service,0,Does Not Provide This Service,2026-04-11 03:32:52.869862
46631e4f-d96e-4de5-abd8-d623dff29a40,fbff6898-30ea-47ed-8394-259cf942d02f,2,Potentially Available,0,Does Not Provide This Service,0,Does Not Provide This Service,2026-04-11 03:32:52.869862
69c85cf0-a28a-4c76-8adf-ce8a78b077ea,fc3a1aa0-5367-4bda-84a3-88bd7a57d862,2,Potentially Available,0,Does Not Provide This Service,0,Does Not Provide This Service,2026-04-11 03:32:52.869862
3a450de5-97b3-44c6-b12b-131a9645a781,fc58d744-3f0d-4cb5-a6c2-2217ea213b6b,1,Likely Available,1,Likely Available,0,Does Not Provide This Service,2026-04-11 03:32:52.869862
bdd3a437-af53-4a10-bd25-6101131bdf73,fc5d3ae6-30ed-42a3-ab1c-7e275e281c81,2,Potentially Available,0,Does Not Provide This Service,0,Does Not Provide This Service,2026-04-11 03:32:52.869862
4395b885-97c3-4c09-9742-26b7709fd7a2,fc73de4a-7cef-435f-a05b-7f71f89155dc,2,Potentially Available,0,Does Not Provide This Service,0,Does Not Provide This Service,2026-04-11 03:32:52.869862
996572dd-ef0c-4dd6-b112-0c299a0a3c40,fcd06537-dade-478f-8563-ee529c188939,0,Does Not Provide This Service,0,Does Not Provide This Service,3,Constrained by Size,2026-04-11 03:32:52.869862
85bfffdd-1764-4a4b-9c91-1b51e893c60a,fd2496c8-89c1-4a1b-90eb-8c5928420cad,2,Potentially Available,0,Does Not Provide This Service,0,Does Not Provide This Service,2026-04-11 03:32:52.869862
5891d4de-9f1d-4ded-a343-4074a791a755,fd32381d-a0ee-4f8c-bab3-08cdae56adcd,2,Potentially Available,0,Does Not Provide This Service,0,Does Not Provide This Service,2026-04-11 03:32:52.869862
990dbfe1-7921-4afe-a689-15deac8f0d54,fd371717-459f-459a-883b-4615a4bf5af0,2,Potentially Available,0,Does Not Provide This Service,0,Does Not Provide This Service,2026-04-11 03:32:52.869862
44130ef9-c5c2-4cba-9da7-68d12a82ddea,fd4802cc-0f5d-4273-8a19-7db711de9877,2,Potentially Available,0,Does Not Provide This Service,0,Does Not Provide This Service,2026-04-11 03:32:52.869862
1fbc30e9-ea38-4989-b83d-24bb5564aaf2,fd6dcc49-1811-4f63-8e27-7a82a0d9c046,2,Potentially Available,0,Does Not Provide This Service,0,Does Not Provide This Service,2026-04-11 03:32:52.869862
72cf18b5-c90b-4367-946c-47ac5c677b1e,fd9bce5d-36a0-4022-bf0c-59a11c5a844c,2,Potentially Available,0,Does Not Provide This Service,0,Does Not Provide This Service,2026-04-11 03:32:52.869862
42213260-709f-431f-b530-e63726f36c51,fdc90aea-665e-4074-a752-fc0fad542768,2,Potentially Available,0,Does Not Provide This Service,0,Does Not Provide This Service,2026-04-11 03:32:52.869862
23db8bf1-388f-4cdd-b20e-896156fd0994,fde4646e-bb04-4219-b2d9-97ee132c7d2a,2,Potentially Available,0,Does Not Provide This Service,0,Does Not Provide This Service,2026-04-11 03:32:52.869862
eb69dea1-78f3-40c4-93f9-5751f7c28192,fde539a8-ce32-4326-a764-10cac04c6ab4,2,Potentially Available,0,Does Not Provide This Service,0,Does Not Provide This Service,2026-04-11 03:32:52.869862
9012271f-1598-4366-9a25-92f540a4366a,fdff8cd8-4e54-44a2-a5e7-430c22541774,2,Potentially Available,0,Does Not Provide This Service,0,Does Not Provide This Service,2026-04-11 03:32:52.869862
9b3538fe-2c22-40d0-8a34-7269573f6287,fe29f50d-1ff8-45f1-912f-74b24e5993b3,2,Potentially Available,0,Does Not Provide This Service,0,Does Not Provide This Service,2026-04-11 03:32:52.869862
fd44010e-b51e-4ac1-893a-4211c3704b54,fe32212f-4e74-4024-8c6a-5f81de442e46,2,Potentially Available,0,Does Not Provide This Service,0,Does Not Provide This Service,2026-04-11 03:32:52.869862
2655a484-d7be-49aa-aeb4-5ce4e8ebd98e,fe3c04c7-2967-4e5f-a039-4ba22afc7698,2,Potentially Available,0,Does Not Provide This Service,0,Does Not Provide This Service,2026-04-11 03:32:52.869862
ac08287d-e7ae-4ae1-9b0f-acc179085f5b,fe61d039-e569-4eeb-8307-e554197d8518,2,Potentially Available,0,Does Not Provide This Service,0,Does Not Provide This Service,2026-04-11 03:32:52.869862
34b06265-4376-4e14-9fc4-12c87066f595,fe6f1ea8-4fad-4c9e-93b6-64fd33035969,2,Potentially Available,0,Does Not Provide This Service,0,Does Not Provide This Service,2026-04-11 03:32:52.869862
f2925a10-713e-4ac3-af54-055988075b00,fe76cc4e-0147-4386-ac16-f3eb2e2c40b8,2,Potentially Available,0,Does Not Provide This Service,0,Does Not Provide This Service,2026-04-11 03:32:52.869862
127d93e7-2dab-474e-8e3f-2ad001ef10d9,fe786fb8-5829-4874-9e0a-8a116a6afd27,2,Potentially Available,0,Does Not Provide This Service,0,Does Not Provide This Service,2026-04-11 03:32:52.869862
44f125b0-a90d-483b-988d-6b38b10ab77b,fe7bd3ba-c6f6-41f4-9692-a05d49b8d36c,2,Potentially Available,0,Does Not Provide This Service,0,Does Not Provide This Service,2026-04-11 03:32:52.869862
603842b6-30f2-4891-9d2f-92e4f1335051,fe7c422d-5245-4d9c-92a0-5b89e0adbb26,2,Potentially Available,0,Does Not Provide This Service,0,Does Not Provide This Service,2026-04-11 03:32:52.869862
530dfa41-e8b1-4be2-9756-1df4964963a4,fe7dcfbc-4e16-4630-9c24-4910c9bc9742,2,Potentially Available,0,Does Not Provide This Service,0,Does Not Provide This Service,2026-04-11 03:32:52.869862
bf01e4d1-f268-4d79-9859-f9b8828a416d,fe84b940-265d-4e4b-8fd1-7598b47cf498,2,Potentially Available,0,Does Not Provide This Service,0,Does Not Provide This Service,2026-04-11 03:32:52.869862
a498e13e-f855-43b1-8cbf-04c5abf6dd82,fe8da2f5-f603-4ba9-9c5d-cdd72a4fea52,1,Likely Available,1,Likely Available,0,Does Not Provide This Service,2026-04-11 03:32:52.869862
96a62871-453d-4781-9a82-cfb5ae38545e,feb7b978-e0b9-414e-b998-836860cfb327,2,Potentially Available,0,Does Not Provide This Service,0,Does Not Provide This Service,2026-04-11 03:32:52.869862
cedaf139-4f46-4462-92e6-85451aa3add0,feb948ac-add5-461b-9fa4-c13023a684aa,2,Potentially Available,0,Does Not Provide This Service,0,Does Not Provide This Service,2026-04-11 03:32:52.869862
7c77f29b-91b9-4f97-a335-dceeeb6fc180,feba42d3-1615-42af-86a5-8dacec51d082,2,Potentially Available,0,Does Not Provide This Service,0,Does Not Provide This Service,2026-04-11 03:32:52.869862
6c7ff5cc-e5b2-4928-b480-5426d7b3aba6,febe346e-fa60-44b2-b863-39914f1e46eb,2,Potentially Available,0,Does Not Provide This Service,0,Does Not Provide This Service,2026-04-11 03:32:52.869862
0bd8ea1e-9ebb-4c2a-b6f4-ee8e00a95d0f,fec4cfbc-64f0-4c3c-b0c6-0ef17d3d2a7c,2,Potentially Available,0,Does Not Provide This Service,0,Does Not Provide This Service,2026-04-11 03:32:52.869862
42a92695-dc20-4d1d-8316-4bbb813a5d0d,fed5354f-54cc-4af4-ae94-633a425e0480,2,Potentially Available,0,Does Not Provide This Service,0,Does Not Provide This Service,2026-04-11 03:32:52.869862
3926ada2-3c36-465c-8ff1-063f98f85a7a,fed9ffd6-106c-44c3-8056-613261ec8ef7,2,Potentially Available,0,Does Not Provide This Service,0,Does Not Provide This Service,2026-04-11 03:32:52.869862
c3206302-f5cd-4b50-8d8f-15a0cb4f8670,fee116bf-f50b-466e-9a34-6bf61f57ee6c,2,Potentially Available,0,Does Not Provide This Service,0,Does Not Provide This Service,2026-04-11 03:32:52.869862
29c4c73b-19e1-4098-bc48-a6b55d765713,fee5e752-034e-4c2e-b9f3-6f6c41c62c71,0,Does Not Provide This Service,0,Does Not Provide This Service,4,Constrained by Market,2026-04-11 03:32:52.869862
3ea5a476-915a-4ddb-991e-ae8516a076d7,fefe7b5a-c8cb-4b30-af87-4b061fe70a8f,2,Potentially Available,0,Does Not Provide This Service,0,Does Not Provide This Service,2026-04-11 03:32:52.869862
77754426-a4dc-49eb-aa75-2007d9dfa25d,ff1051b6-cc23-49f2-9830-4b9315ca5850,2,Potentially Available,0,Does Not Provide This Service,0,Does Not Provide This Service,2026-04-11 03:32:52.869862
aeb0f500-e91a-42ce-945a-899b9ee3d0cc,ff3974fc-baad-4f81-8dc9-77ce75a47aad,2,Potentially Available,0,Does Not Provide This Service,0,Does Not Provide This Service,2026-04-11 03:32:52.869862
041070e7-9b53-4da9-bf79-8e7256f254b9,ff4164c8-2fb2-4956-922e-a5c91835cb12,2,Potentially Available,0,Does Not Provide This Service,0,Does Not Provide This Service,2026-04-11 03:32:52.869862
60f15062-1b5d-45d1-9dd4-1723e4e69d2d,ff522b0e-ca6a-4618-9db0-32d6bc275517,2,Potentially Available,0,Does Not Provide This Service,0,Does Not Provide This Service,2026-04-11 03:32:52.869862
b6ffd7f7-a94b-4af3-9be7-14a6b57ab030,ff5ab2b1-b33f-422a-b28e-52da2e70073f,2,Potentially Available,0,Does Not Provide This Service,0,Does Not Provide This Service,2026-04-11 03:32:52.869862
de7845e6-899e-406d-a7a9-b9b7fce7bb1f,ff5dc704-106c-485e-96ed-b3b778122ce7,2,Potentially Available,0,Does Not Provide This Service,0,Does Not Provide This Service,2026-04-11 03:32:52.869862
b5481767-f4ac-4467-8055-74cf78610c6c,ff6df550-9f6d-4842-8a7d-e5fad15af33d,2,Potentially Available,0,Does Not Provide This Service,0,Does Not Provide This Service,2026-04-11 03:32:52.869862
0b4eb5d4-2383-40e9-9aec-288a281b9d5b,ff6e1b26-1914-4234-b139-2a8bcff78c67,2,Potentially Available,0,Does Not Provide This Service,0,Does Not Provide This Service,2026-04-11 03:32:52.869862
b604cd9e-33cb-4042-9ec2-fb01cd4959c3,ff700ce2-d6f4-47a5-bd9a-ab3455aceeb7,2,Potentially Available,0,Does Not Provide This Service,0,Does Not Provide This Service,2026-04-11 03:32:52.869862
1ecf9d37-4e38-4eaf-85ad-7a86795a23e0,ff937375-fb94-4bba-92f1-b3ebab27cfa1,2,Potentially Available,0,Does Not Provide This Service,0,Does Not Provide This Service,2026-04-11 03:32:52.869862
1be27973-b227-4d8f-b5e5-d3548284b8c4,ffaa76e5-ce68-423e-84a8-75f990a06cf4,2,Potentially Available,0,Does Not Provide This Service,0,Does Not Provide This Service,2026-04-11 03:32:52.869862
88f1ba41-750c-452d-ab02-b3d894b5807f,ffb85444-c9f1-4ab3-a692-761d33c0b9a8,2,Potentially Available,0,Does Not Provide This Service,0,Does Not Provide This Service,2026-04-11 03:32:52.869862
bfc08653-fc52-4fad-bff2-e01f531bd689,ffc7c640-4dea-474e-aeed-be49bda5192a,2,Potentially Available,0,Does Not Provide This Service,0,Does Not Provide This Service,2026-04-11 03:32:52.869862
85ddc00c-36d6-4848-b07b-4afa0adc41e0,ffd084ef-79d8-44f7-a6cf-136485598a40,2,Potentially Available,0,Does Not Provide This Service,0,Does Not Provide This Service,2026-04-11 03:32:52.869862
e45b92a0-8697-41c7-85a1-623e2985efbf,ffdf7591-5e12-4636-960a-a9c6cf73b8a8,2,Potentially Available,0,Does Not Provide This Service,0,Does Not Provide This Service,2026-04-11 03:32:52.869862
