id,lga_code,lga_name,care_level,people_count,created_at
5341e889-7e2f-4578-8453-adeb85f9ae6a,10050,Albury,1,90,2026-04-07 13:27:09.140239
4b098c2f-846a-41da-ac76-f8ea07c22e66,10180,Armidale,1,29,2026-04-07 13:27:09.140239
609a4310-be60-40f5-a903-5979402fb1df,10250,Ballina,1,81,2026-04-07 13:27:09.140239
6ee990b4-aa3f-4a4f-9cbc-b741dcc08a28,10470,Bathurst,1,13,2026-04-07 13:27:09.140239
878f2bab-57ea-41f0-b6fd-90df1e029d25,10500,Bayside (NSW),1,30,2026-04-07 13:27:09.140239
870ba95d-fe37-4183-8f14-7335ffb7514a,10550,Bega Valley,1,37,2026-04-07 13:27:09.140239
59093e81-5d56-4e3e-9273-5e3c6f18b214,10600,Bellingen,1,13,2026-04-07 13:27:09.140239
55bc2137-8c3d-44a8-88a3-614d84c21a5d,10650,Berrigan,1,7,2026-04-07 13:27:09.140239
41c9b061-e3d2-4b86-b832-3612f7f80638,10750,Blacktown,1,70,2026-04-07 13:27:09.140239
c4c973b6-1014-40c2-beec-53127c5605f6,10900,Blue Mountains,1,22,2026-04-07 13:27:09.140239
93124beb-c93a-4da3-af97-1dea4d44aede,11200,Brewarrina,1,0,2026-04-07 13:27:09.140239
d3c78942-7a8a-4a6e-8f89-c13b1b537ad4,11250,Broken Hill,1,19,2026-04-07 13:27:09.140239
d5f50131-15bf-4650-8dda-07d49091bafd,11300,Burwood,1,13,2026-04-07 13:27:09.140239
ec5a1bb2-8bcd-4590-bf0a-ffcbceb12db5,11450,Camden,1,55,2026-04-07 13:27:09.140239
453f37b9-3d72-4f01-b57c-fc35e7f37130,11500,Campbelltown (NSW),1,40,2026-04-07 13:27:09.140239
198cb638-8fbf-4e03-870e-99a4facb562b,11520,Canada Bay,1,8,2026-04-07 13:27:09.140239
d9104d23-7980-42c7-a34b-9184c8fd981c,11570,Canterbury-Bankstown,1,210,2026-04-07 13:27:09.140239
10d038f8-452e-4198-94b1-36b06e501737,11600,Carrathool,1,2,2026-04-07 13:27:09.140239
6443a664-304f-42e9-b51e-1764b8e69001,11650,Central Coast (NSW),1,278,2026-04-07 13:27:09.140239
467bc19d-0be8-4a8d-9741-19b46319b245,11720,Cessnock,1,62,2026-04-07 13:27:09.140239
89290f8a-fd1b-41e6-afcc-cc263b0cbc4d,11730,Clarence Valley,1,16,2026-04-07 13:27:09.140239
eca19f1e-ceb1-441f-87cf-721c33cd2db0,11800,Coffs Harbour,1,82,2026-04-07 13:27:09.140239
24659d8e-83e8-4270-9f31-b9e89578847e,12000,Coolamon,1,6,2026-04-07 13:27:09.140239
091a079c-2faa-4898-a2a5-6f494d7362b1,12350,Cowra,1,12,2026-04-07 13:27:09.140239
7da5bd55-9f51-432f-94de-e5d9e0147f3d,12380,Cumberland,1,403,2026-04-07 13:27:09.140239
c25d5e25-3755-4996-863b-abe8c8e0d7d9,12390,Dubbo,1,44,2026-04-07 13:27:09.140239
2135c3f7-bc9b-46a8-a2b8-6168d65d6c7d,12730,Edward River,1,49,2026-04-07 13:27:09.140239
8e3ed4c2-2bd6-4d92-8e07-82a227f216ff,12750,Eurobodalla,1,7,2026-04-07 13:27:09.140239
1d8815a3-0087-421b-9e83-70d0a690fdcb,12850,Fairfield,1,103,2026-04-07 13:27:09.140239
5b424683-6d61-4d80-8a0e-6d1e8d384055,12930,Georges River,1,102,2026-04-07 13:27:09.140239
7ed804ca-ca72-445b-845f-b6a21491cccb,12950,Gilgandra,1,1,2026-04-07 13:27:09.140239
3193ba03-27d0-4f03-b5db-ce2034d14ca8,13010,Glen Innes Severn,1,6,2026-04-07 13:27:09.140239
dcc03ed6-36be-461a-9e64-e73c65c210ac,13310,Goulburn Mulwaree,1,32,2026-04-07 13:27:09.140239
ebcf7ed3-c5c6-4eaf-9fff-5a90bdda7860,13450,Griffith,1,28,2026-04-07 13:27:09.140239
33d1d635-ae34-4ad9-8d17-46bdcdabf7e3,13550,Gunnedah,1,7,2026-04-07 13:27:09.140239
424f754a-765b-41fd-95f4-b83788c17aa0,13800,Hawkesbury,1,6,2026-04-07 13:27:09.140239
3f529f9c-a620-4fb8-aaeb-5f4e1cd4fcc3,13910,Hilltops,1,10,2026-04-07 13:27:09.140239
dc66f43a-1bc2-413a-b949-eede89701b1a,14000,Hornsby,1,13,2026-04-07 13:27:09.140239
7bbbb3c9-7985-4f1e-9be0-ce915d3bc835,14100,Hunters Hill,1,14,2026-04-07 13:27:09.140239
bcc5ec57-82dc-4b94-aaa7-93aae21d087e,14170,Inner West,1,60,2026-04-07 13:27:09.140239
7e6e62e1-0fff-4777-ba90-e72d202493c7,14220,Inverell,1,15,2026-04-07 13:27:09.140239
450961d8-ef56-4372-9791-03276a4b4352,14350,Kempsey,1,12,2026-04-07 13:27:09.140239
ae306fd1-b97d-4250-b325-846fa89de221,14400,Kiama,1,6,2026-04-07 13:27:09.140239
bdc03714-4e97-43a0-a523-4a73cab047ed,14500,Ku-ring-gai,1,60,2026-04-07 13:27:09.140239
7d1917d9-9e41-47e9-9111-64bb234885a8,14550,Kyogle,1,12,2026-04-07 13:27:09.140239
d00bfe5d-b3c7-432a-b764-c4370ca14dd0,14650,Lake Macquarie (C),1,203,2026-04-07 13:27:09.140239
a1e6c099-436a-485b-95d3-7938eb3580fd,14700,Lane Cove,1,3,2026-04-07 13:27:09.140239
10f728fc-5f23-4907-bc8c-8f5ff7d14cbd,14850,Lismore,1,12,2026-04-07 13:27:09.140239
76967d90-5d17-4c9c-9dd2-16f153682329,14900,Liverpool,1,115,2026-04-07 13:27:09.140239
a06bac88-e56a-4f2c-8616-3cb765cda4f5,15240,Mid-Coast,1,74,2026-04-07 13:27:09.140239
cfc769a7-2d04-4f0b-afb9-7238bc681583,15270,Mid-Western,1,13,2026-04-07 13:27:09.140239
f97378c6-0f25-481a-acb2-9c1721d50339,15350,Mosman,1,1,2026-04-07 13:27:09.140239
80f0faa8-1842-418b-afb9-2e26f8351d09,15560,Murrumbidgee,1,0,2026-04-07 13:27:09.140239
c33e1dc4-adfd-41f2-9ed1-a9943b906c7c,15650,Muswellbrook,1,4,2026-04-07 13:27:09.140239
e0b10ec8-4a42-462e-9780-fd5853fb9da8,15700,Nambucca Valley,1,41,2026-04-07 13:27:09.140239
65c80c4d-2c25-48c2-8ed7-67eee47f9c90,15750,Narrabri,1,10,2026-04-07 13:27:09.140239
e573d722-0ea9-4603-9052-aed4d944f05a,15900,Newcastle,1,338,2026-04-07 13:27:09.140239
1fec9742-96d9-4711-85c6-0e87432fb906,15950,North Sydney,1,48,2026-04-07 13:27:09.140239
bd3fa112-6bdf-492a-90ad-c8c39034cbd3,15990,Northern Beaches,1,77,2026-04-07 13:27:09.140239
1bdecc26-17ff-4662-b140-ea4569bf788f,16150,Orange,1,5,2026-04-07 13:27:09.140239
0e62edd3-8e5c-45c8-b111-a69a20559086,16200,Parkes,1,3,2026-04-07 13:27:09.140239
d1b80a7c-c712-47a1-910d-b0620a1d8872,16260,Parramatta,1,235,2026-04-07 13:27:09.140239
a81bdb57-dc38-433b-9954-7bfc30998ed1,16350,Penrith,1,26,2026-04-07 13:27:09.140239
48eadfc4-37e9-465c-9440-49df4d2233aa,16380,Port Macquarie-Hastings,1,472,2026-04-07 13:27:09.140239
b3ad5436-f983-48f6-a9e8-3871ffb093eb,16400,Port Stephens,1,21,2026-04-07 13:27:09.140239
f94b90b4-5845-4ff5-8129-0a8df39ccbe2,16490,Queanbeyan-Palerang,1,4,2026-04-07 13:27:09.140239
0be36960-7a08-4014-be97-a18c03a933fb,16550,Randwick,1,33,2026-04-07 13:27:09.140239
fff449b2-10ad-4183-92a4-89234f92e9dd,16610,Richmond Valley,1,5,2026-04-07 13:27:09.140239
c6fe142e-a55f-4065-89aa-ed991d0e420c,16700,Ryde,1,220,2026-04-07 13:27:09.140239
2d91a3ec-e34e-451a-b248-5f2b4c6a1d5a,16900,Shellharbour,1,11,2026-04-07 13:27:09.140239
a3bba85f-79b1-4cfb-ba9d-f5d7d6fb0a55,16950,Shoalhaven,1,37,2026-04-07 13:27:09.140239
ee08d82b-e2c3-4b4a-a38f-dc322186ae06,17000,Singleton,1,5,2026-04-07 13:27:09.140239
7faf6e79-f06d-469c-a750-ace327b4317a,17040,Snowy Monaro,1,0,2026-04-07 13:27:09.140239
b6f5c32c-4c92-4113-8827-e222b099def3,17080,Snowy Valleys,1,31,2026-04-07 13:27:09.140239
204cf6cb-d2e1-402b-9e87-3460d09f9a04,17100,Strathfield,1,50,2026-04-07 13:27:09.140239
484f7c45-0b1e-4ae0-b50a-fba86794ac09,17150,Sutherland,1,17,2026-04-07 13:27:09.140239
6d25d0a8-398c-4327-84a5-0f47ff4c1cf3,17200,Sydney,1,399,2026-04-07 13:27:09.140239
1a947380-49ef-4858-a61a-c3a8c3629633,17310,Tamworth,1,5,2026-04-07 13:27:09.140239
ae30abd1-b267-478d-b4bc-64c80daf3512,17350,Temora,1,2,2026-04-07 13:27:09.140239
f8acbda1-3f3e-4caf-ac0e-1e0ecfbb43b7,17400,Tenterfield,1,1,2026-04-07 13:27:09.140239
e677f088-a29d-4d98-a881-f620d40ff27f,17420,The Hills,1,254,2026-04-07 13:27:09.140239
18c0eb8a-f314-474c-9313-56e89224525d,17550,Tweed,1,310,2026-04-07 13:27:09.140239
0ea59dfe-8634-4178-ad4c-a1352b8fac2c,17620,Upper Hunter,1,11,2026-04-07 13:27:09.140239
9ac4550f-d132-409a-a319-db2d70fda43c,17640,Upper Lachlan,1,1,2026-04-07 13:27:09.140239
fa08568f-2941-4e2d-83ca-c8e4299b6780,17650,Uralla,1,2,2026-04-07 13:27:09.140239
bcc3d81e-8e86-458b-9c9f-0b6c583068c0,17750,Wagga Wagga,1,260,2026-04-07 13:27:09.140239
a84c8cd1-0438-4988-a066-3234e4c957e8,18020,Warrumbungle,1,5,2026-04-07 13:27:09.140239
e1ce1581-5f5d-419d-8e3e-98a997647109,18050,Waverley,1,31,2026-04-07 13:27:09.140239
d9c6c2e1-895c-40d7-b6c5-17abb1fb3a50,18200,Wentworth,1,0,2026-04-07 13:27:09.140239
6c589242-4c40-4264-a221-0f5d73da72db,18250,Willoughby,1,60,2026-04-07 13:27:09.140239
ac406933-5785-48ec-ae9f-f9f29dd01457,18350,Wingecarribee,1,2,2026-04-07 13:27:09.140239
4f3cd045-9a21-41b8-9468-93d4af07961f,18400,Wollondilly,1,6,2026-04-07 13:27:09.140239
b61a279a-08df-4eec-804d-f59b93e2baa4,18450,Wollongong,1,152,2026-04-07 13:27:09.140239
3e47bfc6-b9fe-48e7-b6f7-0aee1fde1b58,18500,Woollahra,1,8,2026-04-07 13:27:09.140239
d2327074-de0c-44ba-9037-0c1ee46ce5f0,18710,Yass Valley,1,0,2026-04-07 13:27:09.140239
e816680b-cd54-4440-b631-e29ef65d7b31,20110,Alpine,1,3,2026-04-07 13:27:09.140239
d331d957-7e8d-4460-81c9-fc0d7842390c,20260,Ararat,1,3,2026-04-07 13:27:09.140239
cbe60685-8003-471b-bf7b-e9408f2eea69,20570,Ballarat,1,20,2026-04-07 13:27:09.140239
078ee1ec-8758-408a-8231-6ce1df9e1fac,20660,Banyule,1,39,2026-04-07 13:27:09.140239
5ab9a620-feb9-4a35-a9ba-9d8582363952,20740,Bass Coast,1,0,2026-04-07 13:27:09.140239
17b16165-fe75-420d-b3a2-0ae36e6e840b,20830,Baw Baw,1,9,2026-04-07 13:27:09.140239
3a07e6ea-1f70-4caa-a423-7f7ed670da6c,20910,Bayside (Vic.),1,19,2026-04-07 13:27:09.140239
70fa0e5c-a23c-4a79-acf7-9c3101c39fad,21010,Benalla,1,0,2026-04-07 13:27:09.140239
ef8ca00e-c31d-44d4-a636-03f3f30a5e1c,21110,Boroondara,1,44,2026-04-07 13:27:09.140239
f46fa263-7698-4070-80fd-7c2d8f31dba1,21180,Brimbank,1,30,2026-04-07 13:27:09.140239
2172f71f-0b82-4e7f-9707-a6895422412e,21370,Campaspe,1,25,2026-04-07 13:27:09.140239
24c3e299-7f2b-4faa-91e5-3ead80a2957f,21450,Cardinia,1,53,2026-04-07 13:27:09.140239
586f0f80-e627-46b7-bb92-783ebd2353d2,21610,Casey,1,18,2026-04-07 13:27:09.140239
1bca0599-1ead-4a28-b61f-57385695fc9a,21750,Colac Otway,1,4,2026-04-07 13:27:09.140239
0450153a-1789-4c6e-a906-26148c9665f6,21830,Corangamite,1,2,2026-04-07 13:27:09.140239
8c8f7496-c7ad-4d16-a008-c04f4d627200,21890,Darebin,1,40,2026-04-07 13:27:09.140239
1cb53946-f458-4402-8dcf-01d8c73f57c8,22110,East Gippsland,1,30,2026-04-07 13:27:09.140239
d068e413-7f78-4dc0-80be-625dc3886505,22170,Frankston,1,39,2026-04-07 13:27:09.140239
4d3a44c8-3a89-4640-b3a9-e375270470dc,22310,Glen Eira,1,94,2026-04-07 13:27:09.140239
11845d71-c440-4e77-9cc1-e2fb03461998,22410,Glenelg,1,0,2026-04-07 13:27:09.140239
90356f35-f3dd-4b8c-b22a-2c7abd935701,22620,Greater Bendigo,1,21,2026-04-07 13:27:09.140239
b89e2f67-724b-4f84-ae71-91699bd414b9,22670,Greater Dandenong,1,53,2026-04-07 13:27:09.140239
6c7915e9-5371-4fb3-9666-7ef033de9c6c,22750,Greater Geelong,1,41,2026-04-07 13:27:09.140239
901a7f96-f914-44b4-80bb-ae872063394c,22830,Greater Shepparton,1,155,2026-04-07 13:27:09.140239
e08d0084-d447-4e7c-b5b2-849c3dbc5626,22910,Hepburn,1,0,2026-04-07 13:27:09.140239
c7572e06-9042-49e1-8966-21fad62bb781,22980,Hindmarsh,1,0,2026-04-07 13:27:09.140239
62a98b4c-df7b-47ab-a2b7-7c094b494858,23110,Hobsons Bay (C),1,0,2026-04-07 13:27:09.140239
50e3e6cb-3c56-41ea-8b8a-06d1fe25f958,23190,Horsham,1,11,2026-04-07 13:27:09.140239
261e4214-19d7-480a-aa52-cb0c8e5a1c2e,23270,Hume,1,37,2026-04-07 13:27:09.140239
174c075b-5160-4ecd-8b7e-732c5585e15c,23350,Indigo,1,3,2026-04-07 13:27:09.140239
ffd2e9c3-746f-4569-baa0-3acd9211ca55,23430,Kingston (Vic.),1,44,2026-04-07 13:27:09.140239
d64f8861-9b41-48ff-8dd8-f44bd3e2014b,23670,Knox,1,153,2026-04-07 13:27:09.140239
496da1c2-25a1-4c14-ad08-a1a0606d40d8,23810,Latrobe (Vic.),1,143,2026-04-07 13:27:09.140239
a28fbe07-4eb1-45f9-8123-90bda619c877,24130,Macedon Ranges,1,4,2026-04-07 13:27:09.140239
9b0be526-8abe-4c68-ac44-78c2e867b379,24210,Manningham,1,30,2026-04-07 13:27:09.140239
f7f79ed3-5140-4453-8eea-6d345456c7fc,24330,Maribyrnong,1,24,2026-04-07 13:27:09.140239
04afd20c-35ea-4ce2-87a9-f07c621bea5c,24410,Maroondah,1,129,2026-04-07 13:27:09.140239
3fde9cb2-05a3-4ffe-9727-b640a09f9e00,24600,Melbourne,1,159,2026-04-07 13:27:09.140239
67b8e930-f425-4110-91d6-840e78f8af9e,24650,Melton,1,20,2026-04-07 13:27:09.140239
f7b14d77-5e4e-4c3e-bdbc-3455e94e30f6,24700,Merri-bek,1,37,2026-04-07 13:27:09.140239
10890907-5183-4f50-8788-0e27a33ddf05,24780,Mildura,1,59,2026-04-07 13:27:09.140239
6a73651e-88d4-487d-a69e-4d63d3a4e4dc,24900,Moira,1,57,2026-04-07 13:27:09.140239
aea06ebb-146d-4844-a164-2ec68055cc03,24970,Monash,1,617,2026-04-07 13:27:09.140239
16c972f0-960f-40e7-af7c-0a95e243e3dd,25060,Moonee Valley,1,15,2026-04-07 13:27:09.140239
ba71b80a-58f8-4bc3-a0e2-6f9e9b16e68d,25340,Mornington Peninsula,1,31,2026-04-07 13:27:09.140239
65b9caa0-95c6-4036-a64f-aaa160a2f49b,25430,Mount Alexander,1,0,2026-04-07 13:27:09.140239
fbfe20dd-0347-4198-b0f5-4c31de383d6e,25490,Moyne,1,1,2026-04-07 13:27:09.140239
f4957f56-e602-4c50-8161-0212500c92c7,25710,Nillumbik,1,27,2026-04-07 13:27:09.140239
17eafa31-adbb-41fb-afc1-888fca9e205d,25810,Northern Grampians,1,7,2026-04-07 13:27:09.140239
36e0c977-1b2c-467b-8245-631e33363a64,25900,Port Phillip,1,64,2026-04-07 13:27:09.140239
71f3a928-e35b-4a87-8ea0-a429e812896d,25990,Pyrenees,1,1,2026-04-07 13:27:09.140239
b2115ae9-8a44-4983-a0ec-aeed1c3df41a,26080,Queenscliffe,1,5,2026-04-07 13:27:09.140239
4818e355-c132-4684-aa9e-eea5127081be,26170,South Gippsland,1,51,2026-04-07 13:27:09.140239
7e88de09-d3d4-4a24-91fe-b38449ca2b27,26260,Southern Grampians,1,8,2026-04-07 13:27:09.140239
17fdfd03-7e0f-4740-ac70-0f4b2af28b15,26350,Stonnington,1,47,2026-04-07 13:27:09.140239
205819f2-0acb-49c2-934f-9eb26ae2ce91,26430,Strathbogie,1,22,2026-04-07 13:27:09.140239
d43becb3-6ab3-434c-8494-b34d306faa20,26490,Surf Coast,1,18,2026-04-07 13:27:09.140239
30c7043a-1ebf-4e98-b6cd-87a039aedf82,26610,Swan Hill,1,3,2026-04-07 13:27:09.140239
b659e4ae-e90a-447e-91c3-90d93f54ee2d,26670,Towong,1,0,2026-04-07 13:27:09.140239
0cb1f51f-8573-46b1-8e9b-93160ab4edf4,26700,Wangaratta,1,10,2026-04-07 13:27:09.140239
b1d91946-64cb-4170-ad60-8b8b7eaba2d1,26730,Warrnambool,1,8,2026-04-07 13:27:09.140239
67e79e97-bf23-43be-9032-ace6767c565a,26810,Wellington,1,41,2026-04-07 13:27:09.140239
654f1521-b1ca-4916-9e1e-74eb750f850b,26980,Whitehorse,1,198,2026-04-07 13:27:09.140239
c0c64e0d-a750-4c1a-a706-ea7cea4b5962,27070,Whittlesea,1,98,2026-04-07 13:27:09.140239
37c417ce-047c-4453-8d18-6ee33539076e,27170,Wodonga,1,5,2026-04-07 13:27:09.140239
45f6d634-9b5c-4cce-bb53-ad15cee22390,27260,Wyndham,1,2,2026-04-07 13:27:09.140239
47e20b91-5128-403c-8c43-e01080fcbac9,27350,Yarra,1,20,2026-04-07 13:27:09.140239
5e066666-070c-4a33-8209-dee9022b2008,27450,Yarra Ranges,1,32,2026-04-07 13:27:09.140239
c8f0f612-91e6-4b52-b679-fbfe4a96e8dc,30370,Banana,1,2,2026-04-07 13:27:09.140239
92807247-3453-4bfb-af5a-69384c4e86ef,30410,Barcaldine,1,0,2026-04-07 13:27:09.140239
d887bc3f-9c61-49c2-a41a-651524335ee4,31000,Brisbane,1,1049,2026-04-07 13:27:09.140239
5b46f5dd-8bd9-4327-9343-e282018adc9d,31820,Bundaberg,1,56,2026-04-07 13:27:09.140239
b0907dbd-b152-403f-854e-e0b20083c613,31900,Burdekin,1,11,2026-04-07 13:27:09.140239
7eb380b5-7e22-42a3-8b92-881e310ffcf1,32080,Cairns,1,55,2026-04-07 13:27:09.140239
4d1389b2-308a-4844-9aa5-eef5634608dc,32260,Cassowary Coast,1,2,2026-04-07 13:27:09.140239
00a3a3ea-db96-4cc9-9ae3-72ebd857d93d,32270,Central Highlands (Qld),1,3,2026-04-07 13:27:09.140239
36afbc75-7dcf-4828-9593-b539df57e91d,32500,Cook,1,0,2026-04-07 13:27:09.140239
25237731-4757-4e11-82e0-2eaf1bb2adf5,33200,Flinders (Qld),1,0,2026-04-07 13:27:09.140239
eae12d9b-b5b2-4590-a789-f24830b02fb3,33220,Fraser Coast,1,58,2026-04-07 13:27:09.140239
5cc19a51-aedc-48fe-9f48-e44106422ad9,33360,Gladstone,1,0,2026-04-07 13:27:09.140239
dd55c691-ded8-4ba1-aa7b-68ff83e16179,33430,Gold Coast,1,168,2026-04-07 13:27:09.140239
9c2a24de-4eac-44c8-b3b4-477aa99e16a9,33610,Goondiwindi,1,2,2026-04-07 13:27:09.140239
38ea02ff-07c7-4fe4-acb0-ef553a9d801c,33620,Gympie,1,2,2026-04-07 13:27:09.140239
37bda640-eb7a-4059-964f-07bc6c18be85,33800,Hinchinbrook,1,23,2026-04-07 13:27:09.140239
00229bf7-41e2-4af9-b67d-0e0bbaf4110a,33960,Ipswich,1,87,2026-04-07 13:27:09.140239
08a15362-07d7-4b54-9f07-f439e14ffe52,33980,Isaac,1,0,2026-04-07 13:27:09.140239
84646421-fb23-46e1-b70d-765dad5fad65,34420,Kowanyama,1,0,2026-04-07 13:27:09.140239
e0438069-ee61-46f0-9584-0e88fd4b6914,34580,Lockyer Valley,1,27,2026-04-07 13:27:09.140239
c1196339-4adb-4077-88ce-25861bcc2458,34590,Logan,1,47,2026-04-07 13:27:09.140239
3d574ac7-76e0-4fe7-9464-51bd6c494800,34770,Mackay,1,4,2026-04-07 13:27:09.140239
c431b73e-f235-48e0-9853-f7bfb3f482e3,34860,Maranoa,1,12,2026-04-07 13:27:09.140239
4c931c9d-cea2-4267-b7ad-4a9f1724ed53,34880,Mareeba,1,5,2026-04-07 13:27:09.140239
4bf705ef-e16c-4d27-bfc7-5f2aef8ea276,35010,Moreton Bay,1,189,2026-04-07 13:27:09.140239
8f23a095-0f5f-48b7-82bf-1beaa75a1a3b,35670,Napranum,1,0,2026-04-07 13:27:09.140239
05523e50-df1b-45ce-a438-c3ca8cf6be6e,35740,Noosa (S),1,3,2026-04-07 13:27:09.140239
a655085a-b7e9-42ed-bb6e-5cea7441a621,35760,North Burnett,1,0,2026-04-07 13:27:09.140239
518b8e4a-537b-4883-ae87-dcf93485550e,35780,Northern Peninsula Area,1,2,2026-04-07 13:27:09.140239
74c6c388-f3d4-4343-a416-a4d362ec16b1,35800,Paroo,1,13,2026-04-07 13:27:09.140239
c1e58424-ca6f-4b90-b66d-25092d8bae1a,36070,Pormpuraaw,1,0,2026-04-07 13:27:09.140239
6a8e5b15-e7ba-4345-89b1-6c4440075090,36250,Redland,1,34,2026-04-07 13:27:09.140239
f82280d5-a4a8-42e9-a135-2aef724af427,36300,Richmond,1,0,2026-04-07 13:27:09.140239
3ced883e-ef36-443a-9ddd-c872deb45602,36370,Rockhampton,1,27,2026-04-07 13:27:09.140239
2e09a323-8316-4190-8e68-48b3941f2c2e,36510,Scenic Rim,1,28,2026-04-07 13:27:09.140239
34e4a04d-572f-4b39-8c07-e36b094d8011,36630,South Burnett,1,55,2026-04-07 13:27:09.140239
4e66622e-eeed-4284-8d50-ced1942b0b38,36660,Southern Downs,1,26,2026-04-07 13:27:09.140239
ff8dc29a-d9ee-416e-a8b7-760f82c489b8,36720,Sunshine Coast,1,148,2026-04-07 13:27:09.140239
f8121401-b4ea-4ed2-baed-29fdfa725104,36820,Tablelands,1,2,2026-04-07 13:27:09.140239
3aeb638f-0269-4cf6-88b8-b801d43dad33,36910,Toowoomba,1,169,2026-04-07 13:27:09.140239
aa2e897c-8d37-476c-bcbe-913d15b4e082,36950,Torres,1,0,2026-04-07 13:27:09.140239
837f6921-610f-4ccb-9c19-b28c7eec4933,37010,Townsville,1,124,2026-04-07 13:27:09.140239
41dc5d07-7c1d-4d84-a8db-108f5386d09e,37310,Western Downs,1,1,2026-04-07 13:27:09.140239
5f7fba23-614d-4efe-a023-c8843862f9b8,37340,Whitsunday,1,5,2026-04-07 13:27:09.140239
996490db-d4fe-477d-96dd-c8763f3dcb17,37400,Winton,1,1,2026-04-07 13:27:09.140239
b0b45a2e-1db5-4bcc-95d6-c6a5067bcd0a,37570,Wujal Wujal,1,0,2026-04-07 13:27:09.140239
d7c23d61-0b71-44a9-8289-72aaf29864b1,37600,Yarrabah,1,0,2026-04-07 13:27:09.140239
180a5882-c90b-406c-93de-a83db04a9e3c,40070,Adelaide,1,68,2026-04-07 13:27:09.140239
110eb8c7-4372-4687-81fb-d307e76110a6,40220,Alexandrina,1,11,2026-04-07 13:27:09.140239
51d08b98-4336-4e34-a001-4dc156d64ee6,40310,Barossa,1,23,2026-04-07 13:27:09.140239
1ffbd82c-415f-4715-9bb6-f382f82dcd6d,40430,Barunga West,1,9,2026-04-07 13:27:09.140239
51d979eb-5e6c-4a10-b98d-acd83228e68c,40520,Berri Barmera,1,6,2026-04-07 13:27:09.140239
c50cf036-7eaf-457d-8e99-8701f5251d2b,40700,Burnside,1,21,2026-04-07 13:27:09.140239
6af5b3d6-d055-4828-a0fd-dc461473ff1f,40910,Campbelltown (SA),1,57,2026-04-07 13:27:09.140239
3a913f88-aa60-4709-818b-50f6880f7c0c,41060,Charles Sturt,1,46,2026-04-07 13:27:09.140239
4c384d9b-42e8-48ae-a89a-85fdf45f09ad,41560,Copper Coast,1,10,2026-04-07 13:27:09.140239
3ba0e8d8-9c55-4a2e-b21e-f2702741f571,42600,Holdfast Bay,1,4,2026-04-07 13:27:09.140239
f7ca36cf-cb56-4409-992b-d4e800752a19,44060,Marion,1,21,2026-04-07 13:27:09.140239
647828c3-2361-41ba-aaf5-1f4516f52eec,44340,Mitcham,1,13,2026-04-07 13:27:09.140239
85fc9353-c76f-4840-8efe-0eb692dbcf64,44550,Mount Barker,1,6,2026-04-07 13:27:09.140239
8a563f63-d81d-435e-92ef-f5d51ae2226e,44620,Mount Gambier,1,31,2026-04-07 13:27:09.140239
e363f06f-ac52-4767-9d97-abc9f407f427,45040,Murray Bridge,1,25,2026-04-07 13:27:09.140239
8857a32c-6555-4ed9-b90e-62b001fdc49f,45090,Naracoorte Lucindale,1,14,2026-04-07 13:27:09.140239
4320446c-51ba-48e1-87f8-8434f7fceb90,45290,Norwood Payneham and St Peters,1,61,2026-04-07 13:27:09.140239
b9535c3f-a2f9-4c14-935e-d3d0c0afd0d9,45340,Onkaparinga,1,3,2026-04-07 13:27:09.140239
d6aaf1cb-31f7-43e6-b9f4-dff806446104,45680,Playford,1,38,2026-04-07 13:27:09.140239
3b9a3a80-9f87-4c52-a263-bf56a7966b39,45890,Port Adelaide Enfield,1,35,2026-04-07 13:27:09.140239
f1e0b393-4124-44d5-b560-b04274ee7d2d,46090,Port Augusta,1,15,2026-04-07 13:27:09.140239
932b526f-250d-4641-9fe0-ba598c3880c8,46300,Port Lincoln,1,70,2026-04-07 13:27:09.140239
aae0781c-57e2-4d72-a823-fdcdebd217c9,46450,Port Pirie,1,51,2026-04-07 13:27:09.140239
9e4e2f96-b0e7-4cef-9c68-6b796461af21,46510,Prospect,1,1,2026-04-07 13:27:09.140239
f13fefe2-38d1-4212-9be0-598891c2fee3,47140,Salisbury,1,27,2026-04-07 13:27:09.140239
df6714d6-0585-49d3-9f07-2682610dcdb9,47490,Streaky Bay,1,80,2026-04-07 13:27:09.140239
f45f7f96-3803-41b1-bb74-a49073dbbded,47700,Tea Tree Gully,1,3,2026-04-07 13:27:09.140239
5205b807-9ca7-4876-89f8-d5225ba9b0cf,47980,Unley,1,36,2026-04-07 13:27:09.140239
ca43760e-43c2-4c0d-9b54-0b905192ab5e,48260,Walkerville,1,39,2026-04-07 13:27:09.140239
065b2a1f-b1cc-4c0a-8d5e-666af49121fc,48410,West Torrens,1,8,2026-04-07 13:27:09.140239
e90d2668-4f65-4278-88eb-9af1f16730f7,48540,Whyalla,1,9,2026-04-07 13:27:09.140239
1d8ee514-19b3-468f-9d30-26001b9ff1cc,48750,Yankalilla,1,0,2026-04-07 13:27:09.140239
338335ad-5f65-4daa-917b-6352f43a6f20,48830,Yorke Peninsula,1,6,2026-04-07 13:27:09.140239
5c49847a-e99d-4668-849b-70b1a49adaf9,50080,Albany,1,3,2026-04-07 13:27:09.140239
9d307d28-4a25-4764-92ea-9b0c31e379e3,50210,Armadale,1,4,2026-04-07 13:27:09.140239
51c0db7d-c5e8-4d73-8fbf-5b2bf6c8129a,50350,Bassendean (T),1,0,2026-04-07 13:27:09.140239
e1d3276f-f60f-42cf-ba68-d7b214c5a63b,50420,Bayswater,1,4,2026-04-07 13:27:09.140239
4db427cf-70ac-4031-8f79-0b29abc0ee49,50490,Belmont,1,42,2026-04-07 13:27:09.140239
bfcec684-b918-40e0-be77-86e42851dd9a,50980,Broome,1,0,2026-04-07 13:27:09.140239
ca1183b1-fdbf-4616-9763-f4d0ac5de6ec,51190,Bunbury,1,2,2026-04-07 13:27:09.140239
874d3287-0ff6-4780-a354-f02602fbb5d7,51260,Busselton,1,0,2026-04-07 13:27:09.140239
e31aeca8-7333-45da-b2cd-f570b2c1cd47,51310,Cambridge,1,13,2026-04-07 13:27:09.140239
9b12da7a-74ec-449d-ad3b-3440ee4e2d1a,51330,Canning,1,116,2026-04-07 13:27:09.140239
1a98ef15-4c3f-4e4c-9f60-f3ad4f060641,51750,Claremont,1,0,2026-04-07 13:27:09.140239
5700fc12-855a-45a8-8daf-3fdc06fc7ffc,51820,Cockburn,1,0,2026-04-07 13:27:09.140239
222d44a9-4f78-433e-a921-82c10c320ac8,51890,Collie,1,0,2026-04-07 13:27:09.140239
14d22b15-7563-4b41-8255-d8c7b03fea95,52170,Cottesloe,1,0,2026-04-07 13:27:09.140239
a6d7890e-af72-4c7e-b22f-036fca454a12,52590,Dandaragan,1,0,2026-04-07 13:27:09.140239
39286952-ca89-42aa-992a-9f72a745a7e6,52940,Dowerin,1,0,2026-04-07 13:27:09.140239
0312a25f-dd96-42a7-811e-c1f80ec04975,53220,East Pilbara,1,0,2026-04-07 13:27:09.140239
c2b49d2b-2323-4f74-8892-9ffae063fed9,53290,Esperance,1,1,2026-04-07 13:27:09.140239
901a4f75-477a-4e57-98dd-5c666c15cd51,53430,Fremantle,1,5,2026-04-07 13:27:09.140239
10a32ef6-78e6-487f-ae98-8c8400a3a6dc,53780,Gosnells,1,15,2026-04-07 13:27:09.140239
82b5d080-1da0-46ce-9256-142b631d9280,53800,Greater Geraldton,1,1,2026-04-07 13:27:09.140239
c210ff26-2cb7-4322-8e1e-b2d0c4c55f45,53990,Harvey,1,14,2026-04-07 13:27:09.140239
1f251cc4-ba07-4daa-9fcb-acd4008e5288,54170,Joondalup,1,30,2026-04-07 13:27:09.140239
d2df7790-280a-4837-b42d-0fdb1218b019,54200,Kalamunda,1,1,2026-04-07 13:27:09.140239
a067c3d3-bfda-4799-8d32-a76896813c7b,54280,Kalgoorlie-Boulder,1,0,2026-04-07 13:27:09.140239
8b60f982-b827-4e3d-b375-2831445d5282,54310,Karratha,1,0,2026-04-07 13:27:09.140239
c1f587bd-df8c-4824-ad6c-d0e35404f32c,54340,Katanning,1,0,2026-04-07 13:27:09.140239
6990c329-9e48-4de3-bcde-dfbf5a9ba92f,55110,Mandurah,1,1,2026-04-07 13:27:09.140239
d3f134ae-0eaa-447b-ad87-446127f5343e,55180,Manjimup,1,0,2026-04-07 13:27:09.140239
d6e03d82-5c75-4598-8ce8-d39e8aba02c0,55320,Melville,1,6,2026-04-07 13:27:09.140239
aed47f03-21e5-4c54-bbe9-509a3318c241,55740,Mosman Park,1,4,2026-04-07 13:27:09.140239
570cc031-1ae0-421a-97f7-ffb949f30663,56230,Murray,1,3,2026-04-07 13:27:09.140239
70c44db2-e574-4673-a01b-3fe1bc20907b,56460,Narrogin,1,0,2026-04-07 13:27:09.140239
443ec55f-6ce6-44d6-ae15-ab29aa572a2f,56730,Northam,1,3,2026-04-07 13:27:09.140239
8409c9a7-93b7-4717-b508-41c3908ed621,57080,Perth,1,30,2026-04-07 13:27:09.140239
ea9e2e70-63fc-4d19-9e33-6d40b48b5346,57280,Port Hedland,1,0,2026-04-07 13:27:09.140239
db01c535-cae7-4c33-8b96-3911d587861e,57490,Rockingham,1,9,2026-04-07 13:27:09.140239
e8a74e2d-8540-4fa4-b49f-0db245cd6b7c,57840,South Perth,1,4,2026-04-07 13:27:09.140239
e3fc1a35-bec6-4c13-9930-6f5717c1cea2,57910,Stirling,1,40,2026-04-07 13:27:09.140239
6ae1307b-49ee-44e0-802e-5021d8af9450,57980,Subiaco,1,56,2026-04-07 13:27:09.140239
5e1bc999-10c8-4064-aa49-72fc5e7f1e8a,58050,Swan,1,6,2026-04-07 13:27:09.140239
3ad155f9-a96d-4611-bdde-35199bef3577,58330,Toodyay,1,0,2026-04-07 13:27:09.140239
8b270cfa-6d2a-4541-81d8-dc288e4e510f,58510,Victoria Park,1,17,2026-04-07 13:27:09.140239
64478b1f-f062-423d-b708-f7d2f3a127d1,58570,Vincent,1,4,2026-04-07 13:27:09.140239
5c0ae061-d6fc-465a-92d5-5919e8168754,58610,Wagin,1,0,2026-04-07 13:27:09.140239
02c96819-093c-4ef7-ae0d-5e1e5fb94bb0,58760,Wanneroo,1,1,2026-04-07 13:27:09.140239
d2d93305-9850-434e-8342-376d811b83c4,58820,Waroona,1,1,2026-04-07 13:27:09.140239
5decbcba-1433-4b7d-8a0e-3fdf729823f1,59030,Westonia,1,0,2026-04-07 13:27:09.140239
7e03ef9e-5d70-4b5e-9fdc-d554bff05a33,59250,Wiluna,1,0,2026-04-07 13:27:09.140239
66e39a1a-17e5-4ebe-b438-063e6b417985,59340,Wyndham-East Kimberley,1,0,2026-04-07 13:27:09.140239
670fff72-2df2-42fa-8a5d-8f86c3f17f7b,60610,Burnie,1,14,2026-04-07 13:27:09.140239
93a0abac-a37a-4043-b52f-d3fd360c7be9,60810,Central Coast (Tas.),1,3,2026-04-07 13:27:09.140239
dc1dd965-a29b-4c3c-b633-ff5d273d8145,61210,Circular Head,1,2,2026-04-07 13:27:09.140239
90fd198d-6d13-4154-93e8-bf3e7d7582cd,61410,Clarence,1,27,2026-04-07 13:27:09.140239
2b6ab1a3-50d9-417c-8a02-928c97b4a270,61510,Derwent Valley,1,7,2026-04-07 13:27:09.140239
8de4cae8-eb3c-4469-bba3-ca5d3c7f7de6,61610,Devonport,1,57,2026-04-07 13:27:09.140239
b22c3ec8-63c5-4813-b566-64c629735a87,62210,George Town,1,2,2026-04-07 13:27:09.140239
02af44f2-7f89-438d-b9ca-21c48f3764d8,62410,Glamorgan-Spring Bay,1,0,2026-04-07 13:27:09.140239
a141f6ff-ab95-46b4-a859-8d0fdfe935a2,62610,Glenorchy,1,36,2026-04-07 13:27:09.140239
782d13fd-60df-44ad-95f4-fdfd763c0ca3,62810,Hobart,1,41,2026-04-07 13:27:09.140239
3e7eeca7-4076-450e-a01e-c7ea05683a76,63010,Huon Valley,1,9,2026-04-07 13:27:09.140239
394e8ce8-db1c-409a-b96a-5e0cfe85f87e,63610,Kingborough,1,8,2026-04-07 13:27:09.140239
9627e447-e096-4f6c-af79-412cf086e6ad,63810,Latrobe (Tas.),1,4,2026-04-07 13:27:09.140239
3dfe2adc-7e5f-4714-91e7-efd87b9adaec,64010,Launceston,1,50,2026-04-07 13:27:09.140239
9ccdae82-57fa-4c2b-9e5b-06421ef41967,64610,Northern Midlands,1,2,2026-04-07 13:27:09.140239
922ffbc0-a06f-4e96-a1dc-6e5ac620aec9,65410,Waratah-Wynyard,1,0,2026-04-07 13:27:09.140239
f888a059-20f3-4a99-8fc3-2fbaeff98ad5,65610,West Coast,1,0,2026-04-07 13:27:09.140239
b9e0d10b-f13b-4c5b-b135-4c178172b3f9,65810,West Tamar,1,14,2026-04-07 13:27:09.140239
b7e69aa2-2fb0-419c-b7d5-c62b8f2b0701,70200,Alice Springs,1,3,2026-04-07 13:27:09.140239
45a5e603-945d-42b9-8dde-5c19fc614692,70420,Barkly,1,0,2026-04-07 13:27:09.140239
850cf2b5-e2de-4c5f-907e-d73c36dc3268,70540,Belyuen,1,3,2026-04-07 13:27:09.140239
6027cd37-4b3d-49d1-8c3e-ac32988c5b66,70620,Central Desert,1,0,2026-04-07 13:27:09.140239
61457ad5-2f94-442e-a985-564bf7081f89,71000,Darwin,1,0,2026-04-07 13:27:09.140239
fc5d57e8-21a7-458f-b2b3-f35dd77e7316,71300,East Arnhem,1,0,2026-04-07 13:27:09.140239
6aeed4c6-1c64-40c1-b06c-a2ccd0294823,72200,Katherine,1,0,2026-04-07 13:27:09.140239
eafae8d4-ee66-4063-9f1b-8ce37b97454e,73600,Roper Gulf,1,0,2026-04-07 13:27:09.140239
927ca4e9-d4a1-4040-b71d-8c2616bdba2e,74550,Victoria Daly,1,0,2026-04-07 13:27:09.140239
15a230e4-4d0f-4645-bcfc-1baecbe1203b,74660,West Arnhem,1,0,2026-04-07 13:27:09.140239
e84f1e8d-bed2-422f-af05-a252c78751ed,74680,West Daly,1,1,2026-04-07 13:27:09.140239
f2b54621-8529-4f75-a63a-2a05191b8917,79399,Unincorporated NT,1,0,2026-04-07 13:27:09.140239
cdd73776-fa31-4c58-b262-4a6b9fac84a7,89399,Unincorporated ACT,1,36,2026-04-07 13:27:09.140239
94bae997-b387-4590-9690-1b821a1dcbd1,10050,Albury,2,424,2026-04-07 13:27:09.140239
e7d3d810-3ed9-4611-a503-25f1db4bb09b,10180,Armidale,2,194,2026-04-07 13:27:09.140239
67a018d3-609b-4453-8810-13853ac97c63,10250,Ballina,2,410,2026-04-07 13:27:09.140239
1df14377-232d-4f78-a702-79dbd925e037,10470,Bathurst,2,134,2026-04-07 13:27:09.140239
de4bb6c6-44e6-4a3c-95eb-a73818b953e5,10500,Bayside (NSW),2,298,2026-04-07 13:27:09.140239
72ee8b3f-07dc-48c7-b68c-820a91eaa48d,10550,Bega Valley,2,409,2026-04-07 13:27:09.140239
b9f55641-8038-4b9f-902f-756170968be3,10600,Bellingen,2,39,2026-04-07 13:27:09.140239
6e2b3060-8ed1-4300-855a-9d2ed9ea0f7c,10650,Berrigan,2,27,2026-04-07 13:27:09.140239
407b2d37-3f66-427c-8f42-a3c3dd52bf03,10750,Blacktown,2,505,2026-04-07 13:27:09.140239
a64a8281-40ca-47c9-b94f-b5cc39e74a17,10900,Blue Mountains,2,220,2026-04-07 13:27:09.140239
6a117dcc-2b72-4efc-bf51-fa687aeb9b7e,11200,Brewarrina,2,2,2026-04-07 13:27:09.140239
85d98888-4c1f-4fca-893c-2add041136b6,11250,Broken Hill,2,105,2026-04-07 13:27:09.140239
a33de9a8-e989-4031-869a-4f0eb22a13b2,11300,Burwood,2,226,2026-04-07 13:27:09.140239
7db1509c-cb82-4482-9c8e-9a01eac4d15e,11450,Camden,2,196,2026-04-07 13:27:09.140239
6d24548b-a766-4098-8a05-97aa5e27292e,11500,Campbelltown (NSW),2,206,2026-04-07 13:27:09.140239
38d8e7d9-afa5-437d-82ef-fb7e7e62f50e,11520,Canada Bay,2,58,2026-04-07 13:27:09.140239
b9b50670-fd49-4b9a-8bc4-1ba434f925fd,11570,Canterbury-Bankstown,2,1436,2026-04-07 13:27:09.140239
69e9dab1-acf2-454e-ab17-bf638f104ee8,11600,Carrathool,2,11,2026-04-07 13:27:09.140239
79f23ae2-592b-4762-aa3c-e5095a8f944c,11650,Central Coast (NSW),2,1830,2026-04-07 13:27:09.140239
1ab854c8-1607-4857-b7fa-51a4c49f4b01,11720,Cessnock,2,243,2026-04-07 13:27:09.140239
90e47cd2-5105-435a-8a88-82f665c3382a,11730,Clarence Valley,2,146,2026-04-07 13:27:09.140239
16f24aeb-bca7-4208-912a-d8fc37b76d99,11800,Coffs Harbour,2,426,2026-04-07 13:27:09.140239
9314e8e6-b72b-4053-9a32-ebc542e6e296,12000,Coolamon,2,27,2026-04-07 13:27:09.140239
315088c2-69b0-4b0f-8f19-a226f98c37ad,12350,Cowra,2,135,2026-04-07 13:27:09.140239
62289a8e-746e-4e72-8e9b-c1ca0cb56bd2,12380,Cumberland,2,2392,2026-04-07 13:27:09.140239
68538aab-5473-4477-8c1f-2dc23a14b60a,12390,Dubbo,2,299,2026-04-07 13:27:09.140239
e79d2702-a171-4ca6-920f-86724071150f,12730,Edward River,2,168,2026-04-07 13:27:09.140239
57b4a2ee-5706-409c-8027-263f9b3f6dfe,12750,Eurobodalla,2,102,2026-04-07 13:27:09.140239
15cc2639-21d1-45f7-82c4-f6cf90d02786,12850,Fairfield,2,681,2026-04-07 13:27:09.140239
96871c94-7868-4b94-9e3c-faea57b37ccf,12930,Georges River,2,957,2026-04-07 13:27:09.140239
d7923c60-488d-4712-b11d-99f68c392153,12950,Gilgandra,2,15,2026-04-07 13:27:09.140239
5f52ebe9-f26c-4d08-a746-e4538dde21f4,13010,Glen Innes Severn,2,65,2026-04-07 13:27:09.140239
c5a638d1-0b94-4f71-8cfd-a15c71e0431a,13310,Goulburn Mulwaree,2,205,2026-04-07 13:27:09.140239
f008c0e4-a28e-4573-b5ab-74f211213e0b,13450,Griffith,2,154,2026-04-07 13:27:09.140239
b2f0af8b-dd68-4f0b-9e7b-76965146708c,13550,Gunnedah,2,86,2026-04-07 13:27:09.140239
bcd24d97-413d-4985-8641-e40ed4db2bd7,13800,Hawkesbury,2,109,2026-04-07 13:27:09.140239
5337e821-02a7-411c-af9f-9d8d538f4d20,13910,Hilltops,2,54,2026-04-07 13:27:09.140239
03266d3f-e78b-48be-a086-9e74161ec851,14000,Hornsby,2,95,2026-04-07 13:27:09.140239
a789f403-9443-467f-afc2-f03bc24c8ed7,14100,Hunters Hill,2,100,2026-04-07 13:27:09.140239
ecbc0cc8-3135-4e3d-8df9-607e88c0665a,14170,Inner West,2,659,2026-04-07 13:27:09.140239
be32af3a-845d-4f98-b9fc-5bb442b2ef42,14220,Inverell,2,118,2026-04-07 13:27:09.140239
8afb6ad4-e1cb-463a-b44f-2fb86f425417,14350,Kempsey,2,68,2026-04-07 13:27:09.140239
f1d22764-4b2d-4153-a0de-5ddbc910bc5f,14400,Kiama,2,33,2026-04-07 13:27:09.140239
c72141a1-d4ff-42a3-8c5b-4207d05293f7,14500,Ku-ring-gai,2,316,2026-04-07 13:27:09.140239
a6bcc133-d5a4-4bef-9659-9174131ff6cc,14550,Kyogle,2,103,2026-04-07 13:27:09.140239
166a23da-ea3a-4c94-a303-745277b607c5,14650,Lake Macquarie (C),2,905,2026-04-07 13:27:09.140239
8f20c388-c8e0-4279-b9ec-d00435ef86db,14700,Lane Cove,2,24,2026-04-07 13:27:09.140239
6efbf233-3f3e-4019-a8f4-d6d6210d3386,14850,Lismore,2,91,2026-04-07 13:27:09.140239
fed7fd5d-e47a-4cee-a0ef-160a501caedf,14900,Liverpool,2,663,2026-04-07 13:27:09.140239
6eedda0f-0245-4b0d-8a3d-9e9e08c38d06,15240,Mid-Coast,2,841,2026-04-07 13:27:09.140239
feb21fb7-ac95-460c-be13-4881ca851650,15270,Mid-Western,2,54,2026-04-07 13:27:09.140239
e0986290-8f4d-4e1f-8b34-7b6ae1d81976,15350,Mosman,2,3,2026-04-07 13:27:09.140239
7854fe92-e040-49cf-b36c-d9eafef08759,15560,Murrumbidgee,2,2,2026-04-07 13:27:09.140239
ccb1ed53-77e5-4018-bcf6-00a9f1719fb1,15650,Muswellbrook,2,11,2026-04-07 13:27:09.140239
d87febcb-37f8-4889-8ca0-f774e11e59bd,15700,Nambucca Valley,2,227,2026-04-07 13:27:09.140239
70a8df09-d790-4cdb-bee9-e277a7e7526b,15750,Narrabri,2,56,2026-04-07 13:27:09.140239
92dd2036-23f6-49e7-94a9-19702e5906d5,15900,Newcastle,2,1664,2026-04-07 13:27:09.140239
f464b6bf-9286-4464-993c-9ac216aa252e,15950,North Sydney,2,224,2026-04-07 13:27:09.140239
443e3b27-5358-4382-b56a-fe1be5cb963a,15990,Northern Beaches,2,500,2026-04-07 13:27:09.140239
439ac0ec-15ad-4dad-8334-d60118f04e55,16150,Orange,2,140,2026-04-07 13:27:09.140239
2d27c21e-976d-4142-a337-3d5bf07e6a33,16200,Parkes,2,34,2026-04-07 13:27:09.140239
bc83fc2c-3019-458c-a744-7a10cf502408,16260,Parramatta,2,1604,2026-04-07 13:27:09.140239
49ca3117-6730-459f-ab69-0c9fad522ea0,16350,Penrith,2,248,2026-04-07 13:27:09.140239
4854ad04-15f8-49d0-bd97-d67742704a2d,16380,Port Macquarie-Hastings,2,2052,2026-04-07 13:27:09.140239
1d3df275-4718-49b2-890e-b5346507bda4,16400,Port Stephens,2,103,2026-04-07 13:27:09.140239
ed5426dc-b40b-4f67-b105-6456c649fc76,16490,Queanbeyan-Palerang,2,101,2026-04-07 13:27:09.140239
632847df-c8cc-4f27-8e97-c915ff131472,16550,Randwick,2,235,2026-04-07 13:27:09.140239
da55527a-b1d5-4d0a-918f-e0a9372b1c73,16610,Richmond Valley,2,63,2026-04-07 13:27:09.140239
ce784d28-05e2-4e25-a14e-91149dee56f1,16700,Ryde,2,1497,2026-04-07 13:27:09.140239
43680db5-c5a2-4be0-bfa5-8a382c781e8f,16900,Shellharbour,2,71,2026-04-07 13:27:09.140239
221d8bf4-9619-484b-8c5a-a4a0a63a3901,16950,Shoalhaven,2,201,2026-04-07 13:27:09.140239
54d8e129-a102-4653-80bb-2904d54563d3,17000,Singleton,2,31,2026-04-07 13:27:09.140239
1428f6fd-39e7-45f6-9314-739afee40211,17040,Snowy Monaro,2,6,2026-04-07 13:27:09.140239
8a111065-19af-4fe3-b716-7a96c240faad,17080,Snowy Valleys,2,193,2026-04-07 13:27:09.140239
5b03c7bb-df47-49ae-beb4-d8d059b5afd9,17100,Strathfield,2,370,2026-04-07 13:27:09.140239
836e5a21-17ed-4f82-ba07-6415631d66eb,17150,Sutherland,2,252,2026-04-07 13:27:09.140239
f2d9d2cf-556c-40f7-b742-5e787cac34ed,17200,Sydney,2,3167,2026-04-07 13:27:09.140239
91dd0648-2fab-4325-a8de-a69b25213eb1,17310,Tamworth,2,71,2026-04-07 13:27:09.140239
91e242bf-f177-4e8e-af9f-a357eac9ee6f,17350,Temora,2,20,2026-04-07 13:27:09.140239
8fd2bc77-f344-409f-a0ea-db197748ff6c,17400,Tenterfield,2,14,2026-04-07 13:27:09.140239
1fd09e08-ce11-404f-bf87-50acdba1dc28,17420,The Hills,2,1546,2026-04-07 13:27:09.140239
606bcbc9-bdc2-4b0e-9052-574839e780a2,17550,Tweed,2,1891,2026-04-07 13:27:09.140239
165bdb84-098e-459e-8590-067b764248e5,17620,Upper Hunter,2,42,2026-04-07 13:27:09.140239
c5f10b06-6f98-42d1-98dd-06d6977a73d0,17640,Upper Lachlan,2,16,2026-04-07 13:27:09.140239
d37ab3f1-addb-47c1-8536-6e0bb23e9a2d,17650,Uralla,2,23,2026-04-07 13:27:09.140239
e413f11b-c747-4a4b-ac78-7be995765355,17750,Wagga Wagga,2,1636,2026-04-07 13:27:09.140239
94038e2b-b5a7-44d4-beff-2fa78839d61c,18020,Warrumbungle,2,36,2026-04-07 13:27:09.140239
91588774-61e3-40c0-80a9-a87cdbfed622,18050,Waverley,2,214,2026-04-07 13:27:09.140239
49c6f88e-c3cb-4092-a47c-6d28d30713c6,18200,Wentworth,2,2,2026-04-07 13:27:09.140239
4d67a983-64da-42a2-ae3f-f25b4b543450,18250,Willoughby,2,337,2026-04-07 13:27:09.140239
1d831006-1fa8-455f-871c-bccab95ee263,18350,Wingecarribee,2,158,2026-04-07 13:27:09.140239
6e0650c3-117b-497a-8e23-4f5dceabd6c3,18400,Wollondilly,2,70,2026-04-07 13:27:09.140239
57394d92-5eb4-4a8f-a461-84753bfb8407,18450,Wollongong,2,1015,2026-04-07 13:27:09.140239
5f02b1ce-4299-44a5-a8e9-aa5116045910,18500,Woollahra,2,79,2026-04-07 13:27:09.140239
359bde30-2dbf-4adb-af4f-9bc86f5cea9b,18710,Yass Valley,2,10,2026-04-07 13:27:09.140239
73bc0963-c9e1-4445-9d49-df710f588179,20110,Alpine,2,50,2026-04-07 13:27:09.140239
10450f95-2f79-4f4c-904f-337b3b6ff7e2,20260,Ararat,2,34,2026-04-07 13:27:09.140239
1fd241e0-932f-4feb-a4b9-41e732651c9b,20570,Ballarat,2,305,2026-04-07 13:27:09.140239
821eec59-b362-4d7b-94af-0bdd729855f5,20660,Banyule,2,393,2026-04-07 13:27:09.140239
7c666d05-4c46-425a-99c6-93ca3072e809,20740,Bass Coast,2,15,2026-04-07 13:27:09.140239
08e1cbc2-07d2-4725-8441-b08e47981487,20830,Baw Baw,2,80,2026-04-07 13:27:09.140239
c94d6154-edd5-42cf-9806-ae6eee74ad04,20910,Bayside (Vic.),2,264,2026-04-07 13:27:09.140239
a97ae04d-8062-4317-8b7c-dffb31d476ce,21010,Benalla,2,27,2026-04-07 13:27:09.140239
8139b48e-6520-42a5-b93e-62e3a1969d3a,21110,Boroondara,2,388,2026-04-07 13:27:09.140239
6d0c30ff-4f9a-4a7d-a6e9-a31070843164,21180,Brimbank,2,658,2026-04-07 13:27:09.140239
cc266bca-1255-472b-ac63-e72fa418d6e6,21370,Campaspe,2,161,2026-04-07 13:27:09.140239
6843044d-4e3f-481d-9c1d-4507b58007fe,21450,Cardinia,2,731,2026-04-07 13:27:09.140239
4c076a91-1197-4f91-b00c-9f1597ca2b13,21610,Casey,2,303,2026-04-07 13:27:09.140239
b5d01dc3-f3db-4579-8281-246db8f3f72d,21750,Colac Otway,2,77,2026-04-07 13:27:09.140239
6329768d-b8e3-4b5c-93e2-d0a9e43bac5d,21830,Corangamite,2,63,2026-04-07 13:27:09.140239
246bd2ea-a9cf-4936-9a4c-0389e05c9281,21890,Darebin,2,589,2026-04-07 13:27:09.140239
4e62e009-135c-4cbe-8772-f0b53100e4c9,22110,East Gippsland,2,290,2026-04-07 13:27:09.140239
6a26fe7e-0e7b-4cef-9936-2d2695671a4f,22170,Frankston,2,722,2026-04-07 13:27:09.140239
96b80861-b083-4bd6-b25f-34fc2a0a6fc0,22310,Glen Eira,2,718,2026-04-07 13:27:09.140239
9da4e5ae-9766-4d43-9bad-4da60070f41c,22410,Glenelg,2,87,2026-04-07 13:27:09.140239
33da5f9a-d14d-4cc4-9a45-0845c82d54e0,22620,Greater Bendigo,2,353,2026-04-07 13:27:09.140239
1d15209f-dcd9-408f-868e-8d2cb1849536,22670,Greater Dandenong,2,781,2026-04-07 13:27:09.140239
f8433604-c7d3-4870-b778-66e6f235a1ac,22750,Greater Geelong,2,896,2026-04-07 13:27:09.140239
738eb765-a5b7-43bf-acd2-920000c5b294,22830,Greater Shepparton,2,1101,2026-04-07 13:27:09.140239
28f8bb38-c71b-4ac6-bbb0-c672b1393288,22910,Hepburn,2,63,2026-04-07 13:27:09.140239
51793c52-bc78-4329-9a72-2a03dfc8906d,22980,Hindmarsh,2,20,2026-04-07 13:27:09.140239
4b48164e-814c-447e-be73-298dd99d7905,23110,Hobsons Bay (C),2,2,2026-04-07 13:27:09.140239
d73ace99-5a6e-476c-989b-2582537971ed,23190,Horsham,2,150,2026-04-07 13:27:09.140239
0cd402dd-a87e-4e57-bbfd-27213184cc61,23270,Hume,2,577,2026-04-07 13:27:09.140239
1039f9d0-dad3-4349-bd84-4468094418e3,23350,Indigo,2,36,2026-04-07 13:27:09.140239
bce77c3b-e9a7-46c3-8d3f-cf22180ae19f,23430,Kingston (Vic.),2,553,2026-04-07 13:27:09.140239
214c5daa-f986-46af-8884-76fc80b85aae,23670,Knox,2,973,2026-04-07 13:27:09.140239
d24fbfd5-c437-4efa-8206-e01173ae62a6,23810,Latrobe (Vic.),2,940,2026-04-07 13:27:09.140239
97208052-db1e-44a4-8b53-a987a783cca8,24130,Macedon Ranges,2,37,2026-04-07 13:27:09.140239
fa844b8a-06b4-4536-b7e8-324c786dc4bd,24210,Manningham,2,214,2026-04-07 13:27:09.140239
b64adc99-07a4-4c98-8965-3c9d39a5ffcc,24330,Maribyrnong,2,1006,2026-04-07 13:27:09.140239
d54aedbb-846d-45f3-8de3-58d6d4ffd4cd,24410,Maroondah,2,720,2026-04-07 13:27:09.140239
55ecadb5-4a68-491b-ac47-a78d62d5576e,24600,Melbourne,2,1116,2026-04-07 13:27:09.140239
a9d263c2-f607-4046-ae77-808304c7840c,24650,Melton,2,193,2026-04-07 13:27:09.140239
06cfb539-8f2c-4b33-9907-d382048479ee,24700,Merri-bek,2,452,2026-04-07 13:27:09.140239
2cc5c45d-8ac4-4e91-bc56-5145040e4468,24780,Mildura,2,432,2026-04-07 13:27:09.140239
3e17eaf5-bce6-4343-b200-3f50c8b416da,24900,Moira,2,203,2026-04-07 13:27:09.140239
dce75e07-6873-435d-a799-e80f2fea9a59,24970,Monash,2,4391,2026-04-07 13:27:09.140239
84309728-5197-4360-b817-bbc0dc122953,25060,Moonee Valley,2,255,2026-04-07 13:27:09.140239
2e6bab7e-7d5b-4097-bc52-6a568bdaddf8,25340,Mornington Peninsula,2,465,2026-04-07 13:27:09.140239
bd4af0e0-e789-4ea8-82f5-a3f21ef3f2b4,25430,Mount Alexander,2,3,2026-04-07 13:27:09.140239
d929ba9b-55f6-4651-9ab9-98ceee504624,25490,Moyne,2,93,2026-04-07 13:27:09.140239
89aab46a-a509-4b67-9b05-140fd975b97f,25710,Nillumbik,2,167,2026-04-07 13:27:09.140239
3cb2d98f-0155-4335-92ea-db5ad4d81e60,25810,Northern Grampians,2,108,2026-04-07 13:27:09.140239
6f780a12-5351-45cd-b70e-bbca96cbefe5,25900,Port Phillip,2,936,2026-04-07 13:27:09.140239
b83ed0f1-0e1b-40d6-ac82-963719bdf21e,25990,Pyrenees,2,31,2026-04-07 13:27:09.140239
39494d7a-8501-42f9-b6fc-94d8364c4148,26080,Queenscliffe,2,52,2026-04-07 13:27:09.140239
deea88fc-b3d3-4e65-a8b1-73e84be2e700,26170,South Gippsland,2,276,2026-04-07 13:27:09.140239
72edfcf9-ae25-4ffc-896a-10d4d379613e,26260,Southern Grampians,2,124,2026-04-07 13:27:09.140239
6be02421-43ed-4c70-be3a-3cc81b340708,26350,Stonnington,2,498,2026-04-07 13:27:09.140239
34835fad-4cbf-4b76-8eb0-356eff5b89d7,26430,Strathbogie,2,57,2026-04-07 13:27:09.140239
343e9645-8409-4020-80b4-ed8a42c6431c,26490,Surf Coast,2,134,2026-04-07 13:27:09.140239
1badb109-bf5f-4425-9210-a0b4c505a845,26610,Swan Hill,2,96,2026-04-07 13:27:09.140239
112823cc-c1f1-4e85-b0b2-854efbfbda96,26670,Towong,2,6,2026-04-07 13:27:09.140239
45771d6f-bdce-4cad-8194-dee0eeaed06b,26700,Wangaratta,2,159,2026-04-07 13:27:09.140239
fbfbec5c-9331-42c0-95af-cafda0b32095,26730,Warrnambool,2,138,2026-04-07 13:27:09.140239
5a14040a-98a6-4517-aaf8-62f37669bc78,26810,Wellington,2,203,2026-04-07 13:27:09.140239
d4f619a2-d3f2-4ecb-a3a3-649b08e17f23,26980,Whitehorse,2,1315,2026-04-07 13:27:09.140239
fb9960db-dfbf-4bf6-897c-836e1a6074e7,27070,Whittlesea,2,1094,2026-04-07 13:27:09.140239
2e04c6bf-7d3f-41ba-b408-ba0c672e7fb5,27170,Wodonga,2,96,2026-04-07 13:27:09.140239
a6e1010e-c83d-43f9-b924-0ae97bf288b6,27260,Wyndham,2,97,2026-04-07 13:27:09.140239
349a3bff-e601-404f-9976-aa240c611929,27350,Yarra,2,256,2026-04-07 13:27:09.140239
b9ef74e8-586c-4fa0-9244-b7a74789b2a3,27450,Yarra Ranges,2,313,2026-04-07 13:27:09.140239
3b113fbc-7439-40d0-9286-b9060f8ed269,30370,Banana,2,33,2026-04-07 13:27:09.140239
d4758fce-6900-43d0-b6cc-d76f345ffce0,30410,Barcaldine,2,8,2026-04-07 13:27:09.140239
4f37d4bd-458d-438b-85f0-428d05b0752e,31000,Brisbane,2,9708,2026-04-07 13:27:09.140239
0ebefddd-8063-4607-9d56-0f08a9318018,31820,Bundaberg,2,365,2026-04-07 13:27:09.140239
c44e1069-3051-40f3-89ff-8182d7da8a4c,31900,Burdekin,2,150,2026-04-07 13:27:09.140239
c1a8430b-0693-4b52-b4d3-4c57e39d6078,32080,Cairns,2,1042,2026-04-07 13:27:09.140239
987f6379-a588-4f76-a036-d8a3b4cc7c30,32260,Cassowary Coast,2,89,2026-04-07 13:27:09.140239
19b312d3-7cdd-4d4d-a5bf-1e35ac0dfc30,32270,Central Highlands (Qld),2,24,2026-04-07 13:27:09.140239
f76e67da-b983-4217-8179-f3cc5034cc75,32500,Cook,2,9,2026-04-07 13:27:09.140239
fd5c1332-3ca6-4cbd-a6b0-89a74682a214,33200,Flinders (Qld),2,4,2026-04-07 13:27:09.140239
1155f0da-7c80-40c5-9a74-6c96705d1c3b,33220,Fraser Coast,2,438,2026-04-07 13:27:09.140239
438a42a6-b4e6-41ea-a2ca-ce309002601f,33360,Gladstone,2,73,2026-04-07 13:27:09.140239
0e59c840-3371-41f7-834e-bce14d4dfe1f,33430,Gold Coast,2,1276,2026-04-07 13:27:09.140239
9ad015b1-cdb3-4061-b566-ffd78c0cc8c0,33610,Goondiwindi,2,7,2026-04-07 13:27:09.140239
4006d5d3-1e08-445e-8b94-2686c60a00cd,33620,Gympie,2,29,2026-04-07 13:27:09.140239
6a90b367-a05b-4f47-a4af-e0b769147f05,33800,Hinchinbrook,2,175,2026-04-07 13:27:09.140239
ca98672e-5696-4000-96f9-05107eabb2cb,33960,Ipswich,2,369,2026-04-07 13:27:09.140239
067d191d-5f58-4a20-8ec8-80b2ec72b8de,33980,Isaac,2,7,2026-04-07 13:27:09.140239
46093e28-ff04-4cdf-a264-f84938c3ec14,34420,Kowanyama,2,11,2026-04-07 13:27:09.140239
72efe9c6-439b-46e2-9023-dd5ad35c3918,34580,Lockyer Valley,2,162,2026-04-07 13:27:09.140239
4a441d78-f3b3-4db0-9019-0cfe3ad21ded,34590,Logan,2,476,2026-04-07 13:27:09.140239
5d22946f-18c4-41e1-825e-94c19b84ad28,34770,Mackay,2,149,2026-04-07 13:27:09.140239
4a3403bc-26fe-4185-8651-60daff901dc1,34860,Maranoa,2,71,2026-04-07 13:27:09.140239
6e48ef54-1afd-49d9-9ab6-4c7520bea1a7,34880,Mareeba,2,45,2026-04-07 13:27:09.140239
be7d8a83-8bee-442e-b216-f3d2015e4527,35010,Moreton Bay,2,1831,2026-04-07 13:27:09.140239
d0758a86-ba84-435f-898c-a1699befd9b5,35670,Napranum,2,8,2026-04-07 13:27:09.140239
7031af78-7bc3-4a11-8297-86da9149ae06,35740,Noosa (S),2,37,2026-04-07 13:27:09.140239
4f2a71cb-4509-41a8-bd6a-86ded5f3fa66,35760,North Burnett,2,2,2026-04-07 13:27:09.140239
dd6e9750-44db-4479-a792-7b7b227357f6,35780,Northern Peninsula Area,2,19,2026-04-07 13:27:09.140239
b87d3f7a-41de-4683-9289-e5b2e562423c,35800,Paroo,2,52,2026-04-07 13:27:09.140239
c0028cce-2c5c-46c9-b37c-f54931fcc8a2,36070,Pormpuraaw,2,6,2026-04-07 13:27:09.140239
9efa6b9b-951f-4a5f-aded-bc168c0483f9,36250,Redland,2,344,2026-04-07 13:27:09.140239
38524139-cbf3-4948-92fa-2b8784e09ba3,36300,Richmond,2,1,2026-04-07 13:27:09.140239
c8e879ae-0b73-4353-b7ff-1ed39fbdfe26,36370,Rockhampton,2,542,2026-04-07 13:27:09.140239
ff258cb6-5498-4b5b-a68c-e307bfb53d08,36510,Scenic Rim,2,148,2026-04-07 13:27:09.140239
a952b42b-632b-43b0-b87f-aeb8675e3b45,36630,South Burnett,2,171,2026-04-07 13:27:09.140239
46df46ea-84e4-4a3b-8614-b3e4cd5db507,36660,Southern Downs,2,143,2026-04-07 13:27:09.140239
d5e6078f-885f-4a46-b4dd-b07b336b962e,36720,Sunshine Coast,2,2114,2026-04-07 13:27:09.140239
adc8a6be-2dde-4942-81f0-9c907b6e3ce5,36820,Tablelands,2,74,2026-04-07 13:27:09.140239
0be4a76e-85bd-454e-a0f8-91cfc9f81b30,36910,Toowoomba,2,1058,2026-04-07 13:27:09.140239
52c2a58a-0c7a-42ce-8176-ef3d7129425e,36950,Torres,2,5,2026-04-07 13:27:09.140239
660e65e6-af34-4168-828b-e8f19555e304,37010,Townsville,2,1730,2026-04-07 13:27:09.140239
21733257-2258-45ec-a566-77993357bc03,37310,Western Downs,2,9,2026-04-07 13:27:09.140239
b3ebdd78-7abd-4725-b46e-0a864bbc62e5,37340,Whitsunday,2,53,2026-04-07 13:27:09.140239
694ac8c4-4dfa-452d-a388-ca9699d5c80b,37400,Winton,2,6,2026-04-07 13:27:09.140239
862139cd-97dd-464a-9188-3adb36946c20,37570,Wujal Wujal,2,7,2026-04-07 13:27:09.140239
33b772f9-0e04-4dea-95aa-bfda5f766493,37600,Yarrabah,2,7,2026-04-07 13:27:09.140239
81b3aea9-44ca-45bc-8e63-2ce669581a7d,40070,Adelaide,2,717,2026-04-07 13:27:09.140239
d6bc2d32-e777-45dc-86dd-191414580060,40220,Alexandrina,2,134,2026-04-07 13:27:09.140239
9000f3bf-078e-4da7-bed5-a8d1e1e3740c,40310,Barossa,2,218,2026-04-07 13:27:09.140239
f53a44d0-528d-4f88-99a3-e0a993f36d5d,40430,Barunga West,2,74,2026-04-07 13:27:09.140239
c3667840-d12b-4b80-a4dd-0f7280c1988e,40520,Berri Barmera,2,229,2026-04-07 13:27:09.140239
d0cb6014-b511-4756-bc9b-dfa911010acf,40700,Burnside,2,341,2026-04-07 13:27:09.140239
6d1ec4a6-2b0d-4910-bc65-ebb5b20af441,40910,Campbelltown (SA),2,703,2026-04-07 13:27:09.140239
f8d5e61a-6b2f-40c4-8140-a0dbdd73a718,41060,Charles Sturt,2,697,2026-04-07 13:27:09.140239
b78cd8f8-5621-43f7-a000-1bf58af54acd,41560,Copper Coast,2,96,2026-04-07 13:27:09.140239
2d874590-9dc2-4297-9a69-c6c2a535d69a,42600,Holdfast Bay,2,211,2026-04-07 13:27:09.140239
b38c78be-d8fb-44d6-9246-fa4ae7bd312c,44060,Marion,2,316,2026-04-07 13:27:09.140239
46da31d7-1b14-4d77-a678-f51c05990f60,44340,Mitcham,2,264,2026-04-07 13:27:09.140239
7d1873d8-e238-462a-bcfa-455529aa981d,44550,Mount Barker,2,91,2026-04-07 13:27:09.140239
46430c2a-739b-4425-bdc0-9a17d2065936,44620,Mount Gambier,2,249,2026-04-07 13:27:09.140239
58a811fe-0914-45e7-8698-1c0be7b6d334,45040,Murray Bridge,2,358,2026-04-07 13:27:09.140239
166eb94f-b6f6-4731-aa14-4aa45fa1b09e,45090,Naracoorte Lucindale,2,80,2026-04-07 13:27:09.140239
8308dd39-896d-41e6-881f-12413f5ef07f,45290,Norwood Payneham and St Peters,2,350,2026-04-07 13:27:09.140239
58a43b62-3c90-419d-8bdd-93b075c91666,45340,Onkaparinga,2,219,2026-04-07 13:27:09.140239
64b4d767-55d5-4c94-8aef-a50928ee27ca,45680,Playford,2,325,2026-04-07 13:27:09.140239
d2f6372f-f4ae-41df-93d6-e5bc85b3d4fd,45890,Port Adelaide Enfield,2,413,2026-04-07 13:27:09.140239
2b874f42-9a96-4535-88d0-5af383603c5f,46090,Port Augusta,2,153,2026-04-07 13:27:09.140239
047c1ada-6d4c-4bac-b284-802d285f9161,46300,Port Lincoln,2,329,2026-04-07 13:27:09.140239
da518a6c-f7d2-482a-8ec2-59c52171d3d6,46450,Port Pirie,2,201,2026-04-07 13:27:09.140239
749ba1c6-9eaa-4b39-a705-f66d7cb8e5f6,46510,Prospect,2,52,2026-04-07 13:27:09.140239
15e5e2f6-c620-4b8d-b8d0-cb627e22472d,47140,Salisbury,2,273,2026-04-07 13:27:09.140239
5e687da7-ab86-4818-9791-2b7c957f5de2,47490,Streaky Bay,2,675,2026-04-07 13:27:09.140239
66c3b499-6c4c-4ff9-91c8-47d2bcc5a945,47700,Tea Tree Gully,2,44,2026-04-07 13:27:09.140239
3d07a4ab-fb34-4ac0-99c6-fdcc6ee4f1c8,47980,Unley,2,355,2026-04-07 13:27:09.140239
f709b871-a527-4b3c-8510-33a6908dd4e7,48260,Walkerville,2,357,2026-04-07 13:27:09.140239
a9bf7dac-8611-4ded-b2cd-9a6ca7b38e94,48410,West Torrens,2,174,2026-04-07 13:27:09.140239
4322f5d1-4813-4bd5-be66-d598a66c0a66,48540,Whyalla,2,21,2026-04-07 13:27:09.140239
0ea762d1-864f-403d-8c6e-8d9b97f67ee8,48750,Yankalilla,2,2,2026-04-07 13:27:09.140239
012c3b0b-7eb5-4974-bed7-836c9a6ca837,48830,Yorke Peninsula,2,109,2026-04-07 13:27:09.140239
13591653-f244-4bf2-88e2-ac9fc8ada08a,50080,Albany,2,69,2026-04-07 13:27:09.140239
f83079b2-fa60-4819-8a3c-b7c3e18e5840,50210,Armadale,2,49,2026-04-07 13:27:09.140239
4e4a880b-cd15-42e0-a6c6-96721f0052f2,50350,Bassendean (T),2,0,2026-04-07 13:27:09.140239
915e4ef9-2637-412c-92b1-fd9f87480cb2,50420,Bayswater,2,81,2026-04-07 13:27:09.140239
866d5e37-7492-4594-b1b3-36054af3e33e,50490,Belmont,2,423,2026-04-07 13:27:09.140239
9732a2cd-f24a-49c8-bdde-6ac7ea2c98b7,50980,Broome,2,54,2026-04-07 13:27:09.140239
65027bab-4e1e-4fd4-908b-4791694c136e,51190,Bunbury,2,99,2026-04-07 13:27:09.140239
2671faf9-2022-4b34-b384-710a71e83f34,51260,Busselton,2,13,2026-04-07 13:27:09.140239
72919c30-02c4-4056-8b28-7999a941e844,51310,Cambridge,2,200,2026-04-07 13:27:09.140239
923076e6-8264-4b58-91b5-f2279d32d1b3,51330,Canning,2,1152,2026-04-07 13:27:09.140239
10489d17-d11d-438f-9cd8-e37c12d068b7,51750,Claremont,2,16,2026-04-07 13:27:09.140239
9e9688fb-724e-4b88-9ffe-bd0eebd68f64,51820,Cockburn,2,58,2026-04-07 13:27:09.140239
6534e67a-0b22-4bc1-9f9c-052e1b155cbc,51890,Collie,2,0,2026-04-07 13:27:09.140239
dcb606a5-7b10-4ba0-b156-10e200375732,52170,Cottesloe,2,27,2026-04-07 13:27:09.140239
3d34a724-9c0b-4050-9ebc-65f482dc75f6,52590,Dandaragan,2,8,2026-04-07 13:27:09.140239
1f0b121a-373c-4a6d-9519-4f719e2be7bc,52940,Dowerin,2,1,2026-04-07 13:27:09.140239
d50439e2-eab9-4d86-b098-bfd3f8de52b9,53220,East Pilbara,2,1,2026-04-07 13:27:09.140239
cd8343fb-c7f2-499c-b546-5c212498bade,53290,Esperance,2,20,2026-04-07 13:27:09.140239
d5ba2b7b-f315-41b3-b2a3-4912f04bbe9b,53430,Fremantle,2,113,2026-04-07 13:27:09.140239
84e976a7-2a31-4e99-be3d-41bca4e06656,53780,Gosnells,2,245,2026-04-07 13:27:09.140239
1230abf4-7723-4546-b8fc-c588680fa5db,53800,Greater Geraldton,2,37,2026-04-07 13:27:09.140239
b7206469-417f-46ea-b8a6-9f6a6d1647ee,53990,Harvey,2,177,2026-04-07 13:27:09.140239
850d7ab6-0bf1-43e8-a15a-b31866bf8f8a,54170,Joondalup,2,292,2026-04-07 13:27:09.140239
5c0636d3-23cf-4c3e-8f5c-60ad1efdcff3,54200,Kalamunda,2,21,2026-04-07 13:27:09.140239
214a0f26-2454-4b9d-94bb-73208c6c8fee,54280,Kalgoorlie-Boulder,2,25,2026-04-07 13:27:09.140239
73878769-8f69-4497-93c3-eb4bedc223e5,54310,Karratha,2,0,2026-04-07 13:27:09.140239
e8c504fd-6087-48c4-a423-872c24352ae1,54340,Katanning,2,4,2026-04-07 13:27:09.140239
64c535d6-aa15-4298-bacc-3d3125976eaf,55110,Mandurah,2,71,2026-04-07 13:27:09.140239
94998564-b7b0-4cb2-803b-f985ff8bdd6e,55180,Manjimup,2,7,2026-04-07 13:27:09.140239
f4a07d56-93f5-405d-b3fd-cf78e65b1c2b,55320,Melville,2,235,2026-04-07 13:27:09.140239
a70257d5-cb72-4530-bf9e-7768abf33dd9,55740,Mosman Park,2,20,2026-04-07 13:27:09.140239
4abd875f-f5fd-4824-8893-c9a45301bcbb,56230,Murray,2,33,2026-04-07 13:27:09.140239
af8904be-7391-4713-924c-b7921ecdd263,56460,Narrogin,2,1,2026-04-07 13:27:09.140239
65df913a-4189-4c8f-95a0-3270f410b656,56730,Northam,2,115,2026-04-07 13:27:09.140239
45fb01f1-d37e-44b7-ab22-fb9922ad5a48,57080,Perth,2,475,2026-04-07 13:27:09.140239
6000902a-3de0-4aae-a73f-31cb25877ec1,57280,Port Hedland,2,7,2026-04-07 13:27:09.140239
7f40543a-90ee-4ecc-8452-88ab0723d5b9,57490,Rockingham,2,271,2026-04-07 13:27:09.140239
c14238c2-868a-4153-af41-0075b8b0c8a9,57840,South Perth,2,97,2026-04-07 13:27:09.140239
2149f818-dbfc-489a-8164-b3f246cd0b14,57910,Stirling,2,494,2026-04-07 13:27:09.140239
c3571e0a-4400-48db-b709-02909111177d,57980,Subiaco,2,418,2026-04-07 13:27:09.140239
9fbee512-2fd3-4e2b-bb23-dcd1a9d19ba4,58050,Swan,2,205,2026-04-07 13:27:09.140239
da91361a-8a48-453e-9f03-948ac38e9c78,58330,Toodyay,2,1,2026-04-07 13:27:09.140239
7dd86a03-a370-4455-a84d-8dcda4ef4152,58510,Victoria Park,2,215,2026-04-07 13:27:09.140239
7f85fadc-0a9a-4589-baf7-b5415bdb8fd2,58570,Vincent,2,103,2026-04-07 13:27:09.140239
3a77c3b9-e98b-43bb-b637-1815ff4808ba,58610,Wagin,2,0,2026-04-07 13:27:09.140239
0f3c9889-8d0e-42dc-89ba-fd8713c5db48,58760,Wanneroo,2,17,2026-04-07 13:27:09.140239
2acc1c1d-707e-4d42-b0cf-173b1f972a63,58820,Waroona,2,11,2026-04-07 13:27:09.140239
fdaf9a8c-2e5d-4fe8-b093-ecabe5d0a996,59030,Westonia,2,8,2026-04-07 13:27:09.140239
e0e7a26e-8fe7-46c9-a588-e937220ac7b4,59250,Wiluna,2,0,2026-04-07 13:27:09.140239
eb1e864d-e7ba-4a6a-97e1-b35d75ab0801,59340,Wyndham-East Kimberley,2,11,2026-04-07 13:27:09.140239
fc675c69-76a0-447c-b2eb-7671422af5d5,60610,Burnie,2,84,2026-04-07 13:27:09.140239
6b541751-01f8-4af9-911e-85f56b4d065c,60810,Central Coast (Tas.),2,20,2026-04-07 13:27:09.140239
12516cd4-41fd-4a36-b8f2-72f66af324d5,61210,Circular Head,2,9,2026-04-07 13:27:09.140239
e7ea0afa-1966-46d6-b3fe-7451c63a74be,61410,Clarence,2,222,2026-04-07 13:27:09.140239
048c0137-dea3-4644-8a38-f2ced43b86a0,61510,Derwent Valley,2,61,2026-04-07 13:27:09.140239
215ffd19-8a40-4a24-85a0-9dec6e0335f5,61610,Devonport,2,435,2026-04-07 13:27:09.140239
f0ca295c-30e6-4bfb-a0ee-c8b9be07e75a,62210,George Town,2,29,2026-04-07 13:27:09.140239
57899cf9-d185-4613-9a55-01064c6524f7,62410,Glamorgan-Spring Bay,2,54,2026-04-07 13:27:09.140239
9299d362-0a67-4714-9712-e57863533c71,62610,Glenorchy,2,500,2026-04-07 13:27:09.140239
f5829dde-3be4-45ae-8112-1a52bb0c94e7,62810,Hobart,2,284,2026-04-07 13:27:09.140239
97e32bb9-8f15-4381-992c-4ae5e65c4ca5,63010,Huon Valley,2,83,2026-04-07 13:27:09.140239
87bd4a70-ebe8-4fb2-b284-668775a670d8,63610,Kingborough,2,32,2026-04-07 13:27:09.140239
23b1a29e-14ce-4e9d-8499-522681754af7,63810,Latrobe (Tas.),2,69,2026-04-07 13:27:09.140239
6d8245e8-bdee-40c1-9402-1a5b8ea5fbb3,64010,Launceston,2,524,2026-04-07 13:27:09.140239
251be2cf-5cae-4bac-8391-9e9b598e12b6,64610,Northern Midlands,2,28,2026-04-07 13:27:09.140239
bcc11ee9-652f-49d5-9bf5-1fdc018d3d53,65410,Waratah-Wynyard,2,1,2026-04-07 13:27:09.140239
0015dd40-4841-428d-b10a-cfb73c4efada,65610,West Coast,2,7,2026-04-07 13:27:09.140239
7daafd9f-290e-46d6-b197-a146d476148d,65810,West Tamar,2,101,2026-04-07 13:27:09.140239
a26e0163-a9ee-466c-94d1-f9be571c2e45,70200,Alice Springs,2,58,2026-04-07 13:27:09.140239
debf72dc-436e-4285-9e74-464d0b7dc14d,70420,Barkly,2,1,2026-04-07 13:27:09.140239
861338d3-cd09-4602-9f78-c6c9aed69df9,70540,Belyuen,2,11,2026-04-07 13:27:09.140239
86f67379-2de9-428a-9149-8ec476f265fe,70620,Central Desert,2,8,2026-04-07 13:27:09.140239
8e353475-c01b-4919-922b-f064f35f517e,71000,Darwin,2,145,2026-04-07 13:27:09.140239
363a4f59-2c0b-4654-92c5-9d897ef112d0,71300,East Arnhem,2,15,2026-04-07 13:27:09.140239
dbe10217-84d8-4dae-9083-d2a596069344,72200,Katherine,2,10,2026-04-07 13:27:09.140239
16cec331-4e46-439f-b105-9f71f08ca38d,73600,Roper Gulf,2,12,2026-04-07 13:27:09.140239
f9151890-e984-459d-8a33-deb75bd86bd4,74550,Victoria Daly,2,4,2026-04-07 13:27:09.140239
ceca39e9-24e8-4e3e-9086-e3e92f938289,74660,West Arnhem,2,18,2026-04-07 13:27:09.140239
cf8c3f4d-c838-48d5-a072-3c855e3601f4,74680,West Daly,2,4,2026-04-07 13:27:09.140239
983e0da4-2532-4921-b475-5307ac17f103,79399,Unincorporated NT,2,49,2026-04-07 13:27:09.140239
1e75ec4b-2268-47ab-9018-1d0797b61500,89399,Unincorporated ACT,2,681,2026-04-07 13:27:09.140239
2d1da03e-b209-44e0-9a17-b3ef9e54084c,10050,Albury,3,234,2026-04-07 13:27:09.140239
37f8d2c7-737e-4024-81f4-47a50f1512fa,10180,Armidale,3,147,2026-04-07 13:27:09.140239
bac8de2e-54fe-4100-9ba1-324f4021a009,10250,Ballina,3,283,2026-04-07 13:27:09.140239
43c5d586-5239-43a7-abde-b561b20b64e5,10470,Bathurst,3,156,2026-04-07 13:27:09.140239
131a4cea-5000-4174-a55c-d703162afa0a,10500,Bayside (NSW),3,225,2026-04-07 13:27:09.140239
d059810b-914c-491c-b070-cdaa0e5a61ed,10550,Bega Valley,3,261,2026-04-07 13:27:09.140239
0525f914-cb8b-4555-8898-a2e107fc9421,10600,Bellingen,3,39,2026-04-07 13:27:09.140239
ddaa0b51-2565-4056-af18-5cc5d3027598,10650,Berrigan,3,12,2026-04-07 13:27:09.140239
c3f006ba-9f0f-45d8-a6a8-5b1b04613ab6,10750,Blacktown,3,430,2026-04-07 13:27:09.140239
5c37e7ff-b9cd-482f-a40f-7bf6e55ffb47,10900,Blue Mountains,3,164,2026-04-07 13:27:09.140239
81d37e3d-c44d-47e4-838d-b66b942015ed,11200,Brewarrina,3,0,2026-04-07 13:27:09.140239
eef58485-6bbe-4161-8b5c-124ecaa7319a,11250,Broken Hill,3,71,2026-04-07 13:27:09.140239
ac176519-fdaf-4d85-bb60-56f72a476e13,11300,Burwood,3,240,2026-04-07 13:27:09.140239
fe0cdab9-5646-4596-a73d-55fdf6a0e693,11450,Camden,3,167,2026-04-07 13:27:09.140239
35714129-d0ee-421d-b5aa-66f0eb419a25,11500,Campbelltown (NSW),3,158,2026-04-07 13:27:09.140239
fdc6b7fc-82d4-4a04-ade7-12d0313440ca,11520,Canada Bay,3,57,2026-04-07 13:27:09.140239
89f57e04-cb3b-47e2-920a-39dafe40d2f5,11570,Canterbury-Bankstown,3,1341,2026-04-07 13:27:09.140239
d8ec9821-effd-429b-bfa0-bd019bfbca05,11600,Carrathool,3,4,2026-04-07 13:27:09.140239
45786ecf-cc7d-4574-b0bd-7a835e108b9a,11650,Central Coast (NSW),3,1566,2026-04-07 13:27:09.140239
45e4f9f3-63ff-4b30-9789-d01e4d7f9e58,11720,Cessnock,3,137,2026-04-07 13:27:09.140239
c07e460a-fca6-4bc5-a116-35e4718df7ca,11730,Clarence Valley,3,104,2026-04-07 13:27:09.140239
f4a7ae8c-2c68-4613-8b63-c19da8e84ba6,11800,Coffs Harbour,3,404,2026-04-07 13:27:09.140239
d556df9c-467b-433b-80c3-70724f3504de,12000,Coolamon,3,13,2026-04-07 13:27:09.140239
a56a79b5-22d2-4bd5-8041-a85a124c6737,12350,Cowra,3,101,2026-04-07 13:27:09.140239
1df4bef9-a4b2-4cf2-8917-7e4f46e762d2,12380,Cumberland,3,2260,2026-04-07 13:27:09.140239
e3f0be65-0c54-44ee-bb04-3828e78840bb,12390,Dubbo,3,309,2026-04-07 13:27:09.140239
5bf232a7-38b3-4804-8358-1ca665e0b7d4,12730,Edward River,3,106,2026-04-07 13:27:09.140239
b6ab00d0-6598-4a00-b765-57ad54fe958c,12750,Eurobodalla,3,68,2026-04-07 13:27:09.140239
48f6dd4e-2850-4aed-b9f5-c22b5cd701e1,12850,Fairfield,3,636,2026-04-07 13:27:09.140239
816a1415-991c-4235-bec9-fa5041f68184,12930,Georges River,3,908,2026-04-07 13:27:09.140239
17689cbf-e0f8-4663-b79c-4b5f45a0afd9,12950,Gilgandra,3,2,2026-04-07 13:27:09.140239
07fabde5-5058-4898-9688-41464ddd6636,13010,Glen Innes Severn,3,64,2026-04-07 13:27:09.140239
1764ee4e-1433-4ff9-9941-ee629cd279a5,13310,Goulburn Mulwaree,3,174,2026-04-07 13:27:09.140239
f7bb013c-5ffb-4ee6-b058-ce99e93bd987,13450,Griffith,3,110,2026-04-07 13:27:09.140239
129e3197-9224-467c-a639-b0e1937a0db5,13550,Gunnedah,3,44,2026-04-07 13:27:09.140239
7a14b026-4581-421b-b75f-fe7dee519f5a,13800,Hawkesbury,3,110,2026-04-07 13:27:09.140239
b4408901-fe17-42d2-a02a-450bc10a62b0,13910,Hilltops,3,33,2026-04-07 13:27:09.140239
0ab8b95d-58bc-4a98-a383-3c0dd82c3d8d,14000,Hornsby,3,94,2026-04-07 13:27:09.140239
644d8007-14be-463a-bc9a-5730c6f11719,14100,Hunters Hill,3,101,2026-04-07 13:27:09.140239
9a38769f-8750-427a-8e83-d05a89500592,14170,Inner West,3,682,2026-04-07 13:27:09.140239
9108c081-f036-4571-ad4e-e38ebc540d5d,14220,Inverell,3,98,2026-04-07 13:27:09.140239
4379e33e-1f35-489b-9844-375da422ae75,14350,Kempsey,3,42,2026-04-07 13:27:09.140239
78d649e8-0369-43cd-b10a-6fed555992f3,14400,Kiama,3,27,2026-04-07 13:27:09.140239
c958b22d-71f8-41fd-99ee-8ef58da25d13,14500,Ku-ring-gai,3,326,2026-04-07 13:27:09.140239
1846b666-f824-44a4-8207-ffef63be4422,14550,Kyogle,3,79,2026-04-07 13:27:09.140239
7b71ca60-466e-410f-9b45-5a3744ed58c2,14650,Lake Macquarie (C),3,728,2026-04-07 13:27:09.140239
cf11d068-61e9-40a4-b22c-722ff4fc3314,14700,Lane Cove,3,27,2026-04-07 13:27:09.140239
d0e427ee-ba1f-409a-a7a4-ff55e6c405f1,14850,Lismore,3,65,2026-04-07 13:27:09.140239
4bda742d-89bf-4959-bf82-07835dcb9379,14900,Liverpool,3,674,2026-04-07 13:27:09.140239
bfac2177-9110-4b88-bfde-50a0c0907808,15240,Mid-Coast,3,1036,2026-04-07 13:27:09.140239
68431c3f-2c57-41bf-88cf-e7a7e34c7cb4,15270,Mid-Western,3,44,2026-04-07 13:27:09.140239
a909278c-bc9a-4bf8-9a09-7e5445f5b9c4,15350,Mosman,3,8,2026-04-07 13:27:09.140239
29034d6c-8186-4380-b98a-25299655eab8,15560,Murrumbidgee,3,0,2026-04-07 13:27:09.140239
4cc62661-8a9f-4fbe-bdca-d9e6577fbc51,15650,Muswellbrook,3,14,2026-04-07 13:27:09.140239
1a6d4f0c-76cd-4fe3-9a6f-83d6a4f3c8db,15700,Nambucca Valley,3,205,2026-04-07 13:27:09.140239
03b17442-7b75-4cbe-9f09-ff0afed40c83,15750,Narrabri,3,66,2026-04-07 13:27:09.140239
30f74184-7b18-4a80-b249-bbc56fb841bc,15900,Newcastle,3,1267,2026-04-07 13:27:09.140239
b4176cca-78da-4da6-8a4b-a7284725adea,15950,North Sydney,3,218,2026-04-07 13:27:09.140239
810b97b4-a4d6-4550-8249-12c157d7f85f,15990,Northern Beaches,3,351,2026-04-07 13:27:09.140239
0954f124-fe18-4705-82a0-beb490066b08,16150,Orange,3,132,2026-04-07 13:27:09.140239
7df369eb-10e1-4d27-8819-bcab7036464f,16200,Parkes,3,24,2026-04-07 13:27:09.140239
aa945932-9868-4b29-81bf-ae67c38c708c,16260,Parramatta,3,1370,2026-04-07 13:27:09.140239
a359a5ce-bb1a-4d7d-b551-c240117180fb,16350,Penrith,3,226,2026-04-07 13:27:09.140239
e24f420c-5cd4-4f2d-ab6f-f84d6fc4eabf,16380,Port Macquarie-Hastings,3,1360,2026-04-07 13:27:09.140239
dff53420-175a-4334-964a-75fe7a82b964,16400,Port Stephens,3,94,2026-04-07 13:27:09.140239
52f79ecd-4fa0-43af-a171-428461f8bd95,16490,Queanbeyan-Palerang,3,122,2026-04-07 13:27:09.140239
4353828a-6e93-434d-ae72-28ef613957d2,16550,Randwick,3,264,2026-04-07 13:27:09.140239
3279523f-35d9-4f33-ae30-4af51fe411cf,16610,Richmond Valley,3,42,2026-04-07 13:27:09.140239
07957cb3-8620-4b43-b178-f5e1e1fda9ad,16700,Ryde,3,1316,2026-04-07 13:27:09.140239
05edc71c-9360-4992-98d2-479de3b5d459,16900,Shellharbour,3,96,2026-04-07 13:27:09.140239
588c24a5-bd45-4c27-a117-94006b10a6fb,16950,Shoalhaven,3,227,2026-04-07 13:27:09.140239
82fdd906-94f1-492a-b558-26f115649932,17000,Singleton,3,20,2026-04-07 13:27:09.140239
3d412776-a0f9-44fb-ab0b-bcb0e2399560,17040,Snowy Monaro,3,5,2026-04-07 13:27:09.140239
7f0d1a0b-6c04-4e33-b1db-84cf8c38d28e,17080,Snowy Valleys,3,125,2026-04-07 13:27:09.140239
7e5955d1-eb2c-4a99-891e-11596fcbc7c5,17100,Strathfield,3,360,2026-04-07 13:27:09.140239
ed896c3d-3ea4-4ad3-805c-01ff664a8ace,17150,Sutherland,3,202,2026-04-07 13:27:09.140239
5afe59b7-5d64-472e-9aa3-9f5caf581e49,17200,Sydney,3,3093,2026-04-07 13:27:09.140239
5ecf95dc-c4d1-4a64-a48f-8fad491a5eef,17310,Tamworth,3,73,2026-04-07 13:27:09.140239
4d4ac614-d5f7-4044-8bc0-a856ee8ae94e,17350,Temora,3,10,2026-04-07 13:27:09.140239
4ff94bc0-20d1-4956-a730-d0127fe07505,17400,Tenterfield,3,8,2026-04-07 13:27:09.140239
ebe5f165-7628-4165-974f-5bf2ffeb712e,17420,The Hills,3,1177,2026-04-07 13:27:09.140239
f8af006d-3028-4ad6-a1f3-3aeea713b5e2,17550,Tweed,3,1287,2026-04-07 13:27:09.140239
c3eee2e3-2c01-452c-8a41-53ea64a8c638,17620,Upper Hunter,3,43,2026-04-07 13:27:09.140239
9bef3810-fca7-40c4-b630-1852c505ca2f,17640,Upper Lachlan,3,20,2026-04-07 13:27:09.140239
b48bce29-9b8f-4c04-bdbb-d94f31edef31,17650,Uralla,3,18,2026-04-07 13:27:09.140239
ea4ae30e-69ae-467c-bbef-0b0853170140,17750,Wagga Wagga,3,1311,2026-04-07 13:27:09.140239
46e94e87-17b1-46d6-addf-bc5ee707087b,18020,Warrumbungle,3,27,2026-04-07 13:27:09.140239
53a3d7c9-229d-402a-a107-486c4c87baab,18050,Waverley,3,201,2026-04-07 13:27:09.140239
d38db47a-788f-4efa-b149-96caa58c37e0,18200,Wentworth,3,0,2026-04-07 13:27:09.140239
3565a0fa-2e10-4b0e-81d3-fc4a0e8b436d,18250,Willoughby,3,287,2026-04-07 13:27:09.140239
49b9776f-1e51-4d7f-bbf6-d516323114ee,18350,Wingecarribee,3,174,2026-04-07 13:27:09.140239
859d140d-56a5-4391-b9b8-32512f72a8bb,18400,Wollondilly,3,61,2026-04-07 13:27:09.140239
9651a15b-d825-477a-9b18-e39d589ba4c2,18450,Wollongong,3,1157,2026-04-07 13:27:09.140239
9611f358-819d-4a5a-9d94-7c28700aca1c,18500,Woollahra,3,110,2026-04-07 13:27:09.140239
d4b05b73-db08-40da-b575-bcf534c1cfea,18710,Yass Valley,3,5,2026-04-07 13:27:09.140239
62f21597-abd0-4d10-8923-95bc2cc448fc,20110,Alpine,3,46,2026-04-07 13:27:09.140239
88eb3c00-20a1-4b7f-8c75-c36fed77f0ab,20260,Ararat,3,20,2026-04-07 13:27:09.140239
b9240358-6105-45b8-b3d8-a472712ed22e,20570,Ballarat,3,210,2026-04-07 13:27:09.140239
57ceea4e-4adf-45d1-99f2-07e0e13fa67b,20660,Banyule,3,368,2026-04-07 13:27:09.140239
719ef734-23b8-4663-805c-97d30f60094d,20740,Bass Coast,3,29,2026-04-07 13:27:09.140239
99eaedfa-d142-4244-b57c-86b2d3dde22d,20830,Baw Baw,3,89,2026-04-07 13:27:09.140239
7543faeb-bbbd-4aa0-b26d-1162857d86bc,20910,Bayside (Vic.),3,338,2026-04-07 13:27:09.140239
668cc69c-046f-4757-8238-d0a251ddca28,21010,Benalla,3,20,2026-04-07 13:27:09.140239
1130f80f-0ea6-4683-8bb6-1c2ca2234495,21110,Boroondara,3,388,2026-04-07 13:27:09.140239
ad2bb0ed-fe96-4bc0-b132-ed521ccf68de,21180,Brimbank,3,713,2026-04-07 13:27:09.140239
e1b10463-7d1d-4e20-92f0-cd4ecc24fb7b,21370,Campaspe,3,147,2026-04-07 13:27:09.140239
675fed06-fa9b-470a-be98-548559655d6f,21450,Cardinia,3,668,2026-04-07 13:27:09.140239
3ce87d0a-ef4c-439e-8816-9fca63080f75,21610,Casey,3,300,2026-04-07 13:27:09.140239
9f6ac5e0-8400-4c36-bc85-c4354d5fb0b4,21750,Colac Otway,3,82,2026-04-07 13:27:09.140239
2d2be5c9-9172-4f8e-8284-a8e032c063ac,21830,Corangamite,3,60,2026-04-07 13:27:09.140239
c50e1cc4-8f65-4f5c-a0fd-bac2d2d32f0a,21890,Darebin,3,481,2026-04-07 13:27:09.140239
db5b2a44-0379-4839-a135-2418441c0c84,22110,East Gippsland,3,323,2026-04-07 13:27:09.140239
6aa6bc95-d7d6-4f16-8c2e-4002a17f109f,22170,Frankston,3,660,2026-04-07 13:27:09.140239
7d8399ac-c1b9-4ad3-baba-96ad0ddca451,22310,Glen Eira,3,674,2026-04-07 13:27:09.140239
27e9d8e6-4311-4e26-a8e8-2b6d7cbb9d34,22410,Glenelg,3,46,2026-04-07 13:27:09.140239
f285d33a-f5fc-4c38-a9cb-257ce678d1df,22620,Greater Bendigo,3,311,2026-04-07 13:27:09.140239
a1455f7c-f612-4426-bc28-507d41c16686,22670,Greater Dandenong,3,764,2026-04-07 13:27:09.140239
612b4263-04a8-44fb-9407-e2d40f64a589,22750,Greater Geelong,3,954,2026-04-07 13:27:09.140239
51ac33db-e389-4d8a-a683-aaba7425b66e,22830,Greater Shepparton,3,707,2026-04-07 13:27:09.140239
a767386a-e8a6-4cd2-a1e0-a0b3966b73ea,22910,Hepburn,3,84,2026-04-07 13:27:09.140239
4d799db2-4a92-4562-994e-a11c373b2651,22980,Hindmarsh,3,16,2026-04-07 13:27:09.140239
8cd2404c-55ed-4620-97c5-fc2acf77ee74,23110,Hobsons Bay (C),3,1,2026-04-07 13:27:09.140239
2cbf4bf5-6c13-4cb3-afb6-deaa8e2b3807,23190,Horsham,3,96,2026-04-07 13:27:09.140239
0a5e7648-8522-4e6a-bad9-d26eb611a462,23270,Hume,3,767,2026-04-07 13:27:09.140239
31839a05-ea13-4d96-b52a-3ad291721e70,23350,Indigo,3,22,2026-04-07 13:27:09.140239
f74c0375-9594-484a-985a-fe9ed182401d,23430,Kingston (Vic.),3,745,2026-04-07 13:27:09.140239
f474d6fc-f818-425f-97b8-f9c26c2d4176,23670,Knox,3,560,2026-04-07 13:27:09.140239
484b7da9-a77d-46f7-b20f-11c7507ef79a,23810,Latrobe (Vic.),3,885,2026-04-07 13:27:09.140239
7b561c19-2159-4973-8df8-e16c005c68a0,24130,Macedon Ranges,3,43,2026-04-07 13:27:09.140239
76173e1e-0aa2-4b23-bc5d-37fc7b501ab0,24210,Manningham,3,104,2026-04-07 13:27:09.140239
700be9ee-4d1c-401c-88d9-ec2d017a42cd,24330,Maribyrnong,3,968,2026-04-07 13:27:09.140239
225822e5-e272-450d-b1d3-bde0bca987bb,24410,Maroondah,3,432,2026-04-07 13:27:09.140239
0e36ef7a-4056-4a92-8b2c-1c465686a10d,24600,Melbourne,3,997,2026-04-07 13:27:09.140239
f2bd9014-9420-4aea-b46a-4b0252530e90,24650,Melton,3,275,2026-04-07 13:27:09.140239
bee6f45f-0821-4da3-99af-dc8a9875deba,24700,Merri-bek,3,534,2026-04-07 13:27:09.140239
f4b64841-f362-477b-b6f9-26a395466585,24780,Mildura,3,223,2026-04-07 13:27:09.140239
b2e3c479-76c5-494e-9d2b-c19097cfa139,24900,Moira,3,70,2026-04-07 13:27:09.140239
7be801a1-6893-4c09-8319-a37f83a38a93,24970,Monash,3,4139,2026-04-07 13:27:09.140239
9162a07e-78a2-4f32-8b30-2cc167121aa6,25060,Moonee Valley,3,258,2026-04-07 13:27:09.140239
b990ef6d-4849-4e5f-bf58-e37908bb5452,25340,Mornington Peninsula,3,353,2026-04-07 13:27:09.140239
b5e0cf96-b263-48e4-aebe-5bf0f1f452e1,25430,Mount Alexander,3,2,2026-04-07 13:27:09.140239
27096ec1-f044-4f26-95f4-f25e4ad332e6,25490,Moyne,3,81,2026-04-07 13:27:09.140239
5816cdd8-c8ff-4f7a-be0f-beae8a2c7f86,25710,Nillumbik,3,126,2026-04-07 13:27:09.140239
9e5cc67a-ac63-4e4e-84bb-a74976703159,25810,Northern Grampians,3,95,2026-04-07 13:27:09.140239
a9cf8e17-240f-409d-871a-b5f3bf6875fd,25900,Port Phillip,3,962,2026-04-07 13:27:09.140239
0e8e9558-61ca-432a-8899-24e79f9cdda0,25990,Pyrenees,3,27,2026-04-07 13:27:09.140239
5a2af92f-7124-4a32-93c1-6dc235b9eda0,26080,Queenscliffe,3,55,2026-04-07 13:27:09.140239
1a1f8791-f85e-41a0-b9d3-3276f6072c3e,26170,South Gippsland,3,273,2026-04-07 13:27:09.140239
5cb05dd7-f9ba-48af-b92d-15c4a7338218,26260,Southern Grampians,3,96,2026-04-07 13:27:09.140239
852c6412-4cbf-4217-bc48-ad9d97c20e4f,26350,Stonnington,3,579,2026-04-07 13:27:09.140239
4543e044-f247-406f-82cc-840eff698978,26430,Strathbogie,3,23,2026-04-07 13:27:09.140239
34fd5947-264c-4470-a1ac-4ba44d345c85,26490,Surf Coast,3,99,2026-04-07 13:27:09.140239
34bdebeb-4f77-405f-9992-428dd478ec33,26610,Swan Hill,3,97,2026-04-07 13:27:09.140239
49962c99-466a-4164-b477-bccd8b0eaafd,26670,Towong,3,10,2026-04-07 13:27:09.140239
b4679094-c9cd-4cf1-a72c-73d6323b3398,26700,Wangaratta,3,82,2026-04-07 13:27:09.140239
04976cfc-50ca-4db0-8ee9-2d6e164b3228,26730,Warrnambool,3,129,2026-04-07 13:27:09.140239
86603f24-974e-47b2-b493-52c4e6b4fdca,26810,Wellington,3,179,2026-04-07 13:27:09.140239
98fcd857-cefa-49a8-a4d2-1adb01bbb35a,26980,Whitehorse,3,961,2026-04-07 13:27:09.140239
7d5b4907-7c2a-462c-8555-ad9d58ae0e94,27070,Whittlesea,3,989,2026-04-07 13:27:09.140239
ba526847-8dbd-4ab3-a4d5-47b1f3c53bb1,27170,Wodonga,3,49,2026-04-07 13:27:09.140239
c9a32bfc-bcc9-4072-9ff1-5eb1207c9a31,27260,Wyndham,3,120,2026-04-07 13:27:09.140239
f3299cd3-8f65-442b-8c00-d74a8a40c22f,27350,Yarra,3,305,2026-04-07 13:27:09.140239
25e8bbce-4c67-41ac-8f9d-e53712d38fb6,27450,Yarra Ranges,3,188,2026-04-07 13:27:09.140239
6836d7a2-6bca-4b36-915f-58ecc4375754,30370,Banana,3,38,2026-04-07 13:27:09.140239
ed5b1567-96da-4617-9c94-3c768c28e288,30410,Barcaldine,3,2,2026-04-07 13:27:09.140239
6e88b96e-28a2-475f-968f-a9d4b4a1ebbf,31000,Brisbane,3,10518,2026-04-07 13:27:09.140239
c3f54f99-dd29-4110-8fb3-b84c9d6d6aac,31820,Bundaberg,3,313,2026-04-07 13:27:09.140239
e93aa018-114a-457f-9f2c-091f27237af1,31900,Burdekin,3,131,2026-04-07 13:27:09.140239
100b7ca2-1e8d-4be3-9a2b-cd2de3d7dad0,32080,Cairns,3,799,2026-04-07 13:27:09.140239
d046631d-c696-48e2-a43b-39e426316038,32260,Cassowary Coast,3,79,2026-04-07 13:27:09.140239
a5ada94b-f231-4204-b1cd-c1ca991c728d,32270,Central Highlands (Qld),3,48,2026-04-07 13:27:09.140239
a930109a-1dd8-4b82-a8fa-9d3c93d30ffc,32500,Cook,3,2,2026-04-07 13:27:09.140239
97d71c21-8191-4c40-b1c9-c751ead4e856,33200,Flinders (Qld),3,6,2026-04-07 13:27:09.140239
0918c2f9-194d-4db6-ae20-2b3acfe1dbef,33220,Fraser Coast,3,372,2026-04-07 13:27:09.140239
c22d40fd-0b7a-4cdd-89a2-b7a1ef031fd0,33360,Gladstone,3,108,2026-04-07 13:27:09.140239
99b93e76-6018-451d-944b-a90a07296279,33430,Gold Coast,3,1146,2026-04-07 13:27:09.140239
9f805a9b-65c7-4189-b23b-0ca497b4fb9f,33610,Goondiwindi,3,4,2026-04-07 13:27:09.140239
398f05c8-99cb-4be4-85b0-17d82c983170,33620,Gympie,3,65,2026-04-07 13:27:09.140239
1ed58862-ae0b-49ce-bc62-4a2d0e9b2331,33800,Hinchinbrook,3,184,2026-04-07 13:27:09.140239
8fcb2a02-337a-44cd-b043-340ed725388c,33960,Ipswich,3,306,2026-04-07 13:27:09.140239
80c5c6dd-21f4-4a4d-892f-53dc723311ca,33980,Isaac,3,7,2026-04-07 13:27:09.140239
0271c1f7-4b10-49b5-8624-232d7fef2d5d,34420,Kowanyama,3,9,2026-04-07 13:27:09.140239
a4aa483e-6bdf-42fd-b822-ad068a270461,34580,Lockyer Valley,3,150,2026-04-07 13:27:09.140239
7af6d82e-1224-4ae8-9648-de47e68bb23e,34590,Logan,3,564,2026-04-07 13:27:09.140239
2b6f540c-da2e-41bf-8aed-7a76ee96a163,34770,Mackay,3,99,2026-04-07 13:27:09.140239
b2be6705-6614-493e-93c2-92f1929e1532,34860,Maranoa,3,37,2026-04-07 13:27:09.140239
30af9d10-5166-4b4d-bbfc-add1fdd84d82,34880,Mareeba,3,41,2026-04-07 13:27:09.140239
d45270c1-508b-4190-a849-e64f72f7c160,35010,Moreton Bay,3,2253,2026-04-07 13:27:09.140239
6097095a-07b2-4746-bd8d-1937946bbad8,35670,Napranum,3,0,2026-04-07 13:27:09.140239
8dc2ea73-96c3-48b5-b6a4-242be9a50ff8,35740,Noosa (S),3,44,2026-04-07 13:27:09.140239
012e0f49-f76f-40e6-8123-4101d15913ca,35760,North Burnett,3,1,2026-04-07 13:27:09.140239
46db61ce-7c42-4e6f-b6fe-55b4974cfd5b,35780,Northern Peninsula Area,3,0,2026-04-07 13:27:09.140239
39a299d0-06bd-4c5e-baec-47fd3efc6616,35800,Paroo,3,15,2026-04-07 13:27:09.140239
bd57687e-ba79-4254-9b84-b43733224bdd,36070,Pormpuraaw,3,3,2026-04-07 13:27:09.140239
1a2f8c73-2291-4a05-8246-7240c034ed6a,36250,Redland,3,334,2026-04-07 13:27:09.140239
145e2668-90e8-4a4d-8a06-c19d1f5a8d9f,36300,Richmond,3,1,2026-04-07 13:27:09.140239
71168505-452f-4ec1-a978-124ee3ba04f7,36370,Rockhampton,3,804,2026-04-07 13:27:09.140239
bdfbf081-f44c-42ef-b2dd-66e1d6451564,36510,Scenic Rim,3,140,2026-04-07 13:27:09.140239
b21c71ab-9a7e-4b23-a0a5-559df2844795,36630,South Burnett,3,116,2026-04-07 13:27:09.140239
3b7dced2-c348-415d-ad7d-9e3ec7914b4e,36660,Southern Downs,3,89,2026-04-07 13:27:09.140239
c72d001c-7a46-4e74-905c-f78129cb7c96,36720,Sunshine Coast,3,2693,2026-04-07 13:27:09.140239
4e3b2450-8f86-42b4-b4b4-b1940e693fd7,36820,Tablelands,3,89,2026-04-07 13:27:09.140239
e031676d-bfa9-4b78-9e4a-6ac98efdb429,36910,Toowoomba,3,734,2026-04-07 13:27:09.140239
7e6cdde5-0c4b-47e2-acf3-e0ad4eb4fa62,36950,Torres,3,0,2026-04-07 13:27:09.140239
4ab61740-4f8e-46b4-b821-4cd2b6f2c5db,37010,Townsville,3,2041,2026-04-07 13:27:09.140239
c03e7691-0c81-4776-b0c6-418878d4433a,37310,Western Downs,3,6,2026-04-07 13:27:09.140239
5f0d7786-a77c-4340-bc56-7e728279333e,37340,Whitsunday,3,44,2026-04-07 13:27:09.140239
557fa6f9-5238-446f-ae2d-243033b668e3,37400,Winton,3,2,2026-04-07 13:27:09.140239
d63d0a92-6369-48c3-b0ca-769faf4f260e,37570,Wujal Wujal,3,4,2026-04-07 13:27:09.140239
535aec2d-c56f-4ea0-9b04-61679535d4ff,37600,Yarrabah,3,2,2026-04-07 13:27:09.140239
cb939c22-0525-47eb-addb-8f9a2a516bcb,40070,Adelaide,3,879,2026-04-07 13:27:09.140239
c4fb8b0e-0492-493a-a404-ce3568eeb842,40220,Alexandrina,3,172,2026-04-07 13:27:09.140239
aef63590-1a0a-4b13-9e0d-060ddfd258d8,40310,Barossa,3,167,2026-04-07 13:27:09.140239
1dd1652d-1649-406c-9371-5b0c5748d634,40430,Barunga West,3,39,2026-04-07 13:27:09.140239
a074e5d1-7d23-4d46-a1b2-e36cb1577f43,40520,Berri Barmera,3,307,2026-04-07 13:27:09.140239
b4788dfa-7ed1-495a-99ad-6ffe212c696b,40700,Burnside,3,676,2026-04-07 13:27:09.140239
2142a876-59fb-44bd-b1ad-3debcb34c6ea,40910,Campbelltown (SA),3,828,2026-04-07 13:27:09.140239
4448e71d-b4f7-4da1-904c-85fbbcb2787c,41060,Charles Sturt,3,1179,2026-04-07 13:27:09.140239
3a4b19d0-c6b0-4fea-87de-d3680ff75a83,41560,Copper Coast,3,73,2026-04-07 13:27:09.140239
2e7df41f-215a-4c02-bc47-f44df5af9346,42600,Holdfast Bay,3,478,2026-04-07 13:27:09.140239
d8952414-3398-46ba-8bbd-f4878cb8b9e8,44060,Marion,3,539,2026-04-07 13:27:09.140239
f4f5d59c-28f1-4661-b23f-ca4dae5fa377,44340,Mitcham,3,522,2026-04-07 13:27:09.140239
924d0797-6f7d-4635-9c7f-d178b5ff91bc,44550,Mount Barker,3,106,2026-04-07 13:27:09.140239
e7ac5f3d-fd61-41bd-8ae5-645000c1ea18,44620,Mount Gambier,3,160,2026-04-07 13:27:09.140239
b92ba18b-79b4-4977-8dba-df13dd450e1f,45040,Murray Bridge,3,422,2026-04-07 13:27:09.140239
2b94481f-3df0-42c7-9c68-31d8a55dedb2,45090,Naracoorte Lucindale,3,71,2026-04-07 13:27:09.140239
61cbe79a-5cb2-40c3-8e9b-2a350e841eab,45290,Norwood Payneham and St Peters,3,385,2026-04-07 13:27:09.140239
a4436f6a-8bb1-4527-874b-5ca7af8f4e87,45340,Onkaparinga,3,508,2026-04-07 13:27:09.140239
9e0e5a1f-bd87-4866-b5f1-60ea9caaf313,45680,Playford,3,350,2026-04-07 13:27:09.140239
b7682130-2c32-46c3-9563-8efc67c0c7ae,45890,Port Adelaide Enfield,3,569,2026-04-07 13:27:09.140239
abe228b3-d42c-4bef-888d-ef3ac24c42d1,46090,Port Augusta,3,124,2026-04-07 13:27:09.140239
62660312-188f-4ad8-9748-3c994faece4d,46300,Port Lincoln,3,137,2026-04-07 13:27:09.140239
654baa05-165d-41e1-8ad1-a7817516fc82,46450,Port Pirie,3,120,2026-04-07 13:27:09.140239
1d729a59-9aac-49c2-be03-5d8842f97e2f,46510,Prospect,3,63,2026-04-07 13:27:09.140239
0ad5954f-acdb-4328-9cae-dbada1713ca5,47140,Salisbury,3,344,2026-04-07 13:27:09.140239
67cdd1ce-fe5c-4b23-b7cd-108b59d219e9,47490,Streaky Bay,3,546,2026-04-07 13:27:09.140239
e9b16e5a-d200-44ed-bc1e-183bf25d1eb8,47700,Tea Tree Gully,3,51,2026-04-07 13:27:09.140239
f5c8f2a2-b3b0-4f17-92a1-1879e329d55e,47980,Unley,3,443,2026-04-07 13:27:09.140239
0f2937d8-e21d-4fc4-ac0c-987af5f218e1,48260,Walkerville,3,378,2026-04-07 13:27:09.140239
83894b83-4706-4750-b119-85f83ac9145d,48410,West Torrens,3,298,2026-04-07 13:27:09.140239
e55f054e-5ba0-4c55-9730-a84d9b89de70,48540,Whyalla,3,18,2026-04-07 13:27:09.140239
3aa3fee2-17f4-4837-a8e9-dd2a0c80f6c9,48750,Yankalilla,3,0,2026-04-07 13:27:09.140239
ab8ed59f-8c36-4890-8386-3bf87ff74279,48830,Yorke Peninsula,3,71,2026-04-07 13:27:09.140239
6d0a9f7c-0e6c-446e-bc2a-58024530f064,50080,Albany,3,226,2026-04-07 13:27:09.140239
576708a7-7923-46e0-8d84-27b1c45645e8,50210,Armadale,3,105,2026-04-07 13:27:09.140239
23c8a20e-5094-473f-a6d0-b0b8ce86ae54,50350,Bassendean (T),3,0,2026-04-07 13:27:09.140239
6305fb85-d2b2-4339-ab27-840c6584f976,50420,Bayswater,3,139,2026-04-07 13:27:09.140239
18b8cf42-f394-41d0-b7a0-44a5160d371b,50490,Belmont,3,767,2026-04-07 13:27:09.140239
ab896350-8b69-4806-bfd7-fc6d5048ded2,50980,Broome,3,36,2026-04-07 13:27:09.140239
448d9549-d01b-45d6-8080-f7083adb782d,51190,Bunbury,3,332,2026-04-07 13:27:09.140239
dea79fcc-5ed9-4acf-9e8b-682860728de7,51260,Busselton,3,47,2026-04-07 13:27:09.140239
de7c945c-e75b-43d2-9d26-ce3d762b8ac7,51310,Cambridge,3,309,2026-04-07 13:27:09.140239
9c07f422-428f-4d1f-969f-bf9de8c0405d,51330,Canning,3,1116,2026-04-07 13:27:09.140239
49e6a6da-bdb3-4f49-8a0b-3ba96a022e83,51750,Claremont,3,32,2026-04-07 13:27:09.140239
5bfe8f98-d151-4892-8a09-e5e3920c0b36,51820,Cockburn,3,99,2026-04-07 13:27:09.140239
a852844e-9762-4dad-b53c-89d53f9e48b7,51890,Collie,3,2,2026-04-07 13:27:09.140239
bf6c7865-f9bd-4825-8df5-7dc272d55d82,52170,Cottesloe,3,34,2026-04-07 13:27:09.140239
a4abe2bc-6ffc-48c1-9967-49949ce70cde,52590,Dandaragan,3,21,2026-04-07 13:27:09.140239
6db559a3-52d9-4344-8246-416acb6f38ef,52940,Dowerin,3,4,2026-04-07 13:27:09.140239
ab0beaf0-25b6-4b38-b3da-8ef89fde38e4,53220,East Pilbara,3,6,2026-04-07 13:27:09.140239
23d731d8-94cb-4750-abe4-82c0ca63049e,53290,Esperance,3,35,2026-04-07 13:27:09.140239
3bdf7332-8558-44c4-b9bd-8cec9977b43f,53430,Fremantle,3,315,2026-04-07 13:27:09.140239
01d87b49-a97f-46bd-82d0-bb425e6c5316,53780,Gosnells,3,364,2026-04-07 13:27:09.140239
f15add6f-a22e-4448-80fe-4905d44448c8,53800,Greater Geraldton,3,71,2026-04-07 13:27:09.140239
faf08736-c736-4e2d-a674-79f89b8bb831,53990,Harvey,3,276,2026-04-07 13:27:09.140239
861e8f39-bc70-4b4d-b5cb-4e6c2c34538d,54170,Joondalup,3,569,2026-04-07 13:27:09.140239
9d693f7c-9e6c-4202-a5f3-de1e9d780a6c,54200,Kalamunda,3,41,2026-04-07 13:27:09.140239
2fbd3c1a-264f-43f0-b543-0d047d69da72,54280,Kalgoorlie-Boulder,3,23,2026-04-07 13:27:09.140239
909f8c18-261c-46a8-b5b1-835c0b956800,54310,Karratha,3,3,2026-04-07 13:27:09.140239
31c86b83-31a3-4ee8-b6b1-7fa8a9b4522c,54340,Katanning,3,12,2026-04-07 13:27:09.140239
75640d49-b85d-4ea0-8da0-6d01cae38d48,55110,Mandurah,3,421,2026-04-07 13:27:09.140239
562d1dad-0c45-4020-8bbc-f00d6cf5643c,55180,Manjimup,3,17,2026-04-07 13:27:09.140239
1d2e80ea-8dc2-4a36-9597-8f596be3c893,55320,Melville,3,282,2026-04-07 13:27:09.140239
3ad52409-e05b-4b9b-b845-a046cf868a5f,55740,Mosman Park,3,50,2026-04-07 13:27:09.140239
c880c3db-9d8a-4bb6-9782-5754f61c6591,56230,Murray,3,22,2026-04-07 13:27:09.140239
73c778c1-9493-406a-8b11-280d41e50ba7,56460,Narrogin,3,17,2026-04-07 13:27:09.140239
eb133b5c-47b1-4156-a2a5-de6ba01aa3ae,56730,Northam,3,245,2026-04-07 13:27:09.140239
05efec9a-aa2e-42bf-aebd-17630891025f,57080,Perth,3,633,2026-04-07 13:27:09.140239
5ab115e8-f9c1-46bc-ba77-4cc5634d52db,57280,Port Hedland,3,12,2026-04-07 13:27:09.140239
bdc27443-e267-4c70-9650-2cd6254955bc,57490,Rockingham,3,388,2026-04-07 13:27:09.140239
8a93a73d-bf21-4f7d-9505-537d213367e9,57840,South Perth,3,84,2026-04-07 13:27:09.140239
ab670026-7a59-48b3-b134-2541963be59e,57910,Stirling,3,652,2026-04-07 13:27:09.140239
7bb14837-16d6-45ba-934b-6f47529f227a,57980,Subiaco,3,589,2026-04-07 13:27:09.140239
4291cebf-d464-4a43-aa74-a32d73933e68,58050,Swan,3,397,2026-04-07 13:27:09.140239
50eefe4d-e033-43e8-9438-121e9bfa3978,58330,Toodyay,3,129,2026-04-07 13:27:09.140239
d76b35e3-7903-44e3-add8-607352ab6264,58510,Victoria Park,3,367,2026-04-07 13:27:09.140239
6aba6a63-d7ae-4cfc-aec7-bcb7363e7516,58570,Vincent,3,400,2026-04-07 13:27:09.140239
452dd836-a445-4902-b7a9-3a392fe14ce9,58610,Wagin,3,6,2026-04-07 13:27:09.140239
373d185d-8011-42c6-82d8-d4fbcda083b5,58760,Wanneroo,3,42,2026-04-07 13:27:09.140239
b19237a3-4392-45cf-be37-5bb48b56775d,58820,Waroona,3,22,2026-04-07 13:27:09.140239
ef0e5769-0e0a-4449-8614-8ed91856bd7a,59030,Westonia,3,11,2026-04-07 13:27:09.140239
87b0c71c-eae9-4090-ac67-ba8c10ed2bf2,59250,Wiluna,3,1,2026-04-07 13:27:09.140239
b96272c8-4d02-4633-a1c6-84068983d78f,59340,Wyndham-East Kimberley,3,8,2026-04-07 13:27:09.140239
31a87397-0eaf-40e8-b5e8-7f9dee4d39b0,60610,Burnie,3,89,2026-04-07 13:27:09.140239
10854bff-028c-44ec-8077-fd77186f9c14,60810,Central Coast (Tas.),3,12,2026-04-07 13:27:09.140239
9d128903-0f2a-4541-b4f7-e02378229a53,61210,Circular Head,3,5,2026-04-07 13:27:09.140239
2d8c643e-d710-467b-924a-58d513ec4b38,61410,Clarence,3,212,2026-04-07 13:27:09.140239
0e9f6353-e0a6-47fe-a88a-b18f68fcaba9,61510,Derwent Valley,3,38,2026-04-07 13:27:09.140239
38af9c2b-c653-4ef0-9b03-be59e9771a22,61610,Devonport,3,382,2026-04-07 13:27:09.140239
3989d6d5-afd1-424d-982d-9932c119ae15,62210,George Town,3,29,2026-04-07 13:27:09.140239
ef7139aa-9afb-4cb9-8b5e-ff048e2963ed,62410,Glamorgan-Spring Bay,3,54,2026-04-07 13:27:09.140239
2ebd6fa2-10b4-4fc3-ae7d-0389d1abf55e,62610,Glenorchy,3,499,2026-04-07 13:27:09.140239
c81b6172-ce01-470e-ad7c-8e1591698b04,62810,Hobart,3,250,2026-04-07 13:27:09.140239
b2337148-8048-4413-ba29-f090297eca75,63010,Huon Valley,3,97,2026-04-07 13:27:09.140239
47d05cdf-b999-412b-a04c-595b500ae549,63610,Kingborough,3,22,2026-04-07 13:27:09.140239
7eb920d5-cf3b-46cc-ab4d-19c559f7d109,63810,Latrobe (Tas.),3,58,2026-04-07 13:27:09.140239
f2e66597-eda2-482e-9223-4f3c9154d55f,64010,Launceston,3,553,2026-04-07 13:27:09.140239
8b31d2fd-20d5-4e88-aea2-eeb766b7b94f,64610,Northern Midlands,3,25,2026-04-07 13:27:09.140239
b55529e9-8a3b-4ce0-b0ea-f95e51677c9a,65410,Waratah-Wynyard,3,2,2026-04-07 13:27:09.140239
4d13a6a3-d862-49fd-aa4d-43569a16c354,65610,West Coast,3,7,2026-04-07 13:27:09.140239
33436dc6-7e2a-4375-93cf-dc776c244673,65810,West Tamar,3,98,2026-04-07 13:27:09.140239
ebcc3baa-dbfb-4d0e-93f6-e4a60f36b4e9,70200,Alice Springs,3,69,2026-04-07 13:27:09.140239
2ffceb4b-bc06-4014-850c-2e598b03c5f7,70420,Barkly,3,1,2026-04-07 13:27:09.140239
64377110-e572-448b-b663-c562f971cdea,70540,Belyuen,3,13,2026-04-07 13:27:09.140239
8a2135b4-ce97-4259-a741-42c80fec39d6,70620,Central Desert,3,5,2026-04-07 13:27:09.140239
8a374ffd-59b3-4944-bb20-04c32831e1be,71000,Darwin,3,261,2026-04-07 13:27:09.140239
0f1d5da8-98e7-4852-a5be-7f0eb179e943,71300,East Arnhem,3,11,2026-04-07 13:27:09.140239
efa42a8b-3a4f-48f2-ac90-1f84528a4c8b,72200,Katherine,3,22,2026-04-07 13:27:09.140239
44ca5b49-8d25-4d02-a980-1b422fc374c0,73600,Roper Gulf,3,18,2026-04-07 13:27:09.140239
cd607848-8454-4409-b031-7c067e798ebf,74550,Victoria Daly,3,2,2026-04-07 13:27:09.140239
8d40bf72-0109-4b4c-804a-4899e5c08cfe,74660,West Arnhem,3,13,2026-04-07 13:27:09.140239
72ebf14d-1ba4-466b-8fb1-dad0bf237e23,74680,West Daly,3,0,2026-04-07 13:27:09.140239
936eb18c-551d-4385-944a-7c26fedaa259,79399,Unincorporated NT,3,56,2026-04-07 13:27:09.140239
dfc31b77-2062-4197-91f0-b2547119aa9c,89399,Unincorporated ACT,3,809,2026-04-07 13:27:09.140239
f1f76afe-b475-4e56-9f59-3f0800cd0f6e,10050,Albury,4,96,2026-04-07 13:27:09.140239
137cd937-61c9-4e48-9b7f-075cb4f2bc04,10180,Armidale,4,61,2026-04-07 13:27:09.140239
da774958-f17d-4a21-808d-3f6081a2f22c,10250,Ballina,4,115,2026-04-07 13:27:09.140239
a9662fda-f7f4-45d9-a387-451e29960fa9,10470,Bathurst,4,93,2026-04-07 13:27:09.140239
577da941-8a18-4572-b6de-6c2c58c1ae85,10500,Bayside (NSW),4,121,2026-04-07 13:27:09.140239
cc53e667-3293-490c-802c-ac8ebe19c92d,10550,Bega Valley,4,73,2026-04-07 13:27:09.140239
d443ad0f-1e4d-4c0b-852b-3dd5de4ff43a,10600,Bellingen,4,12,2026-04-07 13:27:09.140239
795037ac-1ac4-4277-89cd-d6edd9074ef0,10650,Berrigan,4,0,2026-04-07 13:27:09.140239
9f0b455b-7368-4e93-b908-165dc30c4f78,10750,Blacktown,4,220,2026-04-07 13:27:09.140239
a73d2d6b-274e-4295-862d-b62660e06501,10900,Blue Mountains,4,84,2026-04-07 13:27:09.140239
b542c2b9-c451-4596-a265-7cf08fef3136,11200,Brewarrina,4,0,2026-04-07 13:27:09.140239
be4efc2f-41ae-4cc4-a99c-a2b83b479df3,11250,Broken Hill,4,24,2026-04-07 13:27:09.140239
7653601b-2b34-49f8-bb66-58bc587c40c1,11300,Burwood,4,103,2026-04-07 13:27:09.140239
f23f6d12-94f8-4a03-bcbe-ca2fb9fe4550,11450,Camden,4,54,2026-04-07 13:27:09.140239
f7a12c17-60ab-4b27-85bb-f035ac639251,11500,Campbelltown (NSW),4,45,2026-04-07 13:27:09.140239
78aa20e2-e9ce-4d1d-ba89-9facf4355395,11520,Canada Bay,4,40,2026-04-07 13:27:09.140239
f720da66-e82c-469c-a5a2-80507be45264,11570,Canterbury-Bankstown,4,587,2026-04-07 13:27:09.140239
ce946a59-9185-4901-86eb-79489dbf9c2b,11600,Carrathool,4,0,2026-04-07 13:27:09.140239
9ae4dd32-4d98-4cd2-a4aa-ff19aa1c7085,11650,Central Coast (NSW),4,725,2026-04-07 13:27:09.140239
70441900-9b94-4e62-90d0-e6930bcbf42b,11720,Cessnock,4,109,2026-04-07 13:27:09.140239
313f21e2-78ce-48a3-8991-f89caca736e8,11730,Clarence Valley,4,49,2026-04-07 13:27:09.140239
970ae808-b61d-43d5-bd4d-fb9ce7487d45,11800,Coffs Harbour,4,166,2026-04-07 13:27:09.140239
22000492-0172-4f13-8056-efc220dba819,12000,Coolamon,4,6,2026-04-07 13:27:09.140239
590bab79-4dec-4f54-9ba9-653f67f42a1e,12350,Cowra,4,62,2026-04-07 13:27:09.140239
d0d532d1-d94b-4a95-a0db-5dd480ac57a5,12380,Cumberland,4,1168,2026-04-07 13:27:09.140239
52d177ff-5793-4ded-87db-ab5d25677497,12390,Dubbo,4,110,2026-04-07 13:27:09.140239
971b24f0-90a1-40db-900d-d88ed02fb8a0,12730,Edward River,4,43,2026-04-07 13:27:09.140239
33e0b444-c726-48a7-8d3b-f24bd9c26f92,12750,Eurobodalla,4,33,2026-04-07 13:27:09.140239
1b29d0fb-7c2d-4a22-a07b-9652fec100b1,12850,Fairfield,4,266,2026-04-07 13:27:09.140239
d561c5ac-36f8-4574-afd0-ec56aff52f70,12930,Georges River,4,352,2026-04-07 13:27:09.140239
8fd26968-6365-4447-baa9-4f20cd9bd834,12950,Gilgandra,4,0,2026-04-07 13:27:09.140239
a6d9f252-4b39-48f1-8d91-16378617bf87,13010,Glen Innes Severn,4,20,2026-04-07 13:27:09.140239
299bf262-daf6-4818-9370-25ac326f8dcf,13310,Goulburn Mulwaree,4,69,2026-04-07 13:27:09.140239
87753fac-6b29-4ee8-b317-5621143ad963,13450,Griffith,4,39,2026-04-07 13:27:09.140239
496fae76-e789-4d95-b414-42d88ee1efa5,13550,Gunnedah,4,24,2026-04-07 13:27:09.140239
74e0e8d8-2009-49af-9d87-4d24655006fd,13800,Hawkesbury,4,45,2026-04-07 13:27:09.140239
a68315f4-f450-497a-a409-9388b55cd64b,13910,Hilltops,4,16,2026-04-07 13:27:09.140239
5b80b2a4-f9ba-47ba-959e-1885b2555eb8,14000,Hornsby,4,75,2026-04-07 13:27:09.140239
8a65d525-5a9b-424a-91cd-ab6bbf4d6cbd,14100,Hunters Hill,4,38,2026-04-07 13:27:09.140239
e7814686-a9f5-4e46-ac7e-7b1c842ffc0a,14170,Inner West,4,332,2026-04-07 13:27:09.140239
b80148c1-b588-4b4a-8ab6-02b295e9bb71,14220,Inverell,4,33,2026-04-07 13:27:09.140239
352a197b-26df-47c2-b2a4-9f6e511480c0,14350,Kempsey,4,24,2026-04-07 13:27:09.140239
e4c8d0dc-d1b5-4cd4-97b8-5cde0878a2d2,14400,Kiama,4,20,2026-04-07 13:27:09.140239
db778b06-9fe8-4d9e-964f-5e4b92f35852,14500,Ku-ring-gai,4,283,2026-04-07 13:27:09.140239
f9c8f789-95e3-4e14-ba68-1d7f55827470,14550,Kyogle,4,44,2026-04-07 13:27:09.140239
3f6ce8e2-96ab-400d-b805-898a82c88f29,14650,Lake Macquarie (C),4,403,2026-04-07 13:27:09.140239
9e4cb442-2279-4cfd-b4f0-8130ceeeda60,14700,Lane Cove,4,25,2026-04-07 13:27:09.140239
1ef0dcf9-a0a8-41a5-9234-8d958489cc8c,14850,Lismore,4,45,2026-04-07 13:27:09.140239
f1b4e9d7-a1be-491a-bd34-9fbce2e2086e,14900,Liverpool,4,274,2026-04-07 13:27:09.140239
42b88f8e-5c8b-4454-85e3-5ff92dacc131,15240,Mid-Coast,4,487,2026-04-07 13:27:09.140239
f0d8061b-ddd0-4c49-961e-93aa7f1c4a3e,15270,Mid-Western,4,25,2026-04-07 13:27:09.140239
e7fcc5b2-8f54-40f9-bcca-31fdbebe87cd,15350,Mosman,4,11,2026-04-07 13:27:09.140239
2acfd581-f797-474b-814e-045396cb53f8,15560,Murrumbidgee,4,0,2026-04-07 13:27:09.140239
07feaa63-ae60-4a6d-9509-dbe23c5b51f6,15650,Muswellbrook,4,5,2026-04-07 13:27:09.140239
4d521f5f-477e-457c-a543-e275dcfc4d2a,15700,Nambucca Valley,4,60,2026-04-07 13:27:09.140239
c13850a0-02fe-4d17-815e-21e979be40d5,15750,Narrabri,4,17,2026-04-07 13:27:09.140239
2558df75-8b20-490a-9ae3-28e5f07998fe,15900,Newcastle,4,752,2026-04-07 13:27:09.140239
0ac147ce-a02e-496c-97c9-d591cace08ba,15950,North Sydney,4,125,2026-04-07 13:27:09.140239
18687acd-83d9-4f20-990c-2c49e0eb5d84,15990,Northern Beaches,4,218,2026-04-07 13:27:09.140239
4f2d706f-595c-4cab-898d-3e8f61b71546,16150,Orange,4,67,2026-04-07 13:27:09.140239
5b99ddc8-ef4e-419b-8743-96e78677a455,16200,Parkes,4,10,2026-04-07 13:27:09.140239
ebeafbd3-2813-40ab-a270-75fafac20bee,16260,Parramatta,4,560,2026-04-07 13:27:09.140239
21e60c4c-a6b2-4922-81df-f34d182390fa,16350,Penrith,4,93,2026-04-07 13:27:09.140239
53b7f65c-f615-4e83-85c3-2fdec194e88a,16380,Port Macquarie-Hastings,4,478,2026-04-07 13:27:09.140239
0d016ef1-ea41-48f2-b054-53061a8c7824,16400,Port Stephens,4,65,2026-04-07 13:27:09.140239
e1f06acf-77f6-4dea-8a43-a08409e7d295,16490,Queanbeyan-Palerang,4,51,2026-04-07 13:27:09.140239
04833c7b-bff1-4c50-84e0-ebf381d39548,16550,Randwick,4,144,2026-04-07 13:27:09.140239
d7a17507-1496-44fd-a50b-b2aac0683eaa,16610,Richmond Valley,4,27,2026-04-07 13:27:09.140239
ae999f86-3d5b-48ae-9ae7-695eaa5a72e3,16700,Ryde,4,522,2026-04-07 13:27:09.140239
0134d685-8ad8-4b38-b959-59bf1c81f1d9,16900,Shellharbour,4,39,2026-04-07 13:27:09.140239
fa1480de-5b81-472b-a66f-ba24251ef21d,16950,Shoalhaven,4,74,2026-04-07 13:27:09.140239
cb7b33fd-ad67-4a64-b267-ff3379a250fb,17000,Singleton,4,22,2026-04-07 13:27:09.140239
f4920603-82fc-4029-bcce-0be28c5000da,17040,Snowy Monaro,4,13,2026-04-07 13:27:09.140239
bcef3ab1-aff8-41aa-8953-55c735625cbd,17080,Snowy Valleys,4,39,2026-04-07 13:27:09.140239
763597a8-b1c6-40f3-b1a1-2b90f6cd7a09,17100,Strathfield,4,135,2026-04-07 13:27:09.140239
306f0049-b8dc-4522-8aa2-9683796e45a5,17150,Sutherland,4,89,2026-04-07 13:27:09.140239
522f64ff-71a3-4198-890d-3ae607c3e0aa,17200,Sydney,4,1920,2026-04-07 13:27:09.140239
b359de0a-b397-46a1-9a9a-e8c8da2aa276,17310,Tamworth,4,24,2026-04-07 13:27:09.140239
7ee782ad-1e68-4eb6-86fe-f98b3b1d00cb,17350,Temora,4,1,2026-04-07 13:27:09.140239
2e78aab2-d63a-4d9f-877a-f97d7bd1c78e,17400,Tenterfield,4,3,2026-04-07 13:27:09.140239
9f512ddd-07bf-432a-a492-81cc8c5f69e9,17420,The Hills,4,536,2026-04-07 13:27:09.140239
76be5b71-9f9a-46ec-bec7-6606f69bc860,17550,Tweed,4,526,2026-04-07 13:27:09.140239
71486bbe-1f30-4a0f-8558-497c14abcccd,17620,Upper Hunter,4,29,2026-04-07 13:27:09.140239
70ba2643-febb-49bc-8e00-de57655d7749,17640,Upper Lachlan,4,7,2026-04-07 13:27:09.140239
236c1433-b7b5-4a56-ad4d-fc10db13d409,17650,Uralla,4,9,2026-04-07 13:27:09.140239
078f6d71-c6eb-42ca-adee-f251f7eac118,17750,Wagga Wagga,4,377,2026-04-07 13:27:09.140239
74e67d83-a4e6-41d3-af88-ef40d211a7c6,18020,Warrumbungle,4,7,2026-04-07 13:27:09.140239
c6d2c2a2-b72d-4dc3-bc3d-79aa466ecd03,18050,Waverley,4,83,2026-04-07 13:27:09.140239
1cb4b29b-8718-410f-805b-602244068b26,18200,Wentworth,4,2,2026-04-07 13:27:09.140239
49c34364-7ff3-477a-8f86-a23e56dde84b,18250,Willoughby,4,145,2026-04-07 13:27:09.140239
f0f3ba16-ec39-4144-9a42-d0051a87d153,18350,Wingecarribee,4,62,2026-04-07 13:27:09.140239
7259df62-8b59-4ef4-906c-c15793e66542,18400,Wollondilly,4,42,2026-04-07 13:27:09.140239
bce474ea-e39a-45aa-8eee-a68940108f89,18450,Wollongong,4,601,2026-04-07 13:27:09.140239
27491d5f-0c6c-40ed-bcdd-22c0905dd868,18500,Woollahra,4,45,2026-04-07 13:27:09.140239
993564b2-9c83-4ae0-b288-7b8cbf85e49b,18710,Yass Valley,4,4,2026-04-07 13:27:09.140239
32740c4d-fce1-4a0a-a8dc-bac9c99dbeb7,20110,Alpine,4,9,2026-04-07 13:27:09.140239
a82395b2-ba0c-40f9-9e98-899cc6dbe0e5,20260,Ararat,4,10,2026-04-07 13:27:09.140239
7ede955f-ee5d-43ce-9be9-5678d590ea57,20570,Ballarat,4,147,2026-04-07 13:27:09.140239
8d4659d2-8ade-448b-a65b-ab81bf95641f,20660,Banyule,4,286,2026-04-07 13:27:09.140239
17ac48a7-a0ae-49da-8539-c3ac8cbc7eb3,20740,Bass Coast,4,32,2026-04-07 13:27:09.140239
f7f5804b-5970-4c1c-8a4b-34711a2f32c3,20830,Baw Baw,4,65,2026-04-07 13:27:09.140239
65596dc7-dcab-4c21-a4f9-c369293a43c8,20910,Bayside (Vic.),4,264,2026-04-07 13:27:09.140239
6a1c9473-fcb9-4089-af90-0ba7e45f4794,21010,Benalla,4,8,2026-04-07 13:27:09.140239
f244d02e-9e41-4bb1-869b-15e9ad4c1652,21110,Boroondara,4,492,2026-04-07 13:27:09.140239
0b4c02b8-b15d-4564-b6f6-f10e2e58d51a,21180,Brimbank,4,436,2026-04-07 13:27:09.140239
6eb2fd1d-e7e6-473c-8401-052a0a771632,21370,Campaspe,4,98,2026-04-07 13:27:09.140239
0ddd4873-7c18-4bf5-8f47-400d4f4cd2a4,21450,Cardinia,4,348,2026-04-07 13:27:09.140239
a3bed101-5fc5-44e8-bb9a-749e41dedc97,21610,Casey,4,263,2026-04-07 13:27:09.140239
09bbe27b-d771-4b21-9bfc-566e85a943e7,21750,Colac Otway,4,47,2026-04-07 13:27:09.140239
de87b267-d8bd-4993-864a-6d8141d2ac8e,21830,Corangamite,4,27,2026-04-07 13:27:09.140239
d87b54f0-02a7-444a-841e-f64462595f73,21890,Darebin,4,412,2026-04-07 13:27:09.140239
d74868d3-dadd-453c-b0ea-8bdf9418c891,22110,East Gippsland,4,196,2026-04-07 13:27:09.140239
18cdf251-3f48-4d25-9018-31bbc591878a,22170,Frankston,4,551,2026-04-07 13:27:09.140239
7bde8dab-4f33-4bff-91e9-f7a35014b44a,22310,Glen Eira,4,590,2026-04-07 13:27:09.140239
a4854208-79d1-4f7a-942b-23647a44239f,22410,Glenelg,4,24,2026-04-07 13:27:09.140239
94442999-a0ad-43e4-afe7-7d010a5b6fce,22620,Greater Bendigo,4,326,2026-04-07 13:27:09.140239
840fa216-f7ce-4d81-a7a2-5f886d9218d8,22670,Greater Dandenong,4,602,2026-04-07 13:27:09.140239
822ec9c6-14ac-4385-b89f-2faae2f719b2,22750,Greater Geelong,4,750,2026-04-07 13:27:09.140239
acf8ea8e-1ab8-4e03-9c86-913734039b65,22830,Greater Shepparton,4,481,2026-04-07 13:27:09.140239
ad0531c0-877b-4fa7-8db1-d411fd58b859,22910,Hepburn,4,58,2026-04-07 13:27:09.140239
0ef7aac0-b794-40a4-b3b8-3b9185daaf0e,22980,Hindmarsh,4,12,2026-04-07 13:27:09.140239
069ac566-cf6c-43a1-8440-b3f17aed9ac2,23110,Hobsons Bay (C),4,1,2026-04-07 13:27:09.140239
9328d499-a766-41cd-9e23-855a9d24c925,23190,Horsham,4,57,2026-04-07 13:27:09.140239
d7f7f9a6-5c9a-4cf0-a41f-723de64e2f6d,23270,Hume,4,541,2026-04-07 13:27:09.140239
5b69386b-3e94-4283-8994-4a02946a3259,23350,Indigo,4,10,2026-04-07 13:27:09.140239
d1be5ba3-10a4-46e5-9e34-49048e73d161,23430,Kingston (Vic.),4,611,2026-04-07 13:27:09.140239
506200df-73e8-4707-8bba-8001403b4121,23670,Knox,4,350,2026-04-07 13:27:09.140239
7bb83912-6235-40b1-be31-ed08e10e901d,23810,Latrobe (Vic.),4,523,2026-04-07 13:27:09.140239
8106d799-b0a1-4bda-95d6-948a0ad77f91,24130,Macedon Ranges,4,33,2026-04-07 13:27:09.140239
42b37fc5-1cbf-4781-b99a-e995290b2a3a,24210,Manningham,4,82,2026-04-07 13:27:09.140239
f26e64ef-55fc-4c2f-ad5c-1d8a4a987642,24330,Maribyrnong,4,576,2026-04-07 13:27:09.140239
2b8116da-6a42-40bf-9104-5916bc3e4cb0,24410,Maroondah,4,293,2026-04-07 13:27:09.140239
082e6d36-bea4-4f08-8e4d-d8f9c9c181b8,24600,Melbourne,4,627,2026-04-07 13:27:09.140239
513bbde6-5317-4a58-82fa-32426328a4cb,24650,Melton,4,208,2026-04-07 13:27:09.140239
1b8b8071-101d-4c68-a633-2a204e6d9ca8,24700,Merri-bek,4,429,2026-04-07 13:27:09.140239
4a3d0a33-5525-494b-9df0-4fce13b44d84,24780,Mildura,4,108,2026-04-07 13:27:09.140239
40db010f-0656-4177-98e4-fa97775d38ff,24900,Moira,4,24,2026-04-07 13:27:09.140239
97bc5dca-0dce-4318-9e7f-20ac83bd2170,24970,Monash,4,2887,2026-04-07 13:27:09.140239
9fa868b2-6469-4307-9067-bcf164d40530,25060,Moonee Valley,4,176,2026-04-07 13:27:09.140239
97f2bf53-75af-4c82-9976-3fb6a2c4b746,25340,Mornington Peninsula,4,257,2026-04-07 13:27:09.140239
9682a4be-fa01-4538-ba3d-7d8d1b1c03f8,25430,Mount Alexander,4,8,2026-04-07 13:27:09.140239
b8c267e7-12ec-440c-b524-cb14cc25e028,25490,Moyne,4,62,2026-04-07 13:27:09.140239
4f237cb5-f4a5-4a34-9a94-b50229615005,25710,Nillumbik,4,66,2026-04-07 13:27:09.140239
255f0400-e70a-477b-9797-9a0d6e5a7266,25810,Northern Grampians,4,36,2026-04-07 13:27:09.140239
9fa46902-a6e6-43ad-bfbc-de0e331b39a5,25900,Port Phillip,4,791,2026-04-07 13:27:09.140239
5a6cd065-0e89-4a12-869b-5beb01e5f7aa,25990,Pyrenees,4,23,2026-04-07 13:27:09.140239
cb5d082d-7922-4d9c-8cd1-901ddf6642b7,26080,Queenscliffe,4,40,2026-04-07 13:27:09.140239
9c029625-5ccf-419a-8391-91ca3f72403d,26170,South Gippsland,4,169,2026-04-07 13:27:09.140239
e18934dd-2689-4900-a1cb-5979cda8e317,26260,Southern Grampians,4,63,2026-04-07 13:27:09.140239
50a8aa80-f629-4f77-a629-8b9f4c412eac,26350,Stonnington,4,544,2026-04-07 13:27:09.140239
7df4367a-debb-4ec3-845a-f491761d57e3,26430,Strathbogie,4,12,2026-04-07 13:27:09.140239
9d821595-5fb7-46a7-9f4e-5d29ce3a41f8,26490,Surf Coast,4,78,2026-04-07 13:27:09.140239
12243efe-8a20-42a6-a5c9-28b0fa9e275b,26610,Swan Hill,4,79,2026-04-07 13:27:09.140239
c6dbe060-7108-4330-948c-32c21a25bf83,26670,Towong,4,3,2026-04-07 13:27:09.140239
51f2e0e6-0a88-451f-95b7-014233ac1fc2,26700,Wangaratta,4,30,2026-04-07 13:27:09.140239
b02007ed-f31a-4b4f-b097-7b1d26518f16,26730,Warrnambool,4,134,2026-04-07 13:27:09.140239
f26c7251-ae8a-49c3-910b-7666d42efea7,26810,Wellington,4,104,2026-04-07 13:27:09.140239
9e443738-7abf-44a8-8da7-76db78cd09a0,26980,Whitehorse,4,708,2026-04-07 13:27:09.140239
0bcb22fc-b5f1-47d6-a8c2-1bbddeaaffce,27070,Whittlesea,4,565,2026-04-07 13:27:09.140239
58d3ef59-8876-43d7-aa35-ad838d11d64d,27170,Wodonga,4,15,2026-04-07 13:27:09.140239
d9e33844-2bc5-4246-b8c8-67b2badbc5a3,27260,Wyndham,4,94,2026-04-07 13:27:09.140239
a41a18d6-758f-4c8a-a696-e93e54b085c9,27350,Yarra,4,162,2026-04-07 13:27:09.140239
d30f0d8d-9ced-4afd-9c2d-bc6c2491212d,27450,Yarra Ranges,4,85,2026-04-07 13:27:09.140239
6ac5f509-0e0a-47db-bb00-ad51285766c0,30370,Banana,4,14,2026-04-07 13:27:09.140239
5fec336d-c9af-4abc-9208-096d60249dd4,30410,Barcaldine,4,1,2026-04-07 13:27:09.140239
97ede6f0-c9a4-435e-99cd-f0dbfd422d11,31000,Brisbane,4,7039,2026-04-07 13:27:09.140239
57747040-5d07-49dc-a065-e34999be836e,31820,Bundaberg,4,167,2026-04-07 13:27:09.140239
218a8821-a76e-462b-8069-89fe2a5fa964,31900,Burdekin,4,99,2026-04-07 13:27:09.140239
ab4f5112-989e-481c-9058-8494a1531cea,32080,Cairns,4,387,2026-04-07 13:27:09.140239
66c2f623-824b-4f99-84e1-457c1970f3fe,32260,Cassowary Coast,4,22,2026-04-07 13:27:09.140239
af35c7f4-2456-4ecf-ba29-c45e63cea3a8,32270,Central Highlands (Qld),4,31,2026-04-07 13:27:09.140239
8777c71b-edfa-4839-84a0-834ef573b2dd,32500,Cook,4,1,2026-04-07 13:27:09.140239
98860bb7-985b-4db8-b1a7-b991a17b4a51,33200,Flinders (Qld),4,9,2026-04-07 13:27:09.140239
08bb4454-86a8-4121-935d-2fc93261cb9e,33220,Fraser Coast,4,167,2026-04-07 13:27:09.140239
a5663f66-8696-458d-9bc8-7bbf4e17580d,33360,Gladstone,4,55,2026-04-07 13:27:09.140239
5ece3531-f205-4998-b63d-793ceca3f4a2,33430,Gold Coast,4,768,2026-04-07 13:27:09.140239
65eaa898-29d2-4d4d-8286-313f0008d280,33610,Goondiwindi,4,5,2026-04-07 13:27:09.140239
313cb2a9-f23b-4c63-98ac-c9cc7c7ed89c,33620,Gympie,4,70,2026-04-07 13:27:09.140239
4a60e0dc-9a61-4ba0-8287-709bd817acde,33800,Hinchinbrook,4,99,2026-04-07 13:27:09.140239
84c0882d-2f63-40e1-b98b-e2d9e0966953,33960,Ipswich,4,127,2026-04-07 13:27:09.140239
ff89f4d4-c838-4c52-ba77-435880c05cf5,33980,Isaac,4,3,2026-04-07 13:27:09.140239
d99b1b9e-1502-49ea-b898-bb4a4887ad9d,34420,Kowanyama,4,1,2026-04-07 13:27:09.140239
97dddb82-455b-46cd-8126-11de67dc956a,34580,Lockyer Valley,4,68,2026-04-07 13:27:09.140239
429fc1cd-c968-4b55-a47d-e82efdcb17f2,34590,Logan,4,382,2026-04-07 13:27:09.140239
b6bca709-5d8f-4db8-ae8b-b1a5b9fb8fb0,34770,Mackay,4,43,2026-04-07 13:27:09.140239
15da7740-47b8-4d9d-a750-09f0a456206e,34860,Maranoa,4,18,2026-04-07 13:27:09.140239
d72c9abe-e31d-4ca5-992f-db2ffe62f8a6,34880,Mareeba,4,11,2026-04-07 13:27:09.140239
4b138209-d0a1-464c-81cd-0b827df4adfb,35010,Moreton Bay,4,1468,2026-04-07 13:27:09.140239
c3dc77c6-441a-49e5-b52a-5b7d3dee3b39,35670,Napranum,4,2,2026-04-07 13:27:09.140239
2c326f47-4de7-4762-99fd-17119c2ed540,35740,Noosa (S),4,57,2026-04-07 13:27:09.140239
522dcdbe-f819-4e6d-a193-229a09604274,35760,North Burnett,4,2,2026-04-07 13:27:09.140239
61e4a313-63eb-421b-989b-99256848a974,35780,Northern Peninsula Area,4,0,2026-04-07 13:27:09.140239
ab07101c-71cd-458d-8181-ad1443b78377,35800,Paroo,4,16,2026-04-07 13:27:09.140239
672741d4-352e-4549-a1ef-ede65d14f6ea,36070,Pormpuraaw,4,0,2026-04-07 13:27:09.140239
3ccb0600-7935-45d0-b3ff-8f89ebf3901a,36250,Redland,4,198,2026-04-07 13:27:09.140239
19a70a2a-ad73-486c-9b83-421a6c7b1a99,36300,Richmond,4,2,2026-04-07 13:27:09.140239
6d19539b-cb83-453b-a076-6bf6bfb5171a,36370,Rockhampton,4,260,2026-04-07 13:27:09.140239
3d9b93c0-5f89-42ff-b434-3339ea802711,36510,Scenic Rim,4,98,2026-04-07 13:27:09.140239
6588527b-5452-45a4-84e0-9ddad57b4ce0,36630,South Burnett,4,33,2026-04-07 13:27:09.140239
ee220a32-8867-48ea-b2ed-b885a3506f9b,36660,Southern Downs,4,50,2026-04-07 13:27:09.140239
22ff0173-e769-4997-a03d-672f082b38cd,36720,Sunshine Coast,4,2231,2026-04-07 13:27:09.140239
ece5fc15-4c5b-4f38-b78a-60370d2ac36c,36820,Tablelands,4,24,2026-04-07 13:27:09.140239
bdaf737b-f682-47cd-8593-b9f7a57d6cc0,36910,Toowoomba,4,307,2026-04-07 13:27:09.140239
40e696ec-ce29-4923-a713-0a114405c082,36950,Torres,4,0,2026-04-07 13:27:09.140239
9712ee0b-719a-46ab-93dc-766024aac31b,37010,Townsville,4,1267,2026-04-07 13:27:09.140239
267ab231-6e50-4314-bc02-a0b975d7bb85,37310,Western Downs,4,3,2026-04-07 13:27:09.140239
d9a2cdbe-a4cc-42fa-a405-32fd1b2efa76,37340,Whitsunday,4,11,2026-04-07 13:27:09.140239
4ccf40ab-befd-48e2-a8d7-83b588ad3b25,37400,Winton,4,2,2026-04-07 13:27:09.140239
bb1e6b46-c4e3-4a7a-bfcd-6666c136baf0,37570,Wujal Wujal,4,1,2026-04-07 13:27:09.140239
24fca224-964f-48c8-955c-ae847051b6d6,37600,Yarrabah,4,1,2026-04-07 13:27:09.140239
479257d3-b621-4973-b088-1b6bae750881,40070,Adelaide,4,423,2026-04-07 13:27:09.140239
cb09388d-3c39-4674-9988-e4183422931b,40220,Alexandrina,4,142,2026-04-07 13:27:09.140239
f5647951-9613-4c9b-9430-bcdeff789d65,40310,Barossa,4,81,2026-04-07 13:27:09.140239
c1a40fdb-751a-4a48-8d96-660ba4adc5b1,40430,Barunga West,4,9,2026-04-07 13:27:09.140239
7d08f604-4073-44e0-83bc-2cd7658e081d,40520,Berri Barmera,4,221,2026-04-07 13:27:09.140239
de616765-ce6d-497b-8d94-7a8905347c17,40700,Burnside,4,459,2026-04-07 13:27:09.140239
fbf7330b-c91b-42f3-8ff8-b97e31c4f034,40910,Campbelltown (SA),4,398,2026-04-07 13:27:09.140239
22e2fb33-0175-4a3d-bc22-3367a54de2b4,41060,Charles Sturt,4,531,2026-04-07 13:27:09.140239
7e31d53e-db8e-4794-93a2-2f9291fabd80,41560,Copper Coast,4,27,2026-04-07 13:27:09.140239
089635bf-ee4d-47e1-8489-4fc70c728dce,42600,Holdfast Bay,4,278,2026-04-07 13:27:09.140239
5f7f2c4c-2245-482c-b0b1-2cb768ffd75a,44060,Marion,4,334,2026-04-07 13:27:09.140239
c11cb9da-30b6-4264-8fe9-504fdc56d88e,44340,Mitcham,4,366,2026-04-07 13:27:09.140239
e978f013-69e3-4d20-9701-8e05a6af2471,44550,Mount Barker,4,48,2026-04-07 13:27:09.140239
c76a595d-0a61-46f5-aad6-d04991355441,44620,Mount Gambier,4,34,2026-04-07 13:27:09.140239
7ee2054a-6896-4a60-9746-4a294bf5012a,45040,Murray Bridge,4,220,2026-04-07 13:27:09.140239
47419f4a-82ba-4ee0-a7a8-510d11cb675e,45090,Naracoorte Lucindale,4,25,2026-04-07 13:27:09.140239
f0d6ee8a-db43-4bd0-b73b-02a6d0e9cd40,45290,Norwood Payneham and St Peters,4,182,2026-04-07 13:27:09.140239
160ba817-4697-4a34-8657-764917f716c0,45340,Onkaparinga,4,333,2026-04-07 13:27:09.140239
6543d61e-a40b-414f-8563-a970187e54d2,45680,Playford,4,175,2026-04-07 13:27:09.140239
c433f526-a24c-4d0a-9d14-de3fd0e27478,45890,Port Adelaide Enfield,4,307,2026-04-07 13:27:09.140239
7a062b37-a63a-4c62-ba13-d21d108feb6c,46090,Port Augusta,4,26,2026-04-07 13:27:09.140239
57064079-11ca-46ab-b8f1-5561c22390b1,46300,Port Lincoln,4,33,2026-04-07 13:27:09.140239
0513c1bd-46b6-447e-8288-31a00669bbb5,46450,Port Pirie,4,46,2026-04-07 13:27:09.140239
ee67d458-126d-45b8-9b7a-a9f754489a9e,46510,Prospect,4,31,2026-04-07 13:27:09.140239
91fdd47b-6277-4819-827a-caaba399a19d,47140,Salisbury,4,173,2026-04-07 13:27:09.140239
2953edc3-ee16-4097-acc9-78acdd5a58f1,47490,Streaky Bay,4,201,2026-04-07 13:27:09.140239
e6090419-624e-431c-a5d9-f9c08a6c1ea6,47700,Tea Tree Gully,4,30,2026-04-07 13:27:09.140239
7eb90788-a2f8-41c0-99ad-0af7d14166a5,47980,Unley,4,260,2026-04-07 13:27:09.140239
9b89977f-82ae-4391-85dc-2ec5b0b1446f,48260,Walkerville,4,197,2026-04-07 13:27:09.140239
b5bf0143-7128-4879-b5bf-491c9bb018ac,48410,West Torrens,4,182,2026-04-07 13:27:09.140239
bb902b5b-94ef-400b-b108-8dc4c5e6b149,48540,Whyalla,4,3,2026-04-07 13:27:09.140239
032d3199-dec9-4026-853e-4781807481e9,48750,Yankalilla,4,0,2026-04-07 13:27:09.140239
90bce4eb-76d9-44fd-a287-44802b81be10,48830,Yorke Peninsula,4,7,2026-04-07 13:27:09.140239
9cf12ff2-8dba-4ff3-8d3e-030c6e6d95b6,50080,Albany,4,214,2026-04-07 13:27:09.140239
b514dd7f-8c8f-4749-b89b-7e5a6e1b00c1,50210,Armadale,4,78,2026-04-07 13:27:09.140239
480d9042-0402-4bf5-b53d-19cbadc98426,50350,Bassendean (T),4,1,2026-04-07 13:27:09.140239
2345abd5-bb5f-4a31-ae6b-a5744876f911,50420,Bayswater,4,118,2026-04-07 13:27:09.140239
ba8f61aa-205a-4c13-bb89-d489b7206f93,50490,Belmont,4,701,2026-04-07 13:27:09.140239
4320e2f6-a836-4b87-8592-bea4cb163467,50980,Broome,4,21,2026-04-07 13:27:09.140239
930f8cbc-af78-4b86-99ed-d67f467cee7a,51190,Bunbury,4,366,2026-04-07 13:27:09.140239
9ab31ded-0870-40f1-a082-2e7a57b27fc1,51260,Busselton,4,76,2026-04-07 13:27:09.140239
302dbafa-bf23-4f9d-8ef6-b7bbe01a1eb7,51310,Cambridge,4,242,2026-04-07 13:27:09.140239
3ef98cd3-b286-446a-90de-3b523767828b,51330,Canning,4,724,2026-04-07 13:27:09.140239
32f0e695-6821-4ae5-9eb9-b90c7ccd129d,51750,Claremont,4,25,2026-04-07 13:27:09.140239
031f90f4-f6db-48f3-b291-cb0098ee1f7f,51820,Cockburn,4,116,2026-04-07 13:27:09.140239
aa7faf02-6aba-403e-b789-516c1c1188d5,51890,Collie,4,5,2026-04-07 13:27:09.140239
b0943ee7-4c6d-4c36-b2cc-ff90d26d02a7,52170,Cottesloe,4,22,2026-04-07 13:27:09.140239
f00da32f-d6ea-4da9-b364-1fa2f7ea8923,52590,Dandaragan,4,16,2026-04-07 13:27:09.140239
fb5d3ce4-6f36-48a1-a3c7-396d84a98a3a,52940,Dowerin,4,4,2026-04-07 13:27:09.140239
a6b89cbf-dd4f-4cfe-90e4-0665ead785cd,53220,East Pilbara,4,4,2026-04-07 13:27:09.140239
80a45a1c-bcaf-4065-be98-de827e9e184a,53290,Esperance,4,9,2026-04-07 13:27:09.140239
69437de3-9634-4e10-b563-c8abf3a8b624,53430,Fremantle,4,275,2026-04-07 13:27:09.140239
e8228f7f-fcf6-4d8d-b36b-87f1fc5fb0f4,53780,Gosnells,4,380,2026-04-07 13:27:09.140239
473f7293-80d9-43d4-ad9a-1e29a2d8933f,53800,Greater Geraldton,4,126,2026-04-07 13:27:09.140239
4e1afc9f-9866-4a16-8b6c-0240bba0e59b,53990,Harvey,4,164,2026-04-07 13:27:09.140239
4076e7f8-5ea3-478d-bd2e-d266f7d6e4c3,54170,Joondalup,4,468,2026-04-07 13:27:09.140239
dfd5688e-0a7a-4eaf-af17-2e97bb469074,54200,Kalamunda,4,41,2026-04-07 13:27:09.140239
ef652bc0-4711-41ca-9588-5166cffe93c7,54280,Kalgoorlie-Boulder,4,15,2026-04-07 13:27:09.140239
d93ce5c0-1c9c-4e4b-935c-18e8d45ea959,54310,Karratha,4,3,2026-04-07 13:27:09.140239
ae07a02e-644c-45fe-bed8-e52489924462,54340,Katanning,4,9,2026-04-07 13:27:09.140239
8618954f-4671-441f-87fe-b96c7a06575b,55110,Mandurah,4,484,2026-04-07 13:27:09.140239
3e5b9c67-8668-4c4b-8933-79052be29e41,55180,Manjimup,4,26,2026-04-07 13:27:09.140239
c85903d4-7c39-40ca-8a71-f878c86225c5,55320,Melville,4,439,2026-04-07 13:27:09.140239
4cc6dcd7-f344-4857-85d1-fa78b1f3fadc,55740,Mosman Park,4,61,2026-04-07 13:27:09.140239
baaa68e9-b41b-4e27-8e1c-cb3fb3c7c76a,56230,Murray,4,7,2026-04-07 13:27:09.140239
5654fa24-2357-4385-9d5f-b11b39a21177,56460,Narrogin,4,13,2026-04-07 13:27:09.140239
e45aa19f-fb57-4e7b-8380-8ab3e21c456d,56730,Northam,4,221,2026-04-07 13:27:09.140239
f9a49592-6864-4a46-8e23-7c883f25f599,57080,Perth,4,665,2026-04-07 13:27:09.140239
02eaf519-40c9-493c-aea1-a6a5779f56b4,57280,Port Hedland,4,9,2026-04-07 13:27:09.140239
9bea7086-1517-401c-bec5-6fc85650487b,57490,Rockingham,4,335,2026-04-07 13:27:09.140239
ae52f201-0b23-41b3-8341-3d99639056b7,57840,South Perth,4,85,2026-04-07 13:27:09.140239
eb39b4ed-864a-46e9-b933-8aeda6464b2f,57910,Stirling,4,699,2026-04-07 13:27:09.140239
3409b9b2-2f2d-447b-8b94-18ce8446c648,57980,Subiaco,4,636,2026-04-07 13:27:09.140239
2327a719-b2f3-4f4f-bd33-0e45ef0a8c2e,58050,Swan,4,364,2026-04-07 13:27:09.140239
b3f33d54-04b3-4134-9a5d-715ee4e4e4e3,58330,Toodyay,4,22,2026-04-07 13:27:09.140239
18088802-f2af-401f-8fd0-b1a69d051303,58510,Victoria Park,4,431,2026-04-07 13:27:09.140239
9e70efce-1152-43a0-a706-01eab2ec5e12,58570,Vincent,4,462,2026-04-07 13:27:09.140239
569bc8fa-b08b-4283-ace0-69cef733e625,58610,Wagin,4,2,2026-04-07 13:27:09.140239
920df0fc-e2d9-4326-a5e5-727959c0107e,58760,Wanneroo,4,43,2026-04-07 13:27:09.140239
c5b96aaa-4127-4f31-b666-f6b42c3fde9d,58820,Waroona,4,16,2026-04-07 13:27:09.140239
0f3d99c5-7b6b-4cb8-9674-9a308fd49615,59030,Westonia,4,3,2026-04-07 13:27:09.140239
b8357a61-cf1c-4999-b571-490237f117e4,59250,Wiluna,4,3,2026-04-07 13:27:09.140239
45acd8d8-4eeb-40e3-b986-f60f0d120a18,59340,Wyndham-East Kimberley,4,2,2026-04-07 13:27:09.140239
3408ba54-1682-41c7-8eea-5a2d5dcae4bd,60610,Burnie,4,67,2026-04-07 13:27:09.140239
477f717c-01be-47d9-aa05-4cf578cb9659,60810,Central Coast (Tas.),4,5,2026-04-07 13:27:09.140239
0ec234a7-dbed-40db-8648-d9e4d2b394f9,61210,Circular Head,4,3,2026-04-07 13:27:09.140239
bb6c1846-4b10-45bf-a034-b4de8c480220,61410,Clarence,4,94,2026-04-07 13:27:09.140239
da61566d-5367-410c-b715-d46034fc370d,61510,Derwent Valley,4,24,2026-04-07 13:27:09.140239
044567e4-a512-4763-a2e1-d4f8e105ef30,61610,Devonport,4,208,2026-04-07 13:27:09.140239
8f562517-7917-439c-87c6-b624a7b2bbfd,62210,George Town,4,17,2026-04-07 13:27:09.140239
afe15cbd-64b0-4330-afdb-d71c9b0f3929,62410,Glamorgan-Spring Bay,4,19,2026-04-07 13:27:09.140239
6f9e94e9-c9f4-49f5-bb3b-0c4f12234566,62610,Glenorchy,4,196,2026-04-07 13:27:09.140239
7aca0df8-bca4-494e-8dd9-5c983f8923ff,62810,Hobart,4,107,2026-04-07 13:27:09.140239
71d8496a-dce8-43f4-bbc2-d7b1c9cd12e3,63010,Huon Valley,4,45,2026-04-07 13:27:09.140239
e60154e3-ad70-4a7d-8ad1-b64907058862,63610,Kingborough,4,9,2026-04-07 13:27:09.140239
e9981f43-ffdc-444b-b33c-9d17ebd1d684,63810,Latrobe (Tas.),4,30,2026-04-07 13:27:09.140239
12675e51-d522-404a-bb65-1551a27980c1,64010,Launceston,4,272,2026-04-07 13:27:09.140239
1aa1a494-ebe8-4cc4-b8a4-5902d6ffc2d1,64610,Northern Midlands,4,6,2026-04-07 13:27:09.140239
3467dd2d-9b33-4adb-86b5-22905a380f15,65410,Waratah-Wynyard,4,1,2026-04-07 13:27:09.140239
8667568c-9b29-462b-9f77-0533e9f3ea05,65610,West Coast,4,2,2026-04-07 13:27:09.140239
36ac0966-8768-4c7b-9922-a3c74a332f21,65810,West Tamar,4,49,2026-04-07 13:27:09.140239
7135f1c6-29cd-426a-a159-558a5f70e72a,70200,Alice Springs,4,25,2026-04-07 13:27:09.140239
07007dab-f43a-48f1-9155-3b50aea92ab1,70420,Barkly,4,1,2026-04-07 13:27:09.140239
030b30a5-c9b3-47d6-84ef-8000a7352e60,70540,Belyuen,4,8,2026-04-07 13:27:09.140239
8d34ac08-2b7a-47ca-bb4f-4d4750494606,70620,Central Desert,4,1,2026-04-07 13:27:09.140239
da3132f6-ae43-4fe1-a650-c00417773310,71000,Darwin,4,186,2026-04-07 13:27:09.140239
2da5c4d1-de77-476e-bc02-d308d2bb32b0,71300,East Arnhem,4,11,2026-04-07 13:27:09.140239
0079ebb9-a650-4de3-b7cb-2fab99686bd1,72200,Katherine,4,14,2026-04-07 13:27:09.140239
f78d23e8-c36a-4e2f-b595-9e8f7f51c66d,73600,Roper Gulf,4,5,2026-04-07 13:27:09.140239
359054db-776d-4535-935a-1ec0d3538b72,74550,Victoria Daly,4,1,2026-04-07 13:27:09.140239
5912eaa1-5598-414a-9cf6-5f511012bc34,74660,West Arnhem,4,2,2026-04-07 13:27:09.140239
e5a7a074-05f8-4950-a4d7-341e4aa15a3c,74680,West Daly,4,0,2026-04-07 13:27:09.140239
06dba814-4e3b-423f-b660-976712b5874f,79399,Unincorporated NT,4,18,2026-04-07 13:27:09.140239
3d346442-d61c-46ab-bb0a-1fb0a9381313,89399,Unincorporated ACT,4,922,2026-04-07 13:27:09.140239
