id,lga_code_2016,lga_name_2016,care_level,people_count,created_at
24a3e625-d5d1-400d-8bf0-dfe0d3ed4cb0,10050,Albury (C),1,80,2026-04-07 13:14:50.845408
996747b7-5aa3-484c-b935-5eb0e1ef0cb2,10130,Armidale Regional (A),1,12,2026-04-07 13:14:50.845408
913a980c-5999-4ee2-8276-0d37b62a4664,10250,Ballina (A),1,121,2026-04-07 13:14:50.845408
c0e82d13-8908-41ec-8145-c49507780a1c,10300,Balranald (A),1,7,2026-04-07 13:14:50.845408
436a784c-f567-4971-ab43-8561d8ab5f13,10470,Bathurst Regional (A),1,9,2026-04-07 13:14:50.845408
f58f739f-732f-47f5-9fa9-3aacca63555a,10550,Bega Valley (A),1,44,2026-04-07 13:14:50.845408
1b076bfd-b5ac-47a2-b1bd-c7e80deed207,10600,Bellingen (A),1,9,2026-04-07 13:14:50.845408
7dfddb88-d9c9-4ba5-9dd1-868a5edac25a,10650,Berrigan (A),1,23,2026-04-07 13:14:50.845408
a1311397-3c84-4057-afeb-a3ef8be51367,10750,Blacktown (C),1,210,2026-04-07 13:14:50.845408
c75813cf-b156-4673-98dd-9884139d5eaf,10800,Bland (A),1,4,2026-04-07 13:14:50.845408
fbdfb654-433e-41d1-aa3e-d81e56628cff,10850,Blayney (A),1,3,2026-04-07 13:14:50.845408
800de7d0-c0e2-4df1-b95b-d7799b5c185e,10900,Blue Mountains (C),1,38,2026-04-07 13:14:50.845408
ddf7377e-f054-4193-92d0-e71d2abeebaf,10950,Bogan (A),1,4,2026-04-07 13:14:50.845408
c18dd214-fea1-44ee-ad04-8d6381833f51,11100,Botany Bay (C),1,22,2026-04-07 13:14:50.845408
853a7659-dee2-4ad1-bc35-f06b461944ee,11150,Bourke (A),1,0,2026-04-07 13:14:50.845408
94f64fda-44ae-4515-a57f-8b59db0e6877,11200,Brewarrina (A),1,2,2026-04-07 13:14:50.845408
ddaec430-57cc-4730-8adc-4328a182211b,11250,Broken Hill (C),1,12,2026-04-07 13:14:50.845408
b61b658a-f99b-4c3a-b167-5e78d02372be,11300,Burwood (A),1,15,2026-04-07 13:14:50.845408
b3f9f1a9-06db-4c08-9a6f-9f8bbc47630d,11350,Byron (A),1,29,2026-04-07 13:14:50.845408
599ab48e-c1ac-47ed-902e-8954c1b89e61,11400,Cabonne (A),1,7,2026-04-07 13:14:50.845408
1a685ca0-c4d2-4a5c-bf8a-0eb09c0bb42f,11450,Camden (A),1,48,2026-04-07 13:14:50.845408
90654e90-1404-41a9-94d2-ac7d1a8cd577,11500,Campbelltown (C) (NSW),1,109,2026-04-07 13:14:50.845408
7e1da1d6-4ceb-4740-802f-fd69a98fba54,11520,Canada Bay (A),1,27,2026-04-07 13:14:50.845408
df5350b5-2ae3-4e40-97d1-3aab322fc501,11570,Canterbury-Bankstown (A),1,303,2026-04-07 13:14:50.845408
f7774d6c-cea8-45af-9676-4af2394d6846,11600,Carrathool (A),1,6,2026-04-07 13:14:50.845408
7dc5adce-25a4-4046-bf96-c0340c243dd6,11650,Central Coast (C) (NSW),1,343,2026-04-07 13:14:50.845408
003161e0-87a9-4d66-98e1-77fc5eefaf8a,11700,Central Darling (A),1,10,2026-04-07 13:14:50.845408
4c509617-47b0-4c59-9f61-ee0df0b42f47,11720,Cessnock (C),1,59,2026-04-07 13:14:50.845408
6c41e277-5e2d-4df4-8ee7-5e59973d0e66,11730,Clarence Valley (A),1,109,2026-04-07 13:14:50.845408
2f5a0b87-ae01-43bb-9528-be97b694cac7,11750,Cobar (A),1,0,2026-04-07 13:14:50.845408
f51b336f-e661-483e-8fe9-8af5f30d035f,11800,Coffs Harbour (C),1,104,2026-04-07 13:14:50.845408
631e7ddd-041f-49c4-bd15-029face06a8b,12000,Coolamon (A),1,7,2026-04-07 13:14:50.845408
1b81f61b-4c86-4e2a-be5b-487f974f9049,12150,Coonamble (A),1,5,2026-04-07 13:14:50.845408
9434a931-93af-4285-bf48-1a944e0743ad,12350,Cowra (A),1,11,2026-04-07 13:14:50.845408
bccd4264-3c4b-4e6f-a8e4-b2280de5788f,12380,Cumberland (A),1,190,2026-04-07 13:14:50.845408
d2bcf6f4-c19d-473f-8844-3433219f7c29,12700,Dungog (A),1,3,2026-04-07 13:14:50.845408
34a43340-1e45-4a41-bdfa-ea36030a0827,12730,Edward River (A),1,19,2026-04-07 13:14:50.845408
fa746919-3b3e-46e3-8e6f-e348c7c5d9a2,12750,Eurobodalla (A),1,23,2026-04-07 13:14:50.845408
0d26e5b3-6ae5-4515-95af-2718a1ef172b,12850,Fairfield (C),1,312,2026-04-07 13:14:50.845408
72fa5c0f-b56d-4952-a45c-038b4948c323,12870,Federation (A),1,40,2026-04-07 13:14:50.845408
a114c041-b001-4cc5-8599-8824b0d26363,12900,Forbes (A),1,9,2026-04-07 13:14:50.845408
f4644682-d257-413e-9ada-e0aa70f99c3e,12930,Georges River (A),1,80,2026-04-07 13:14:50.845408
303d7ff0-293e-47da-9a9a-f7d2730bf493,12950,Gilgandra (A),1,6,2026-04-07 13:14:50.845408
eda040bc-0132-4f1c-949c-355b647da805,13010,Glen Innes Severn (A),1,8,2026-04-07 13:14:50.845408
a1a140af-65a7-465d-811a-ecdcd2e56e48,13310,Goulburn Mulwaree (A),1,16,2026-04-07 13:14:50.845408
60f875ff-d3a3-4fac-a280-d5f23639966a,13340,Greater Hume Shire (A),1,24,2026-04-07 13:14:50.845408
f911d8a5-354a-4c11-affb-80602f8294e4,13450,Griffith (C),1,33,2026-04-07 13:14:50.845408
6f4b1a8a-2746-466b-a101-0345183b4b1a,13510,Gundagai (A),1,16,2026-04-07 13:14:50.845408
fa1ab76e-804c-45f0-a474-50fbd5db163f,13550,Gunnedah (A),1,5,2026-04-07 13:14:50.845408
5a81d0a4-222e-4e39-9c9d-64c3ef59eda5,13660,Gwydir (A),1,1,2026-04-07 13:14:50.845408
a3114435-1f9d-4652-a89c-a3bd1a26068e,13800,Hawkesbury (C),1,11,2026-04-07 13:14:50.845408
3163f7d1-106b-48e6-bf1b-c253049529a1,13850,Hay (A),1,1,2026-04-07 13:14:50.845408
9bc3ee0c-401b-4cea-b90b-58f678ef8bd7,13910,Hilltops (A),1,21,2026-04-07 13:14:50.845408
88cb9245-65da-41c0-8691-7bbc4d96f141,14000,Hornsby (A),1,124,2026-04-07 13:14:50.845408
0ac1b7c2-f52e-44b0-b9a8-c7a3e02eae8e,14100,Hunters Hill (A),1,6,2026-04-07 13:14:50.845408
540b5a25-777c-453a-947e-2217c0d62b69,14170,Inner West (A),1,32,2026-04-07 13:14:50.845408
86ca78d1-eaec-4990-bba3-48c7d3c68096,14200,Inverell (A),1,15,2026-04-07 13:14:50.845408
ff0a1278-39b2-4e15-8f73-790ea460aa82,14300,Junee (A),1,5,2026-04-07 13:14:50.845408
fb49272d-bcec-4d8e-b39c-26ebc0a387cc,14350,Kempsey (A),1,71,2026-04-07 13:14:50.845408
8435d922-92f7-44ec-9079-06fd85bf0177,14400,Kiama (A),1,14,2026-04-07 13:14:50.845408
b7790d29-fe7c-4e41-a917-0f73aaf639fd,14500,Ku-ring-gai (A),1,103,2026-04-07 13:14:50.845408
ad80bbd5-7258-4ba1-a19e-5ba84f26410e,14550,Kyogle (A),1,9,2026-04-07 13:14:50.845408
77d2ee56-b535-4c72-b290-d3bebb0e2af0,14600,Lachlan (A),1,2,2026-04-07 13:14:50.845408
f972ab39-5c4c-44f8-bf0d-3c1bec5c0d19,14650,Lake Macquarie (C),1,312,2026-04-07 13:14:50.845408
c58d390e-3c81-4f8c-8bfa-700cd8cbcc70,14700,Lane Cove (A),1,11,2026-04-07 13:14:50.845408
1c14a29c-9b62-4947-8887-4e908e5427a8,14750,Leeton (A),1,10,2026-04-07 13:14:50.845408
cc88e7f9-6867-4899-b9dd-ba18f5ce608c,14850,Lismore (C),1,48,2026-04-07 13:14:50.845408
7b916f73-d1ee-45cc-9676-fba5666438fc,14870,Lithgow (C),1,11,2026-04-07 13:14:50.845408
b053bb86-7348-449d-8861-d8cb217c1d44,14900,Liverpool (C),1,184,2026-04-07 13:14:50.845408
fd1a64c9-8eee-4b9f-b024-da115673a3bc,14920,Liverpool Plains (A),1,3,2026-04-07 13:14:50.845408
b5088397-460f-4bca-b1c7-cad18675417a,14950,Lockhart (A),1,6,2026-04-07 13:14:50.845408
fb6aa063-4eee-40bb-b4e7-a086554a6b1b,15050,Maitland (C),1,73,2026-04-07 13:14:50.845408
b3508d7b-8a20-4170-a593-88f8b9654ce8,15240,Mid-Coast (A),1,63,2026-04-07 13:14:50.845408
9bad1da8-dcce-4f64-9f68-5dd33ed7b97a,15270,Mid-Western Regional (A),1,20,2026-04-07 13:14:50.845408
ccbc463a-b421-40a5-85b8-f5882626204b,15300,Moree Plains (A),1,7,2026-04-07 13:14:50.845408
8a77de41-a5ee-48e5-b8a7-bb9e0adb1761,15350,Mosman (A),1,8,2026-04-07 13:14:50.845408
51d96d7d-30a1-4e67-ac69-89eee87a21a4,15520,Murray River (A),1,36,2026-04-07 13:14:50.845408
52b7ec38-5256-43a0-8161-c62e3c9905bb,15560,Murrumbidgee (A),1,2,2026-04-07 13:14:50.845408
96ec9fbf-1b2c-44b5-bdde-a60d03f4935d,15650,Muswellbrook (A),1,9,2026-04-07 13:14:50.845408
8142e551-d4f1-4e0a-9903-682756a7cbde,15700,Nambucca (A),1,34,2026-04-07 13:14:50.845408
cd24e4f9-b3b6-4397-a0cb-9df3b618b174,15750,Narrabri (A),1,7,2026-04-07 13:14:50.845408
4b656231-a003-4edd-a28e-d47731e3b731,15800,Narrandera (A),1,11,2026-04-07 13:14:50.845408
c78d0902-9db6-43b2-88b7-5abfe3d78294,15850,Narromine (A),1,6,2026-04-07 13:14:50.845408
1c067eaa-bb92-4308-bcd4-d4af99ca3ac4,15900,Newcastle (C),1,158,2026-04-07 13:14:50.845408
979eacac-0df0-409f-ae29-679e640770fa,15950,North Sydney (A),1,28,2026-04-07 13:14:50.845408
414107c8-4a60-4377-a057-17972facc28a,15990,Northern Beaches (A),1,215,2026-04-07 13:14:50.845408
94965fa8-1028-4c5c-8648-28a975098811,16100,Oberon (A),1,2,2026-04-07 13:14:50.845408
bc9a5312-1cc7-40a3-bc85-9299c9a04faf,16150,Orange (C),1,7,2026-04-07 13:14:50.845408
8cefd3a9-bce2-42b2-a5a9-e8e0168fa055,16200,Parkes (A),1,9,2026-04-07 13:14:50.845408
93334322-2ca1-466b-8b5e-431ab25bce49,16260,Parramatta (C),1,169,2026-04-07 13:14:50.845408
1e8a6138-aa96-4a6b-8d78-276422446942,16350,Penrith (C),1,66,2026-04-07 13:14:50.845408
83af2690-afd0-4b17-8dee-d380dbc9c800,16380,Port Macquarie-Hastings (A),1,331,2026-04-07 13:14:50.845408
a8cb3a02-f1ef-49b6-a1a2-191e90c8ad33,16400,Port Stephens (A),1,85,2026-04-07 13:14:50.845408
bdb8e8cd-dd1c-4ee8-b6b4-9edd4c41ba64,16490,Queanbeyan-Palerang Regional (A),1,13,2026-04-07 13:14:50.845408
af4bcf23-06ce-4768-b406-511593a68edd,16550,Randwick (C),1,68,2026-04-07 13:14:50.845408
369d7047-5a75-4050-997b-a071de1a92c7,16610,Richmond Valley (A),1,27,2026-04-07 13:14:50.845408
2aeaf61b-5817-4195-8db7-8e18a0b1b705,16650,Rockdale (C),1,42,2026-04-07 13:14:50.845408
2abedb23-b2b8-4910-8807-f7d3fb9f57ca,16700,Ryde (C),1,92,2026-04-07 13:14:50.845408
dbb87de7-7684-42c9-a2ef-bbbcc1c0c78f,16900,Shellharbour (C),1,61,2026-04-07 13:14:50.845408
cd6a62e9-f25d-404a-b46c-f7db426af938,16950,Shoalhaven (C),1,110,2026-04-07 13:14:50.845408
2ee4ed26-d119-4dfe-b629-02c0128f24d3,17000,Singleton (A),1,7,2026-04-07 13:14:50.845408
e2b727dc-61d3-4890-8118-4809b3eea7f5,17040,Snowy Monaro Regional (A),1,2,2026-04-07 13:14:50.845408
524dc24f-ed1f-405f-b25d-17afb695a77b,17080,Snowy Valleys (A),1,23,2026-04-07 13:14:50.845408
6ce9d982-3169-4955-8039-350fae58b5ea,17100,Strathfield (A),1,21,2026-04-07 13:14:50.845408
796222b9-13d5-4394-866b-b0299c5ff218,17150,Sutherland Shire (A),1,59,2026-04-07 13:14:50.845408
aacabfe7-69d5-4c4f-b164-a05e7a5671ad,17200,Sydney (C),1,62,2026-04-07 13:14:50.845408
aafafa0a-4ab7-4823-83f2-5e003ab11a95,17310,Tamworth Regional (A),1,29,2026-04-07 13:14:50.845408
a9104255-22b9-4c47-93e7-009497f5d138,17350,Temora (A),1,3,2026-04-07 13:14:50.845408
0aa23b26-1123-41e7-832d-ce74b2e61fa3,17400,Tenterfield (A),1,1,2026-04-07 13:14:50.845408
c9e81a9a-e9cf-4c34-9915-68a95f5d3fea,17420,The Hills Shire (A),1,103,2026-04-07 13:14:50.845408
dae549b9-a02c-4e6f-b897-4f3e61a9cd90,17550,Tweed (A),1,172,2026-04-07 13:14:50.845408
92f62e36-457a-4c74-b277-7a7344c6f646,17620,Upper Hunter Shire (A),1,9,2026-04-07 13:14:50.845408
b0708d52-1ccd-4fe6-9022-70cb7f81545d,17640,Upper Lachlan Shire (A),1,4,2026-04-07 13:14:50.845408
6945f65d-a3bd-4914-aeb5-79057e4afe2c,17650,Uralla (A),1,2,2026-04-07 13:14:50.845408
462d448c-db36-4a71-b8ba-0512ba066d90,17750,Wagga Wagga (C),1,77,2026-04-07 13:14:50.845408
1bf78520-1d30-4b20-adc0-d4116d6c9a8f,17850,Walcha (A),1,1,2026-04-07 13:14:50.845408
4adc3154-eedb-43a8-89cf-ecb40b83ba37,17900,Walgett (A),1,7,2026-04-07 13:14:50.845408
3190b228-7afd-4f83-8ba2-4a4393e92875,17950,Warren (A),1,3,2026-04-07 13:14:50.845408
04f149d9-335f-414e-af8e-202f836eb2e9,18020,Warrumbungle Shire (A),1,17,2026-04-07 13:14:50.845408
8611d5c3-19cc-46f5-b571-3f1a05e761a0,18050,Waverley (A),1,30,2026-04-07 13:14:50.845408
49c20a29-0ab2-4609-9435-d1eeaf40be4e,18100,Weddin (A),1,0,2026-04-07 13:14:50.845408
64f3477f-38ab-4847-bb99-9ab9224e5df1,18200,Wentworth (A),1,18,2026-04-07 13:14:50.845408
ec776052-61d7-44bd-a5b7-116ce4fd17b3,18230,Western Plains Regional (A),1,66,2026-04-07 13:14:50.845408
4c692af9-d935-4a7c-8fae-427a37a097b1,18250,Willoughby (C),1,41,2026-04-07 13:14:50.845408
dad02754-f180-41ea-820c-dac4f96d912b,18350,Wingecarribee (A),1,20,2026-04-07 13:14:50.845408
bbc207c0-646a-409b-a18b-d477a034c943,18400,Wollondilly (A),1,32,2026-04-07 13:14:50.845408
bf75f3ab-13cd-4782-9c50-1a3cc57a72a7,18450,Wollongong (C),1,119,2026-04-07 13:14:50.845408
55619690-f1c5-4d87-9148-0fd10bead782,18500,Woollahra (A),1,17,2026-04-07 13:14:50.845408
8f5e5286-6de3-4ab8-a4d7-0688627199e8,18710,Yass Valley (A),1,5,2026-04-07 13:14:50.845408
be28fb54-9dfb-462c-b0b8-c31f9bef9aa7,19399,Unincorporated NSW,1,2,2026-04-07 13:14:50.845408
7f91c7d4-77bd-4d4f-a23c-8f44a0f86726,20110,Alpine (S),1,2,2026-04-07 13:14:50.845408
625714de-b92b-4aa4-ba90-0807388e9ba7,20260,Ararat (RC),1,5,2026-04-07 13:14:50.845408
22284e9a-3293-420e-a5c3-aa1e65d1d7c7,20570,Ballarat (C),1,34,2026-04-07 13:14:50.845408
4d11338b-e406-4ddd-b3d2-43b2150e4c7a,20660,Banyule (C),1,139,2026-04-07 13:14:50.845408
7e2678dc-1f48-462e-8dc6-24478f425f49,20740,Bass Coast (S),1,57,2026-04-07 13:14:50.845408
7c68331b-0ce5-483c-b87b-bd41b0726777,20830,Baw Baw (S),1,24,2026-04-07 13:14:50.845408
57307a00-fb3c-4664-8a9c-0dc4a3abce86,20910,Bayside (C),1,26,2026-04-07 13:14:50.845408
c328915f-4daa-44a5-964c-b3150ef152d3,21010,Benalla (RC),1,0,2026-04-07 13:14:50.845408
67b58c99-0f56-4e08-9978-7c785f3fd5ef,21110,Boroondara (C),1,137,2026-04-07 13:14:50.845408
408ebd70-df3e-4319-a21d-42611c6c0816,21180,Brimbank (C),1,18,2026-04-07 13:14:50.845408
b97c98c0-5d2f-4669-85b6-aeb591697ccc,21270,Buloke (S),1,0,2026-04-07 13:14:50.845408
4878f5cb-37e8-4b0c-b668-c09f684da93d,21370,Campaspe (S),1,31,2026-04-07 13:14:50.845408
d975de4f-8697-4b90-a09a-a49986435162,21450,Cardinia (S),1,16,2026-04-07 13:14:50.845408
614e7196-64c3-41cf-95ac-8cc888517ead,21610,Casey (C),1,57,2026-04-07 13:14:50.845408
e6295e57-b5df-407b-b18e-86b70820c5c5,21670,Central Goldfields (S),1,2,2026-04-07 13:14:50.845408
66993a91-6f03-490a-b7d1-1a2f7e3d5084,21750,Colac-Otway (S),1,6,2026-04-07 13:14:50.845408
b896bb3b-0fd5-4aa4-a42e-6514f2101fc5,21830,Corangamite (S),1,2,2026-04-07 13:14:50.845408
a8f96c70-5f98-40fa-bd8e-09f760c0be1f,21890,Darebin (C),1,76,2026-04-07 13:14:50.845408
44241c6a-ce79-41b3-b160-186b2734a454,22110,East Gippsland (S),1,76,2026-04-07 13:14:50.845408
de5add31-b701-4dd5-89d7-7898dedf196b,22170,Frankston (C),1,18,2026-04-07 13:14:50.845408
4baccdf3-8192-4a03-abe8-fc011ba6b17a,22250,Gannawarra (S),1,3,2026-04-07 13:14:50.845408
052907f4-153c-4b30-a086-85c196882824,22310,Glen Eira (C),1,4,2026-04-07 13:14:50.845408
586f5c46-74d0-4c82-92a1-541cdc4d2219,22410,Glenelg (S),1,6,2026-04-07 13:14:50.845408
64c85512-84e0-46f1-b004-e3681350d0e0,22490,Golden Plains (S),1,4,2026-04-07 13:14:50.845408
1306c874-b47c-4d82-8f6d-d79be185fed2,22620,Greater Bendigo (C),1,19,2026-04-07 13:14:50.845408
74925c1b-55cd-4570-826c-98c8b0ab2aa1,22670,Greater Dandenong (C),1,57,2026-04-07 13:14:50.845408
77f00590-d607-4b5b-8b19-d3880c9d707d,22750,Greater Geelong (C),1,84,2026-04-07 13:14:50.845408
784dead6-ae67-41e2-b4a9-a793f239a0b5,22830,Greater Shepparton (C),1,83,2026-04-07 13:14:50.845408
a306a9f0-b26b-4cc1-a83e-14b6bfb0cd4d,22910,Hepburn (S),1,4,2026-04-07 13:14:50.845408
070bb5d2-6571-4bfe-8eb0-842049ffed78,22980,Hindmarsh (S),1,0,2026-04-07 13:14:50.845408
d24831ed-743a-4d75-8a3f-a262543af7bf,23110,Hobsons Bay (C),1,5,2026-04-07 13:14:50.845408
775a3abc-878a-4a3c-a901-5dbbd6cc599e,23190,Horsham (RC),1,11,2026-04-07 13:14:50.845408
f426e511-30ba-4b2a-825a-57812e4e7b7f,23270,Hume (C),1,11,2026-04-07 13:14:50.845408
aebfa804-100a-4cf9-98a3-d67958bcafbc,23350,Indigo (S),1,4,2026-04-07 13:14:50.845408
5c9e8adf-8a65-45c8-9e4c-819f0a8ffe5c,23430,Kingston (C) (Vic.),1,58,2026-04-07 13:14:50.845408
7e03d606-3725-4bfc-8b47-79851c76fc9b,23670,Knox (C),1,171,2026-04-07 13:14:50.845408
2d51fc5d-c2e8-442f-b992-f0cf74d868fa,23810,Latrobe (C) (Vic.),1,85,2026-04-07 13:14:50.845408
d1391d6e-369c-4726-b090-8d881c37649d,23940,Loddon (S),1,0,2026-04-07 13:14:50.845408
a3b42cb8-8dd7-4f16-a2c0-7b24e2f11d35,24130,Macedon Ranges (S),1,8,2026-04-07 13:14:50.845408
fac38a7e-23a6-444d-9963-0e92542d592a,24210,Manningham (C),1,191,2026-04-07 13:14:50.845408
bd242ea0-876d-4838-af75-42f8c4b0dd72,24250,Mansfield (S),1,1,2026-04-07 13:14:50.845408
17b0e9bb-1763-4ebf-8e06-13bed2d8bc49,24330,Maribyrnong (C),1,3,2026-04-07 13:14:50.845408
45865138-a620-4ee6-8751-769f29c0cf99,24410,Maroondah (C),1,160,2026-04-07 13:14:50.845408
3ff1fa1b-5ca7-4992-aed4-fe065da8793e,24600,Melbourne (C),1,14,2026-04-07 13:14:50.845408
a9e78270-31f4-4c94-9383-edb7158c884e,24650,Melton (C),1,9,2026-04-07 13:14:50.845408
6e68772d-a722-4cdf-bcfa-0645eace197e,24780,Mildura (RC),1,68,2026-04-07 13:14:50.845408
ec95a331-b140-4af7-8aa2-08c4c9fb6d05,24850,Mitchell (S),1,35,2026-04-07 13:14:50.845408
4061493a-aa0f-4be1-856d-3b7b836601bf,24900,Moira (S),1,58,2026-04-07 13:14:50.845408
e70935df-e35d-4bd6-934f-e5a8d6337733,24970,Monash (C),1,249,2026-04-07 13:14:50.845408
b9f00e2b-7cd0-4258-bed1-17dd6ce5b0df,25060,Moonee Valley (C),1,14,2026-04-07 13:14:50.845408
79f75be1-3bbf-4843-be9a-b3ecfe0907c8,25150,Moorabool (S),1,10,2026-04-07 13:14:50.845408
f11d3d30-6ae5-4b56-8b08-13c42749fb94,25250,Moreland (C),1,22,2026-04-07 13:14:50.845408
d529f6ae-50d1-40c8-bc67-f5e0dbec841d,25340,Mornington Peninsula (S),1,66,2026-04-07 13:14:50.845408
51b69b5b-f8eb-4a5a-9722-b1117baa5c97,25430,Mount Alexander (S),1,6,2026-04-07 13:14:50.845408
264e1111-3553-41d9-b7e4-2bba2c38fb64,25490,Moyne (S),1,2,2026-04-07 13:14:50.845408
26dc37f9-70e9-4bbf-a949-6617d32a6997,25620,Murrindindi (S),1,10,2026-04-07 13:14:50.845408
f409f5a3-8f33-4a07-adb2-7b132b72ebde,25710,Nillumbik (S),1,14,2026-04-07 13:14:50.845408
74b8c587-dc1e-46e6-8f43-bd5c60015ef1,25810,Northern Grampians (S),1,7,2026-04-07 13:14:50.845408
a4c3bc92-2e26-4098-ac82-8b17b3b62fe1,25900,Port Phillip (C),1,2,2026-04-07 13:14:50.845408
0fc027ad-e666-45ef-b5cb-9807f30833ad,25990,Pyrenees (S),1,0,2026-04-07 13:14:50.845408
d25c45a8-c8aa-4a18-8b8c-fa0569c0aed5,26080,Queenscliffe (B),1,0,2026-04-07 13:14:50.845408
30dcc58b-5f5e-45fb-832a-e689917d50a5,26170,South Gippsland (S),1,34,2026-04-07 13:14:50.845408
48512c7f-9330-47c7-825a-a69a126f0351,26260,Southern Grampians (S),1,7,2026-04-07 13:14:50.845408
e52d55bc-bb5f-4b28-910f-87b804fca3b0,26350,Stonnington (C),1,2,2026-04-07 13:14:50.845408
5334dfbb-440c-40a1-95cb-2c570e0d4b65,26430,Strathbogie (S),1,25,2026-04-07 13:14:50.845408
d27de8fd-f182-4b0e-85a7-b45e1e0cd033,26490,Surf Coast (S),1,14,2026-04-07 13:14:50.845408
bc5e9781-0d70-420b-bf45-75f4aadd72a6,26610,Swan Hill (RC),1,6,2026-04-07 13:14:50.845408
5e043ec0-3818-41cb-aa54-918f8d92ede3,26670,Towong (S),1,3,2026-04-07 13:14:50.845408
280345c3-aed2-45aa-917e-159e2cc886b2,26700,Wangaratta (RC),1,5,2026-04-07 13:14:50.845408
ee229920-9344-4530-9cd8-11ebb3bdcdeb,26730,Warrnambool (C),1,7,2026-04-07 13:14:50.845408
ed11e954-0173-43d4-86cb-d1e545bef39f,26810,Wellington (S),1,79,2026-04-07 13:14:50.845408
0df9fef0-106d-4677-9da2-14da909b8982,26890,West Wimmera (S),1,0,2026-04-07 13:14:50.845408
adb2c6a3-5cd5-4e1c-b43e-949b77b930ff,26980,Whitehorse (C),1,232,2026-04-07 13:14:50.845408
90e48af0-b8bb-47d0-8509-8afa51a250fd,27070,Whittlesea (C),1,54,2026-04-07 13:14:50.845408
9d7e79a3-8e08-4596-8a17-b59e94f0c159,27170,Wodonga (C),1,8,2026-04-07 13:14:50.845408
38508869-671d-4dff-b727-c811b64d8f15,27260,Wyndham (C),1,10,2026-04-07 13:14:50.845408
0d4b7a20-6d3b-4947-be17-9b3f92fa3f79,27350,Yarra (C),1,96,2026-04-07 13:14:50.845408
aab852a4-00c6-4240-9fa1-fada54146f96,27450,Yarra Ranges (S),1,201,2026-04-07 13:14:50.845408
0a146054-e2bd-48c6-a002-5e4b42ba88db,27630,Yarriambiack (S),1,0,2026-04-07 13:14:50.845408
5697bc93-ac5a-4651-8467-8745fa2db37f,29399,Unincorporated Vic,1,0,2026-04-07 13:14:50.845408
ae009c0f-d7d9-4c21-8eb9-0e0eb7f33d0c,30300,Balonne (S),1,3,2026-04-07 13:14:50.845408
4428d2ff-29c9-456c-bbbc-0282cdfbdd3a,30370,Banana (S),1,1,2026-04-07 13:14:50.845408
187d16c0-7097-47d3-bddc-1537c8870b4a,30410,Barcaldine (R),1,0,2026-04-07 13:14:50.845408
2a158210-0791-4eba-b5ef-171b20063dfb,30450,Barcoo (S),1,0,2026-04-07 13:14:50.845408
a55835c3-b11d-4c50-8e6e-9ae36313d100,30760,Blackall-Tambo (R),1,0,2026-04-07 13:14:50.845408
2ff1fbf2-aaad-4271-a41d-f465ce0a905c,31000,Brisbane (C),1,239,2026-04-07 13:14:50.845408
8342a1c7-d82d-4da9-a5ef-792aa33aef0b,31820,Bundaberg (R),1,87,2026-04-07 13:14:50.845408
09e76ee3-1bbc-428c-afc1-cf7bedb62a60,31900,Burdekin (S),1,4,2026-04-07 13:14:50.845408
811c5fe2-c5ab-484f-a213-442641b445d9,31950,Burke (S),1,2,2026-04-07 13:14:50.845408
9bcb07f0-f414-49f7-bd7c-056b0f54b164,32080,Cairns (R),1,29,2026-04-07 13:14:50.845408
182ac0de-8e85-4f1e-b07d-05111632be1b,32250,Carpentaria (S),1,2,2026-04-07 13:14:50.845408
657fedb7-fb6d-4f94-91ea-db32aa251580,32260,Cassowary Coast (R),1,15,2026-04-07 13:14:50.845408
c3ee611d-5388-48c8-817e-6225aa2120af,32270,Central Highlands (R) (Qld),1,3,2026-04-07 13:14:50.845408
f6162875-9c54-4720-8db8-e8cabeacbcfa,32310,Charters Towers (R),1,3,2026-04-07 13:14:50.845408
c864c399-54fd-4af8-a0a9-8465a153a988,32330,Cherbourg (S),1,0,2026-04-07 13:14:50.845408
012d7cb2-f626-479c-b6d0-e480044568a8,32450,Cloncurry (S),1,0,2026-04-07 13:14:50.845408
9614446c-c763-4957-aadb-f77505b93252,32500,Cook (S),1,0,2026-04-07 13:14:50.845408
1dc29b10-aef0-4b60-87ad-0c26ea8aa3a4,32600,Croydon (S),1,0,2026-04-07 13:14:50.845408
beba5d21-a6d3-404e-91ae-523f30bea997,32750,Diamantina (S),1,0,2026-04-07 13:14:50.845408
9b7d1fab-869c-4332-9b3b-d222932b08ba,32770,Doomadgee (S),1,0,2026-04-07 13:14:50.845408
d6135348-60f9-4a8b-8597-67c7fd7f8274,32810,Douglas (S),1,3,2026-04-07 13:14:50.845408
dc15ce87-edfa-4c7c-b8be-33a494ec492e,33100,Etheridge (S),1,1,2026-04-07 13:14:50.845408
242aceda-d115-4eec-a1e6-54bf3b055de2,33200,Flinders (S) (Qld),1,0,2026-04-07 13:14:50.845408
3494888a-45a2-4c2c-85fa-de834c33b646,33220,Fraser Coast (R),1,162,2026-04-07 13:14:50.845408
0ef8a49a-fe0f-4a7f-bbee-a268c4b822d3,33360,Gladstone (R),1,6,2026-04-07 13:14:50.845408
1e87318b-5309-40e3-bab3-ab7a02768ad9,33430,Gold Coast (C),1,132,2026-04-07 13:14:50.845408
97384563-c560-4ea4-98ca-7439f0acfa1a,33610,Goondiwindi (R),1,10,2026-04-07 13:14:50.845408
a44c80be-f7f9-4933-94fe-460bc3b8af25,33620,Gympie (R),1,21,2026-04-07 13:14:50.845408
8f5606b5-e98a-467c-b0f5-87bed3a002c5,33800,Hinchinbrook (S),1,3,2026-04-07 13:14:50.845408
4a5cfce1-b5ad-40b3-829c-1fb0f23ee993,33960,Ipswich (C),1,125,2026-04-07 13:14:50.845408
f6d12894-71de-46ad-94db-7946af68a8c6,33980,Isaac (R),1,0,2026-04-07 13:14:50.845408
692afd8e-15f5-4829-ab87-c378b9f48c16,34420,Kowanyama (S),1,0,2026-04-07 13:14:50.845408
aff75e16-7b61-42a8-96c3-32f630161dc9,34530,Livingstone (S),1,15,2026-04-07 13:14:50.845408
cb2f72e1-ca05-4e77-b856-b1b6a8db4d40,34580,Lockyer Valley (R),1,44,2026-04-07 13:14:50.845408
0b5b1eaf-bc30-4a71-bd6f-5dac89fe1a7f,34590,Logan (C),1,87,2026-04-07 13:14:50.845408
8a39a3a9-71a6-41ba-8997-fa8ade6042bf,34710,Longreach (R),1,3,2026-04-07 13:14:50.845408
00c112d0-f9d6-4910-9699-3c70c93c1730,34770,Mackay (R),1,13,2026-04-07 13:14:50.845408
660cea19-64d0-4b65-a682-62b809c6df75,34830,Mapoon (S),1,0,2026-04-07 13:14:50.845408
5115ad7f-5ca0-4e87-ac22-5ab34d20007d,34860,Maranoa (R),1,7,2026-04-07 13:14:50.845408
0fbf7c29-f8ce-4396-b4ba-f394e70c95df,34880,Mareeba (S),1,6,2026-04-07 13:14:50.845408
ad385694-f12d-4a4c-be57-0e27589294eb,35010,Moreton Bay (R),1,177,2026-04-07 13:14:50.845408
c45942ed-6122-42bf-96b5-9203e427b0b3,35300,Mount Isa (C),1,3,2026-04-07 13:14:50.845408
1e265a8b-7fcf-42d4-9e9f-e39e3e7f10af,35600,Murweh (S),1,8,2026-04-07 13:14:50.845408
0a42dfed-737a-42a2-a0d2-7c0e244ba455,35670,Napranum (S),1,0,2026-04-07 13:14:50.845408
a981c2f3-6a39-4b77-bc24-cab80f49d6ed,35740,Noosa (S),1,16,2026-04-07 13:14:50.845408
2f8281d2-12f2-4ec7-bc7f-ad814f740597,35760,North Burnett (R),1,5,2026-04-07 13:14:50.845408
b5d4a922-4c4a-4a40-9177-d5c43de88c75,35780,Northern Peninsula Area (R),1,2,2026-04-07 13:14:50.845408
b9ceac5b-1648-4ca0-8bc7-81c44159537e,35790,Palm Island (S),1,0,2026-04-07 13:14:50.845408
96706d88-33e1-44d4-ab72-8bac3f0cac87,35800,Paroo (S),1,2,2026-04-07 13:14:50.845408
f195e32b-9e69-4a55-993d-d9d568ad6722,36070,Pormpuraaw (S),1,0,2026-04-07 13:14:50.845408
2990991b-056a-4b90-b449-941a71e3ea90,36150,Quilpie (S),1,2,2026-04-07 13:14:50.845408
61033778-7cc8-4827-bf53-ebd7475a2004,36250,Redland (C),1,91,2026-04-07 13:14:50.845408
97553cdb-9f13-4fd0-8e8e-a1298c46da51,36300,Richmond (S),1,0,2026-04-07 13:14:50.845408
8499c57c-d9db-4f5d-92e1-81f990e53f22,36370,Rockhampton (R),1,25,2026-04-07 13:14:50.845408
aab0d73c-f3ab-4351-951f-3da7d0fee7fb,36510,Scenic Rim (R),1,13,2026-04-07 13:14:50.845408
f02fcb99-10f5-4da3-a4e3-51b7cdb71dc5,36580,Somerset (R),1,40,2026-04-07 13:14:50.845408
e07cd1a2-e573-49aa-8171-9e461e645f4c,36630,South Burnett (R),1,72,2026-04-07 13:14:50.845408
2d6b16d7-a903-4c59-bdb6-856810dfb9c0,36660,Southern Downs (R),1,55,2026-04-07 13:14:50.845408
f381a02d-6422-43ce-a8c7-656d44f700a9,36720,Sunshine Coast (R),1,127,2026-04-07 13:14:50.845408
b2c47aac-349a-4b90-9260-3b9bc83993c0,36820,Tablelands (R),1,8,2026-04-07 13:14:50.845408
39295448-c216-4ac5-9947-1718177381af,36910,Toowoomba (R),1,255,2026-04-07 13:14:50.845408
c1d66a5f-236e-4e8b-bbf2-3aede7705cc2,36950,Torres (S),1,1,2026-04-07 13:14:50.845408
fa6c7442-e970-43a2-93e2-f6dab976cae4,36960,Torres Strait Island (R),1,0,2026-04-07 13:14:50.845408
f892a7ac-644f-41bd-ab28-bfafb3c75331,37010,Townsville (C),1,39,2026-04-07 13:14:50.845408
7f817473-a377-447d-845e-a0bc43b99d9e,37300,Weipa (T),1,0,2026-04-07 13:14:50.845408
5888a374-8219-47ba-8d2f-50a8970f1cf8,37310,Western Downs (R),1,31,2026-04-07 13:14:50.845408
88675b69-fbd5-4d93-a735-81e2d6e2efbf,37340,Whitsunday (R),1,8,2026-04-07 13:14:50.845408
0c5707f8-8d45-44ba-a745-ba884c87a03a,37400,Winton (S),1,1,2026-04-07 13:14:50.845408
674cb018-24a1-4b63-aa22-cebe4d87a91d,37550,Woorabinda (S),1,0,2026-04-07 13:14:50.845408
341526b4-49e2-4869-952a-3ac446d28a31,37570,Wujal Wujal (S),1,0,2026-04-07 13:14:50.845408
b4d6e2cb-dfdd-4671-9259-7265c277c765,37600,Yarrabah (S),1,0,2026-04-07 13:14:50.845408
200da930-afeb-4c81-a667-019af2108e6e,40070,Adelaide (C),1,0,2026-04-07 13:14:50.845408
33e6df2b-fdbd-4dbd-a152-b8772b27963a,40120,Adelaide Hills (DC),1,8,2026-04-07 13:14:50.845408
5f74fb06-33b1-46a5-ab85-6b41499cf6f7,40220,Alexandrina (DC),1,35,2026-04-07 13:14:50.845408
d8c4a2ac-1f62-4f03-bc58-1de52a3ce1e6,40250,Anangu Pitjantjatjara (AC),1,2,2026-04-07 13:14:50.845408
ecde9b9b-a6f5-48f4-b749-02c8f0befc82,40310,Barossa (DC),1,8,2026-04-07 13:14:50.845408
74ab37ef-b28d-46e9-9f44-fdf250ce5f29,40430,Barunga West (DC),1,2,2026-04-07 13:14:50.845408
fd63df8c-0d26-46ef-befe-ef17fb206577,40520,Berri and Barmera (DC),1,1,2026-04-07 13:14:50.845408
fff91037-d133-4f77-9642-0685f53e2a1a,40700,Burnside (C),1,4,2026-04-07 13:14:50.845408
8e01654f-1413-4ecb-b853-9c0c9a7bc357,40910,Campbelltown (C) (SA),1,10,2026-04-07 13:14:50.845408
fea92535-af8a-46f4-a691-50ec82afaa1c,41010,Ceduna (DC),1,2,2026-04-07 13:14:50.845408
247aa8c0-5280-439c-aa66-a41d26ba2f3e,41060,Charles Sturt (C),1,22,2026-04-07 13:14:50.845408
3da5bb3e-0d1f-41a1-861a-d5c6a31afa4f,41140,Clare and Gilbert Valleys (DC),1,9,2026-04-07 13:14:50.845408
a819efca-7954-4c72-b6d8-df78f8556c36,41190,Cleve (DC),1,6,2026-04-07 13:14:50.845408
12d0ec58-c455-44de-ad25-d0f64f8647aa,41330,Coober Pedy (DC),1,0,2026-04-07 13:14:50.845408
3228a434-cc31-46e0-b42b-c012b2977c6c,41560,Copper Coast (DC),1,9,2026-04-07 13:14:50.845408
1545ec71-8741-468e-90b6-bf87a8095bd6,41750,Elliston (DC),1,0,2026-04-07 13:14:50.845408
b97034eb-7125-4b89-bff3-7252697d6326,41830,Flinders Ranges (DC),1,4,2026-04-07 13:14:50.845408
d5b0a191-3616-4982-9aa7-c9b1699952a0,41960,Franklin Harbour (DC),1,2,2026-04-07 13:14:50.845408
1d99e015-7a62-4484-b9e2-da95ccdc49a5,42030,Gawler (T),1,6,2026-04-07 13:14:50.845408
bec632c3-fc36-4cd8-9bc3-647941709747,42110,Goyder (DC),1,4,2026-04-07 13:14:50.845408
0c71788d-ec45-49e8-8956-e78fac6a1f89,42250,Grant (DC),1,3,2026-04-07 13:14:50.845408
49c2ef5d-99c8-4b5e-9e9f-4965f281a525,42600,Holdfast Bay (C),1,1,2026-04-07 13:14:50.845408
ecbb01d9-f238-450b-9abe-169188d4d69b,42750,Kangaroo Island (DC),1,2,2026-04-07 13:14:50.845408
3bdec630-3373-43b8-b98f-2ea85bbc493f,43080,Karoonda East Murray (DC),1,0,2026-04-07 13:14:50.845408
98060074-3378-4a6f-89c6-56b1b78cd5da,43220,Kimba (DC),1,1,2026-04-07 13:14:50.845408
c5df1c6d-460f-4c9c-b552-4fe2f0896e4c,43360,Kingston (DC) (SA),1,1,2026-04-07 13:14:50.845408
40e7f343-1bd1-414a-a976-4fc2384a97b0,43650,Light (RegC),1,3,2026-04-07 13:14:50.845408
ab7acf1c-715b-4131-af43-6c2627f7c172,43710,Lower Eyre Peninsula (DC),1,9,2026-04-07 13:14:50.845408
35459f51-4099-4093-a0fc-85906ff5b5ce,43790,Loxton Waikerie (DC),1,2,2026-04-07 13:14:50.845408
843aa66e-8e63-43ad-9113-671013fe6153,43920,Mallala (DC),1,3,2026-04-07 13:14:50.845408
32927e37-1ccc-4899-876e-226b1b311657,44060,Marion (C),1,6,2026-04-07 13:14:50.845408
0207bdc9-c23e-4c95-a478-8931bacb9d2f,44210,Mid Murray (DC),1,4,2026-04-07 13:14:50.845408
9e42a4f9-17f9-4248-83f0-a7b3d8292152,44340,Mitcham (C),1,1,2026-04-07 13:14:50.845408
b3ddc609-e178-4843-85ad-78936a13467e,44550,Mount Barker (DC),1,12,2026-04-07 13:14:50.845408
87bc0c53-6b8c-40b4-917f-23e2b5950ad0,44620,Mount Gambier (C),1,13,2026-04-07 13:14:50.845408
ac675d5a-92aa-4e5d-93c5-73846c4c33d8,44830,Mount Remarkable (DC),1,1,2026-04-07 13:14:50.845408
daffeb53-8fe9-419c-8eca-d7f051cb768c,45040,Murray Bridge (RC),1,14,2026-04-07 13:14:50.845408
c2b53c6c-dcb9-4e9f-82fb-1d61832d5212,45090,Naracoorte and Lucindale (DC),1,11,2026-04-07 13:14:50.845408
be58b1e3-3146-423a-a81e-48beb99ebfc0,45120,Northern Areas (DC),1,6,2026-04-07 13:14:50.845408
c5ab9610-f54b-4f59-9292-4a05cd879ec0,45290,Norwood Payneham St Peters (C),1,8,2026-04-07 13:14:50.845408
cbac5899-aa12-4c5a-9a4f-c3e0aeca2d0c,45340,Onkaparinga (C),1,7,2026-04-07 13:14:50.845408
8dc18be0-3003-41e5-a861-2162bea6c951,45400,Orroroo/Carrieton (DC),1,0,2026-04-07 13:14:50.845408
e21176c8-5045-4a64-8516-ffa7d85952e8,45540,Peterborough (DC),1,1,2026-04-07 13:14:50.845408
6a864431-1e80-46ef-8821-668ba829444e,45680,Playford (C),1,36,2026-04-07 13:14:50.845408
5b54460b-deb9-4c95-8170-540f12f94c05,45890,Port Adelaide Enfield (C),1,63,2026-04-07 13:14:50.845408
34fa558d-009d-43a1-b484-4f8c3b2879b0,46090,Port Augusta (C),1,20,2026-04-07 13:14:50.845408
59f363ce-d16a-4054-8751-5afc155a0d05,46300,Port Lincoln (C),1,46,2026-04-07 13:14:50.845408
06eaf091-2778-463c-b079-3616d34d3c51,46450,Port Pirie City and Dists (M),1,16,2026-04-07 13:14:50.845408
0626345c-8ab9-474f-a1c9-f8aad7a69812,46510,Prospect (C),1,1,2026-04-07 13:14:50.845408
2432cf9e-fb9c-4d6e-ad0f-d6b192b86c9c,46670,Renmark Paringa (DC),1,2,2026-04-07 13:14:50.845408
ed33eece-b4e9-42be-855b-63cdcee3e356,46860,Robe (DC),1,0,2026-04-07 13:14:50.845408
72542362-a804-4c26-9a4e-7090c79afb60,46970,Roxby Downs (M),1,0,2026-04-07 13:14:50.845408
532fc9b4-f284-4861-9636-804cb1072aa6,47140,Salisbury (C),1,93,2026-04-07 13:14:50.845408
13c7a60d-5a47-4bbf-abfc-e3ef8b37a001,47290,Southern Mallee (DC),1,0,2026-04-07 13:14:50.845408
cbfec2b8-723a-4599-91d5-0bd6a07956a2,47490,Streaky Bay (DC),1,1,2026-04-07 13:14:50.845408
a2bb39fa-bbd6-4893-aaa3-50ee8a7674fd,47630,Tatiara (DC),1,3,2026-04-07 13:14:50.845408
c7a02e52-ebe5-46f5-a457-528aaa9387ca,47700,Tea Tree Gully (C),1,143,2026-04-07 13:14:50.845408
87c46505-dbf9-4c0f-bf05-14872682f36a,47800,The Coorong (DC),1,0,2026-04-07 13:14:50.845408
44ee78f0-1457-4635-b2a5-a130065e5824,47910,Tumby Bay (DC),1,19,2026-04-07 13:14:50.845408
beb8ef9c-c76e-461e-b7d8-6cc0ab47de46,47980,Unley (C),1,4,2026-04-07 13:14:50.845408
af5cbe3c-78a0-427e-ae06-a2f5d4d10311,48050,Victor Harbor (C),1,40,2026-04-07 13:14:50.845408
227e2e8a-3979-4106-8da0-9c3e35617f10,48130,Wakefield (DC),1,10,2026-04-07 13:14:50.845408
0f435b6d-59da-4c6a-ba68-203f1c40ef49,48260,Walkerville (M),1,1,2026-04-07 13:14:50.845408
d28aaf23-71a9-4d8a-a56f-8f0ecd9f1587,48340,Wattle Range (DC),1,14,2026-04-07 13:14:50.845408
4ac82a04-9a46-4e16-af0b-bc062282248b,48410,West Torrens (C),1,10,2026-04-07 13:14:50.845408
e5b35845-5841-49e8-8633-d3ba2dbd87aa,48540,Whyalla (C),1,66,2026-04-07 13:14:50.845408
b48dabb5-955e-4620-93a1-2fac21cb69ed,48640,Wudinna (DC),1,1,2026-04-07 13:14:50.845408
d296c521-0d76-435a-84db-3cf7ac7c2946,48750,Yankalilla (DC),1,1,2026-04-07 13:14:50.845408
c06a3c20-2872-4d9a-9e33-6a6cdf8504d8,48830,Yorke Peninsula (DC),1,5,2026-04-07 13:14:50.845408
a4259bb3-b126-482e-90f1-29c53fd1da59,49399,Unincorporated SA,1,9,2026-04-07 13:14:50.845408
4e6c300e-42f1-4585-9c55-2939985960b7,50080,Albany (C),1,4,2026-04-07 13:14:50.845408
056aaf6a-8e8c-4da4-96e9-f40b8f0a5367,50210,Armadale (C),1,2,2026-04-07 13:14:50.845408
3026180a-8bb0-4714-bf23-ff41bbf6a3e4,50250,Ashburton (S),1,0,2026-04-07 13:14:50.845408
33582640-5831-4232-904b-b9ff978e1eea,50280,Augusta-Margaret River (S),1,1,2026-04-07 13:14:50.845408
02d3e955-adfa-4480-985f-41a057f478b6,50350,Bassendean (T),1,0,2026-04-07 13:14:50.845408
46eb29d8-5b62-49a9-a194-f5c0fb381207,50420,Bayswater (C),1,2,2026-04-07 13:14:50.845408
ea6581d9-aee9-4ba8-aa88-042fefe33347,50490,Belmont (C),1,10,2026-04-07 13:14:50.845408
53859f84-0f49-4f4b-9c6d-7ccec2bd8e72,50560,Beverley (S),1,0,2026-04-07 13:14:50.845408
54ba1fd6-2e81-499c-865c-1386f693241a,50630,Boddington (S),1,0,2026-04-07 13:14:50.845408
9ffff1cc-e35f-40cc-a834-541f0b6bf087,50770,Boyup Brook (S),1,1,2026-04-07 13:14:50.845408
c1412d4a-17e7-4f3e-be32-81a29a10d304,50840,Bridgetown-Greenbushes (S),1,0,2026-04-07 13:14:50.845408
723c6d68-e798-44f3-a109-ad3e25ce6f88,50910,Brookton (S),1,0,2026-04-07 13:14:50.845408
8072616f-5115-45b8-b138-31c115080ba2,50980,Broome (S),1,1,2026-04-07 13:14:50.845408
57c5fcfc-6f6c-46f2-8638-cef425405baa,51080,Broomehill-Tambellup (S),1,0,2026-04-07 13:14:50.845408
2ffb79d0-e34e-4f24-9c56-355703699942,51120,Bruce Rock (S),1,1,2026-04-07 13:14:50.845408
ca975ab9-f5a8-48b1-bf2b-3e4bb3678107,51190,Bunbury (C),1,1,2026-04-07 13:14:50.845408
616b7a90-9708-47ae-8f73-ed7065390548,51260,Busselton (C),1,2,2026-04-07 13:14:50.845408
91874e07-f6ae-4919-9e4f-e3011d55bf71,51310,Cambridge (T),1,2,2026-04-07 13:14:50.845408
10bb3425-b2d6-4d33-a3c9-b5f5cb12a111,51330,Canning (C),1,12,2026-04-07 13:14:50.845408
30ed0742-8b06-46ba-ad06-bf9e3c625f1d,51400,Capel (S),1,0,2026-04-07 13:14:50.845408
178b8863-6d13-4b58-a2be-6cbb5b3ed475,51540,Carnarvon (S),1,0,2026-04-07 13:14:50.845408
6ce7ee4c-9ac4-44a0-97ad-1e4192a1235b,51610,Chapman Valley (S),1,0,2026-04-07 13:14:50.845408
89b2f3d4-50c0-461d-a5ff-e8aee3a8aab2,51680,Chittering (S),1,0,2026-04-07 13:14:50.845408
c779768e-0579-4cca-8a88-87d9b5348fe5,51750,Claremont (T),1,0,2026-04-07 13:14:50.845408
f2e4efa8-7186-42c3-81fe-9e21579fefe4,51820,Cockburn (C),1,1,2026-04-07 13:14:50.845408
49a6e009-a27a-4352-9f19-40dda9cbb012,51890,Collie (S),1,0,2026-04-07 13:14:50.845408
a7db767d-a05e-4ce4-9135-a335e11c7f14,51960,Coolgardie (S),1,0,2026-04-07 13:14:50.845408
371c5fe8-8b86-4316-81f6-27efa8641b75,52030,Coorow (S),1,1,2026-04-07 13:14:50.845408
722632e4-6762-4873-85a3-2ef84e186590,52100,Corrigin (S),1,1,2026-04-07 13:14:50.845408
e278948d-d343-4eec-a0c4-429b183e308d,52170,Cottesloe (T),1,0,2026-04-07 13:14:50.845408
277f717c-7b92-4f19-b1c4-e340384ea08d,52240,Cranbrook (S),1,0,2026-04-07 13:14:50.845408
1bae7d72-da30-4fd4-b558-51626002b68a,52310,Cuballing (S),1,0,2026-04-07 13:14:50.845408
9f953d75-b9a3-49ee-a91a-3dc747ea79e8,52450,Cunderdin (S),1,0,2026-04-07 13:14:50.845408
b3c1b5cf-eef8-40d3-8cb0-c007857c67eb,52520,Dalwallinu (S),1,0,2026-04-07 13:14:50.845408
37c50d3e-de9d-411f-8e70-597135e8e2c6,52590,Dandaragan (S),1,0,2026-04-07 13:14:50.845408
ab828c0c-3d15-4809-a27b-cdd3eaa5772f,52660,Dardanup (S),1,0,2026-04-07 13:14:50.845408
1aea8a45-49fd-40c2-acb1-5d0b8f0f398e,52730,Denmark (S),1,2,2026-04-07 13:14:50.845408
a60f6a62-952f-4332-9190-cf608f2aeddb,52800,Derby-West Kimberley (S),1,0,2026-04-07 13:14:50.845408
b825c6a7-5add-4e6d-8ac1-2adb3aa2a936,52870,Donnybrook-Balingup (S),1,0,2026-04-07 13:14:50.845408
79e5445d-e97b-40ba-ae49-c353c369409e,52940,Dowerin (S),1,0,2026-04-07 13:14:50.845408
844617c4-d008-42d3-81ae-78bb12aed4cb,53010,Dumbleyung (S),1,0,2026-04-07 13:14:50.845408
bcccf34a-38a6-4589-939f-ced397f4125f,53150,East Fremantle (T),1,0,2026-04-07 13:14:50.845408
bb93c8be-ae6d-4e40-8529-b2ef7a948277,53220,East Pilbara (S),1,0,2026-04-07 13:14:50.845408
f36bc114-4f9d-4f77-8b37-14b945bff164,53290,Esperance (S),1,1,2026-04-07 13:14:50.845408
708a81ef-4dbc-493a-996b-34043f3b8336,53360,Exmouth (S),1,0,2026-04-07 13:14:50.845408
e0cd4972-e00b-4467-bcc4-76b939b7a3b7,53430,Fremantle (C),1,4,2026-04-07 13:14:50.845408
a9764d4e-c215-4f27-9102-c5807fec8665,53570,Gingin (S),1,0,2026-04-07 13:14:50.845408
7eaec24a-60af-465a-8689-3b2966eab210,53640,Gnowangerup (S),1,0,2026-04-07 13:14:50.845408
9373fcdf-964f-47a0-b27e-f6e38e43bbd4,53710,Goomalling (S),1,1,2026-04-07 13:14:50.845408
6b93bd83-ba2c-40b0-be43-d40df288be00,53780,Gosnells (C),1,17,2026-04-07 13:14:50.845408
3b7d11ae-9e18-4a1e-88d5-4a4825890266,53800,Greater Geraldton (C),1,1,2026-04-07 13:14:50.845408
bddddbf6-9861-4316-8901-82c58c4723ca,53920,Halls Creek (S),1,0,2026-04-07 13:14:50.845408
ca85d1a9-ac5a-435e-8be0-4eb0fe6abef0,53990,Harvey (S),1,0,2026-04-07 13:14:50.845408
011eabc3-fdaa-43b8-bf4a-5b83bb019ff6,54060,Irwin (S),1,0,2026-04-07 13:14:50.845408
e0788aa6-8d73-40ec-a65f-b97a9443bbf5,54130,Jerramungup (S),1,0,2026-04-07 13:14:50.845408
3f301fbf-e340-4b8d-acd9-ffe68a10aefa,54170,Joondalup (C),1,36,2026-04-07 13:14:50.845408
e7fe4c22-4a0c-4878-bec4-3ac14bafe686,54200,Kalamunda (S),1,2,2026-04-07 13:14:50.845408
095be92b-9ea2-48a7-8e3a-456dacc2f5c9,54280,Kalgoorlie/Boulder (C),1,0,2026-04-07 13:14:50.845408
8c1e557f-3647-4e77-97f3-fe218f712026,54310,Karratha (C),1,0,2026-04-07 13:14:50.845408
bbc31b26-1c76-4db1-a5b6-1f3f25e55dcd,54340,Katanning (S),1,0,2026-04-07 13:14:50.845408
e626bb33-df07-4a9c-a9cb-a66ed24796ff,54410,Kellerberrin (S),1,0,2026-04-07 13:14:50.845408
8fd3b19f-8134-4c04-9bc0-2d0fafed8ff4,54550,Kojonup (S),1,0,2026-04-07 13:14:50.845408
8efbfebf-974c-423a-a096-371528fc6d17,54620,Kondinin (S),1,0,2026-04-07 13:14:50.845408
0f1ff2ab-9b73-4b7d-aec7-b44352944713,54690,Koorda (S),1,0,2026-04-07 13:14:50.845408
7b790db3-52d5-46c5-aeb3-a22c53487091,54760,Kulin (S),1,0,2026-04-07 13:14:50.845408
a3b79c7b-8c7a-4b55-ba2f-c992864a1f20,54830,Kwinana (C),1,1,2026-04-07 13:14:50.845408
90a0f66b-99cc-445c-bad9-d1b0d42099b3,54900,Lake Grace (S),1,0,2026-04-07 13:14:50.845408
bb6ec6b5-c97e-46c5-8da0-03e2a9f276e5,54970,Laverton (S),1,0,2026-04-07 13:14:50.845408
0905d26a-c190-43f0-b232-50a37cc1a2ba,55040,Leonora (S),1,0,2026-04-07 13:14:50.845408
b47e506b-9316-47e5-af9d-dffb3ef8fae6,55110,Mandurah (C),1,12,2026-04-07 13:14:50.845408
537f0224-5ee1-4fa0-98e2-8039b94e58cf,55180,Manjimup (S),1,0,2026-04-07 13:14:50.845408
b20d56cb-950d-4206-b89c-dc23f8f6b3e9,55320,Melville (C),1,4,2026-04-07 13:14:50.845408
b1d27dc6-ac6c-49a1-b34a-9daf60be2a02,55460,Merredin (S),1,1,2026-04-07 13:14:50.845408
e8277c0a-eebf-43b6-8d05-b11165fbfa74,55530,Mingenew (S),1,0,2026-04-07 13:14:50.845408
2e1b737a-efce-4c4f-adb4-d8fde7da790b,55600,Moora (S),1,0,2026-04-07 13:14:50.845408
6045e36f-d9d4-4990-90cb-f730692732df,55670,Morawa (S),1,0,2026-04-07 13:14:50.845408
d3a79c9c-4b5c-4b5c-9adc-40893731d6d8,55740,Mosman Park (T),1,0,2026-04-07 13:14:50.845408
6ef099be-5d86-413f-b04e-7129f3974d0f,55880,Mount Marshall (S),1,0,2026-04-07 13:14:50.845408
e7bb9a06-2caf-4aac-921f-0294597e8c9d,55950,Mukinbudin (S),1,0,2026-04-07 13:14:50.845408
8ae31fd4-7375-47e4-b654-bdc70d8f21b8,56090,Mundaring (S),1,1,2026-04-07 13:14:50.845408
ecd9e93e-07ca-4ae8-a512-b31aea1322b9,56230,Murray (S),1,5,2026-04-07 13:14:50.845408
d4cb3bce-a06e-4f90-9c3f-eaafc8227859,56300,Nannup (S),1,0,2026-04-07 13:14:50.845408
b2433300-60e1-46bc-89af-0d6e6ad87bb9,56370,Narembeen (S),1,0,2026-04-07 13:14:50.845408
d14d89c2-c744-415e-9671-6b1d229099a2,56460,Narrogin (S),1,0,2026-04-07 13:14:50.845408
182578a6-0a95-452b-b77f-a43bc3cd2b22,56580,Nedlands (C),1,3,2026-04-07 13:14:50.845408
db964fd4-5e98-422b-b64c-0d33f0d8331f,56730,Northam (S),1,2,2026-04-07 13:14:50.845408
27c69373-0fb9-43a0-be49-83f5fd076066,56790,Northampton (S),1,0,2026-04-07 13:14:50.845408
6fd9f9e6-0d2a-452c-b219-75541ce636af,56860,Nungarin (S),1,0,2026-04-07 13:14:50.845408
979fd3f1-75c2-404a-bc2e-21e0c2e19db3,56930,Peppermint Grove (S),1,1,2026-04-07 13:14:50.845408
34609b60-fe8b-4086-87eb-63f26fcb192d,57000,Perenjori (S),1,0,2026-04-07 13:14:50.845408
45d46e4f-e3af-4c6b-a8f1-14fa7557258c,57080,Perth (C),1,2,2026-04-07 13:14:50.845408
db4a9779-cb1c-45e1-862a-8943d616b56a,57140,Pingelly (S),1,0,2026-04-07 13:14:50.845408
f8f42c5d-8153-4dbb-8707-8f172d34e123,57210,Plantagenet (S),1,1,2026-04-07 13:14:50.845408
a8373068-be0a-41c6-819a-dce6db5f0416,57280,Port Hedland (T),1,0,2026-04-07 13:14:50.845408
b61f3e0c-b590-41f7-afc2-e2ddf9c4a924,57350,Quairading (S),1,0,2026-04-07 13:14:50.845408
41ba95a8-f8ed-4281-8d8c-9e3c97c7d058,57420,Ravensthorpe (S),1,0,2026-04-07 13:14:50.845408
3595f94b-01f4-4264-bfe2-d27715caeae2,57490,Rockingham (C),1,6,2026-04-07 13:14:50.845408
bbe3210f-edfb-4687-adcb-0354270359fa,57700,Serpentine-Jarrahdale (S),1,2,2026-04-07 13:14:50.845408
c2cdf9fa-a448-4694-be97-cd9082aeef24,57770,Shark Bay (S),1,0,2026-04-07 13:14:50.845408
8b99ed0e-f846-49cb-b069-642ee26ac6ba,57840,South Perth (C),1,9,2026-04-07 13:14:50.845408
b0153915-52e8-4c1f-b19f-667f7090a176,57910,Stirling (C),1,49,2026-04-07 13:14:50.845408
1ed30094-e134-428d-a65e-5ea5f440ad4b,57980,Subiaco (C),1,1,2026-04-07 13:14:50.845408
caa860ae-0f50-42da-9ebb-8a4bbb78c205,58050,Swan (C),1,5,2026-04-07 13:14:50.845408
bf5a1ede-d5a7-421b-a262-acd2c1377cb2,58190,Tammin (S),1,0,2026-04-07 13:14:50.845408
9cc3ff19-f254-4593-b6da-a50202a9f2cb,58330,Toodyay (S),1,1,2026-04-07 13:14:50.845408
528e92c4-7e30-4f23-940c-847086c06389,58400,Trayning (S),1,0,2026-04-07 13:14:50.845408
d2f22fed-8c17-481e-bf38-6edbc459fa06,58510,Victoria Park (T),1,12,2026-04-07 13:14:50.845408
a99ce9b4-0f55-4d00-8d09-588fc4e9e1ea,58540,Victoria Plains (S),1,0,2026-04-07 13:14:50.845408
0684b03b-705a-4a8d-8201-59500775da87,58570,Vincent (C),1,1,2026-04-07 13:14:50.845408
41802c82-af5a-4b11-8876-617280178d61,58610,Wagin (S),1,0,2026-04-07 13:14:50.845408
7002ab42-fc0f-4bf5-867d-e96c2dd25329,58680,Wandering (S),1,0,2026-04-07 13:14:50.845408
1aac1580-bde6-4f70-bbe0-c1cdbfe922d0,58760,Wanneroo (C),1,41,2026-04-07 13:14:50.845408
9a92e694-a0d4-42b8-a074-b64bfbdcf026,58820,Waroona (S),1,0,2026-04-07 13:14:50.845408
d0b6f339-1fa9-43c3-8547-337e0799da04,58890,West Arthur (S),1,0,2026-04-07 13:14:50.845408
3fa9dba5-4b31-4a5e-aab6-44a5a31875b0,59030,Westonia (S),1,0,2026-04-07 13:14:50.845408
5c4e6b6a-bf96-40d6-aee9-62f96b1dd9e9,59100,Wickepin (S),1,0,2026-04-07 13:14:50.845408
3a5a74cc-1219-4f0e-854e-6349c4a44311,59170,Williams (S),1,0,2026-04-07 13:14:50.845408
9106a5d3-3ca5-4758-8a7a-8af1daa3883a,59250,Wiluna (S),1,0,2026-04-07 13:14:50.845408
0972a3c7-8daf-427a-8326-440502e42211,59310,Wongan-Ballidu (S),1,2,2026-04-07 13:14:50.845408
f166357a-ce2c-46a3-af1f-0bd3d4e49d87,59320,Woodanilling (S),1,0,2026-04-07 13:14:50.845408
9a1eaba4-5de7-4e7a-83f0-9d3a8d3141a4,59330,Wyalkatchem (S),1,0,2026-04-07 13:14:50.845408
6e71b665-926f-4f73-8b35-757d289f7cbb,59340,Wyndham-East Kimberley (S),1,0,2026-04-07 13:14:50.845408
eeea4a0b-938a-464f-b984-d13cf0c6fadb,59360,Yilgarn (S),1,0,2026-04-07 13:14:50.845408
3d35e1c1-ad11-432f-b641-dc46c7c56ac4,59370,York (S),1,1,2026-04-07 13:14:50.845408
fd56294e-36c8-4b46-b158-4c9970346f40,60210,Break O'Day (M),1,7,2026-04-07 13:14:50.845408
2499cb01-bc63-41f5-9cef-3ce8f3e29ae0,60410,Brighton (M),1,10,2026-04-07 13:14:50.845408
b210db93-37da-4994-a514-4f8a549a8d8f,60610,Burnie (C),1,11,2026-04-07 13:14:50.845408
2a76b005-0b56-4be7-9cab-53dab8a0755e,60810,Central Coast (M) (Tas.),1,19,2026-04-07 13:14:50.845408
f3802fa9-a77c-4c0c-bce0-4ff2694684d3,61010,Central Highlands (M) (Tas.),1,0,2026-04-07 13:14:50.845408
c381c498-d94d-475d-ba59-c9ff5a9dee2a,61210,Circular Head (M),1,4,2026-04-07 13:14:50.845408
78f6efe8-b2f2-4de8-b4e6-4bef315bed8d,61410,Clarence (C),1,23,2026-04-07 13:14:50.845408
55c0ee36-c3d6-449a-aeaf-fbed2968353b,61510,Derwent Valley (M),1,9,2026-04-07 13:14:50.845408
b13dba18-893f-4142-9890-61510364f792,61610,Devonport (C),1,16,2026-04-07 13:14:50.845408
ebc76caf-9a37-4fef-b73d-668bc4fb37f0,61810,Dorset (M),1,1,2026-04-07 13:14:50.845408
3d34fbf3-7966-4791-ad36-7aebaf9eb2b4,62010,Flinders (M) (Tas.),1,0,2026-04-07 13:14:50.845408
363a6f3a-2a44-445a-9bbf-966018e6e5e8,62210,George Town (M),1,4,2026-04-07 13:14:50.845408
40e84a46-83b2-4994-ad69-eb9a9c90a7f9,62410,Glamorgan/Spring Bay (M),1,1,2026-04-07 13:14:50.845408
0e206be5-f86a-4b2c-8fac-2e7ce270dc14,62610,Glenorchy (C),1,19,2026-04-07 13:14:50.845408
07c7ff0d-eec8-4a42-b953-07394755a978,62810,Hobart (C),1,17,2026-04-07 13:14:50.845408
b8796610-f0f4-4390-a1d3-988bfc0d8c16,63010,Huon Valley (M),1,13,2026-04-07 13:14:50.845408
42fc6075-77ef-4216-a220-577b833e2e0a,63210,Kentish (M),1,4,2026-04-07 13:14:50.845408
bb940156-0e17-4b21-bea0-4997ade70782,63410,King Island (M),1,2,2026-04-07 13:14:50.845408
148e8359-24d1-4e3d-bc87-fd74b7f7ea7f,63610,Kingborough (M),1,27,2026-04-07 13:14:50.845408
81978cff-39a9-4776-a6b0-f332175ee2ff,63810,Latrobe (M) (Tas.),1,7,2026-04-07 13:14:50.845408
aae419d1-3552-4bba-8431-297465674c99,64010,Launceston (C),1,29,2026-04-07 13:14:50.845408
87ca55ee-7440-4c6c-8258-afd71c4a400a,64210,Meander Valley (M),1,18,2026-04-07 13:14:50.845408
1a8a30c4-1366-4c35-87fd-301187382025,64610,Northern Midlands (M),1,6,2026-04-07 13:14:50.845408
c4bce0b2-cdfa-49f4-8abd-7e88f47a4865,64810,Sorell (M),1,6,2026-04-07 13:14:50.845408
a8c9e4ad-b86c-4e42-8dbc-bb7df74bd003,65010,Southern Midlands (M),1,1,2026-04-07 13:14:50.845408
1bd439cb-6be7-4207-9a88-e7817866f7dc,65210,Tasman (M),1,0,2026-04-07 13:14:50.845408
44d8d96d-6798-4103-980b-e30ee80b143e,65410,Waratah/Wynyard (M),1,11,2026-04-07 13:14:50.845408
59be9b20-87ad-4848-a26d-f6d014cbb1b3,65610,West Coast (M),1,2,2026-04-07 13:14:50.845408
c660acb9-37f6-49f4-977e-a13e100333b1,65810,West Tamar (M),1,10,2026-04-07 13:14:50.845408
c111583a-8b85-45e0-889c-d9f425c100f6,70200,Alice Springs (T),1,4,2026-04-07 13:14:50.845408
b3279570-c8b9-4f6e-b13d-597da633da21,70420,Barkly (R),1,0,2026-04-07 13:14:50.845408
3203a800-f715-46ea-a135-35902b3bde30,70540,Belyuen (S),1,1,2026-04-07 13:14:50.845408
4609da0c-e89f-411b-88cd-3b5d407b088f,70620,Central Desert (R),1,0,2026-04-07 13:14:50.845408
69ccee2b-5f08-4f4d-9dce-e2dea24c6dfd,70700,Coomalie (S),1,0,2026-04-07 13:14:50.845408
ab210e46-d98c-47c9-98f7-592c25aa712b,71000,Darwin (C),1,0,2026-04-07 13:14:50.845408
c097f122-b325-45ef-bcdf-67ec84d2c262,71300,East Arnhem (R),1,0,2026-04-07 13:14:50.845408
c215d7fd-045f-43c9-a548-7c0965c707a5,72200,Katherine (T),1,0,2026-04-07 13:14:50.845408
6a33afac-da4d-41de-98fc-c9687668dbb1,72300,Litchfield (M),1,0,2026-04-07 13:14:50.845408
7b25e900-4e2e-4994-8eda-e57e8b284680,72330,MacDonnell (R),1,0,2026-04-07 13:14:50.845408
d93a2fbc-f245-4889-a6ed-365c2f0e7fb7,72800,Palmerston (C),1,0,2026-04-07 13:14:50.845408
e0c6bc89-4a31-4c44-accc-5b0cbae6e918,73600,Roper Gulf (R),1,0,2026-04-07 13:14:50.845408
677ec4ce-e2e7-43e7-ab52-9c61401f47a3,74550,Victoria Daly (R),1,1,2026-04-07 13:14:50.845408
14ac1adf-a7cf-4ac9-9a9a-9898f2ff3eef,74560,Wagait (S),1,0,2026-04-07 13:14:50.845408
f06b7da8-d11e-4a00-a9f7-8cfdbe00e4bc,74660,West Arnhem (R),1,0,2026-04-07 13:14:50.845408
559b1aaa-d276-4ead-bb5e-286b2a4feb57,79399,Unincorporated NT,1,2,2026-04-07 13:14:50.845408
03b10a71-2866-4442-b40c-305b32180996,89399,Unincorporated ACT,1,25,2026-04-07 13:14:50.845408
634db986-aeac-4572-855c-8c664dbbc186,99399,Unincorp. Other Territories,1,3,2026-04-07 13:14:50.845408
f19d38f8-86de-4e59-9115-32dc698340f9,10050,Albury (C),2,374,2026-04-07 13:14:50.845408
b81d5a89-0582-4710-807a-c81cec838b5e,10130,Armidale Regional (A),2,128,2026-04-07 13:14:50.845408
b3d9a24a-5998-4c0e-8ca1-e3256bf5863f,10250,Ballina (A),2,568,2026-04-07 13:14:50.845408
4780dbb4-dc78-49ab-b058-419b26a065c3,10300,Balranald (A),2,10,2026-04-07 13:14:50.845408
06902808-800f-4cb9-9fdb-6af437de3da4,10470,Bathurst Regional (A),2,169,2026-04-07 13:14:50.845408
be232f9b-b0f7-4f44-8c29-ae9d9d8ae4d0,10550,Bega Valley (A),2,387,2026-04-07 13:14:50.845408
de4c7638-1b02-404c-82fa-6c27c159f4bc,10600,Bellingen (A),2,71,2026-04-07 13:14:50.845408
8396a9f2-90ff-4c1e-b30d-e50ca68b21d0,10650,Berrigan (A),2,75,2026-04-07 13:14:50.845408
51bc87d6-7dbf-40ea-8f9d-6d03878e6e9d,10750,Blacktown (C),2,1252,2026-04-07 13:14:50.845408
ee2d7e3e-ec1e-4926-86f4-e3afe73d52f2,10800,Bland (A),2,17,2026-04-07 13:14:50.845408
1929873b-0a21-4c21-b2a3-1b9c32d57391,10850,Blayney (A),2,28,2026-04-07 13:14:50.845408
43e1b92a-7512-47f4-ab0c-7c78d27457d5,10900,Blue Mountains (C),2,351,2026-04-07 13:14:50.845408
af2391ff-be2a-4e97-b9d3-98a97e6090ee,10950,Bogan (A),2,19,2026-04-07 13:14:50.845408
ec12b6e0-d336-436b-804b-ac197168af7b,11100,Botany Bay (C),2,205,2026-04-07 13:14:50.845408
2157b5f1-75c5-420e-bc22-3033411fb5d7,11150,Bourke (A),2,10,2026-04-07 13:14:50.845408
b6a8fb91-3d57-4d28-addd-fa92343400c3,11200,Brewarrina (A),2,11,2026-04-07 13:14:50.845408
f508fef0-2796-4993-9f4e-a8f4a1eec896,11250,Broken Hill (C),2,64,2026-04-07 13:14:50.845408
df66fe82-dc68-4784-90b3-8cc81abec9e7,11300,Burwood (A),2,202,2026-04-07 13:14:50.845408
822499a0-d1b4-4ed6-b86f-5d014b689fda,11350,Byron (A),2,128,2026-04-07 13:14:50.845408
2a1f3483-5c86-4160-83ac-baff47c04f62,11400,Cabonne (A),2,52,2026-04-07 13:14:50.845408
005ec1c3-03ca-4aee-880b-091ae22daf9f,11450,Camden (A),2,159,2026-04-07 13:14:50.845408
bf7754bd-47ca-4c4f-afe1-1d26638bc12b,11500,Campbelltown (C) (NSW),2,451,2026-04-07 13:14:50.845408
2a70674b-5fe2-4bb9-b22f-eebbff1e0b97,11520,Canada Bay (A),2,314,2026-04-07 13:14:50.845408
f45746c8-ee56-4116-a3e2-e45fb3b2f9a9,11570,Canterbury-Bankstown (A),2,1986,2026-04-07 13:14:50.845408
60590ef2-c78a-4680-8371-bb6ee76d30aa,11600,Carrathool (A),2,18,2026-04-07 13:14:50.845408
6b21d8cf-3953-449a-8d5e-3e2cf80485f5,11650,Central Coast (C) (NSW),2,2405,2026-04-07 13:14:50.845408
2a5b0573-5fca-4ef8-b22e-1fd74aff95d4,11700,Central Darling (A),2,27,2026-04-07 13:14:50.845408
5820b496-3c5d-41f2-961b-678cce7be86d,11720,Cessnock (C),2,256,2026-04-07 13:14:50.845408
2b2c7326-b373-4035-adea-fd751619c6c5,11730,Clarence Valley (A),2,631,2026-04-07 13:14:50.845408
5ad5883a-8f3a-4fad-b033-6e87f8935a87,11750,Cobar (A),2,20,2026-04-07 13:14:50.845408
9cefe1e9-8a55-4cdf-8947-315ba52c14cb,11800,Coffs Harbour (C),2,540,2026-04-07 13:14:50.845408
dba0ff2a-30d6-486e-a4e9-57b9f827472a,12000,Coolamon (A),2,35,2026-04-07 13:14:50.845408
ef1245ce-082c-4987-b6f0-04a5534a5f84,12150,Coonamble (A),2,44,2026-04-07 13:14:50.845408
7d32ad88-9ee6-4572-91e3-d3e1ed1e4635,12350,Cowra (A),2,69,2026-04-07 13:14:50.845408
4b8fedad-a0ed-43cc-bf44-70cc6c26c9ef,12380,Cumberland (A),2,1088,2026-04-07 13:14:50.845408
83cd67b0-76a6-42aa-9da8-a344e919bcf7,12700,Dungog (A),2,20,2026-04-07 13:14:50.845408
cf2d006f-e685-4946-8126-e4b5ab8d7de7,12730,Edward River (A),2,81,2026-04-07 13:14:50.845408
81637076-2547-42e4-820e-64e9386a5d0a,12750,Eurobodalla (A),2,621,2026-04-07 13:14:50.845408
c937d056-a07a-4108-b546-ba701d084a18,12850,Fairfield (C),2,1692,2026-04-07 13:14:50.845408
5142141b-e8fc-447a-ac2e-e39bad5cb5b2,12870,Federation (A),2,101,2026-04-07 13:14:50.845408
206f2fce-4924-4718-990a-ce9ab40ae641,12900,Forbes (A),2,42,2026-04-07 13:14:50.845408
ff84fea7-7757-44b4-9920-800049b950dd,12930,Georges River (A),2,830,2026-04-07 13:14:50.845408
6144cb4f-530b-4154-b4c4-8eca5bb28d2d,12950,Gilgandra (A),2,44,2026-04-07 13:14:50.845408
9df506c6-3f1f-47f0-a891-192e9e47ef7d,13010,Glen Innes Severn (A),2,57,2026-04-07 13:14:50.845408
9ee7f7c0-fe76-4a5b-864f-4f2a20d30e98,13310,Goulburn Mulwaree (A),2,269,2026-04-07 13:14:50.845408
0fdba59f-1907-4507-bdfb-2e7ca0f59be4,13340,Greater Hume Shire (A),2,67,2026-04-07 13:14:50.845408
b95a96b6-389d-4325-9dc7-2a3fa567f0bc,13450,Griffith (C),2,173,2026-04-07 13:14:50.845408
fc4f9cc3-4fb7-4d64-a81b-3901d728ec74,13510,Gundagai (A),2,135,2026-04-07 13:14:50.845408
c8b09262-dedb-497c-84f3-f0c9a2ef3e4d,13550,Gunnedah (A),2,38,2026-04-07 13:14:50.845408
1cb51db0-21c8-4ad5-a815-2e75dfb48144,13660,Gwydir (A),2,20,2026-04-07 13:14:50.845408
50e4d315-d55d-4e9e-942e-378945ab5ce2,13800,Hawkesbury (C),2,208,2026-04-07 13:14:50.845408
10977ae8-3df2-4d6e-95bf-609ba5418111,13850,Hay (A),2,22,2026-04-07 13:14:50.845408
4a4abfc3-bc34-48ea-9c62-065768248ed4,13910,Hilltops (A),2,130,2026-04-07 13:14:50.845408
0cf57dc0-bffa-42ec-a1e3-24d715a06d13,14000,Hornsby (A),2,652,2026-04-07 13:14:50.845408
619072cb-958f-4085-b646-65bf9c3c39c4,14100,Hunters Hill (A),2,59,2026-04-07 13:14:50.845408
4d592548-b8b4-4511-acfd-3cefd6863736,14170,Inner West (A),2,493,2026-04-07 13:14:50.845408
53a1082d-b813-4214-8b0c-e5ae963a49ee,14200,Inverell (A),2,61,2026-04-07 13:14:50.845408
7203ffbf-ae5b-4726-b4f1-0fe38347c1f5,14300,Junee (A),2,28,2026-04-07 13:14:50.845408
34440cc2-7581-470e-8ac7-c2cd9203aa49,14350,Kempsey (A),2,303,2026-04-07 13:14:50.845408
145d0829-faa8-44f5-b914-dfe8d6f9b50f,14400,Kiama (A),2,85,2026-04-07 13:14:50.845408
ef5225ba-c391-46b1-a77b-3ecb64834b7b,14500,Ku-ring-gai (A),2,428,2026-04-07 13:14:50.845408
7cc55829-53dc-4b98-a0f9-c77992e253ba,14550,Kyogle (A),2,73,2026-04-07 13:14:50.845408
6d1df1fc-fd1e-4ab3-921a-5a0a66ea7841,14600,Lachlan (A),2,32,2026-04-07 13:14:50.845408
e7964e86-d209-49ad-966f-6445aa445fdf,14650,Lake Macquarie (C),2,1174,2026-04-07 13:14:50.845408
bce4fc88-2691-4357-86f2-4db8f9c44166,14700,Lane Cove (A),2,90,2026-04-07 13:14:50.845408
4d01c10e-76d5-42f8-b7e9-5711ee4a1519,14750,Leeton (A),2,55,2026-04-07 13:14:50.845408
4f26eb7e-01a7-44b0-a527-e3a4b890b417,14850,Lismore (C),2,368,2026-04-07 13:14:50.845408
49084f4f-1f2e-4071-a9ae-c95ad9d45b8c,14870,Lithgow (C),2,76,2026-04-07 13:14:50.845408
9c17c72e-5f27-4a8f-b9b2-99e619bbb7de,14900,Liverpool (C),2,970,2026-04-07 13:14:50.845408
9ce4ab1c-3bda-4e8e-9197-1268dc68d879,14920,Liverpool Plains (A),2,40,2026-04-07 13:14:50.845408
97528576-9aa1-4c26-b885-f7e55d2aab70,14950,Lockhart (A),2,25,2026-04-07 13:14:50.845408
37129efc-490e-4062-aeff-5aee0a958786,15050,Maitland (C),2,389,2026-04-07 13:14:50.845408
8adbf032-20c4-4a0a-aeae-3f8a202d175f,15240,Mid-Coast (A),2,1227,2026-04-07 13:14:50.845408
8bda3d54-61fd-4bad-a7e4-56c6ec50970d,15270,Mid-Western Regional (A),2,120,2026-04-07 13:14:50.845408
919bdc19-2056-4db8-b67a-6da2bd0867cf,15300,Moree Plains (A),2,51,2026-04-07 13:14:50.845408
04b995f2-c29c-4aef-a330-8d6cd5202c44,15350,Mosman (A),2,64,2026-04-07 13:14:50.845408
790cdb7e-5b64-45d0-bc8c-964338ee1c25,15520,Murray River (A),2,95,2026-04-07 13:14:50.845408
f9c19c25-207a-44b3-abbf-2fdccaca2f37,15560,Murrumbidgee (A),2,23,2026-04-07 13:14:50.845408
507c6ca5-610a-4e6f-ad64-be7154055b31,15650,Muswellbrook (A),2,51,2026-04-07 13:14:50.845408
c5300d74-4ab0-4e46-b90c-1cf36a599844,15700,Nambucca (A),2,213,2026-04-07 13:14:50.845408
573eb256-2b0a-44fa-8d4d-0398f5ac8531,15750,Narrabri (A),2,42,2026-04-07 13:14:50.845408
9b30f904-a8aa-4639-b01e-4e83e70610c5,15800,Narrandera (A),2,39,2026-04-07 13:14:50.845408
d69ae85d-ef85-44b3-b478-c8657d261cec,15850,Narromine (A),2,53,2026-04-07 13:14:50.845408
5f3e706e-d24c-4872-89c1-c1425d9e7979,15900,Newcastle (C),2,731,2026-04-07 13:14:50.845408
b34c5ae2-252b-4120-87ca-57efda1ab239,15950,North Sydney (A),2,152,2026-04-07 13:14:50.845408
83c30c0f-dd3f-458a-be70-b54b031deef4,15990,Northern Beaches (A),2,913,2026-04-07 13:14:50.845408
5ce77218-2a99-4a3b-b5c3-c04738d030e9,16100,Oberon (A),2,13,2026-04-07 13:14:50.845408
cd8751a2-20a1-4c0b-847a-f8e0cce525f7,16150,Orange (C),2,202,2026-04-07 13:14:50.845408
d221ddb6-b574-40f4-8046-4b2d73d3e98f,16200,Parkes (A),2,82,2026-04-07 13:14:50.845408
e0856f27-490c-41d3-90d3-6db7cfb7b540,16260,Parramatta (C),2,1016,2026-04-07 13:14:50.845408
78fc5848-5a92-4400-b201-b980da5752a2,16350,Penrith (C),2,676,2026-04-07 13:14:50.845408
afb236bf-e5da-4b88-9158-6163022c176c,16380,Port Macquarie-Hastings (A),2,1105,2026-04-07 13:14:50.845408
d809cfcd-dcc5-4d85-b0a6-cd81f197a9d0,16400,Port Stephens (A),2,499,2026-04-07 13:14:50.845408
5994a937-a701-42e4-a71b-8bdf678218b2,16490,Queanbeyan-Palerang Regional (A),2,226,2026-04-07 13:14:50.845408
4b76b3bc-54f9-442f-ab40-566e4a68432a,16550,Randwick (C),2,528,2026-04-07 13:14:50.845408
2f3722f3-d29a-4fc3-beb8-714df523a946,16610,Richmond Valley (A),2,260,2026-04-07 13:14:50.845408
130dec15-2f0a-4fcf-85eb-9f250fa41bfc,16650,Rockdale (C),2,570,2026-04-07 13:14:50.845408
1d4ce24f-7b46-4713-97bb-e93d589a7a24,16700,Ryde (C),2,652,2026-04-07 13:14:50.845408
dcb5bbd3-2bf9-4944-b072-225ebc32d05d,16900,Shellharbour (C),2,264,2026-04-07 13:14:50.845408
85240c48-a86d-428c-af41-c51ffdf7aa78,16950,Shoalhaven (C),2,564,2026-04-07 13:14:50.845408
d24aebfe-455c-4111-8c19-8fdfcc105d35,17000,Singleton (A),2,51,2026-04-07 13:14:50.845408
10620280-8288-4d75-b129-a05e642ebea7,17040,Snowy Monaro Regional (A),2,75,2026-04-07 13:14:50.845408
0a8f6976-5269-423e-80c1-1f9a16c8521a,17080,Snowy Valleys (A),2,100,2026-04-07 13:14:50.845408
245aa0b1-d192-483f-b313-3051ef4f6614,17100,Strathfield (A),2,151,2026-04-07 13:14:50.845408
05ca57d7-ce9d-4749-b26e-0e3f3d18980b,17150,Sutherland Shire (A),2,887,2026-04-07 13:14:50.845408
33053627-cb01-4533-a77a-2736600d54b4,17200,Sydney (C),2,527,2026-04-07 13:14:50.845408
901b46f7-e447-4882-b55a-c268eeaff774,17310,Tamworth Regional (A),2,225,2026-04-07 13:14:50.845408
e37aa33c-214d-4ab7-a97f-27bd0d647fb3,17350,Temora (A),2,52,2026-04-07 13:14:50.845408
959f4586-e59c-4af6-b840-54070932b248,17400,Tenterfield (A),2,46,2026-04-07 13:14:50.845408
f597730b-24f7-4e02-b647-2f74e6d2a0c4,17420,The Hills Shire (A),2,491,2026-04-07 13:14:50.845408
a21740f8-c6fc-4214-b650-a6e7d5ae547e,17550,Tweed (A),2,1133,2026-04-07 13:14:50.845408
ee0757c0-39b6-4c48-a02e-decc8a07ff9c,17620,Upper Hunter Shire (A),2,51,2026-04-07 13:14:50.845408
0aa40b5d-9179-41f1-be89-36716e7dbf99,17640,Upper Lachlan Shire (A),2,47,2026-04-07 13:14:50.845408
06a921f0-d209-4ca1-b173-d059057431d4,17650,Uralla (A),2,17,2026-04-07 13:14:50.845408
15729288-f979-4a1f-a351-b1de7bbbdadb,17750,Wagga Wagga (C),2,423,2026-04-07 13:14:50.845408
4ae2a263-65d4-4aa5-a7e3-3e73a16d85b0,17850,Walcha (A),2,12,2026-04-07 13:14:50.845408
2a345965-d30f-4dcd-95cb-e0b8e6997a73,17900,Walgett (A),2,35,2026-04-07 13:14:50.845408
e1b3de6b-8baf-4edc-8286-b775d414eaf7,17950,Warren (A),2,25,2026-04-07 13:14:50.845408
e9fde363-36d4-4394-bca2-c6be710391a4,18020,Warrumbungle Shire (A),2,90,2026-04-07 13:14:50.845408
1bb5d1a8-7aa3-4d7b-a8a0-ce1c84170ddd,18050,Waverley (A),2,210,2026-04-07 13:14:50.845408
9920ada5-1dab-4032-a1bc-5e3f7ce8b6cc,18100,Weddin (A),2,16,2026-04-07 13:14:50.845408
7a0bdff3-065b-4e26-b9bb-f4a511bbcc3f,18200,Wentworth (A),2,55,2026-04-07 13:14:50.845408
ed4f0b4b-2227-4365-b62a-bf9a4c09124d,18230,Western Plains Regional (A),2,346,2026-04-07 13:14:50.845408
d35671cb-b1e5-49af-9ddf-ce05cf7bdd7e,18250,Willoughby (C),2,275,2026-04-07 13:14:50.845408
bf77ca4e-b1c1-43e9-bba0-18cf4b24b9fd,18350,Wingecarribee (A),2,138,2026-04-07 13:14:50.845408
dbf2abbb-4426-4f97-893f-b14f83479c64,18400,Wollondilly (A),2,81,2026-04-07 13:14:50.845408
f15420d1-cd64-47da-8bae-410f3106da92,18450,Wollongong (C),2,785,2026-04-07 13:14:50.845408
eac35c9b-3a16-4992-a792-49c3abfd71a4,18500,Woollahra (A),2,108,2026-04-07 13:14:50.845408
cb2540fa-e114-44b2-8b1f-d94475071206,18710,Yass Valley (A),2,57,2026-04-07 13:14:50.845408
0c5995d2-6cdc-4bfd-8de5-7840493a23a1,19399,Unincorporated NSW,2,8,2026-04-07 13:14:50.845408
806a236a-9e35-4965-af56-f098c02084a6,20110,Alpine (S),2,37,2026-04-07 13:14:50.845408
49de2453-c545-47a5-a7e8-2bd4e17af7ff,20260,Ararat (RC),2,66,2026-04-07 13:14:50.845408
e9c2f866-183d-4229-ae4d-6beac8a354be,20570,Ballarat (C),2,579,2026-04-07 13:14:50.845408
f1a2104b-9ddb-4701-90e4-a40923703cdc,20660,Banyule (C),2,724,2026-04-07 13:14:50.845408
a18c793a-a4bf-4aea-ba04-9b574fc8e0a4,20740,Bass Coast (S),2,437,2026-04-07 13:14:50.845408
090849c6-cc32-4927-a9f3-6faa3c3d3881,20830,Baw Baw (S),2,259,2026-04-07 13:14:50.845408
32301e31-ff82-4019-b447-a2e82d79db65,20910,Bayside (C),2,262,2026-04-07 13:14:50.845408
82c48691-78a4-4a15-8303-bfc2c1c21ab4,21010,Benalla (RC),2,65,2026-04-07 13:14:50.845408
6a3d65b9-4dca-4048-901e-71211bd2e556,21110,Boroondara (C),2,828,2026-04-07 13:14:50.845408
4341cb42-f61f-4e6c-a4cb-90a3aebc5470,21180,Brimbank (C),2,1159,2026-04-07 13:14:50.845408
17e30818-ffed-4cfc-936e-937ac0d47e79,21270,Buloke (S),2,17,2026-04-07 13:14:50.845408
1af5ec11-7a46-4de1-9d60-ddab44be5596,21370,Campaspe (S),2,255,2026-04-07 13:14:50.845408
fe57090f-0bab-429b-9abd-bd0917dc1555,21450,Cardinia (S),2,209,2026-04-07 13:14:50.845408
907bd1b1-32b9-457f-8be8-08f5ef4c7704,21610,Casey (C),2,1013,2026-04-07 13:14:50.845408
6c816c29-51c8-4edb-8c22-6dd1c1a7129c,21670,Central Goldfields (S),2,54,2026-04-07 13:14:50.845408
e835fee7-523d-4e09-a78d-7101dc69b3b7,21750,Colac-Otway (S),2,116,2026-04-07 13:14:50.845408
295734a5-679e-4da0-b47a-7579aee4c8d5,21830,Corangamite (S),2,83,2026-04-07 13:14:50.845408
aadb73fc-6406-4aef-989d-7726f24f2b44,21890,Darebin (C),2,1146,2026-04-07 13:14:50.845408
f4888460-8ccd-46af-8528-d074c7dfa059,22110,East Gippsland (S),2,490,2026-04-07 13:14:50.845408
372dbfb9-3fc4-49b4-9beb-5b87540b7229,22170,Frankston (C),2,501,2026-04-07 13:14:50.845408
274e4bc5-8ec4-4277-8888-3997fb880be5,22250,Gannawarra (S),2,23,2026-04-07 13:14:50.845408
faa5afd5-dd95-4edf-bb1b-3dafa13a98c5,22310,Glen Eira (C),2,446,2026-04-07 13:14:50.845408
db9bcbfc-aed4-4f4f-b5ca-b2131413b24f,22410,Glenelg (S),2,237,2026-04-07 13:14:50.845408
38922f47-20a4-4238-bf3e-800d0d7e5f84,22490,Golden Plains (S),2,69,2026-04-07 13:14:50.845408
bd5ed13d-ddaa-465c-bdb2-3ee621818ee5,22620,Greater Bendigo (C),2,273,2026-04-07 13:14:50.845408
34fb4b90-6d53-40bd-8f72-8ef363a37f9a,22670,Greater Dandenong (C),2,888,2026-04-07 13:14:50.845408
2de1047b-1ea9-4c69-919a-33dd95eef992,22750,Greater Geelong (C),2,1277,2026-04-07 13:14:50.845408
e60fc288-7b21-44e4-b158-1c5d2ab71fc4,22830,Greater Shepparton (C),2,318,2026-04-07 13:14:50.845408
5c8ccf92-0afb-4f1b-bf20-10962bade916,22910,Hepburn (S),2,104,2026-04-07 13:14:50.845408
ae17bf1c-aa93-433f-9e83-e1f061c0a122,22980,Hindmarsh (S),2,41,2026-04-07 13:14:50.845408
b44e07f7-66b0-463c-b9a9-c8b23759ea46,23110,Hobsons Bay (C),2,372,2026-04-07 13:14:50.845408
dc37a527-1824-4f72-a104-9d3b14979a1e,23190,Horsham (RC),2,137,2026-04-07 13:14:50.845408
4831690c-fc26-4450-91ce-2d6a4d930116,23270,Hume (C),2,452,2026-04-07 13:14:50.845408
cf89b5d2-ed55-4a3b-9eaa-16cba4d1600d,23350,Indigo (S),2,53,2026-04-07 13:14:50.845408
f962d922-08ca-4245-9ced-def54c01e7ed,23430,Kingston (C) (Vic.),2,681,2026-04-07 13:14:50.845408
e83100ca-4fd5-40d7-90a4-fbcda44b8133,23670,Knox (C),2,961,2026-04-07 13:14:50.845408
5a3c2223-086b-4972-a1df-7ad9afa86430,23810,Latrobe (C) (Vic.),2,587,2026-04-07 13:14:50.845408
f8d1982b-ce70-40ce-af8f-265ee988a4f7,23940,Loddon (S),2,29,2026-04-07 13:14:50.845408
fba965d0-e19e-4f66-955b-eb2386675786,24130,Macedon Ranges (S),2,99,2026-04-07 13:14:50.845408
0fefeced-b594-4fd7-a8b7-455c7508480b,24210,Manningham (C),2,1135,2026-04-07 13:14:50.845408
fc0d8913-eda6-4b20-9852-6615c674c4d4,24250,Mansfield (S),2,30,2026-04-07 13:14:50.845408
4cc4bcba-6f37-47f1-842c-6c420b93a3ef,24330,Maribyrnong (C),2,365,2026-04-07 13:14:50.845408
395e32f7-223f-43d0-acf9-d0ac5a637964,24410,Maroondah (C),2,823,2026-04-07 13:14:50.845408
e12ae3dc-6899-41db-89fb-b3a6e238fe29,24600,Melbourne (C),2,134,2026-04-07 13:14:50.845408
8e06c42d-0801-46b0-9dfb-63c4cb06ef9c,24650,Melton (C),2,464,2026-04-07 13:14:50.845408
fd5347e6-0550-41b6-927a-f55a90a7fa86,24780,Mildura (RC),2,541,2026-04-07 13:14:50.845408
a7e138fb-01ff-4212-a8b7-df5e98012237,24850,Mitchell (S),2,117,2026-04-07 13:14:50.845408
8e381284-d65f-45ae-8f43-9b4867832f5a,24900,Moira (S),2,204,2026-04-07 13:14:50.845408
d2d653ce-e803-4686-96a4-405e1df10499,24970,Monash (C),2,1534,2026-04-07 13:14:50.845408
ba8e1c31-7782-4c3d-9f2a-c19d1ce464e8,25060,Moonee Valley (C),2,526,2026-04-07 13:14:50.845408
d4e038b6-62b2-4f46-91be-40d2400b6476,25150,Moorabool (S),2,151,2026-04-07 13:14:50.845408
e06b0436-1e20-41ca-9bf5-2e9a530e9e04,25250,Moreland (C),2,741,2026-04-07 13:14:50.845408
0b066fd0-aecb-4a77-a786-9a4d44dd4162,25340,Mornington Peninsula (S),2,1170,2026-04-07 13:14:50.845408
dea4ea2d-403d-4745-a7a2-84c3862033d3,25430,Mount Alexander (S),2,46,2026-04-07 13:14:50.845408
f4e4c1d9-8f57-4d9e-9352-17d3883256f6,25490,Moyne (S),2,74,2026-04-07 13:14:50.845408
ba797e21-503d-42c1-92cc-1079b3ef0a2a,25620,Murrindindi (S),2,37,2026-04-07 13:14:50.845408
2e5fccdc-2f78-4fac-b8db-f197e820f67e,25710,Nillumbik (S),2,130,2026-04-07 13:14:50.845408
5c88bec6-398a-4fe3-aff2-c15f4774d031,25810,Northern Grampians (S),2,64,2026-04-07 13:14:50.845408
d3d2316c-b704-4755-a856-a3e563db0dd5,25900,Port Phillip (C),2,183,2026-04-07 13:14:50.845408
e939c7d5-9907-4510-b614-923e52a95d57,25990,Pyrenees (S),2,46,2026-04-07 13:14:50.845408
99c06fd0-d186-45f7-b449-ced8144f248b,26080,Queenscliffe (B),2,22,2026-04-07 13:14:50.845408
28c9a6a0-3a2d-4bd2-bbb2-0cb1cba431e8,26170,South Gippsland (S),2,189,2026-04-07 13:14:50.845408
cf3df136-1eb1-41da-b9d3-ad99e56d6840,26260,Southern Grampians (S),2,130,2026-04-07 13:14:50.845408
d228fa7f-aaaa-406b-a915-7d9fe6fc95a4,26350,Stonnington (C),2,205,2026-04-07 13:14:50.845408
88bcb9d9-d529-49e5-8aef-6888b91c896a,26430,Strathbogie (S),2,61,2026-04-07 13:14:50.845408
ebd8c928-1a3e-45b0-aef9-b98b10c2d9ac,26490,Surf Coast (S),2,137,2026-04-07 13:14:50.845408
aa11128e-b66f-4aef-915c-0681357a4978,26610,Swan Hill (RC),2,159,2026-04-07 13:14:50.845408
727820e0-d509-4311-9e10-2d79a708ae28,26670,Towong (S),2,9,2026-04-07 13:14:50.845408
f408754f-6849-4920-a268-771c637ec879,26700,Wangaratta (RC),2,122,2026-04-07 13:14:50.845408
78cf2a81-5d2c-4708-acbf-92125f932361,26730,Warrnambool (C),2,286,2026-04-07 13:14:50.845408
cd9ee1b5-57ad-4e2a-82ab-a97ef5d889f9,26810,Wellington (S),2,393,2026-04-07 13:14:50.845408
de0e9e78-7435-4ef8-8b7e-d666b38fa66a,26890,West Wimmera (S),2,17,2026-04-07 13:14:50.845408
49f21981-2a3c-4822-bfc6-e01467f251fd,26980,Whitehorse (C),2,1340,2026-04-07 13:14:50.845408
9717110c-360d-4274-b9d4-64e234d53610,27070,Whittlesea (C),2,918,2026-04-07 13:14:50.845408
40b79558-9807-4a51-b897-1f969ae56895,27170,Wodonga (C),2,175,2026-04-07 13:14:50.845408
00ea0ee0-bec3-49d9-a717-bad97cf50085,27260,Wyndham (C),2,459,2026-04-07 13:14:50.845408
311314db-7309-4a2b-89db-3609cf510efb,27350,Yarra (C),2,488,2026-04-07 13:14:50.845408
6f6e3cb8-056e-482a-b5aa-1b150c75c4b5,27450,Yarra Ranges (S),2,1023,2026-04-07 13:14:50.845408
7883ef8f-cae3-4a99-84be-c4b520022a64,27630,Yarriambiack (S),2,43,2026-04-07 13:14:50.845408
e668dcef-efae-4a74-a382-a1cdd66b6422,29399,Unincorporated Vic,2,0,2026-04-07 13:14:50.845408
4bea6669-30b2-449c-9413-62979a0dbce6,30300,Balonne (S),2,9,2026-04-07 13:14:50.845408
a8393dda-85e0-4d7b-a84f-d73ad0fc8d59,30370,Banana (S),2,45,2026-04-07 13:14:50.845408
a898caae-bc3f-447e-9b27-721b0cad1ae4,30410,Barcaldine (R),2,7,2026-04-07 13:14:50.845408
448b69bb-5d40-4df1-97eb-b7e5d2dd8dca,30450,Barcoo (S),2,2,2026-04-07 13:14:50.845408
24bbedb9-dcf1-4c7f-abef-3d13cf579f20,30760,Blackall-Tambo (R),2,6,2026-04-07 13:14:50.845408
80e0ed30-3fe1-4eea-96f3-d6cfdef62ed9,31000,Brisbane (C),2,2875,2026-04-07 13:14:50.845408
a00d8a7f-fb2c-40ab-85c2-21961b3c83b5,31820,Bundaberg (R),2,656,2026-04-07 13:14:50.845408
773b3544-2b0d-4e5d-82e7-df707ed0c7c6,31900,Burdekin (S),2,103,2026-04-07 13:14:50.845408
51c015f3-53a1-4308-88f8-8572266dc296,31950,Burke (S),2,2,2026-04-07 13:14:50.845408
3f77685b-31e5-4f17-829a-39dd916e82d8,32080,Cairns (R),2,1133,2026-04-07 13:14:50.845408
c1d05884-c5c9-4ae6-a42b-427cb10bfc8d,32250,Carpentaria (S),2,5,2026-04-07 13:14:50.845408
1433127c-d0b9-482f-8f75-a9cee26e6f27,32260,Cassowary Coast (R),2,280,2026-04-07 13:14:50.845408
d9717e86-7cbb-4e63-a0c5-35373e1dea7a,32270,Central Highlands (R) (Qld),2,34,2026-04-07 13:14:50.845408
8e5fbd48-1836-4247-93e4-cac493feb45f,32310,Charters Towers (R),2,39,2026-04-07 13:14:50.845408
37407c74-0550-470e-bde3-27748ddfe72c,32330,Cherbourg (S),2,3,2026-04-07 13:14:50.845408
aa3ba49f-d083-4ee2-b8dc-160318b326f0,32450,Cloncurry (S),2,5,2026-04-07 13:14:50.845408
ea6552d0-7d0c-4592-8352-b3e2bd8cb28c,32500,Cook (S),2,33,2026-04-07 13:14:50.845408
a1edbe68-90a0-4873-8b19-e057faee9e39,32600,Croydon (S),2,1,2026-04-07 13:14:50.845408
3c6716c9-b380-4ffb-a69b-28f9e0b14d07,32750,Diamantina (S),2,1,2026-04-07 13:14:50.845408
b7b7b30b-13a1-44a0-ba21-2472a8a01ec6,32770,Doomadgee (S),2,4,2026-04-07 13:14:50.845408
4c2dfd6e-4fe4-428e-ae3e-f919ac956e12,32810,Douglas (S),2,111,2026-04-07 13:14:50.845408
68864add-b7fd-4f86-a6a7-351268298a1e,33100,Etheridge (S),2,19,2026-04-07 13:14:50.845408
54061354-732e-4304-84b1-a4e54b7f1290,33200,Flinders (S) (Qld),2,4,2026-04-07 13:14:50.845408
b1dd7e3a-d0ff-427a-8898-d3f83c0256fb,33220,Fraser Coast (R),2,1088,2026-04-07 13:14:50.845408
c18f32d5-eb2d-433a-a748-2059d1681f1a,33360,Gladstone (R),2,205,2026-04-07 13:14:50.845408
a417ba65-dd51-4033-b9d1-3e69cacb76b2,33430,Gold Coast (C),2,1499,2026-04-07 13:14:50.845408
f53419c1-a3b2-40c0-87b3-d370b38cd7ca,33610,Goondiwindi (R),2,35,2026-04-07 13:14:50.845408
15746222-4073-4287-99d9-8ffeab0ae2d5,33620,Gympie (R),2,474,2026-04-07 13:14:50.845408
a33dceda-a418-4b85-ae29-674de6947bb4,33800,Hinchinbrook (S),2,68,2026-04-07 13:14:50.845408
a95554f8-2c33-4a18-a47d-38282a22327e,33960,Ipswich (C),2,582,2026-04-07 13:14:50.845408
4be8d361-8a9d-4407-b200-9d9c35d7479e,33980,Isaac (R),2,6,2026-04-07 13:14:50.845408
5d044362-606e-4b2b-83bf-debef2b0af45,34420,Kowanyama (S),2,11,2026-04-07 13:14:50.845408
30cf7df4-ba32-49a7-9d20-c8403fbb425b,34530,Livingstone (S),2,255,2026-04-07 13:14:50.845408
cf1acd11-995e-460c-a4a1-7c49c66addba,34580,Lockyer Valley (R),2,167,2026-04-07 13:14:50.845408
347933f0-5594-44e4-8cf8-2e2b2bbb7a18,34590,Logan (C),2,911,2026-04-07 13:14:50.845408
291a710c-d4b6-42a4-8177-9070899ae7a4,34710,Longreach (R),2,12,2026-04-07 13:14:50.845408
346496d5-8a80-47a3-87ad-49afdace4e71,34770,Mackay (R),2,254,2026-04-07 13:14:50.845408
b454f6f4-8d4e-4102-9b87-0ae4a5f7d5bb,34830,Mapoon (S),2,5,2026-04-07 13:14:50.845408
81faf6b3-d295-4434-a2e9-0b06ccbdbfda,34860,Maranoa (R),2,45,2026-04-07 13:14:50.845408
b928748e-f41d-47cb-81f8-9864e05bc9b6,34880,Mareeba (S),2,157,2026-04-07 13:14:50.845408
1e3b9f9d-b581-4a30-9e12-23ab1b50888a,35010,Moreton Bay (R),2,2040,2026-04-07 13:14:50.845408
f1008f8c-9d08-47f8-b4db-ad058799a601,35300,Mount Isa (C),2,30,2026-04-07 13:14:50.845408
d2090ade-5162-49c8-9709-dd84a6ca87ee,35600,Murweh (S),2,34,2026-04-07 13:14:50.845408
284d7771-5133-4122-9d69-3e7a17b9fba8,35670,Napranum (S),2,7,2026-04-07 13:14:50.845408
042acdcd-857e-423c-9087-2956a29fd0c5,35740,Noosa (S),2,255,2026-04-07 13:14:50.845408
7c2313c2-1af3-457f-8232-c988cf785dcc,35760,North Burnett (R),2,79,2026-04-07 13:14:50.845408
07c7e1a5-7bca-4ab9-a809-3f9f4db383f8,35780,Northern Peninsula Area (R),2,19,2026-04-07 13:14:50.845408
e057624e-fda6-4902-afd2-cfcd4c54f5a5,35790,Palm Island (S),2,0,2026-04-07 13:14:50.845408
024be9fa-a370-4335-ad6c-6644ddf1f463,35800,Paroo (S),2,5,2026-04-07 13:14:50.845408
c8d8f86d-ec03-4ffd-b491-0edc78c107a5,36070,Pormpuraaw (S),2,6,2026-04-07 13:14:50.845408
949596cb-cd6d-483d-9915-0cabed5f278c,36150,Quilpie (S),2,6,2026-04-07 13:14:50.845408
bb12cecc-4365-43ff-bdc4-86c6a4b21005,36250,Redland (C),2,666,2026-04-07 13:14:50.845408
66eb53e8-8771-4f9a-8527-4a3343cfb270,36300,Richmond (S),2,1,2026-04-07 13:14:50.845408
826579e6-f3c3-4a4e-8672-ca4b0ff5f7a6,36370,Rockhampton (R),2,564,2026-04-07 13:14:50.845408
8054a282-64a8-4be2-bb58-21389ea3043e,36510,Scenic Rim (R),2,146,2026-04-07 13:14:50.845408
50d44ea8-6a45-4ea1-bc96-78c69abceea9,36580,Somerset (R),2,101,2026-04-07 13:14:50.845408
dd8210ab-0948-4648-8de3-cb7f6158ad0e,36630,South Burnett (R),2,221,2026-04-07 13:14:50.845408
54079dcf-60eb-473a-849e-1f9788ea7ed8,36660,Southern Downs (R),2,251,2026-04-07 13:14:50.845408
20de81b2-c56c-4182-a7ae-874bc917a27d,36720,Sunshine Coast (R),2,2049,2026-04-07 13:14:50.845408
33cbff98-f281-4205-9bbd-8fcc0ff5f099,36820,Tablelands (R),2,225,2026-04-07 13:14:50.845408
be0b8dd2-a8d5-4591-8dff-7698ed6bd714,36910,Toowoomba (R),2,1264,2026-04-07 13:14:50.845408
ab9c304f-001e-43e3-b3e2-10071df26806,36950,Torres (S),2,18,2026-04-07 13:14:50.845408
74ae2dda-2bc3-4c8e-b5d2-565641940279,36960,Torres Strait Island (R),2,1,2026-04-07 13:14:50.845408
e994cff3-1d5e-42fe-8c37-6515c8351a21,37010,Townsville (C),2,613,2026-04-07 13:14:50.845408
a7089e2e-3507-4735-bc05-86bfa6f2f527,37300,Weipa (T),2,1,2026-04-07 13:14:50.845408
079dfab2-718c-4c13-a668-3df4cbadf150,37310,Western Downs (R),2,174,2026-04-07 13:14:50.845408
9e20c701-c645-407d-a8b7-a83eb024a0ea,37340,Whitsunday (R),2,79,2026-04-07 13:14:50.845408
4d152f9e-868e-4573-8f9b-47a3124808ad,37400,Winton (S),2,6,2026-04-07 13:14:50.845408
7f198b55-42f2-441c-a586-435e28b41fe0,37550,Woorabinda (S),2,0,2026-04-07 13:14:50.845408
dcbdff95-3717-452a-aa75-29d5c79d2827,37570,Wujal Wujal (S),2,6,2026-04-07 13:14:50.845408
5e11546e-54ed-4217-9567-0c95d0463cb9,37600,Yarrabah (S),2,6,2026-04-07 13:14:50.845408
04d9240f-b4ab-43e6-81ee-f7a8976ad4d2,40070,Adelaide (C),2,38,2026-04-07 13:14:50.845408
50da607e-722f-4e46-bf0a-e24c3e3c6e63,40120,Adelaide Hills (DC),2,92,2026-04-07 13:14:50.845408
bbcb887b-1126-4836-86ed-9bcd6eefe5d3,40220,Alexandrina (DC),2,315,2026-04-07 13:14:50.845408
65ed345b-701f-4dc1-aaf6-332fcc4e9b2f,40250,Anangu Pitjantjatjara (AC),2,13,2026-04-07 13:14:50.845408
de875dd0-cf49-405e-b8f5-25a59af6a9b3,40310,Barossa (DC),2,92,2026-04-07 13:14:50.845408
e2da8945-9991-4d19-8d2a-4b79e8087b11,40430,Barunga West (DC),2,29,2026-04-07 13:14:50.845408
e9b0f0f5-599d-4e1f-8617-0003c9ec3dd3,40520,Berri and Barmera (DC),2,58,2026-04-07 13:14:50.845408
ac7e94e0-e61b-4bdc-ac99-59dc70bd7b8c,40700,Burnside (C),2,146,2026-04-07 13:14:50.845408
68eaeeea-1328-48d3-ab28-98abf0752b1d,40910,Campbelltown (C) (SA),2,364,2026-04-07 13:14:50.845408
54a1a6a3-56ad-4bb7-97d6-123af69a91e2,41010,Ceduna (DC),2,21,2026-04-07 13:14:50.845408
9c987732-1c4a-4b37-abba-5f93934a8749,41060,Charles Sturt (C),2,632,2026-04-07 13:14:50.845408
13802349-521b-42b2-942e-56dcabcd98ac,41140,Clare and Gilbert Valleys (DC),2,55,2026-04-07 13:14:50.845408
f67614d0-0c97-4023-a292-1af4560af4e9,41190,Cleve (DC),2,15,2026-04-07 13:14:50.845408
2a5c54cc-4fea-4b04-95c9-1dad19aeecfc,41330,Coober Pedy (DC),2,7,2026-04-07 13:14:50.845408
be2c9774-4af0-4a14-9e7f-9cb934e372d2,41560,Copper Coast (DC),2,114,2026-04-07 13:14:50.845408
0da5f3aa-b233-40b7-9523-c644b93cb471,41750,Elliston (DC),2,4,2026-04-07 13:14:50.845408
90ad2019-3c58-4048-bb0b-7497cf1b765b,41830,Flinders Ranges (DC),2,16,2026-04-07 13:14:50.845408
5849821f-aead-4514-bcd0-88b3391b9c3c,41960,Franklin Harbour (DC),2,10,2026-04-07 13:14:50.845408
a3961a0e-5654-4340-813a-47c3ba345869,42030,Gawler (T),2,113,2026-04-07 13:14:50.845408
33598859-abcf-4ffc-88dd-cbbffd46b9cb,42110,Goyder (DC),2,24,2026-04-07 13:14:50.845408
14f10aa0-d8b7-4e92-87e7-ac764d2b3697,42250,Grant (DC),2,18,2026-04-07 13:14:50.845408
c1b50329-130e-4831-b316-ce487af8fcf4,42600,Holdfast Bay (C),2,110,2026-04-07 13:14:50.845408
5b6fbf03-0aed-4369-b316-6c741f23b00a,42750,Kangaroo Island (DC),2,14,2026-04-07 13:14:50.845408
c333f09b-4577-464f-a4e1-fa46a5c128ea,43080,Karoonda East Murray (DC),2,1,2026-04-07 13:14:50.845408
dfab232e-22ef-46c7-b6ec-accbed5986ac,43220,Kimba (DC),2,7,2026-04-07 13:14:50.845408
a8b8e6b7-675e-4f34-8666-34b0a3be5dce,43360,Kingston (DC) (SA),2,15,2026-04-07 13:14:50.845408
e4439eb6-2149-4a2e-8d4f-a8dcda05d951,43650,Light (RegC),2,33,2026-04-07 13:14:50.845408
293d77d6-d198-433c-afee-f0b09c57d6cd,43710,Lower Eyre Peninsula (DC),2,33,2026-04-07 13:14:50.845408
7f8d4879-30de-441e-b4cb-13c083c18c38,43790,Loxton Waikerie (DC),2,71,2026-04-07 13:14:50.845408
45e84e29-0ad9-4696-902a-1ef7400732bf,43920,Mallala (DC),2,27,2026-04-07 13:14:50.845408
685606df-cfd7-4854-a246-bddb2add41c2,44060,Marion (C),2,248,2026-04-07 13:14:50.845408
ecc16b4e-7c2e-412d-a3e0-a7a6b367e3f3,44210,Mid Murray (DC),2,38,2026-04-07 13:14:50.845408
3ccb957a-ab24-4d92-9601-bed8ac6d0bd2,44340,Mitcham (C),2,133,2026-04-07 13:14:50.845408
d62c08c2-e4ce-4a9a-8691-7ddf6e0de972,44550,Mount Barker (DC),2,161,2026-04-07 13:14:50.845408
f0ba3b96-f1f9-48fb-a67a-5342fbc8c4e0,44620,Mount Gambier (C),2,171,2026-04-07 13:14:50.845408
70e033a1-cc24-42e5-9098-06bc9d89244a,44830,Mount Remarkable (DC),2,9,2026-04-07 13:14:50.845408
c68be168-34d0-4850-af25-28dbe2f20e44,45040,Murray Bridge (RC),2,192,2026-04-07 13:14:50.845408
0593283c-2d07-48cc-873b-21a43fddc7e9,45090,Naracoorte and Lucindale (DC),2,51,2026-04-07 13:14:50.845408
f1a87d9b-4cf4-4e48-88a4-2c3173900ff2,45120,Northern Areas (DC),2,24,2026-04-07 13:14:50.845408
3117aba2-4ed5-497a-978e-3059c497c0b1,45290,Norwood Payneham St Peters (C),2,213,2026-04-07 13:14:50.845408
dbe43dfa-e4d7-40cf-b35c-b506d791926b,45340,Onkaparinga (C),2,477,2026-04-07 13:14:50.845408
5eb3682b-098e-46a9-a833-ead71af9a350,45400,Orroroo/Carrieton (DC),2,5,2026-04-07 13:14:50.845408
25ec8d9d-e600-4544-8de5-9eaf43813d3e,45540,Peterborough (DC),2,14,2026-04-07 13:14:50.845408
af43f46d-83e9-42ee-993c-01cc2be3d971,45680,Playford (C),2,408,2026-04-07 13:14:50.845408
acc707d7-0910-42f1-b83a-add36ef681db,45890,Port Adelaide Enfield (C),2,697,2026-04-07 13:14:50.845408
0e04a4c1-3be7-4cac-b437-aaebfc40241b,46090,Port Augusta (C),2,125,2026-04-07 13:14:50.845408
6ad303b9-ea34-4641-a8d3-4e93f7bfbfd2,46300,Port Lincoln (C),2,220,2026-04-07 13:14:50.845408
48f30489-02d1-4f0b-8106-faedbb682fbe,46450,Port Pirie City and Dists (M),2,127,2026-04-07 13:14:50.845408
29d16b6e-41c3-475b-bcf9-86505f6faab4,46510,Prospect (C),2,93,2026-04-07 13:14:50.845408
a2988649-1799-4f16-bb9e-6366c9b44e53,46670,Renmark Paringa (DC),2,61,2026-04-07 13:14:50.845408
e27071a0-18fd-469a-a7c1-40853953c63d,46860,Robe (DC),2,7,2026-04-07 13:14:50.845408
c95d7e3e-5149-442b-9c42-188d97416c5d,46970,Roxby Downs (M),2,0,2026-04-07 13:14:50.845408
9f5c547e-f1e7-403e-b1b2-98282e6fc271,47140,Salisbury (C),2,864,2026-04-07 13:14:50.845408
9626dbf1-a0d8-4afb-b6ff-162ed9b92173,47290,Southern Mallee (DC),2,8,2026-04-07 13:14:50.845408
90b62c1e-488e-434a-9a7f-272d587f5294,47490,Streaky Bay (DC),2,12,2026-04-07 13:14:50.845408
0086e096-abdf-4520-9502-fdb6749cd19b,47630,Tatiara (DC),2,27,2026-04-07 13:14:50.845408
ae050d97-cd8d-4b5f-8819-c26a29f0d623,47700,Tea Tree Gully (C),2,753,2026-04-07 13:14:50.845408
4e558c26-4ef6-461f-a89c-3d13b58b881f,47800,The Coorong (DC),2,27,2026-04-07 13:14:50.845408
b418704e-538a-4fd4-a71e-81a4d4ea4434,47910,Tumby Bay (DC),2,63,2026-04-07 13:14:50.845408
9919127e-a669-44e2-99b9-647992dbe0e2,47980,Unley (C),2,141,2026-04-07 13:14:50.845408
312e6ca5-928f-4871-a5e1-83a7c4a766b0,48050,Victor Harbor (C),2,297,2026-04-07 13:14:50.845408
4f68a90c-0e4b-4318-9145-fea7e9dddc53,48130,Wakefield (DC),2,57,2026-04-07 13:14:50.845408
fe9857b5-001f-4ebb-84fd-25fe492b82f0,48260,Walkerville (M),2,25,2026-04-07 13:14:50.845408
d13202b4-41b1-4efa-9359-2d8b33409bda,48340,Wattle Range (DC),2,69,2026-04-07 13:14:50.845408
ec8bb9ed-129e-46c4-be5c-d00e65e95133,48410,West Torrens (C),2,333,2026-04-07 13:14:50.845408
abd27947-19d7-4f6b-aca5-da2634b76120,48540,Whyalla (C),2,232,2026-04-07 13:14:50.845408
ea8cfb2a-0ae8-4b4c-8b98-f6426eb0ba92,48640,Wudinna (DC),2,5,2026-04-07 13:14:50.845408
254ea8f4-6967-4f4a-aa3a-cdf1f12e6d14,48750,Yankalilla (DC),2,44,2026-04-07 13:14:50.845408
b8525c10-6356-4aa9-8131-1ace82893a41,48830,Yorke Peninsula (DC),2,84,2026-04-07 13:14:50.845408
7bcdba83-928a-48d0-9a49-2d440138ff68,49399,Unincorporated SA,2,31,2026-04-07 13:14:50.845408
2a87486c-1d2c-4508-98ea-b1d4f3bc8256,50080,Albany (C),2,73,2026-04-07 13:14:50.845408
709b6c5d-99dc-4854-ab82-06f9bde3f2f6,50210,Armadale (C),2,96,2026-04-07 13:14:50.845408
e6052676-85ff-449a-af73-7a2d9ce23b6c,50250,Ashburton (S),2,4,2026-04-07 13:14:50.845408
820d9b66-824a-4ef0-aac8-6b69532d006e,50280,Augusta-Margaret River (S),2,11,2026-04-07 13:14:50.845408
4e952dea-63e9-4e9f-899e-d821ba0b3652,50350,Bassendean (T),2,23,2026-04-07 13:14:50.845408
45e5e295-4b59-48f0-8007-f2400b2b9f4b,50420,Bayswater (C),2,102,2026-04-07 13:14:50.845408
6876ae2c-3b60-4073-814c-57d6f7e33ebb,50490,Belmont (C),2,95,2026-04-07 13:14:50.845408
3f91c194-edb7-438d-b843-c6b46e4e6539,50560,Beverley (S),2,7,2026-04-07 13:14:50.845408
07ab1a7d-2442-42a0-889a-7d5d22fc4928,50630,Boddington (S),2,2,2026-04-07 13:14:50.845408
22a0d1b9-4c3e-45a3-9014-984969178170,50770,Boyup Brook (S),2,3,2026-04-07 13:14:50.845408
23908a00-4ce0-44bf-abc8-f5a1ec087c54,50840,Bridgetown-Greenbushes (S),2,6,2026-04-07 13:14:50.845408
80bc65c3-82b4-4623-bde3-7af7d0ef4e56,50910,Brookton (S),2,2,2026-04-07 13:14:50.845408
397cbf3d-acea-4c33-92c1-e04b767d9944,50980,Broome (S),2,31,2026-04-07 13:14:50.845408
6de7a5a6-b31f-4a17-88ae-f0431be1b069,51080,Broomehill-Tambellup (S),2,2,2026-04-07 13:14:50.845408
9418f136-070d-41f3-bd07-9608647e6ebd,51120,Bruce Rock (S),2,10,2026-04-07 13:14:50.845408
1d650ebf-ea93-4f5d-8250-3ef8001adf50,51190,Bunbury (C),2,43,2026-04-07 13:14:50.845408
280b4629-6ebe-440c-b0fd-c607af63ce14,51260,Busselton (C),2,25,2026-04-07 13:14:50.845408
57647419-fb3c-469e-829d-48a9254bdcc0,51310,Cambridge (T),2,50,2026-04-07 13:14:50.845408
400bbf55-ae32-4c67-ac11-c60e5437b5a7,51330,Canning (C),2,170,2026-04-07 13:14:50.845408
0c3ada10-abdb-40c8-8fc5-9af4d9212460,51400,Capel (S),2,7,2026-04-07 13:14:50.845408
4c962709-8473-427a-b3d9-3124e4c674e1,51540,Carnarvon (S),2,4,2026-04-07 13:14:50.845408
42c0faaf-7dc2-472f-a516-6bd82f79f703,51610,Chapman Valley (S),2,0,2026-04-07 13:14:50.845408
e5424a18-a816-46e7-a7f2-87dc52027313,51680,Chittering (S),2,21,2026-04-07 13:14:50.845408
1efd90b3-28c0-4f4c-aec1-06fc1145184f,51750,Claremont (T),2,36,2026-04-07 13:14:50.845408
05e3caf1-970e-438e-b108-a088d7245a7d,51820,Cockburn (C),2,125,2026-04-07 13:14:50.845408
1a9e99e0-fac1-4efd-afa4-e8e7fe26c781,51890,Collie (S),2,9,2026-04-07 13:14:50.845408
47964bab-304b-4ca6-9e41-50f2127f19c3,51960,Coolgardie (S),2,4,2026-04-07 13:14:50.845408
ba2bf6ce-141d-4419-b7cc-d5ffd26d98bc,52030,Coorow (S),2,2,2026-04-07 13:14:50.845408
2796ecad-5bfd-4789-bee6-7d47d8fff34d,52100,Corrigin (S),2,2,2026-04-07 13:14:50.845408
cf03f37d-e88d-4fd0-85c1-293aeb1ae298,52170,Cottesloe (T),2,8,2026-04-07 13:14:50.845408
9b5a749d-54b1-4f78-b372-9e1faa7293af,52240,Cranbrook (S),2,1,2026-04-07 13:14:50.845408
7f1f59e5-d87d-486f-b097-cc749ba20ab1,52310,Cuballing (S),2,1,2026-04-07 13:14:50.845408
6ca03994-d9c5-4c37-a4ee-fd16c4b10aaa,52450,Cunderdin (S),2,3,2026-04-07 13:14:50.845408
9779ef08-4457-44b0-99a8-38bc21f69beb,52520,Dalwallinu (S),2,2,2026-04-07 13:14:50.845408
6f3d744f-0b96-40ff-a429-5a94a175764f,52590,Dandaragan (S),2,16,2026-04-07 13:14:50.845408
14e0b2ec-c6e3-44ee-8f19-a41640ba037a,52660,Dardanup (S),2,19,2026-04-07 13:14:50.845408
e2ee33cb-264e-4836-ad8a-479170c49912,52730,Denmark (S),2,22,2026-04-07 13:14:50.845408
48582131-2188-4515-9f3a-53f21b0615d1,52800,Derby-West Kimberley (S),2,9,2026-04-07 13:14:50.845408
9a82e609-30f8-410a-9e56-c909a7d0c963,52870,Donnybrook-Balingup (S),2,5,2026-04-07 13:14:50.845408
16ca8ad3-2cae-4c1d-b08f-35cfe8399224,52940,Dowerin (S),2,5,2026-04-07 13:14:50.845408
885a81aa-0c4d-40c9-8ff2-e938ca0a3916,53010,Dumbleyung (S),2,0,2026-04-07 13:14:50.845408
044c48ff-659d-4460-a78f-aaab06653a27,53150,East Fremantle (T),2,4,2026-04-07 13:14:50.845408
bb177de7-1d3e-4b00-b550-40ecb30f5404,53220,East Pilbara (S),2,2,2026-04-07 13:14:50.845408
ef5a5b7c-f0e4-4493-81e6-a5f13f65d590,53290,Esperance (S),2,20,2026-04-07 13:14:50.845408
7069d1c8-eacc-415a-b9dd-e591c6b335f2,53360,Exmouth (S),2,0,2026-04-07 13:14:50.845408
aa73e640-ace8-4b17-a7a4-d67fac6d4fda,53430,Fremantle (C),2,37,2026-04-07 13:14:50.845408
74384709-df46-4d0a-9d41-0c183f64c1fe,53570,Gingin (S),2,23,2026-04-07 13:14:50.845408
a20a4b30-7e41-4255-9752-d3e99fd16d4b,53640,Gnowangerup (S),2,1,2026-04-07 13:14:50.845408
fae63b69-5ba5-4d9e-ad2b-513226bc1f0c,53710,Goomalling (S),2,1,2026-04-07 13:14:50.845408
a49b9111-407d-49d9-8c27-22774d10d4d2,53780,Gosnells (C),2,204,2026-04-07 13:14:50.845408
0574eb29-48f7-4fd4-9c6d-b453d66833f9,53800,Greater Geraldton (C),2,47,2026-04-07 13:14:50.845408
7ceb9f6e-037a-4edc-be98-3b4ca2c49102,53920,Halls Creek (S),2,12,2026-04-07 13:14:50.845408
9744d5ab-2967-448b-bfa5-1bc1b334aa89,53990,Harvey (S),2,17,2026-04-07 13:14:50.845408
582b3967-d6cf-4234-9354-1f7f5d6eb21f,54060,Irwin (S),2,2,2026-04-07 13:14:50.845408
10bb20ff-eb03-46d5-8b49-0f3dce308aaf,54130,Jerramungup (S),2,0,2026-04-07 13:14:50.845408
b051fce4-1c8b-47d1-a959-3906f33732ca,54170,Joondalup (C),2,340,2026-04-07 13:14:50.845408
ce4fa16c-0beb-4d5e-a8a6-5e51b5ff3b92,54200,Kalamunda (S),2,120,2026-04-07 13:14:50.845408
2f7a2477-3a2c-44b8-a79f-4c147cc2490d,54280,Kalgoorlie/Boulder (C),2,40,2026-04-07 13:14:50.845408
95da4e16-db29-4200-abdf-59c27b9b7725,54310,Karratha (C),2,5,2026-04-07 13:14:50.845408
daf3f152-0b26-42e5-9af7-ae996866dddd,54340,Katanning (S),2,2,2026-04-07 13:14:50.845408
fd663f02-928b-4147-a667-a12b13350aa9,54410,Kellerberrin (S),2,7,2026-04-07 13:14:50.845408
0c65857f-8a0a-4c1b-8ebb-ab743430df1a,54550,Kojonup (S),2,1,2026-04-07 13:14:50.845408
511617c4-5614-48de-b11f-2231968bff6f,54620,Kondinin (S),2,1,2026-04-07 13:14:50.845408
babfb16a-651b-41fb-9bb3-725174ca85ac,54690,Koorda (S),2,1,2026-04-07 13:14:50.845408
5d4f796d-439d-457a-ad80-9c64b6f0f1e9,54760,Kulin (S),2,0,2026-04-07 13:14:50.845408
b4c03976-b1b6-40b8-8dee-d4a3af106fa3,54830,Kwinana (C),2,34,2026-04-07 13:14:50.845408
a33f99c0-7e94-4cdc-b669-dd7a1c81075f,54900,Lake Grace (S),2,0,2026-04-07 13:14:50.845408
6244b726-805c-444d-b694-6e73cb8b8b26,54970,Laverton (S),2,0,2026-04-07 13:14:50.845408
357c4f7f-3150-4669-9196-d9d4f2b5333d,55040,Leonora (S),2,0,2026-04-07 13:14:50.845408
98b7d557-bd5a-40fc-b6ad-56376b8dc523,55110,Mandurah (C),2,312,2026-04-07 13:14:50.845408
68170fff-2e51-438a-af42-bfc4e45eed84,55180,Manjimup (S),2,15,2026-04-07 13:14:50.845408
0259fde6-4b30-4630-a2bd-7c9fba6aec32,55320,Melville (C),2,141,2026-04-07 13:14:50.845408
b4efaf66-c4db-461c-b814-b8af8f28b138,55460,Merredin (S),2,25,2026-04-07 13:14:50.845408
8428bc80-0e57-46ab-8ac8-8b4ad299d902,55530,Mingenew (S),2,0,2026-04-07 13:14:50.845408
d8d03f16-4315-4b51-a4ba-053772eb1dd8,55600,Moora (S),2,11,2026-04-07 13:14:50.845408
ab7d9ba7-ce46-4714-8151-e05fb0de0ee9,55670,Morawa (S),2,0,2026-04-07 13:14:50.845408
4cb9ecb2-7dc5-4772-8c0d-2c9ad98fcda1,55740,Mosman Park (T),2,14,2026-04-07 13:14:50.845408
0ebc7ce9-8157-44f3-b9e8-43910d63c814,55880,Mount Marshall (S),2,4,2026-04-07 13:14:50.845408
7ce4a3d1-4127-4638-a14e-eea012aabfa4,55950,Mukinbudin (S),2,7,2026-04-07 13:14:50.845408
07f3a086-d82e-4930-bb2e-20eed9c03dfd,56090,Mundaring (S),2,64,2026-04-07 13:14:50.845408
b972edbf-ef34-4e9b-8b62-b89ac6d4365e,56230,Murray (S),2,56,2026-04-07 13:14:50.845408
2439c41a-c009-4bbe-abdf-a876a3783791,56300,Nannup (S),2,5,2026-04-07 13:14:50.845408
e4413f09-40d7-4277-8287-1cf22645bed6,56370,Narembeen (S),2,11,2026-04-07 13:14:50.845408
ab39f12a-ff8f-4d23-a25c-3f03ba0e7339,56460,Narrogin (S),2,5,2026-04-07 13:14:50.845408
804832d9-dc7d-40ef-90ea-d212c52e1098,56580,Nedlands (C),2,34,2026-04-07 13:14:50.845408
fb9c0476-1cf1-4b0f-907b-8f8dc2b2ace0,56730,Northam (S),2,32,2026-04-07 13:14:50.845408
630d904d-4163-4287-88d0-81520cd63513,56790,Northampton (S),2,0,2026-04-07 13:14:50.845408
a0397a75-151e-489c-b387-7563977f0062,56860,Nungarin (S),2,4,2026-04-07 13:14:50.845408
e14e516f-8e64-4e9f-9bb8-fb41c1f84500,56930,Peppermint Grove (S),2,1,2026-04-07 13:14:50.845408
1661b2f1-9f67-4211-b51b-7be2e5833c2a,57000,Perenjori (S),2,1,2026-04-07 13:14:50.845408
5075b440-00b0-42d7-bb78-2cfbaad48c32,57080,Perth (C),2,12,2026-04-07 13:14:50.845408
6c40f013-3eb6-4175-9e47-e4db83a5507b,57140,Pingelly (S),2,15,2026-04-07 13:14:50.845408
46c31592-e559-410d-93e2-67bc5397d4ae,57210,Plantagenet (S),2,15,2026-04-07 13:14:50.845408
b4557e96-a1c4-4b57-bbb6-c8360d38e084,57280,Port Hedland (T),2,6,2026-04-07 13:14:50.845408
4ab3e8e8-c1a1-4c35-9280-cacb1b966016,57350,Quairading (S),2,6,2026-04-07 13:14:50.845408
0fc294e3-f81f-43c0-bd5b-a0f93c8fdc3b,57420,Ravensthorpe (S),2,8,2026-04-07 13:14:50.845408
30b5e519-13fa-4242-bde4-2853931a3bf5,57490,Rockingham (C),2,257,2026-04-07 13:14:50.845408
d53fc158-1614-486d-a027-b8c15a492513,57700,Serpentine-Jarrahdale (S),2,27,2026-04-07 13:14:50.845408
0077f233-4bd2-4e13-830d-fe27c1e16155,57770,Shark Bay (S),2,1,2026-04-07 13:14:50.845408
7612a975-fa5c-414a-9846-f310992fa4c7,57840,South Perth (C),2,102,2026-04-07 13:14:50.845408
2a84e4b2-3442-4443-b9b2-9f28f980585c,57910,Stirling (C),2,536,2026-04-07 13:14:50.845408
e971edae-a5fe-41ba-a12c-a5ef1d41cc2c,57980,Subiaco (C),2,40,2026-04-07 13:14:50.845408
74bb2c8f-5dcf-44c4-bc72-5b65fa5fc10e,58050,Swan (C),2,214,2026-04-07 13:14:50.845408
1019c339-be22-44ce-9c67-f6947d331781,58190,Tammin (S),2,0,2026-04-07 13:14:50.845408
f94fef91-4c5f-4200-b25c-31eac64b9116,58330,Toodyay (S),2,21,2026-04-07 13:14:50.845408
0b0e460c-b34a-49af-bb1c-566390a8576c,58400,Trayning (S),2,1,2026-04-07 13:14:50.845408
62ba97b3-811a-4fd1-aca5-6dd2578dfe39,58510,Victoria Park (T),2,98,2026-04-07 13:14:50.845408
1ee8922f-bb5c-4578-a598-df3217694cb6,58540,Victoria Plains (S),2,2,2026-04-07 13:14:50.845408
29a19540-1ecc-4013-b4ef-34e570d637e8,58570,Vincent (C),2,34,2026-04-07 13:14:50.845408
3edc5c70-d433-4a5f-a5a0-9bceba3d6f2a,58610,Wagin (S),2,1,2026-04-07 13:14:50.845408
17f4599e-9a1f-4c29-be0f-23a3f0a92e84,58680,Wandering (S),2,2,2026-04-07 13:14:50.845408
96af7664-06bb-4ea6-9d6e-4e69aa10892a,58760,Wanneroo (C),2,403,2026-04-07 13:14:50.845408
8f8e5ee3-29b1-426a-9837-408690ea62d6,58820,Waroona (S),2,18,2026-04-07 13:14:50.845408
6ea70aaf-4f09-40c3-ad01-d6c161c10ef9,58890,West Arthur (S),2,1,2026-04-07 13:14:50.845408
0a0c853a-3c5b-4bbb-859d-32d96e680b7c,59030,Westonia (S),2,9,2026-04-07 13:14:50.845408
5ed82b27-c3a4-40b7-a810-3e038915a27a,59100,Wickepin (S),2,1,2026-04-07 13:14:50.845408
0d71ff67-84b8-4b39-b20f-dc39ac397d2e,59170,Williams (S),2,1,2026-04-07 13:14:50.845408
84adc88f-0830-4fd5-9dd8-bd2688d0c6a9,59250,Wiluna (S),2,0,2026-04-07 13:14:50.845408
695b06df-1231-42c7-8063-025044a92a72,59310,Wongan-Ballidu (S),2,4,2026-04-07 13:14:50.845408
6291dc57-70b4-4266-bea6-806dd2c8d895,59320,Woodanilling (S),2,1,2026-04-07 13:14:50.845408
81a7cf82-0592-4d5b-ac35-eee904fd8a17,59330,Wyalkatchem (S),2,10,2026-04-07 13:14:50.845408
3b35be98-5dac-48ab-984a-eacfc673ddb0,59340,Wyndham-East Kimberley (S),2,14,2026-04-07 13:14:50.845408
8bee9933-b702-42b7-a38e-d64b7c4ab54f,59360,Yilgarn (S),2,8,2026-04-07 13:14:50.845408
fd9cff43-4bc2-4dc0-96cd-17aef2efd4ce,59370,York (S),2,10,2026-04-07 13:14:50.845408
4aff5cca-294b-428d-973d-bb19bdaf6ca8,60210,Break O'Day (M),2,41,2026-04-07 13:14:50.845408
239c8867-5352-443f-b023-0e8dd83de60e,60410,Brighton (M),2,73,2026-04-07 13:14:50.845408
a52e03e1-eb42-4559-aa5b-48b4e3ff10ec,60610,Burnie (C),2,89,2026-04-07 13:14:50.845408
4c71be80-1728-4ac7-95ab-e23debc8d6e1,60810,Central Coast (M) (Tas.),2,145,2026-04-07 13:14:50.845408
ef27f9a4-279d-43e8-ac71-12eea0d9b5e5,61010,Central Highlands (M) (Tas.),2,5,2026-04-07 13:14:50.845408
fe4e2b3a-1d0b-49aa-8045-c5183a3b8357,61210,Circular Head (M),2,23,2026-04-07 13:14:50.845408
974add8e-7dca-4e62-879f-31d164ccb2a7,61410,Clarence (C),2,304,2026-04-07 13:14:50.845408
f36a773c-d134-44e6-8801-d611ca2a1129,61510,Derwent Valley (M),2,59,2026-04-07 13:14:50.845408
47bb644a-9a51-415d-9d3c-7c205bcd2528,61610,Devonport (C),2,152,2026-04-07 13:14:50.845408
71be03b2-a381-47e2-9efa-1a679d8001f8,61810,Dorset (M),2,34,2026-04-07 13:14:50.845408
03f21966-94a9-48b3-bd63-89663f4059fb,62010,Flinders (M) (Tas.),2,16,2026-04-07 13:14:50.845408
00c5fb7d-3e65-403f-ad4d-5584636893e7,62210,George Town (M),2,30,2026-04-07 13:14:50.845408
60383240-6804-4c15-823a-900255a3a617,62410,Glamorgan/Spring Bay (M),2,45,2026-04-07 13:14:50.845408
1b95c162-3b3e-4fbe-9a51-e755a7928521,62610,Glenorchy (C),2,300,2026-04-07 13:14:50.845408
6dd2e88c-346c-46d6-811e-6760ea97811f,62810,Hobart (C),2,183,2026-04-07 13:14:50.845408
7c008f33-9060-47f4-b249-6fe5e6fb7174,63010,Huon Valley (M),2,84,2026-04-07 13:14:50.845408
eaaa1412-2773-4e36-853f-adde5e389669,63210,Kentish (M),2,19,2026-04-07 13:14:50.845408
50fe9b6d-d512-4e23-979e-1427809ab93e,63410,King Island (M),2,4,2026-04-07 13:14:50.845408
7dad11e9-2412-4da0-b06d-90908e5b0ade,63610,Kingborough (M),2,162,2026-04-07 13:14:50.845408
5825b2bc-f208-4349-bc5e-5c8a8463e685,63810,Latrobe (M) (Tas.),2,97,2026-04-07 13:14:50.845408
f3e35b62-552d-41c1-87c9-5b33f537fa58,64010,Launceston (C),2,247,2026-04-07 13:14:50.845408
6d132ea8-6910-4ff1-8d79-6cef65af760d,64210,Meander Valley (M),2,95,2026-04-07 13:14:50.845408
4903b1da-d37f-4079-9bc7-440b9111b219,64610,Northern Midlands (M),2,35,2026-04-07 13:14:50.845408
b200e88b-4df7-4347-81b0-287a05322246,64810,Sorell (M),2,85,2026-04-07 13:14:50.845408
cf40badd-f6e1-469c-8d83-b3262abc4be4,65010,Southern Midlands (M),2,21,2026-04-07 13:14:50.845408
bfcc16f1-c5ea-4dca-b632-c0ef690f3c93,65210,Tasman (M),2,14,2026-04-07 13:14:50.845408
c31f671d-d253-48c1-95ce-d251dc1ebae2,65410,Waratah/Wynyard (M),2,76,2026-04-07 13:14:50.845408
ff0f04f2-78e4-4f45-995f-1447728cc926,65610,West Coast (M),2,13,2026-04-07 13:14:50.845408
525ffa6a-a3c5-4a66-89bd-374e230f1fae,65810,West Tamar (M),2,76,2026-04-07 13:14:50.845408
f002e3c0-b50b-44cd-89b9-42ca629ce092,70200,Alice Springs (T),2,57,2026-04-07 13:14:50.845408
3aba70bb-4f26-494f-9c86-de81b2b0f679,70420,Barkly (R),2,1,2026-04-07 13:14:50.845408
5fa9d6b6-feaa-4324-99ed-0796470781fa,70540,Belyuen (S),2,7,2026-04-07 13:14:50.845408
a27578e9-5ee9-4cda-a2cd-9e5de49ada93,70620,Central Desert (R),2,4,2026-04-07 13:14:50.845408
e616504f-6169-46b0-a1a2-a015da8ffac4,70700,Coomalie (S),2,4,2026-04-07 13:14:50.845408
d854fba0-aedf-4d40-8d03-45a516332c44,71000,Darwin (C),2,112,2026-04-07 13:14:50.845408
c9575656-06c8-4e39-bfca-5df10e74beee,71300,East Arnhem (R),2,34,2026-04-07 13:14:50.845408
a1b74c51-1ea0-4c4e-9fda-58df6a413442,72200,Katherine (T),2,11,2026-04-07 13:14:50.845408
afbb245b-2ff7-4647-9949-21d95a688fe9,72300,Litchfield (M),2,22,2026-04-07 13:14:50.845408
0c45cdf2-f398-4d6a-9be8-3662b80929d0,72330,MacDonnell (R),2,0,2026-04-07 13:14:50.845408
d72d963f-ca04-4671-af48-029c481e1b4c,72800,Palmerston (C),2,44,2026-04-07 13:14:50.845408
184ce025-554e-4e79-a69b-3d22a44f1579,73600,Roper Gulf (R),2,13,2026-04-07 13:14:50.845408
fce2ed17-a4b5-43cf-a083-65fcdafd11f6,74550,Victoria Daly (R),2,2,2026-04-07 13:14:50.845408
17fc06ae-8aab-4518-bd23-ab07579e710c,74560,Wagait (S),2,3,2026-04-07 13:14:50.845408
19d6cb59-2f5b-458d-858f-19902522dcd5,74660,West Arnhem (R),2,9,2026-04-07 13:14:50.845408
e00f5364-2f79-4e0c-999c-4bc0bc20735e,79399,Unincorporated NT,2,6,2026-04-07 13:14:50.845408
9c0ef1ca-f61e-4a67-92f9-29f581fce8a7,89399,Unincorporated ACT,2,742,2026-04-07 13:14:50.845408
27a396e5-97b0-42aa-8674-9aec1d105aea,99399,Unincorp. Other Territories,2,7,2026-04-07 13:14:50.845408
80a060bc-b620-40f0-b945-3769e2c50eb0,10050,Albury (C),3,224,2026-04-07 13:14:50.845408
e538cbeb-a015-4264-9d50-4863c60dc05b,10130,Armidale Regional (A),3,101,2026-04-07 13:14:50.845408
68bb5d00-dcf4-45c1-8f78-ef20e9f88bb3,10250,Ballina (A),3,386,2026-04-07 13:14:50.845408
9e58c2ec-07ca-4b2f-8fb0-a14e554d11e5,10300,Balranald (A),3,4,2026-04-07 13:14:50.845408
9b87a992-5212-42f7-ad8a-810fc34f6cab,10470,Bathurst Regional (A),3,150,2026-04-07 13:14:50.845408
7ecbe2e0-9812-4b02-ba3c-7410b0cd0cff,10550,Bega Valley (A),3,221,2026-04-07 13:14:50.845408
64707682-ddb6-45cc-8fb0-04bf6e614508,10600,Bellingen (A),3,90,2026-04-07 13:14:50.845408
fe62fdd0-498d-40cf-81e4-1222f595f3b9,10650,Berrigan (A),3,20,2026-04-07 13:14:50.845408
b4152c92-8d10-4def-8d1a-74a8292049cf,10750,Blacktown (C),3,1029,2026-04-07 13:14:50.845408
58223d9c-0e4a-4ffa-b9c4-92abb2bb401e,10800,Bland (A),3,15,2026-04-07 13:14:50.845408
ec09e9d5-d412-4679-9e00-5cf9ca6cf554,10850,Blayney (A),3,23,2026-04-07 13:14:50.845408
c63084df-8683-423d-baad-02fc45f9df50,10900,Blue Mountains (C),3,271,2026-04-07 13:14:50.845408
f559fece-c041-4e52-a5fd-ad418ca155dd,10950,Bogan (A),3,9,2026-04-07 13:14:50.845408
0ea503f8-9345-4b8e-a588-9cb5466ddc13,11100,Botany Bay (C),3,230,2026-04-07 13:14:50.845408
14defda7-3fdb-4622-adcb-beecfa73fb85,11150,Bourke (A),3,5,2026-04-07 13:14:50.845408
7c1b7dc6-8d33-46dc-9be7-c7f98cc7552c,11200,Brewarrina (A),3,5,2026-04-07 13:14:50.845408
b343091a-3817-4ea8-8e05-692e78ca8ac0,11250,Broken Hill (C),3,25,2026-04-07 13:14:50.845408
6620aed1-e20e-4ff1-8886-9f330d4c6e3b,11300,Burwood (A),3,203,2026-04-07 13:14:50.845408
c83d3bae-6066-4fa7-8215-e7054e9c5386,11350,Byron (A),3,115,2026-04-07 13:14:50.845408
d0c9f843-4295-4ef9-8393-10a81dbee0cd,11400,Cabonne (A),3,47,2026-04-07 13:14:50.845408
8b3b2de6-8c98-40d2-8362-15169e44c9e8,11450,Camden (A),3,146,2026-04-07 13:14:50.845408
88d14f4b-3502-4315-b335-178eb7f4ee16,11500,Campbelltown (C) (NSW),3,348,2026-04-07 13:14:50.845408
0055f2bc-838f-4ce8-ae3f-ad6f628cf94b,11520,Canada Bay (A),3,336,2026-04-07 13:14:50.845408
3112270d-1d1c-4ebe-bb79-1980a30d7daa,11570,Canterbury-Bankstown (A),3,1894,2026-04-07 13:14:50.845408
d9532626-b97b-4320-bb3a-d718a5f723e9,11600,Carrathool (A),3,8,2026-04-07 13:14:50.845408
b3678bc6-4027-487f-9810-15e700e0ad7f,11650,Central Coast (C) (NSW),3,2062,2026-04-07 13:14:50.845408
0b1e0efd-2bcf-4807-a8f8-c78967494974,11700,Central Darling (A),3,3,2026-04-07 13:14:50.845408
fffbd7db-91bb-4447-b2c4-feb03d08a4d3,11720,Cessnock (C),3,176,2026-04-07 13:14:50.845408
e54fb107-2d09-470f-a5cd-6dfd3e7d5f6f,11730,Clarence Valley (A),3,408,2026-04-07 13:14:50.845408
ab8ebb38-9cbf-4004-952f-f131ab355834,11750,Cobar (A),3,23,2026-04-07 13:14:50.845408
98525c60-579f-440b-a571-17bb79fc33ed,11800,Coffs Harbour (C),3,493,2026-04-07 13:14:50.845408
25d026a6-30a6-443d-a75e-48751784c963,12000,Coolamon (A),3,20,2026-04-07 13:14:50.845408
a49701f8-d666-4eb9-9e11-8da83c92cdcb,12150,Coonamble (A),3,20,2026-04-07 13:14:50.845408
783b13fe-2005-4f34-8f2a-5019a3cf7000,12350,Cowra (A),3,63,2026-04-07 13:14:50.845408
0853e359-31c9-4d9d-847a-d62389b3f0e4,12380,Cumberland (A),3,1071,2026-04-07 13:14:50.845408
8e85d702-d085-47c3-b34f-28505b60dc12,12700,Dungog (A),3,30,2026-04-07 13:14:50.845408
c86e11a6-6e42-41c1-ba58-7dddb932dc5a,12730,Edward River (A),3,30,2026-04-07 13:14:50.845408
6d136ade-424c-4ccf-b756-209f1fe2783b,12750,Eurobodalla (A),3,438,2026-04-07 13:14:50.845408
0a45a718-437d-40e7-bd69-4fecf05ba9a8,12850,Fairfield (C),3,1256,2026-04-07 13:14:50.845408
313ba003-f658-46fe-b5ca-c23abd5edd3d,12870,Federation (A),3,67,2026-04-07 13:14:50.845408
b5966f0a-92ec-414e-aafb-e3c15229ba57,12900,Forbes (A),3,52,2026-04-07 13:14:50.845408
2687c04b-8f76-4caa-858f-65ca967960cd,12930,Georges River (A),3,853,2026-04-07 13:14:50.845408
79448640-3aed-496a-8a47-67b449d95515,12950,Gilgandra (A),3,28,2026-04-07 13:14:50.845408
8ba5f240-841c-4893-bc74-961a6609a643,13010,Glen Innes Severn (A),3,45,2026-04-07 13:14:50.845408
98dee34f-05e7-4f6d-b41b-3331b3e964a6,13310,Goulburn Mulwaree (A),3,249,2026-04-07 13:14:50.845408
be708f3c-d574-4ace-8da0-8002a4265831,13340,Greater Hume Shire (A),3,39,2026-04-07 13:14:50.845408
5f0ead86-f18d-4033-be09-8f0b675b5c17,13450,Griffith (C),3,95,2026-04-07 13:14:50.845408
42efb552-84b1-413e-921a-552b2322b0f2,13510,Gundagai (A),3,90,2026-04-07 13:14:50.845408
92f0674d-b607-469e-8131-c05acf783079,13550,Gunnedah (A),3,37,2026-04-07 13:14:50.845408
d534cddc-4041-48e6-a7f2-48b4f90428fa,13660,Gwydir (A),3,18,2026-04-07 13:14:50.845408
463dc0dd-bd88-4f69-b601-e71245883182,13800,Hawkesbury (C),3,191,2026-04-07 13:14:50.845408
999bd9d3-309e-46f0-b08e-a3d10101864c,13850,Hay (A),3,12,2026-04-07 13:14:50.845408
d8f856ab-92f6-48c9-8a51-ac50f4fe857f,13910,Hilltops (A),3,62,2026-04-07 13:14:50.845408
30e514d7-caca-4152-8afd-dd7663d20b6a,14000,Hornsby (A),3,504,2026-04-07 13:14:50.845408
cce80319-35d5-4a22-809f-4aef68cc638c,14100,Hunters Hill (A),3,68,2026-04-07 13:14:50.845408
5b44c99f-6b5f-4c98-bdff-4c04120f9524,14170,Inner West (A),3,617,2026-04-07 13:14:50.845408
16ac8c70-be20-40f7-8cbc-d57c2c2cb2c7,14200,Inverell (A),3,67,2026-04-07 13:14:50.845408
0777713c-ee2a-4342-ae27-50b5a6cce704,14300,Junee (A),3,28,2026-04-07 13:14:50.845408
c547e02f-272b-4248-a873-346d2d5ceea7,14350,Kempsey (A),3,184,2026-04-07 13:14:50.845408
ba9a68b2-de42-4611-8671-8bd02ec86def,14400,Kiama (A),3,92,2026-04-07 13:14:50.845408
f9c35460-79c2-4c06-ab81-fc40c2e269ed,14500,Ku-ring-gai (A),3,344,2026-04-07 13:14:50.845408
94695a42-0e77-4f15-8cb8-a1e487f37650,14550,Kyogle (A),3,47,2026-04-07 13:14:50.845408
924e7c38-7a5f-4e3a-9b17-7feb697a0477,14600,Lachlan (A),3,39,2026-04-07 13:14:50.845408
9032c030-9756-4798-9d37-b0dd61b43dfc,14650,Lake Macquarie (C),3,860,2026-04-07 13:14:50.845408
02c5a59e-dcbe-4ee1-a921-dd1330ff6e90,14700,Lane Cove (A),3,82,2026-04-07 13:14:50.845408
1592dc9e-dcbe-45a8-aab5-d26f3b6f6a0f,14750,Leeton (A),3,50,2026-04-07 13:14:50.845408
b934a69a-61ec-4535-9959-2f0e866ea9b3,14850,Lismore (C),3,235,2026-04-07 13:14:50.845408
6979a74d-456f-4d78-ae5d-08701fb2d4cf,14870,Lithgow (C),3,64,2026-04-07 13:14:50.845408
a776f04a-703d-4870-bddb-36ff5c550738,14900,Liverpool (C),3,841,2026-04-07 13:14:50.845408
3f88f5d7-f037-4524-ab65-b53e860ca826,14920,Liverpool Plains (A),3,33,2026-04-07 13:14:50.845408
5eb19943-2937-4d5a-81ad-3555881c2862,14950,Lockhart (A),3,19,2026-04-07 13:14:50.845408
47e4cd54-4348-4f8c-b1bd-9097a01d14ff,15050,Maitland (C),3,268,2026-04-07 13:14:50.845408
0efdf5f0-c0d9-4677-aa15-def6da67b0ad,15240,Mid-Coast (A),3,1710,2026-04-07 13:14:50.845408
d42864d0-c205-4cf1-8fac-bf10fba109d9,15270,Mid-Western Regional (A),3,89,2026-04-07 13:14:50.845408
e2ad69ec-7f19-4110-8b2f-12fab3da2c53,15300,Moree Plains (A),3,32,2026-04-07 13:14:50.845408
8fa23bf7-9d59-4c15-8c92-8b97ccf4c00b,15350,Mosman (A),3,66,2026-04-07 13:14:50.845408
d70ca55e-1067-4ae1-8b56-f08af616f5b5,15520,Murray River (A),3,37,2026-04-07 13:14:50.845408
ad335460-a603-426d-a036-972ea3f4f3f7,15560,Murrumbidgee (A),3,14,2026-04-07 13:14:50.845408
7c23543d-188e-4d56-ae66-ce4bf4b66f81,15650,Muswellbrook (A),3,41,2026-04-07 13:14:50.845408
92d1e3ca-0f8e-433f-80d1-68d864c5812e,15700,Nambucca (A),3,201,2026-04-07 13:14:50.845408
9ad47147-8dbe-48e0-842f-a8fe91a0fe42,15750,Narrabri (A),3,46,2026-04-07 13:14:50.845408
f06efce6-eeb0-419c-a2be-0c6379e36b85,15800,Narrandera (A),3,34,2026-04-07 13:14:50.845408
8bb865f0-45d2-4a9d-8df2-a91358177713,15850,Narromine (A),3,29,2026-04-07 13:14:50.845408
c5783a63-497e-460b-b424-ca75bdc78a35,15900,Newcastle (C),3,540,2026-04-07 13:14:50.845408
7f2ce432-9a31-45d3-9b90-7e3479c2ce0c,15950,North Sydney (A),3,155,2026-04-07 13:14:50.845408
311b60e8-1d3f-41b6-8ad1-f33583f3121e,15990,Northern Beaches (A),3,651,2026-04-07 13:14:50.845408
3d27a046-f1c6-43ca-8daa-d8be9b4fb36a,16100,Oberon (A),3,23,2026-04-07 13:14:50.845408
cc2a2760-c757-43d6-a6ff-0a397e1f7579,16150,Orange (C),3,171,2026-04-07 13:14:50.845408
b6d7c8b0-2a2d-4ecb-b2dd-990561257ed7,16200,Parkes (A),3,70,2026-04-07 13:14:50.845408
b746c5c1-1248-4d92-a6d6-9998f622fb19,16260,Parramatta (C),3,854,2026-04-07 13:14:50.845408
e1c6d440-18f7-4ff8-87cb-a6e688b8120f,16350,Penrith (C),3,638,2026-04-07 13:14:50.845408
92e940b2-1672-4568-91e3-544937860267,16380,Port Macquarie-Hastings (A),3,621,2026-04-07 13:14:50.845408
cc9ba9fd-294e-4181-ab7f-8ed2214e739c,16400,Port Stephens (A),3,381,2026-04-07 13:14:50.845408
edb099af-85fb-4e09-940d-c9e29eb4b4a1,16490,Queanbeyan-Palerang Regional (A),3,169,2026-04-07 13:14:50.845408
8d1a2f7f-69a1-403c-8bc1-8aeda8168d68,16550,Randwick (C),3,481,2026-04-07 13:14:50.845408
74e6e0c8-c2cc-42fd-a9c9-7348a6202151,16610,Richmond Valley (A),3,174,2026-04-07 13:14:50.845408
8bff37f1-9944-4f3b-94f1-18c45c34f746,16650,Rockdale (C),3,553,2026-04-07 13:14:50.845408
6980d2cf-2ae3-480b-b659-e35ac7ec41b5,16700,Ryde (C),3,590,2026-04-07 13:14:50.845408
a8b69634-8a1f-4aef-844f-5475936010d1,16900,Shellharbour (C),3,342,2026-04-07 13:14:50.845408
7a66d4cb-07b7-4cd5-8ddc-7b9027328ebb,16950,Shoalhaven (C),3,642,2026-04-07 13:14:50.845408
395ae529-18cc-4b08-a94f-ef53af976b1b,17000,Singleton (A),3,35,2026-04-07 13:14:50.845408
7eab4e61-b1ae-4d13-84c6-7d81bda758ab,17040,Snowy Monaro Regional (A),3,73,2026-04-07 13:14:50.845408
87b26870-15a9-42bd-9128-ed63822a6a29,17080,Snowy Valleys (A),3,64,2026-04-07 13:14:50.845408
6a73d0c9-02b3-4e84-b3a2-8b48ff62a34d,17100,Strathfield (A),3,172,2026-04-07 13:14:50.845408
291a024f-d890-4a14-aea8-fc3525c5d890,17150,Sutherland Shire (A),3,823,2026-04-07 13:14:50.845408
12d4b7aa-acca-496b-986b-66a6948d3cfe,17200,Sydney (C),3,506,2026-04-07 13:14:50.845408
9ca00fb1-b97d-4973-95dd-e1a901ceaf53,17310,Tamworth Regional (A),3,213,2026-04-07 13:14:50.845408
88ea4528-c2a5-4d8f-af76-b684952bbd31,17350,Temora (A),3,30,2026-04-07 13:14:50.845408
e400b030-4e2b-4bb9-be08-a0d04595fd0f,17400,Tenterfield (A),3,42,2026-04-07 13:14:50.845408
869a3706-1b04-4820-ab6a-e74a4da4805a,17420,The Hills Shire (A),3,393,2026-04-07 13:14:50.845408
85fa2965-1787-48a4-9ad5-0fd4fb8db2f5,17550,Tweed (A),3,773,2026-04-07 13:14:50.845408
a0a2c6f8-8520-4d2c-b392-1a6339c4eb2f,17620,Upper Hunter Shire (A),3,52,2026-04-07 13:14:50.845408
0e23b7a3-dc40-4a24-b04f-44e3dd87e268,17640,Upper Lachlan Shire (A),3,49,2026-04-07 13:14:50.845408
8fdd6d48-ee22-4835-863c-5578eaa04588,17650,Uralla (A),3,24,2026-04-07 13:14:50.845408
9fcd2505-0c40-4d2b-aa90-c6fc9fa358b4,17750,Wagga Wagga (C),3,303,2026-04-07 13:14:50.845408
90e3890b-1fa1-40ce-8b39-e1365f3c06f4,17850,Walcha (A),3,4,2026-04-07 13:14:50.845408
11047685-39eb-4bff-afcf-935641814d59,17900,Walgett (A),3,18,2026-04-07 13:14:50.845408
0b3cb372-45b0-436e-b4fa-17aa6fdf583b,17950,Warren (A),3,21,2026-04-07 13:14:50.845408
d9e09b20-e281-431a-a344-4c87b2a16e9c,18020,Warrumbungle Shire (A),3,85,2026-04-07 13:14:50.845408
9735bfcd-f077-476d-b331-c22bdada67ec,18050,Waverley (A),3,179,2026-04-07 13:14:50.845408
de595e26-5800-4943-8ddc-75fe11f2a73a,18100,Weddin (A),3,25,2026-04-07 13:14:50.845408
36a100d8-f9d3-4342-9fd5-065f5d369f27,18200,Wentworth (A),3,22,2026-04-07 13:14:50.845408
39a57b5a-730f-49cc-b9a1-82f827f66382,18230,Western Plains Regional (A),3,344,2026-04-07 13:14:50.845408
b0040157-2fed-4faf-9d77-770b2372b200,18250,Willoughby (C),3,217,2026-04-07 13:14:50.845408
6feb3dc2-f94a-4463-aba3-1364c49cda40,18350,Wingecarribee (A),3,124,2026-04-07 13:14:50.845408
f7f06372-7928-4b48-b07f-0deb96cbf881,18400,Wollondilly (A),3,82,2026-04-07 13:14:50.845408
72384797-a79f-4b87-ae8c-a81eb6b46065,18450,Wollongong (C),3,906,2026-04-07 13:14:50.845408
00ffeaef-76db-4c32-8114-e71ca13e1b0f,18500,Woollahra (A),3,133,2026-04-07 13:14:50.845408
957e15e5-56a1-4085-bda8-2636e94a1ed3,18710,Yass Valley (A),3,63,2026-04-07 13:14:50.845408
0241cb01-7e99-4eaa-8ea0-4af294596bb9,19399,Unincorporated NSW,3,4,2026-04-07 13:14:50.845408
82a66b81-8374-45af-a260-31a4b01f42c5,20110,Alpine (S),3,32,2026-04-07 13:14:50.845408
5198155e-b913-438f-8e04-903ed6c3bd04,20260,Ararat (RC),3,48,2026-04-07 13:14:50.845408
e9b89a0c-55ae-4603-8714-2f6924834fa6,20570,Ballarat (C),3,499,2026-04-07 13:14:50.845408
669cb345-d384-47a1-9a58-cbf34e0f4838,20660,Banyule (C),3,454,2026-04-07 13:14:50.845408
4c0d25c1-7621-4d99-afc6-7fac412985b7,20740,Bass Coast (S),3,374,2026-04-07 13:14:50.845408
28bf4d3a-356e-459c-97c9-f2d44a78b10d,20830,Baw Baw (S),3,318,2026-04-07 13:14:50.845408
5a4a65c3-bb34-4fca-a97f-b9dd34877edf,20910,Bayside (C),3,358,2026-04-07 13:14:50.845408
fe4f7f4f-c42c-41eb-9319-d3cc3cf4209b,21010,Benalla (RC),3,33,2026-04-07 13:14:50.845408
8847c6f3-ca84-4b2b-a848-b4c973897d86,21110,Boroondara (C),3,567,2026-04-07 13:14:50.845408
12933af0-06f2-4714-becf-c8b6403ed0fe,21180,Brimbank (C),3,1144,2026-04-07 13:14:50.845408
d3af0a8f-2ba8-4367-8b7a-df50edbdd677,21270,Buloke (S),3,25,2026-04-07 13:14:50.845408
3e8a06fb-e5b9-4bb8-9c55-9485b0df08b1,21370,Campaspe (S),3,188,2026-04-07 13:14:50.845408
97035be1-3cfc-4024-953d-056c09d043f3,21450,Cardinia (S),3,314,2026-04-07 13:14:50.845408
13651538-5ea9-42d2-b5d4-e2e2145afc4d,21610,Casey (C),3,1137,2026-04-07 13:14:50.845408
7922651a-74c8-459e-a3ef-bada7e8dc5a3,21670,Central Goldfields (S),3,35,2026-04-07 13:14:50.845408
7858c1a9-b082-415b-8e47-4f797422c202,21750,Colac-Otway (S),3,108,2026-04-07 13:14:50.845408
f580dedd-47a7-4719-b1e2-6270a3305756,21830,Corangamite (S),3,103,2026-04-07 13:14:50.845408
37380cd4-da5f-4a0a-a2bb-5e99452463ec,21890,Darebin (C),3,937,2026-04-07 13:14:50.845408
978d9e3a-bdc6-4120-8dde-8cfa466ee064,22110,East Gippsland (S),3,521,2026-04-07 13:14:50.845408
97c3f086-6e99-461e-8cd8-73718db62a3b,22170,Frankston (C),3,518,2026-04-07 13:14:50.845408
cdaf82d7-7d17-4f16-b2d5-e6113cae9131,22250,Gannawarra (S),3,34,2026-04-07 13:14:50.845408
1ea22bed-b355-44dd-82a6-59ea19a34e5e,22310,Glen Eira (C),3,663,2026-04-07 13:14:50.845408
201de4f3-f190-49f4-9239-c42f23d5c424,22410,Glenelg (S),3,137,2026-04-07 13:14:50.845408
e2f5fa53-a006-40b1-8485-4c6b5f663256,22490,Golden Plains (S),3,48,2026-04-07 13:14:50.845408
76ca55b2-e46a-436e-9384-410049e910a1,22620,Greater Bendigo (C),3,340,2026-04-07 13:14:50.845408
f046cc92-2cd7-499b-99e3-0dd8fd7f1e74,22670,Greater Dandenong (C),3,1056,2026-04-07 13:14:50.845408
9d43e570-e948-4435-984f-0f861b3d02b9,22750,Greater Geelong (C),3,1364,2026-04-07 13:14:50.845408
1923cdf8-1223-4181-87bf-2168a5dc8b49,22830,Greater Shepparton (C),3,146,2026-04-07 13:14:50.845408
484da4d0-71b1-4e52-9e71-ecd81f0d25d4,22910,Hepburn (S),3,84,2026-04-07 13:14:50.845408
59bcae40-fe2a-474b-91a3-17136acfdb2e,22980,Hindmarsh (S),3,27,2026-04-07 13:14:50.845408
87c63531-bc5c-4128-92f1-725593c1e221,23110,Hobsons Bay (C),3,370,2026-04-07 13:14:50.845408
a8e0a7ca-d852-401b-80b1-0259bcb98f99,23190,Horsham (RC),3,83,2026-04-07 13:14:50.845408
8d434120-6c49-400e-80e3-a251d7868f38,23270,Hume (C),3,873,2026-04-07 13:14:50.845408
c11f2e5e-cdb2-4c82-9c58-2a901e040b03,23350,Indigo (S),3,41,2026-04-07 13:14:50.845408
55282359-37a4-4c31-bd07-ccf0566a4210,23430,Kingston (C) (Vic.),3,908,2026-04-07 13:14:50.845408
9734b68d-ee69-49e7-bcf3-ced3d2fc5ca9,23670,Knox (C),3,706,2026-04-07 13:14:50.845408
adb1c620-f245-4888-951c-4471c6101d84,23810,Latrobe (C) (Vic.),3,585,2026-04-07 13:14:50.845408
0eddc908-02d6-486d-8e66-0756cfc1a60c,23940,Loddon (S),3,21,2026-04-07 13:14:50.845408
4c9c8190-d53d-410c-b3d5-33493dae1754,24130,Macedon Ranges (S),3,131,2026-04-07 13:14:50.845408
9b124ff6-14bf-4920-b45b-b4edff5fa9f9,24210,Manningham (C),3,730,2026-04-07 13:14:50.845408
2f6c27e2-9304-4050-b63d-419bfdc162e2,24250,Mansfield (S),3,27,2026-04-07 13:14:50.845408
e7f388ab-cf9f-4724-963a-0c89a759d2c8,24330,Maribyrnong (C),3,324,2026-04-07 13:14:50.845408
75b3235f-c73d-49c0-8010-38d40e0d94b6,24410,Maroondah (C),3,496,2026-04-07 13:14:50.845408
d6570d40-d1a2-4797-989b-07bf90aba39a,24600,Melbourne (C),3,186,2026-04-07 13:14:50.845408
d8521a76-53ac-4f7f-a706-31d232e87bf0,24650,Melton (C),3,411,2026-04-07 13:14:50.845408
ea177471-54e3-447e-ace1-a0e9301ab979,24780,Mildura (RC),3,264,2026-04-07 13:14:50.845408
51c4a075-da04-449f-b955-3b018495256a,24850,Mitchell (S),3,66,2026-04-07 13:14:50.845408
1cf4fcc8-2262-4318-83e7-0b39717460d1,24900,Moira (S),3,76,2026-04-07 13:14:50.845408
079eb43a-4895-46b8-bb23-abe1b279a8f6,24970,Monash (C),3,1054,2026-04-07 13:14:50.845408
0d335a4d-57c9-4c2e-a1bc-b68bc6716eb1,25060,Moonee Valley (C),3,596,2026-04-07 13:14:50.845408
969a6583-7b98-48c3-8064-c5006c098801,25150,Moorabool (S),3,108,2026-04-07 13:14:50.845408
1dc6f150-22bd-49d0-ac71-8d3d1a23f1b4,25250,Moreland (C),3,895,2026-04-07 13:14:50.845408
aea5dec0-3598-4944-810d-b9a54db7fa09,25340,Mornington Peninsula (S),3,925,2026-04-07 13:14:50.845408
5573a209-3b04-4314-8d04-8d5ae4df46d3,25430,Mount Alexander (S),3,68,2026-04-07 13:14:50.845408
51cfeda8-6db9-4f10-9213-a838e2522cf6,25490,Moyne (S),3,76,2026-04-07 13:14:50.845408
d73c7297-7c58-4757-8125-9b6f1a226fc2,25620,Murrindindi (S),3,20,2026-04-07 13:14:50.845408
2eaa7ce0-ad00-42e0-b22e-1e43606264d3,25710,Nillumbik (S),3,156,2026-04-07 13:14:50.845408
e9313522-4c6a-4b68-ace3-3a131116a7a3,25810,Northern Grampians (S),3,40,2026-04-07 13:14:50.845408
cd71dc65-d8fe-441c-a897-a3c4b84ace2f,25900,Port Phillip (C),3,282,2026-04-07 13:14:50.845408
353cdac6-34e8-402c-8476-bb689cb5ea3f,25990,Pyrenees (S),3,33,2026-04-07 13:14:50.845408
ecdb4e4b-dac8-4683-9d0e-bcdbdd71e069,26080,Queenscliffe (B),3,10,2026-04-07 13:14:50.845408
19864e17-7cb8-4c90-b7b6-fc8e459e7b88,26170,South Gippsland (S),3,190,2026-04-07 13:14:50.845408
00451087-0686-43bd-b267-568636f31aeb,26260,Southern Grampians (S),3,101,2026-04-07 13:14:50.845408
d971a850-8abf-4e10-bc1b-9a5f1ee3b04e,26350,Stonnington (C),3,300,2026-04-07 13:14:50.845408
578cf7ad-726b-41a0-8015-27e2b69a2dc4,26430,Strathbogie (S),3,24,2026-04-07 13:14:50.845408
2c77d856-e4c0-48f5-9c8f-f4656901a664,26490,Surf Coast (S),3,109,2026-04-07 13:14:50.845408
be4df8a6-2da0-41bd-9e4d-5f87edf3309a,26610,Swan Hill (RC),3,103,2026-04-07 13:14:50.845408
36e5a1d4-dbbf-4b04-a7d2-1952490f6f64,26670,Towong (S),3,20,2026-04-07 13:14:50.845408
997ee3e6-a916-4313-ae9b-5377807e1b57,26700,Wangaratta (RC),3,73,2026-04-07 13:14:50.845408
f567bdd8-5793-4792-ac47-fc8c6ecec868,26730,Warrnambool (C),3,269,2026-04-07 13:14:50.845408
688712d5-2daf-4e07-8506-0c97dba15dde,26810,Wellington (S),3,323,2026-04-07 13:14:50.845408
2ac74d2e-08f2-4ec8-859a-00e52416a6f9,26890,West Wimmera (S),3,21,2026-04-07 13:14:50.845408
6e67d05c-6620-454d-bff2-29a0c7f42248,26980,Whitehorse (C),3,950,2026-04-07 13:14:50.845408
e05df265-7723-4c40-8d37-dc1b8d3a2bba,27070,Whittlesea (C),3,886,2026-04-07 13:14:50.845408
ef535f4b-b436-4ac1-a72b-925b08d6f2fc,27170,Wodonga (C),3,70,2026-04-07 13:14:50.845408
c1dd699b-5171-42e7-ae33-3cacc6eaab02,27260,Wyndham (C),3,480,2026-04-07 13:14:50.845408
15c94d70-f9f0-42e8-833d-f9f30e3ee9fc,27350,Yarra (C),3,349,2026-04-07 13:14:50.845408
34b10d84-53ed-46f4-9fcb-b430ff0781b4,27450,Yarra Ranges (S),3,664,2026-04-07 13:14:50.845408
508a5b5b-0aa4-42a7-a4a7-bc88e0ab40b1,27630,Yarriambiack (S),3,34,2026-04-07 13:14:50.845408
de339020-0a27-4b79-b177-30e77f6573d9,29399,Unincorporated Vic,3,2,2026-04-07 13:14:50.845408
b0f8fb43-3378-492d-9acd-d5997192b3be,30300,Balonne (S),3,6,2026-04-07 13:14:50.845408
9a2f0ad4-1ad6-488f-bd39-fb5a1c2e0cc9,30370,Banana (S),3,65,2026-04-07 13:14:50.845408
89d982c4-94c9-4b94-9d66-484fe9f2b0b0,30410,Barcaldine (R),3,2,2026-04-07 13:14:50.845408
8fe4279b-fc40-4f70-a219-7323260f6eb6,30450,Barcoo (S),3,1,2026-04-07 13:14:50.845408
b17c0915-6529-4a33-9982-915ae7669fb2,30760,Blackall-Tambo (R),3,9,2026-04-07 13:14:50.845408
f749135a-ff48-423c-9d19-597ba1a8605a,31000,Brisbane (C),3,3643,2026-04-07 13:14:50.845408
4ccdef21-6f36-4b99-83d5-4a1d7625fb96,31820,Bundaberg (R),3,589,2026-04-07 13:14:50.845408
6323efae-a396-4fd4-959e-ccd61d027550,31900,Burdekin (S),3,113,2026-04-07 13:14:50.845408
909558e1-f297-4ca1-ae12-6143b4f930c1,31950,Burke (S),3,1,2026-04-07 13:14:50.845408
baa55cd1-c195-478b-b01b-0344ca5ba5e0,32080,Cairns (R),3,754,2026-04-07 13:14:50.845408
e353aef8-cd4c-41f5-bf25-d8a9ec25a38f,32250,Carpentaria (S),3,2,2026-04-07 13:14:50.845408
d9548a52-8665-40a7-bb92-486b8c82d778,32260,Cassowary Coast (R),3,207,2026-04-07 13:14:50.845408
be9d72f5-7727-4f68-9db2-7150efff03b5,32270,Central Highlands (R) (Qld),3,76,2026-04-07 13:14:50.845408
06d6f742-e90f-4804-b833-203a9280ef56,32310,Charters Towers (R),3,50,2026-04-07 13:14:50.845408
0add9a2c-ea75-40e6-bf77-6715bb7b5799,32330,Cherbourg (S),3,1,2026-04-07 13:14:50.845408
fdea236c-4592-4831-9ab0-095c349f4f76,32450,Cloncurry (S),3,2,2026-04-07 13:14:50.845408
ec82fb79-2927-41a6-a50c-9b5f4f943c2e,32500,Cook (S),3,4,2026-04-07 13:14:50.845408
75e3d760-d1ea-4359-bf1f-87aa7e7bc781,32600,Croydon (S),3,1,2026-04-07 13:14:50.845408
004296b7-3a0a-4c25-a6c5-c7e5fbeb9023,32750,Diamantina (S),3,0,2026-04-07 13:14:50.845408
08b0dcb3-d91f-43ba-9d2a-7ed5c2ded136,32770,Doomadgee (S),3,1,2026-04-07 13:14:50.845408
ad6f499a-6bc9-461e-af28-bb3bf19c3ae5,32810,Douglas (S),3,95,2026-04-07 13:14:50.845408
b4e3d22d-1969-421e-b9d3-3b70ef8e87c3,33100,Etheridge (S),3,9,2026-04-07 13:14:50.845408
f20f154a-d289-4d0f-8bef-601ec78881a3,33200,Flinders (S) (Qld),3,6,2026-04-07 13:14:50.845408
966bb9b1-4e91-4dfd-b873-384dddecea30,33220,Fraser Coast (R),3,880,2026-04-07 13:14:50.845408
3222ab88-c9b6-451e-90c3-58f19072a983,33360,Gladstone (R),3,318,2026-04-07 13:14:50.845408
a4571ac4-aa11-47a5-9607-a2219dd00723,33430,Gold Coast (C),3,1564,2026-04-07 13:14:50.845408
8ab4f664-35e8-4d93-981e-666eedce07f9,33610,Goondiwindi (R),3,22,2026-04-07 13:14:50.845408
b502708e-f503-4f7d-a8c0-7228f14356ea,33620,Gympie (R),3,709,2026-04-07 13:14:50.845408
49175be8-e0f9-4f23-8e30-0ae35f4c17e6,33800,Hinchinbrook (S),3,80,2026-04-07 13:14:50.845408
b84be067-8aea-4dda-aa56-8cbe03512a51,33960,Ipswich (C),3,422,2026-04-07 13:14:50.845408
cecca668-4270-445d-9487-00a31d106593,33980,Isaac (R),3,9,2026-04-07 13:14:50.845408
41aa9059-dabc-4c1b-834a-d6f426d17842,34420,Kowanyama (S),3,9,2026-04-07 13:14:50.845408
2e515c1c-d6ce-4cd8-b8d5-ee84fe378a86,34530,Livingstone (S),3,337,2026-04-07 13:14:50.845408
59989744-0865-4178-831f-dfd111f39074,34580,Lockyer Valley (R),3,114,2026-04-07 13:14:50.845408
a4a341dd-bce5-42b2-93c3-38938dffe92f,34590,Logan (C),3,1058,2026-04-07 13:14:50.845408
509faaa5-db19-44e5-8c9f-7eb0860a4d91,34710,Longreach (R),3,6,2026-04-07 13:14:50.845408
67f12fea-8bb7-47a4-97ee-34c420a52896,34770,Mackay (R),3,200,2026-04-07 13:14:50.845408
10301bb0-8873-4fed-9cdf-4ebac94143a0,34830,Mapoon (S),3,1,2026-04-07 13:14:50.845408
09619526-9f36-4d21-9c8e-b59bc2188422,34860,Maranoa (R),3,14,2026-04-07 13:14:50.845408
5d80ef9c-481e-43a5-81ef-e258120a382d,34880,Mareeba (S),3,171,2026-04-07 13:14:50.845408
4cc32e73-863f-489d-b116-1cf27ff00a09,35010,Moreton Bay (R),3,2328,2026-04-07 13:14:50.845408
df4258d8-fd2b-49fd-afb1-8dcbe5710aca,35300,Mount Isa (C),3,16,2026-04-07 13:14:50.845408
bd195d43-2452-4a6b-9700-9b5029c7a63d,35600,Murweh (S),3,8,2026-04-07 13:14:50.845408
34d7e6fe-0f5b-48de-8063-988983289f69,35670,Napranum (S),3,1,2026-04-07 13:14:50.845408
833dd190-1ea5-4296-8cb1-e79c27eb7359,35740,Noosa (S),3,441,2026-04-07 13:14:50.845408
8d712700-c3e2-4d8e-9597-1e15afff6bb6,35760,North Burnett (R),3,55,2026-04-07 13:14:50.845408
9fadcc9e-4a9d-488a-8073-91c0ae056002,35780,Northern Peninsula Area (R),3,0,2026-04-07 13:14:50.845408
d1a7408c-e811-4f9f-87cd-6b03033c575c,35790,Palm Island (S),3,1,2026-04-07 13:14:50.845408
2f7b9aec-f122-4688-992c-a27f86f4e4bd,35800,Paroo (S),3,2,2026-04-07 13:14:50.845408
61c2899c-d717-42c9-8490-eba33c387461,36070,Pormpuraaw (S),3,2,2026-04-07 13:14:50.845408
6cc2e51b-cc5e-4dd2-89bc-a380cfd06a6e,36150,Quilpie (S),3,0,2026-04-07 13:14:50.845408
ef9b8972-ef28-412e-b775-e989c3584338,36250,Redland (C),3,716,2026-04-07 13:14:50.845408
53a5267f-4145-4604-9f5a-cbfd751345da,36300,Richmond (S),3,1,2026-04-07 13:14:50.845408
f8c63100-6d58-4863-b110-e471803b30c3,36370,Rockhampton (R),3,815,2026-04-07 13:14:50.845408
32e24c85-90f3-4ce6-aaa9-679e3907b318,36510,Scenic Rim (R),3,152,2026-04-07 13:14:50.845408
d9649d2f-1423-4f66-b34d-5fb27745940b,36580,Somerset (R),3,106,2026-04-07 13:14:50.845408
8e52165a-e599-4512-8b3c-18bc573578d7,36630,South Burnett (R),3,121,2026-04-07 13:14:50.845408
57be9e02-e0e3-4045-ad91-4716abc53575,36660,Southern Downs (R),3,190,2026-04-07 13:14:50.845408
458be85d-014b-4034-a26e-7fdc269a356d,36720,Sunshine Coast (R),3,2785,2026-04-07 13:14:50.845408
eb138ed1-27d8-4bf9-b6d6-0fcd025e629d,36820,Tablelands (R),3,189,2026-04-07 13:14:50.845408
e42bcf3e-3904-425e-9799-4d91c3b598b9,36910,Toowoomba (R),3,778,2026-04-07 13:14:50.845408
4fdbce42-e7a5-4ae8-9b3c-be12aedcb735,36950,Torres (S),3,3,2026-04-07 13:14:50.845408
3b68314d-c78c-4ddb-9836-6a655732154e,36960,Torres Strait Island (R),3,0,2026-04-07 13:14:50.845408
4ccb323a-b54d-4e74-8c20-ee37883d58f2,37010,Townsville (C),3,842,2026-04-07 13:14:50.845408
e99d1803-1754-4c83-aa08-d3e67349140d,37300,Weipa (T),3,1,2026-04-07 13:14:50.845408
e71a5703-1679-4024-956e-b204ce98ff9d,37310,Western Downs (R),3,105,2026-04-07 13:14:50.845408
0b8d4188-778e-461d-be53-ee7629c1bd56,37340,Whitsunday (R),3,88,2026-04-07 13:14:50.845408
c3d042ee-fc06-419b-b811-2f22d8d47d2e,37400,Winton (S),3,2,2026-04-07 13:14:50.845408
8cbfcfcf-5f6c-4033-bbf7-3bc97a769747,37550,Woorabinda (S),3,1,2026-04-07 13:14:50.845408
a56486c7-3608-46cb-b805-c4549afb2692,37570,Wujal Wujal (S),3,3,2026-04-07 13:14:50.845408
5766913e-be4d-454e-9931-7f94bd547eaf,37600,Yarrabah (S),3,2,2026-04-07 13:14:50.845408
553303a7-8b5f-44ae-9517-0805e2c518bb,40070,Adelaide (C),3,81,2026-04-07 13:14:50.845408
64bd0078-83cf-4081-aec6-ecedd8eb90e6,40120,Adelaide Hills (DC),3,96,2026-04-07 13:14:50.845408
35d74e51-bf87-49c2-a928-131d530ffd37,40220,Alexandrina (DC),3,258,2026-04-07 13:14:50.845408
34d06183-4b8c-4bde-b6e6-f2c4313928ea,40250,Anangu Pitjantjatjara (AC),3,54,2026-04-07 13:14:50.845408
fffe482c-91cc-420a-87e3-0f3cbda9de16,40310,Barossa (DC),3,98,2026-04-07 13:14:50.845408
d9e9c414-a7a1-4b49-8455-c6411b593a10,40430,Barunga West (DC),3,19,2026-04-07 13:14:50.845408
c4a48a80-219d-47b4-8eaa-db413038f224,40520,Berri and Barmera (DC),3,96,2026-04-07 13:14:50.845408
955b1394-901e-4ef0-9088-2b3505df048e,40700,Burnside (C),3,297,2026-04-07 13:14:50.845408
4c59047a-cc4e-4499-922f-bc7b6ce8c2e5,40910,Campbelltown (C) (SA),3,598,2026-04-07 13:14:50.845408
9bb483c4-52b4-4a62-82f9-93901ffc043f,41010,Ceduna (DC),3,8,2026-04-07 13:14:50.845408
a5412a23-5f65-46a8-9fa3-416fff19a3be,41060,Charles Sturt (C),3,1221,2026-04-07 13:14:50.845408
e9479394-1d83-4ede-b81c-4a5ebc1d0669,41140,Clare and Gilbert Valleys (DC),3,34,2026-04-07 13:14:50.845408
d76c9bf2-4dd8-4371-aa0c-0416d5486758,41190,Cleve (DC),3,7,2026-04-07 13:14:50.845408
eca0253e-ce3d-4576-a435-f4ba9e81ed22,41330,Coober Pedy (DC),3,3,2026-04-07 13:14:50.845408
88a17262-d701-4de3-b346-c2ce63330d65,41560,Copper Coast (DC),3,71,2026-04-07 13:14:50.845408
c7cd66ad-8677-4ad5-a51e-d9df75e77f8f,41750,Elliston (DC),3,0,2026-04-07 13:14:50.845408
3234e7f6-6db7-43d8-8e4c-2d9ec971b79c,41830,Flinders Ranges (DC),3,10,2026-04-07 13:14:50.845408
b0271871-694e-411c-9c1b-970ed6754261,41960,Franklin Harbour (DC),3,5,2026-04-07 13:14:50.845408
a352a7b1-40d8-4cae-bbf8-4ef9a0d6897e,42030,Gawler (T),3,159,2026-04-07 13:14:50.845408
ad0661a6-ca9b-4d26-8b17-5f1918a04342,42110,Goyder (DC),3,8,2026-04-07 13:14:50.845408
473456d7-54bb-432d-832a-4414d422f23b,42250,Grant (DC),3,17,2026-04-07 13:14:50.845408
12e28628-99cd-4857-b97c-bfafad16bda9,42600,Holdfast Bay (C),3,257,2026-04-07 13:14:50.845408
6ced3c89-d139-4f1c-98dd-2723e90b68d2,42750,Kangaroo Island (DC),3,27,2026-04-07 13:14:50.845408
25700040-2527-48dc-a10d-34bb00f975e9,43080,Karoonda East Murray (DC),3,6,2026-04-07 13:14:50.845408
b43bb70c-0679-414e-98aa-6141a4c7ca98,43220,Kimba (DC),3,2,2026-04-07 13:14:50.845408
cc3a47a1-8cb3-4789-b64a-d3adfef74126,43360,Kingston (DC) (SA),3,18,2026-04-07 13:14:50.845408
469623d0-6317-42db-be7d-e0c22ad04f6b,43650,Light (RegC),3,37,2026-04-07 13:14:50.845408
fc86334c-9748-4d1b-96a4-1ef7d5d2470b,43710,Lower Eyre Peninsula (DC),3,18,2026-04-07 13:14:50.845408
1e9dcedc-8216-4d58-be3c-1fa61da02c1c,43790,Loxton Waikerie (DC),3,75,2026-04-07 13:14:50.845408
add907ff-ed25-403f-b4a2-178b6afd8c62,43920,Mallala (DC),3,24,2026-04-07 13:14:50.845408
a5c3fa9c-bc6e-4516-83a5-0078bc9b2d22,44060,Marion (C),3,619,2026-04-07 13:14:50.845408
9ba77b50-61ea-44dc-b434-12737570c2d8,44210,Mid Murray (DC),3,78,2026-04-07 13:14:50.845408
f2502238-7575-4118-9e93-0ebbe0bd23bb,44340,Mitcham (C),3,380,2026-04-07 13:14:50.845408
a17d3c7b-a78a-429a-b8b0-07721f0c0b40,44550,Mount Barker (DC),3,133,2026-04-07 13:14:50.845408
1be1bef3-c20f-4e0c-9ac9-1c6800c9f185,44620,Mount Gambier (C),3,107,2026-04-07 13:14:50.845408
56d076ca-3236-48d1-ab38-f49f97e112ab,44830,Mount Remarkable (DC),3,8,2026-04-07 13:14:50.845408
420adf4c-d2d2-42f0-a825-09faa6115ff9,45040,Murray Bridge (RC),3,269,2026-04-07 13:14:50.845408
d17dd2b8-a045-4dd3-b693-e4ad82618259,45090,Naracoorte and Lucindale (DC),3,32,2026-04-07 13:14:50.845408
8be1b270-411f-4834-8587-6683a83b13dd,45120,Northern Areas (DC),3,9,2026-04-07 13:14:50.845408
abd5b78d-a08e-46b8-ab18-8c2ef43a6e6b,45290,Norwood Payneham St Peters (C),3,361,2026-04-07 13:14:50.845408
27c09bb7-c391-495b-86a9-3c927fbd7ed5,45340,Onkaparinga (C),3,1166,2026-04-07 13:14:50.845408
200b9be8-feab-4e45-9d03-0e2ce8a4ebf1,45400,Orroroo/Carrieton (DC),3,3,2026-04-07 13:14:50.845408
1abd6ca9-d6c2-4115-b615-0c56ce82e95c,45540,Peterborough (DC),3,6,2026-04-07 13:14:50.845408
7d9446a4-3925-4a27-ab8a-1492866e5bc3,45680,Playford (C),3,495,2026-04-07 13:14:50.845408
b867e7e4-9a8e-4cd9-acf4-68a1e9cf1d72,45890,Port Adelaide Enfield (C),3,969,2026-04-07 13:14:50.845408
fe04fa7c-9fd1-4501-80eb-abcda2b7e663,46090,Port Augusta (C),3,77,2026-04-07 13:14:50.845408
1de96979-7e78-46ea-b207-59c364031dc0,46300,Port Lincoln (C),3,110,2026-04-07 13:14:50.845408
fe55bad0-8454-4828-8b5f-d76c5afe80ff,46450,Port Pirie City and Dists (M),3,75,2026-04-07 13:14:50.845408
267f28e5-ab2c-4015-98ec-aeff0783b8d8,46510,Prospect (C),3,157,2026-04-07 13:14:50.845408
a45f5836-593e-4df9-99ab-d2b2a778fffc,46670,Renmark Paringa (DC),3,69,2026-04-07 13:14:50.845408
3cf81f6e-da5c-4981-a3cb-6cccae645872,46860,Robe (DC),3,6,2026-04-07 13:14:50.845408
d9c9c173-20cb-4efd-ba7f-f4a51d9dd8be,46970,Roxby Downs (M),3,1,2026-04-07 13:14:50.845408
77c151cb-ad72-4b60-b79a-0ce08de4af87,47140,Salisbury (C),3,841,2026-04-07 13:14:50.845408
e5f8cc5a-cbc2-41c5-9890-1f50cd3059f4,47290,Southern Mallee (DC),3,9,2026-04-07 13:14:50.845408
14926b83-11c7-46c7-bfb5-848689dab41f,47490,Streaky Bay (DC),3,10,2026-04-07 13:14:50.845408
b90135f6-f535-47a5-a55b-adb310262fad,47630,Tatiara (DC),3,19,2026-04-07 13:14:50.845408
100da2fe-ac6c-4ef2-8539-f2ba69a65607,47700,Tea Tree Gully (C),3,583,2026-04-07 13:14:50.845408
7a3cf609-3951-4fb0-afa2-3399b3dd5c31,47800,The Coorong (DC),3,48,2026-04-07 13:14:50.845408
3da5d20a-ce90-4cec-99ce-5df04fcd50b2,47910,Tumby Bay (DC),3,18,2026-04-07 13:14:50.845408
d4cf5342-a180-4687-b134-33223889998c,47980,Unley (C),3,301,2026-04-07 13:14:50.845408
f1ff1561-4216-4c89-8210-d1e32395e35c,48050,Victor Harbor (C),3,249,2026-04-07 13:14:50.845408
43f3fc9e-1602-4e25-94e2-b8eeb39d1eb0,48130,Wakefield (DC),3,28,2026-04-07 13:14:50.845408
ad3efdf5-9632-4238-9f86-fb56a7bda97d,48260,Walkerville (M),3,47,2026-04-07 13:14:50.845408
b9afa21d-0669-42b3-aff4-82d6faa36349,48340,Wattle Range (DC),3,51,2026-04-07 13:14:50.845408
2f93bb54-0860-478b-92f0-7b8e7548a9b1,48410,West Torrens (C),3,572,2026-04-07 13:14:50.845408
ed342a3d-75fc-48d7-a031-0bcf47d8d099,48540,Whyalla (C),3,155,2026-04-07 13:14:50.845408
94c973a3-7244-48c7-b21c-934926db6a96,48640,Wudinna (DC),3,2,2026-04-07 13:14:50.845408
79dc70d6-42c3-4fb9-b31f-99fd2650e1e3,48750,Yankalilla (DC),3,40,2026-04-07 13:14:50.845408
ee7e842c-eafe-471c-9c20-54c458ea9578,48830,Yorke Peninsula (DC),3,52,2026-04-07 13:14:50.845408
7eed9f19-fac2-469a-9875-8b8ec6ce2b9e,49399,Unincorporated SA,3,23,2026-04-07 13:14:50.845408
b3b0bc6c-171a-4da8-8058-4e6b3267d3a3,50080,Albany (C),3,248,2026-04-07 13:14:50.845408
f4e2266b-0008-4e47-b33b-23c9ca577ff0,50210,Armadale (C),3,267,2026-04-07 13:14:50.845408
6e7220dc-92ba-4e66-9d87-721f4c2c246d,50250,Ashburton (S),3,8,2026-04-07 13:14:50.845408
7fc9bdaf-66e0-4dc4-9237-2d82acd8f422,50280,Augusta-Margaret River (S),3,33,2026-04-07 13:14:50.845408
3a81db8f-5431-46b7-9afa-aae28c09e8e0,50350,Bassendean (T),3,67,2026-04-07 13:14:50.845408
26423489-4373-4609-9806-1ca94279435c,50420,Bayswater (C),3,343,2026-04-07 13:14:50.845408
b43178f8-4534-4b36-b64b-3fe719d767e3,50490,Belmont (C),3,121,2026-04-07 13:14:50.845408
c5f5393a-8680-4dde-af82-a08c1cb4e15a,50560,Beverley (S),3,17,2026-04-07 13:14:50.845408
4cabfe23-2737-4ad2-8d9a-c726af014416,50630,Boddington (S),3,5,2026-04-07 13:14:50.845408
b35c8dff-3114-4c7e-8d99-7e8d6c3a5ba0,50770,Boyup Brook (S),3,8,2026-04-07 13:14:50.845408
8c3d32fc-5189-4ff5-9732-e0271f5d902c,50840,Bridgetown-Greenbushes (S),3,13,2026-04-07 13:14:50.845408
bf26602c-efac-4e0b-bd2a-1515e74b4a12,50910,Brookton (S),3,8,2026-04-07 13:14:50.845408
831b66bd-38d7-4534-b449-1e289a8a9d86,50980,Broome (S),3,23,2026-04-07 13:14:50.845408
9fa92b14-0cef-48b2-94ea-3b1fa2904622,51080,Broomehill-Tambellup (S),3,0,2026-04-07 13:14:50.845408
e701f41b-6f66-4d9c-aa35-811418da1a55,51120,Bruce Rock (S),3,19,2026-04-07 13:14:50.845408
f6a6e763-f9a3-4526-a5ad-409f3fbfac39,51190,Bunbury (C),3,152,2026-04-07 13:14:50.845408
190c4770-4d6a-43d2-a33c-89181e5add5b,51260,Busselton (C),3,123,2026-04-07 13:14:50.845408
82373f7e-127d-49a1-a376-246426aa7df1,51310,Cambridge (T),3,90,2026-04-07 13:14:50.845408
83308b74-7348-4bad-9808-a2f655b3bb78,51330,Canning (C),3,244,2026-04-07 13:14:50.845408
019f3cf5-465e-4d70-b9ef-bcc95ca31aee,51400,Capel (S),3,33,2026-04-07 13:14:50.845408
a01745b4-85a8-4a00-b662-072907d1fece,51540,Carnarvon (S),3,8,2026-04-07 13:14:50.845408
a1463309-3b44-46de-9e19-d78f6756779b,51610,Chapman Valley (S),3,2,2026-04-07 13:14:50.845408
7db8d083-d69a-478c-940f-c01faf61343c,51680,Chittering (S),3,53,2026-04-07 13:14:50.845408
8f3a70e7-1629-4391-a9fa-65ee3f1dd57a,51750,Claremont (T),3,63,2026-04-07 13:14:50.845408
0fe1df67-6521-4d9d-8813-d7c7ee193934,51820,Cockburn (C),3,318,2026-04-07 13:14:50.845408
ad1b56a1-d361-47a7-bbc2-a90216a8d0e4,51890,Collie (S),3,27,2026-04-07 13:14:50.845408
a7e4df72-03f1-428b-9f0e-e1683b673f9a,51960,Coolgardie (S),3,9,2026-04-07 13:14:50.845408
18ef2571-1b84-43cc-9940-b4e68c5a1264,52030,Coorow (S),3,3,2026-04-07 13:14:50.845408
7a3fa407-9dcd-4e1b-94b6-4c40c3bf4b20,52100,Corrigin (S),3,6,2026-04-07 13:14:50.845408
a7c2d158-77e9-42a3-8a23-b0f6321bd033,52170,Cottesloe (T),3,31,2026-04-07 13:14:50.845408
f5b402f8-a3c7-442a-88b0-6e1fb3c5524b,52240,Cranbrook (S),3,10,2026-04-07 13:14:50.845408
84432745-5a8e-42e5-bf31-5a07780c6d4e,52310,Cuballing (S),3,5,2026-04-07 13:14:50.845408
b3b8f61f-006b-4681-af8b-0407021c46b8,52450,Cunderdin (S),3,8,2026-04-07 13:14:50.845408
c7a1c1ff-1cc2-453f-9e8b-dd81f403ff0d,52520,Dalwallinu (S),3,4,2026-04-07 13:14:50.845408
6295d637-b44d-4df2-8076-496113a7f1f6,52590,Dandaragan (S),3,43,2026-04-07 13:14:50.845408
6293b89c-d814-43d2-9fc8-b53c27ace7cb,52660,Dardanup (S),3,43,2026-04-07 13:14:50.845408
823a414c-ba12-406b-b9ff-4bea2e35319f,52730,Denmark (S),3,66,2026-04-07 13:14:50.845408
978490c1-5932-40f7-b69d-523e34ae4415,52800,Derby-West Kimberley (S),3,10,2026-04-07 13:14:50.845408
cc7b3f26-b9b8-4c1e-961b-411a6eb687f1,52870,Donnybrook-Balingup (S),3,21,2026-04-07 13:14:50.845408
1d71f2e2-755c-4a5a-83b4-c1d11b454a5e,52940,Dowerin (S),3,4,2026-04-07 13:14:50.845408
aa134583-1773-49b1-bef3-31164815a7a3,53010,Dumbleyung (S),3,0,2026-04-07 13:14:50.845408
96c0e674-ea94-4a7d-82ce-721dc82158a3,53150,East Fremantle (T),3,21,2026-04-07 13:14:50.845408
cb26eaee-041e-4e6c-8c93-44ea3077dbf1,53220,East Pilbara (S),3,6,2026-04-07 13:14:50.845408
936a23d5-bf17-4511-8095-4ce8d242f147,53290,Esperance (S),3,37,2026-04-07 13:14:50.845408
c0302121-32c8-4fb0-944a-bc0ed0454183,53360,Exmouth (S),3,1,2026-04-07 13:14:50.845408
9897aab5-4cc8-455a-90c1-1dd195919f51,53430,Fremantle (C),3,130,2026-04-07 13:14:50.845408
7760885d-31a5-404f-9fe5-45721c73d2f3,53570,Gingin (S),3,70,2026-04-07 13:14:50.845408
0e01fb4a-75f0-4557-9f8e-ca4cecd804fc,53640,Gnowangerup (S),3,2,2026-04-07 13:14:50.845408
93133ff5-c97b-4731-8077-d14f60e1ef63,53710,Goomalling (S),3,9,2026-04-07 13:14:50.845408
3a3c60f6-9fa4-457f-84ac-9dbcfb718015,53780,Gosnells (C),3,343,2026-04-07 13:14:50.845408
d7281e71-2ba5-4a2d-a2d4-4c7c48403e61,53800,Greater Geraldton (C),3,96,2026-04-07 13:14:50.845408
90803ff8-321f-45ef-a8fc-59564ea64728,53920,Halls Creek (S),3,10,2026-04-07 13:14:50.845408
cafc2330-d686-446d-a75c-3d7262761112,53990,Harvey (S),3,83,2026-04-07 13:14:50.845408
ae1e28bb-fdb1-4260-92e0-96c391c91079,54060,Irwin (S),3,6,2026-04-07 13:14:50.845408
329a9bda-f10d-422d-bb10-ab46446519f2,54130,Jerramungup (S),3,1,2026-04-07 13:14:50.845408
5ca7ad7c-4c24-4e32-8967-19d8b7be2368,54170,Joondalup (C),3,389,2026-04-07 13:14:50.845408
3168f5a9-259a-449c-8d2d-8323b976905b,54200,Kalamunda (S),3,206,2026-04-07 13:14:50.845408
c5238a50-a2f3-438e-9960-22169b5f2a10,54280,Kalgoorlie/Boulder (C),3,44,2026-04-07 13:14:50.845408
d17efca5-9a47-464f-b6c6-2eb20377afbf,54310,Karratha (C),3,9,2026-04-07 13:14:50.845408
ff049f1b-b458-49d7-8386-b68c4fea96c1,54340,Katanning (S),3,11,2026-04-07 13:14:50.845408
8626cbb6-5f1b-4cb1-8332-d0b882a78ae9,54410,Kellerberrin (S),3,25,2026-04-07 13:14:50.845408
23e02d3e-3aa4-4c41-a68f-e313df25ebbb,54550,Kojonup (S),3,3,2026-04-07 13:14:50.845408
314d3a2f-069a-4ae4-8de1-02c45daf274a,54620,Kondinin (S),3,8,2026-04-07 13:14:50.845408
ed84d4df-f167-47da-97ae-2bb2408d34bf,54690,Koorda (S),3,8,2026-04-07 13:14:50.845408
9a5a6870-c90c-4611-b3b4-fbc59885f2f2,54760,Kulin (S),3,1,2026-04-07 13:14:50.845408
e290b8fb-31d7-4de7-bba2-19fc12994bff,54830,Kwinana (C),3,109,2026-04-07 13:14:50.845408
a6617b0e-638d-482b-b342-8d4f0d61dd02,54900,Lake Grace (S),3,4,2026-04-07 13:14:50.845408
5e103402-48eb-4fc6-aa88-57701010a4af,54970,Laverton (S),3,0,2026-04-07 13:14:50.845408
bba4216f-0d04-40f4-975b-4609649292ee,55040,Leonora (S),3,0,2026-04-07 13:14:50.845408
e70946d0-8af5-4748-b552-cf3ddff8f80d,55110,Mandurah (C),3,483,2026-04-07 13:14:50.845408
79672477-9b9b-4911-846c-7e1df3e021f4,55180,Manjimup (S),3,45,2026-04-07 13:14:50.845408
98da1cd1-d59e-410c-96d2-c4e01f920e1c,55320,Melville (C),3,381,2026-04-07 13:14:50.845408
e93ae5fb-4b49-4476-b8cd-862ab582eaa9,55460,Merredin (S),3,50,2026-04-07 13:14:50.845408
2973adef-8fe6-41bd-8d92-06f431442da0,55530,Mingenew (S),3,0,2026-04-07 13:14:50.845408
90e525c5-9667-4f96-93bb-7e4be22f44de,55600,Moora (S),3,30,2026-04-07 13:14:50.845408
2fdb1c90-ff91-4c90-b183-a43637c90e4f,55670,Morawa (S),3,1,2026-04-07 13:14:50.845408
715d9bcd-99b6-493f-b239-ae64354fbde8,55740,Mosman Park (T),3,26,2026-04-07 13:14:50.845408
629e59a0-9c2e-45f8-9d28-4507b460259c,55880,Mount Marshall (S),3,1,2026-04-07 13:14:50.845408
eeedb990-6fc6-4654-8432-9b0eab2f6840,55950,Mukinbudin (S),3,9,2026-04-07 13:14:50.845408
a392916c-7e12-4703-817b-256fb088565d,56090,Mundaring (S),3,110,2026-04-07 13:14:50.845408
589994bb-6e89-4899-914b-bdb53f0875c0,56230,Murray (S),3,74,2026-04-07 13:14:50.845408
1626855b-0c7d-45e2-8627-c9db755e0364,56300,Nannup (S),3,12,2026-04-07 13:14:50.845408
b60b7bb3-d0e1-4810-b2ef-d1ab44474562,56370,Narembeen (S),3,9,2026-04-07 13:14:50.845408
ececc9e1-e7de-4672-8c69-9575a35fd43e,56460,Narrogin (S),3,60,2026-04-07 13:14:50.845408
8ccadd67-895b-4b8f-83b6-12f67573dd05,56580,Nedlands (C),3,47,2026-04-07 13:14:50.845408
a2715b19-6616-4019-84ce-363a7a3c9c68,56730,Northam (S),3,122,2026-04-07 13:14:50.845408
147ad0be-399c-4de5-9baf-22894f64dd4c,56790,Northampton (S),3,5,2026-04-07 13:14:50.845408
06b411ed-a542-4f6e-8bb6-dbb0a6336e7f,56860,Nungarin (S),3,5,2026-04-07 13:14:50.845408
7270cd3a-7cd5-456c-96f1-a316726ed7b4,56930,Peppermint Grove (S),3,1,2026-04-07 13:14:50.845408
64491480-eac8-4447-97b7-1855492edc71,57000,Perenjori (S),3,1,2026-04-07 13:14:50.845408
a825224a-42ca-4bab-bfce-b49d991400a7,57080,Perth (C),3,37,2026-04-07 13:14:50.845408
d52e86f7-309c-4d17-8ffa-cec1ddddac82,57140,Pingelly (S),3,33,2026-04-07 13:14:50.845408
08029074-8923-4db3-8086-dec5ade6ec8a,57210,Plantagenet (S),3,35,2026-04-07 13:14:50.845408
17b9275b-2b1c-4e24-aa30-feab016e6bf8,57280,Port Hedland (T),3,10,2026-04-07 13:14:50.845408
d2b38240-098b-4924-a77b-75cf862df607,57350,Quairading (S),3,6,2026-04-07 13:14:50.845408
3ad2cf65-94b1-4264-a3dd-b63e04fbc368,57420,Ravensthorpe (S),3,4,2026-04-07 13:14:50.845408
5501a499-da57-46c0-9f5d-6e702b97eda6,57490,Rockingham (C),3,396,2026-04-07 13:14:50.845408
f4976d3e-a003-465e-8e37-58baf1d1a272,57700,Serpentine-Jarrahdale (S),3,55,2026-04-07 13:14:50.845408
29294d8c-0aef-49ef-96ed-aabf8e900cc8,57770,Shark Bay (S),3,1,2026-04-07 13:14:50.845408
c7cd98e6-0ac6-4774-b25b-2da470110395,57840,South Perth (C),3,101,2026-04-07 13:14:50.845408
418ad872-4cd4-498d-b738-a69511d03ca0,57910,Stirling (C),3,907,2026-04-07 13:14:50.845408
45b80da3-f654-4d6b-bbb2-fab0b306e1e7,57980,Subiaco (C),3,49,2026-04-07 13:14:50.845408
da024643-7c4f-4553-9bb6-314c99a8e597,58050,Swan (C),3,382,2026-04-07 13:14:50.845408
2f6eda44-18a0-4018-9be3-28bf2239aa6e,58190,Tammin (S),3,2,2026-04-07 13:14:50.845408
4d08f18d-4d3f-4832-bf35-2d8ec02b95bc,58330,Toodyay (S),3,63,2026-04-07 13:14:50.845408
7154f442-1877-484b-a580-27c67680eb8b,58400,Trayning (S),3,7,2026-04-07 13:14:50.845408
a0de4e77-4e38-47f4-8e10-58a406f7e6ec,58510,Victoria Park (T),3,116,2026-04-07 13:14:50.845408
ab6cbbe5-1388-4e53-9113-917e5231d895,58540,Victoria Plains (S),3,6,2026-04-07 13:14:50.845408
7fd4039e-4a71-4e93-a984-7168a3904bd2,58570,Vincent (C),3,110,2026-04-07 13:14:50.845408
d875df8c-5e6f-4631-b017-5dd97ffdaec1,58610,Wagin (S),3,10,2026-04-07 13:14:50.845408
47868f48-71e6-4aa8-9728-5ac2771a9e06,58680,Wandering (S),3,7,2026-04-07 13:14:50.845408
1bdfc52b-ebb9-4c40-8991-a1dc2b3cf40f,58760,Wanneroo (C),3,552,2026-04-07 13:14:50.845408
12847420-5637-40e2-b73d-7f10d78046d5,58820,Waroona (S),3,27,2026-04-07 13:14:50.845408
5a3fd156-f454-4a86-81f9-58216fc8acf5,58890,West Arthur (S),3,7,2026-04-07 13:14:50.845408
f91a4dbe-dec7-4211-84c1-553ef2f83f4f,59030,Westonia (S),3,13,2026-04-07 13:14:50.845408
d0a472a9-a7ea-4d1c-a29b-36b2e818c50b,59100,Wickepin (S),3,7,2026-04-07 13:14:50.845408
f3e36572-9108-4365-8850-651411e57bc9,59170,Williams (S),3,8,2026-04-07 13:14:50.845408
1311d305-c989-480f-a257-c639b6092332,59250,Wiluna (S),3,1,2026-04-07 13:14:50.845408
ed303a0f-25b9-4352-92f9-8518e78c6d5f,59310,Wongan-Ballidu (S),3,11,2026-04-07 13:14:50.845408
9debb419-eedf-45a7-9ea8-25ee7ce203cf,59320,Woodanilling (S),3,0,2026-04-07 13:14:50.845408
a80420e3-53d5-42cf-a17c-c071573f8e62,59330,Wyalkatchem (S),3,17,2026-04-07 13:14:50.845408
0dfa9d0e-28e2-4e8a-83bf-8baf65ab8a6b,59340,Wyndham-East Kimberley (S),3,9,2026-04-07 13:14:50.845408
3e847276-a01a-437a-a22d-cb567f3b0264,59360,Yilgarn (S),3,18,2026-04-07 13:14:50.845408
ed98bb9e-268e-496e-b9ba-5ddddf9ece5c,59370,York (S),3,36,2026-04-07 13:14:50.845408
3ef09756-bfb3-430d-a4d4-9638b325976b,60210,Break O'Day (M),3,49,2026-04-07 13:14:50.845408
1867f113-9d0f-4fd3-a04d-d904a47a37b5,60410,Brighton (M),3,69,2026-04-07 13:14:50.845408
2ae880c7-7056-4a6d-b93b-d94ee2a4fbfe,60610,Burnie (C),3,85,2026-04-07 13:14:50.845408
e0f14627-35c7-4022-94c3-dbc5c37b9e10,60810,Central Coast (M) (Tas.),3,134,2026-04-07 13:14:50.845408
0a3c6293-3681-4b47-ade2-714e13a9040c,61010,Central Highlands (M) (Tas.),3,9,2026-04-07 13:14:50.845408
9dc11743-5eb3-4298-b21c-4523ce291d64,61210,Circular Head (M),3,19,2026-04-07 13:14:50.845408
57b218e4-15c1-44ad-b298-d85d246395b0,61410,Clarence (C),3,258,2026-04-07 13:14:50.845408
edc3b0a5-a415-49d9-955e-9356d4ba841f,61510,Derwent Valley (M),3,44,2026-04-07 13:14:50.845408
caae585a-542f-4f95-a147-d5e49990cc8a,61610,Devonport (C),3,139,2026-04-07 13:14:50.845408
05ed9250-e4af-4ecc-bfe3-8fe334c136ad,61810,Dorset (M),3,38,2026-04-07 13:14:50.845408
2682504e-6262-41a8-a42c-8d51ed0252d4,62010,Flinders (M) (Tas.),3,7,2026-04-07 13:14:50.845408
10934251-5953-45bf-9ddc-5e2d14c448bd,62210,George Town (M),3,43,2026-04-07 13:14:50.845408
0524f20d-1e29-4ef4-bcfb-bd80619a20c9,62410,Glamorgan/Spring Bay (M),3,32,2026-04-07 13:14:50.845408
d3400d5c-4fb5-49bd-883b-fd4e4535f8ce,62610,Glenorchy (C),3,267,2026-04-07 13:14:50.845408
b95ca515-90f4-44fb-b474-d7c33f05f04b,62810,Hobart (C),3,165,2026-04-07 13:14:50.845408
b9d092fa-02a9-4107-80aa-a578f6add41a,63010,Huon Valley (M),3,94,2026-04-07 13:14:50.845408
9cabe95b-d949-400a-8412-1e51e8629ca7,63210,Kentish (M),3,21,2026-04-07 13:14:50.845408
3289dfa2-dea4-424b-9c5a-d2ee6feee28b,63410,King Island (M),3,3,2026-04-07 13:14:50.845408
49813414-6f0f-4669-9aae-fcd9581c6b81,63610,Kingborough (M),3,168,2026-04-07 13:14:50.845408
7bec19e0-5eb6-4eee-a8d3-57e583edf599,63810,Latrobe (M) (Tas.),3,91,2026-04-07 13:14:50.845408
9e690ad8-844d-4a02-9275-47df8d17aef5,64010,Launceston (C),3,264,2026-04-07 13:14:50.845408
f4314113-0269-4218-9b87-2c45b63873e1,64210,Meander Valley (M),3,80,2026-04-07 13:14:50.845408
a831fadd-16a4-4403-baaf-ec45ddecf727,64610,Northern Midlands (M),3,57,2026-04-07 13:14:50.845408
9e6c3683-fe4a-40dd-87c3-b5d3c758cc85,64810,Sorell (M),3,67,2026-04-07 13:14:50.845408
adad239a-bc34-4459-ad06-bfb5e018571e,65010,Southern Midlands (M),3,30,2026-04-07 13:14:50.845408
d238e08d-d96e-4ee3-9b43-d6dd158a1d2e,65210,Tasman (M),3,11,2026-04-07 13:14:50.845408
56d6d66b-132f-4b7e-b550-37bc1281124f,65410,Waratah/Wynyard (M),3,87,2026-04-07 13:14:50.845408
961df876-3da8-4cfb-97dc-55766854a43a,65610,West Coast (M),3,25,2026-04-07 13:14:50.845408
2690e2b3-6cb2-4b8a-9eb0-b077a9962b41,65810,West Tamar (M),3,92,2026-04-07 13:14:50.845408
4823a336-64b1-47c8-9f27-5dd264505b05,70200,Alice Springs (T),3,63,2026-04-07 13:14:50.845408
607c9b86-6ee7-4602-a6bf-b02c73cf29bf,70420,Barkly (R),3,3,2026-04-07 13:14:50.845408
e4dff701-f9bb-4e51-90f8-a0d1747d5a6c,70540,Belyuen (S),3,5,2026-04-07 13:14:50.845408
7985f83b-4b39-4c67-9e2b-a1cde7f3e024,70620,Central Desert (R),3,2,2026-04-07 13:14:50.845408
836be9ca-ebe5-4dcf-a712-6e28e0287d86,70700,Coomalie (S),3,12,2026-04-07 13:14:50.845408
aefe6995-9734-4d54-9931-f7608685bdad,71000,Darwin (C),3,198,2026-04-07 13:14:50.845408
3aa83318-691d-46a5-8446-9923d80c9f5e,71300,East Arnhem (R),3,47,2026-04-07 13:14:50.845408
694f1597-0432-4741-9208-f66bca929dca,72200,Katherine (T),3,21,2026-04-07 13:14:50.845408
edfc7200-4a4e-471c-850a-dcd7c69a2dc1,72300,Litchfield (M),3,55,2026-04-07 13:14:50.845408
4e8faef2-0948-4c39-89b0-63f4af08a0bd,72330,MacDonnell (R),3,2,2026-04-07 13:14:50.845408
e5ba21ac-837a-4b39-b70c-9a734d9ffbf9,72800,Palmerston (C),3,62,2026-04-07 13:14:50.845408
53e57906-b962-4dfa-bd06-b682b5320557,73600,Roper Gulf (R),3,14,2026-04-07 13:14:50.845408
9efed65c-6261-4478-8ea9-6e4f93957dea,74550,Victoria Daly (R),3,2,2026-04-07 13:14:50.845408
7588611a-124d-4538-b427-459f127d206b,74560,Wagait (S),3,1,2026-04-07 13:14:50.845408
6a4e3dc1-1034-4df7-9024-cb7f0c9f2b0b,74660,West Arnhem (R),3,6,2026-04-07 13:14:50.845408
06a368ee-33ba-4981-b3b7-43ad7e1f0c81,79399,Unincorporated NT,3,14,2026-04-07 13:14:50.845408
0ea70b22-0b7e-427f-9b34-f9cb0f3c38be,89399,Unincorporated ACT,3,1028,2026-04-07 13:14:50.845408
12a2f12f-c871-474b-b365-b93fe71de0e7,99399,Unincorp. Other Territories,3,2,2026-04-07 13:14:50.845408
fee3b4e5-a9f1-4834-a771-c20c5f67aa70,10050,Albury (C),4,85,2026-04-07 13:14:50.845408
b2948fb6-6b92-4fa0-a6ad-ec2e734e4895,10130,Armidale Regional (A),4,54,2026-04-07 13:14:50.845408
10e37d32-cf2e-4382-ad7e-04906d8dc4be,10250,Ballina (A),4,178,2026-04-07 13:14:50.845408
940a7e80-e5df-413f-996e-c31ad2afc327,10300,Balranald (A),4,4,2026-04-07 13:14:50.845408
f7cda702-52d9-4197-b6a4-6a91d938bf8a,10470,Bathurst Regional (A),4,81,2026-04-07 13:14:50.845408
e77ff557-b21d-4973-9166-30b339de8a49,10550,Bega Valley (A),4,75,2026-04-07 13:14:50.845408
3bbc1ee0-fe90-4244-a7e5-b41d020480dd,10600,Bellingen (A),4,31,2026-04-07 13:14:50.845408
68ff622e-1ac0-4def-a82c-9f8af2184967,10650,Berrigan (A),4,7,2026-04-07 13:14:50.845408
b7e959fc-8483-4744-9def-4755d3c49576,10750,Blacktown (C),4,474,2026-04-07 13:14:50.845408
667feeb2-6592-4942-ab7c-7e250c4fd12d,10800,Bland (A),4,7,2026-04-07 13:14:50.845408
719ef19d-8832-49d5-9a67-2ddbfd939cc9,10850,Blayney (A),4,14,2026-04-07 13:14:50.845408
3dfd1d08-e697-404b-8820-569d3805f1e0,10900,Blue Mountains (C),4,147,2026-04-07 13:14:50.845408
5aadadf1-2734-424a-8ff5-7d9d842ecb86,10950,Bogan (A),4,7,2026-04-07 13:14:50.845408
57f7b8d1-53ce-46b1-9f08-2b58af139a08,11100,Botany Bay (C),4,88,2026-04-07 13:14:50.845408
27d248b3-bce5-4522-86f4-f1260696edb5,11150,Bourke (A),4,3,2026-04-07 13:14:50.845408
c00e610e-a1e0-468d-86f1-1f8453ac6c77,11200,Brewarrina (A),4,2,2026-04-07 13:14:50.845408
596947d9-d488-4a11-a52c-40ecdca1d1f5,11250,Broken Hill (C),4,23,2026-04-07 13:14:50.845408
d6ae8675-6032-419b-96c3-a9484de2d6b2,11300,Burwood (A),4,104,2026-04-07 13:14:50.845408
5977088c-583f-4ac1-adff-9de3380ecf90,11350,Byron (A),4,53,2026-04-07 13:14:50.845408
723b4ad9-4694-438d-b57a-d7dfcaf2c5f4,11400,Cabonne (A),4,24,2026-04-07 13:14:50.845408
7445a58b-b7b8-43b4-8502-95d5a4d4841c,11450,Camden (A),4,38,2026-04-07 13:14:50.845408
a3ee10a2-2caa-4e69-ae7a-bf0c607b493f,11500,Campbelltown (C) (NSW),4,102,2026-04-07 13:14:50.845408
c4d22882-d30d-412a-a9e9-73206a1eb058,11520,Canada Bay (A),4,181,2026-04-07 13:14:50.845408
92ad7980-5eea-43e2-9433-fb8c2034b832,11570,Canterbury-Bankstown (A),4,833,2026-04-07 13:14:50.845408
fec72a43-a401-47cc-9fc2-d8655816dc8b,11600,Carrathool (A),4,4,2026-04-07 13:14:50.845408
7ba418b8-240a-412c-952b-8e59ea68f3c4,11650,Central Coast (C) (NSW),4,881,2026-04-07 13:14:50.845408
0f158088-6ebd-4687-b9a8-fe3bfb57c832,11700,Central Darling (A),4,2,2026-04-07 13:14:50.845408
1ea6e113-2491-4568-90bc-0a56ecff44cc,11720,Cessnock (C),4,126,2026-04-07 13:14:50.845408
82095a93-8f36-4a26-a5b1-751d7fb61a41,11730,Clarence Valley (A),4,127,2026-04-07 13:14:50.845408
838a2a8a-999d-4a09-974d-7aac7bf6da1e,11750,Cobar (A),4,6,2026-04-07 13:14:50.845408
ccd98ffe-b123-4818-a929-97a13efb8eb3,11800,Coffs Harbour (C),4,174,2026-04-07 13:14:50.845408
d8ff3f15-2b2c-4e57-b01c-9071be36c0e6,12000,Coolamon (A),4,9,2026-04-07 13:14:50.845408
16a7d321-992e-4c3c-a212-0b852d8990f5,12150,Coonamble (A),4,4,2026-04-07 13:14:50.845408
44b46895-f828-4c51-bb43-2449c9cdd81b,12350,Cowra (A),4,31,2026-04-07 13:14:50.845408
dec4133e-b4f6-4eae-851c-e578405bdd12,12380,Cumberland (A),4,422,2026-04-07 13:14:50.845408
d828e435-018e-4c9e-9a6a-b2e536c79069,12700,Dungog (A),4,14,2026-04-07 13:14:50.845408
f99c02fb-5a48-451a-a72b-6f5466856c66,12730,Edward River (A),4,4,2026-04-07 13:14:50.845408
e1a5f923-d9eb-4b44-a1bb-e35ec95c8637,12750,Eurobodalla (A),4,147,2026-04-07 13:14:50.845408
f7e80a82-6e5b-4ae5-a2ff-232c48e8bfb3,12850,Fairfield (C),4,494,2026-04-07 13:14:50.845408
e16036fd-2e64-4ab2-b8b2-c36e141ab55b,12870,Federation (A),4,12,2026-04-07 13:14:50.845408
85009ac5-59dc-4994-b48e-ac14c41d9b5f,12900,Forbes (A),4,20,2026-04-07 13:14:50.845408
d9f9c5d9-ab10-41d6-a22a-d813d278fdb9,12930,Georges River (A),4,269,2026-04-07 13:14:50.845408
48d87fab-dd71-40de-8f82-9770adf4e42d,12950,Gilgandra (A),4,5,2026-04-07 13:14:50.845408
6dd780ec-8b29-4dcb-a44c-7fddc495f639,13010,Glen Innes Severn (A),4,13,2026-04-07 13:14:50.845408
1031a008-b769-4730-98f8-88cb29561085,13310,Goulburn Mulwaree (A),4,76,2026-04-07 13:14:50.845408
e5d01c15-9cea-4b21-b869-26ac783fc19a,13340,Greater Hume Shire (A),4,11,2026-04-07 13:14:50.845408
0f5e6629-afc3-4568-815c-7f4f1fa949dd,13450,Griffith (C),4,48,2026-04-07 13:14:50.845408
32790170-5115-4207-a2cc-d465910d6815,13510,Gundagai (A),4,42,2026-04-07 13:14:50.845408
6fee13d4-6524-4554-a9c7-1399570af87c,13550,Gunnedah (A),4,10,2026-04-07 13:14:50.845408
64f6dffa-3563-41e1-b233-6ee06ac1d9ed,13660,Gwydir (A),4,5,2026-04-07 13:14:50.845408
8ebc3b52-7177-4f1a-adcc-f7eaa38551ef,13800,Hawkesbury (C),4,89,2026-04-07 13:14:50.845408
a73a2baa-6ac7-4c44-b16e-0e30a3f0bb6e,13850,Hay (A),4,0,2026-04-07 13:14:50.845408
da971e7a-af36-4dc2-b1c8-dd1137c4063d,13910,Hilltops (A),4,39,2026-04-07 13:14:50.845408
d422dd0a-040a-4296-b7c7-a10b844a4736,14000,Hornsby (A),4,245,2026-04-07 13:14:50.845408
b5a34110-e586-4e09-8f3c-0245ac0d40cf,14100,Hunters Hill (A),4,52,2026-04-07 13:14:50.845408
f6ac7015-870b-40fb-9ddd-2e072f3f2ab5,14170,Inner West (A),4,304,2026-04-07 13:14:50.845408
04cd4f82-8d90-48d8-8a75-37d8cdee9d1c,14200,Inverell (A),4,30,2026-04-07 13:14:50.845408
8d4f38b1-3181-452b-949a-e8f380858741,14300,Junee (A),4,5,2026-04-07 13:14:50.845408
a30f9453-98eb-4d03-96d7-bd9c1e55c7cc,14350,Kempsey (A),4,105,2026-04-07 13:14:50.845408
6959b68d-8d0e-440d-91d8-0167cac6ae08,14400,Kiama (A),4,39,2026-04-07 13:14:50.845408
193257e4-f605-4017-a84f-8d4c80af33c7,14500,Ku-ring-gai (A),4,227,2026-04-07 13:14:50.845408
26cf0ed7-af31-4656-8728-b9ca5a882baf,14550,Kyogle (A),4,34,2026-04-07 13:14:50.845408
59da40c0-705a-49ca-8fb8-e66c1520d7d6,14600,Lachlan (A),4,8,2026-04-07 13:14:50.845408
f407e2d0-925c-4e94-b478-25e42c478c05,14650,Lake Macquarie (C),4,525,2026-04-07 13:14:50.845408
425d4954-fdc6-48af-b2ac-fc244e333191,14700,Lane Cove (A),4,65,2026-04-07 13:14:50.845408
76ea8db0-6cb0-49bd-b8e2-5991402c91f4,14750,Leeton (A),4,15,2026-04-07 13:14:50.845408
a798edef-6f45-418e-83ad-d060e94eb079,14850,Lismore (C),4,126,2026-04-07 13:14:50.845408
44fcf5e4-b701-4c80-b333-e720c076e5d9,14870,Lithgow (C),4,55,2026-04-07 13:14:50.845408
f748f826-3859-4af8-8715-54a76fb7cea1,14900,Liverpool (C),4,319,2026-04-07 13:14:50.845408
fed2b53e-a23a-4aec-8773-9554d1d1d8eb,14920,Liverpool Plains (A),4,7,2026-04-07 13:14:50.845408
4ffac623-a867-4485-817b-e65c0502ecf4,14950,Lockhart (A),4,4,2026-04-07 13:14:50.845408
7017032d-2a0a-4900-841d-4eb81601c716,15050,Maitland (C),4,169,2026-04-07 13:14:50.845408
ffa6df95-75b7-45be-bc88-48352cedf68d,15240,Mid-Coast (A),4,802,2026-04-07 13:14:50.845408
1c5bf0de-6b56-4101-842c-65c4bc2b3a4c,15270,Mid-Western Regional (A),4,47,2026-04-07 13:14:50.845408
b20517af-1709-4db7-9c24-039920b9eb77,15300,Moree Plains (A),4,11,2026-04-07 13:14:50.845408
0f23e1cb-a933-4686-b697-af9bf1bfae7a,15350,Mosman (A),4,54,2026-04-07 13:14:50.845408
bab8cc3c-7604-4027-91e3-3a50c5465517,15520,Murray River (A),4,16,2026-04-07 13:14:50.845408
b0fb73a5-7db5-4cff-a88f-578f23003ed1,15560,Murrumbidgee (A),4,2,2026-04-07 13:14:50.845408
719c3082-649d-426a-8d30-5474daab0e1d,15650,Muswellbrook (A),4,30,2026-04-07 13:14:50.845408
d42994d5-0afd-4bad-ad32-f43a6fb1c58c,15700,Nambucca (A),4,70,2026-04-07 13:14:50.845408
d9fa199d-ef7c-44d6-8d73-a0a584f42fe4,15750,Narrabri (A),4,9,2026-04-07 13:14:50.845408
efd806a6-7616-4624-88cd-2aedf35f240b,15800,Narrandera (A),4,5,2026-04-07 13:14:50.845408
9bce1fb4-03da-4f5d-9adf-e496a390888c,15850,Narromine (A),4,10,2026-04-07 13:14:50.845408
a1221830-6172-478d-a285-feb72a6971f5,15900,Newcastle (C),4,414,2026-04-07 13:14:50.845408
73e94223-e027-4eb0-b267-a664233cd454,15950,North Sydney (A),4,81,2026-04-07 13:14:50.845408
c428ad29-359a-4ff7-9833-2608124f7079,15990,Northern Beaches (A),4,426,2026-04-07 13:14:50.845408
32b720d5-a4d7-4a15-9759-26c138b9233e,16100,Oberon (A),4,11,2026-04-07 13:14:50.845408
ee4df181-5dbb-4f60-9efb-1e950fc1458d,16150,Orange (C),4,82,2026-04-07 13:14:50.845408
7ac77162-4809-4ab8-876e-a0e2adbe8112,16200,Parkes (A),4,27,2026-04-07 13:14:50.845408
b318de98-2ee5-4e09-a786-6c0f3e270621,16260,Parramatta (C),4,362,2026-04-07 13:14:50.845408
2a2dee5e-9473-4c17-93d7-c4ad3ac55cc9,16350,Penrith (C),4,266,2026-04-07 13:14:50.845408
ca466e1e-ecf8-4362-9f85-ccd423d838a4,16380,Port Macquarie-Hastings (A),4,231,2026-04-07 13:14:50.845408
a7782e66-e06d-48cc-b4eb-d03827f854af,16400,Port Stephens (A),4,247,2026-04-07 13:14:50.845408
dafd5a57-d12b-4110-8dbc-6cbc1195c6e0,16490,Queanbeyan-Palerang Regional (A),4,85,2026-04-07 13:14:50.845408
509af22d-92ee-475b-be5f-49099065542d,16550,Randwick (C),4,251,2026-04-07 13:14:50.845408
2b50c8b5-9a38-4b9c-95cb-7a8624f2891b,16610,Richmond Valley (A),4,95,2026-04-07 13:14:50.845408
eb237820-a35a-41c0-8112-22d887797b47,16650,Rockdale (C),4,183,2026-04-07 13:14:50.845408
38cd8c24-3faf-4238-868c-e0a56cddbe88,16700,Ryde (C),4,275,2026-04-07 13:14:50.845408
a326b2a8-b64d-4d06-8b30-aa1b462a4b43,16900,Shellharbour (C),4,142,2026-04-07 13:14:50.845408
0d71dfa4-7672-4dd2-ae40-db3c94d86978,16950,Shoalhaven (C),4,245,2026-04-07 13:14:50.845408
0614edcc-a438-4668-a0f3-423ed82b9f5a,17000,Singleton (A),4,51,2026-04-07 13:14:50.845408
f5ddf01a-4df2-4af8-bc53-dd44b02a386f,17040,Snowy Monaro Regional (A),4,39,2026-04-07 13:14:50.845408
3467e661-0859-4d30-8260-16e6be41c1f1,17080,Snowy Valleys (A),4,19,2026-04-07 13:14:50.845408
5cf7b80c-2d55-4364-9e72-4794ca86c2f9,17100,Strathfield (A),4,66,2026-04-07 13:14:50.845408
68823b1f-b62c-41ff-b8a4-8b5596185cfe,17150,Sutherland Shire (A),4,289,2026-04-07 13:14:50.845408
536a8251-df3c-4003-9861-dc598c6eb7ad,17200,Sydney (C),4,222,2026-04-07 13:14:50.845408
8629bf6a-a163-4378-95ad-283a6375a416,17310,Tamworth Regional (A),4,92,2026-04-07 13:14:50.845408
ceb4cbe9-4838-4b3e-9f0d-33b29e3780ab,17350,Temora (A),4,10,2026-04-07 13:14:50.845408
be6d85e5-b9ae-478b-8400-fb4132cc5dd1,17400,Tenterfield (A),4,10,2026-04-07 13:14:50.845408
e7971169-b622-4e10-973f-8003fb49a7a5,17420,The Hills Shire (A),4,199,2026-04-07 13:14:50.845408
4a42049f-b21d-405c-9648-0d916158813a,17550,Tweed (A),4,304,2026-04-07 13:14:50.845408
3fcd4dfe-e5b2-492f-bafa-83254ddca56e,17620,Upper Hunter Shire (A),4,38,2026-04-07 13:14:50.845408
d1c44fec-5767-4e33-b4cc-99282be023ac,17640,Upper Lachlan Shire (A),4,16,2026-04-07 13:14:50.845408
9277514f-82be-435e-8a1c-bc30d0946243,17650,Uralla (A),4,11,2026-04-07 13:14:50.845408
4726d3e2-b866-4fe1-8d96-9c8284ee7462,17750,Wagga Wagga (C),4,127,2026-04-07 13:14:50.845408
0cda9b08-9a34-4acc-ba14-22e527420d34,17850,Walcha (A),4,4,2026-04-07 13:14:50.845408
97066a7e-7362-4ddb-bdde-17e1b3ff3559,17900,Walgett (A),4,3,2026-04-07 13:14:50.845408
c46c504f-19a3-44ff-932e-13112def2160,17950,Warren (A),4,6,2026-04-07 13:14:50.845408
437e49b3-ea26-41b6-8e7e-12ae2bdbcc7d,18020,Warrumbungle Shire (A),4,27,2026-04-07 13:14:50.845408
92a954b5-7664-471f-8e80-6e091d453f0a,18050,Waverley (A),4,76,2026-04-07 13:14:50.845408
8f771a92-8ce0-49c4-aa39-59366008359e,18100,Weddin (A),4,7,2026-04-07 13:14:50.845408
fe9c5b3d-f7d2-4ce8-a815-1300d148f1e0,18200,Wentworth (A),4,5,2026-04-07 13:14:50.845408
e8e210c3-d6a5-43af-9cf6-104846d392a6,18230,Western Plains Regional (A),4,132,2026-04-07 13:14:50.845408
4dd7d94b-3d91-409a-8a7d-5ca084937351,18250,Willoughby (C),4,125,2026-04-07 13:14:50.845408
b2667aea-ac94-42b7-afca-0fdd94bd2b9a,18350,Wingecarribee (A),4,35,2026-04-07 13:14:50.845408
a4ab66b8-2dfd-45a6-99d8-314110891059,18400,Wollondilly (A),4,24,2026-04-07 13:14:50.845408
88c41cfc-8f61-46b3-b1d1-0b2ec8e6575c,18450,Wollongong (C),4,398,2026-04-07 13:14:50.845408
f178b2cc-156f-432c-bf4e-e8c28e43dd77,18500,Woollahra (A),4,83,2026-04-07 13:14:50.845408
f9127d73-83f6-4681-8cb5-60cb99863030,18710,Yass Valley (A),4,21,2026-04-07 13:14:50.845408
66270eaa-94a1-43cc-8b84-a67417424039,19399,Unincorporated NSW,4,1,2026-04-07 13:14:50.845408
f3b4eee7-eb70-42e4-8c9b-8761e2656076,20110,Alpine (S),4,4,2026-04-07 13:14:50.845408
30b01fd6-2e33-484d-8ebf-7f698aad2975,20260,Ararat (RC),4,22,2026-04-07 13:14:50.845408
e81fc3a8-8fa5-4ac4-b557-69ebbb832b65,20570,Ballarat (C),4,325,2026-04-07 13:14:50.845408
120ef84d-e125-492b-ab20-f2d64af599d6,20660,Banyule (C),4,286,2026-04-07 13:14:50.845408
88e41513-40f8-4702-a5b5-f92370f5c407,20740,Bass Coast (S),4,290,2026-04-07 13:14:50.845408
31c43d02-22a4-4c9f-b60e-c64a3bcc7d4f,20830,Baw Baw (S),4,181,2026-04-07 13:14:50.845408
d4a8a078-603a-4c91-96a6-d60298afa1e4,20910,Bayside (C),4,296,2026-04-07 13:14:50.845408
480306b1-da34-4f38-ab0b-8d452344af33,21010,Benalla (RC),4,17,2026-04-07 13:14:50.845408
521bea24-d395-4b06-b449-b0ccb2739186,21110,Boroondara (C),4,665,2026-04-07 13:14:50.845408
47da88aa-416c-45d3-aabc-555856fea1cb,21180,Brimbank (C),4,596,2026-04-07 13:14:50.845408
b0f0ac55-da9a-4299-9842-2b8b94f4ebf6,21270,Buloke (S),4,11,2026-04-07 13:14:50.845408
6f9f1493-9312-4a79-9800-177065dd59c7,21370,Campaspe (S),4,159,2026-04-07 13:14:50.845408
32aa367c-302c-41f0-9690-1b0c415a6d9a,21450,Cardinia (S),4,218,2026-04-07 13:14:50.845408
e5cb0bd2-2680-403a-b951-ca51e342f409,21610,Casey (C),4,907,2026-04-07 13:14:50.845408
c8cd8ee4-bc2f-4db0-997a-e373888c58c7,21670,Central Goldfields (S),4,41,2026-04-07 13:14:50.845408
af9bd196-a330-4119-b3a9-4ff7a44645f3,21750,Colac-Otway (S),4,73,2026-04-07 13:14:50.845408
cc915deb-e420-4daf-ad20-56212c3a0702,21830,Corangamite (S),4,60,2026-04-07 13:14:50.845408
b142601d-0d33-4c05-bb74-eb02afb2c8f6,21890,Darebin (C),4,533,2026-04-07 13:14:50.845408
31531971-841f-476f-afed-03723edcaca5,22110,East Gippsland (S),4,310,2026-04-07 13:14:50.845408
22dc8d69-c774-401c-90f1-e2ac26dea89a,22170,Frankston (C),4,510,2026-04-07 13:14:50.845408
4d01b02e-97c9-45a4-80ff-f7e315a7c2ee,22250,Gannawarra (S),4,34,2026-04-07 13:14:50.845408
7d9ae37f-e337-4f8a-8a1f-44ebab2be7f3,22310,Glen Eira (C),4,561,2026-04-07 13:14:50.845408
7d8e992b-0623-4f20-93c8-fa09bd95ebb8,22410,Glenelg (S),4,91,2026-04-07 13:14:50.845408
03d1615e-0f2d-4861-8fb0-ce9916e4e0d6,22490,Golden Plains (S),4,37,2026-04-07 13:14:50.845408
55ff57b5-4a94-434b-8dd3-255213aa6727,22620,Greater Bendigo (C),4,326,2026-04-07 13:14:50.845408
3cd1064a-5b9e-4b5d-8f74-e0b9d77b5075,22670,Greater Dandenong (C),4,730,2026-04-07 13:14:50.845408
020e34d6-3a19-48fa-8a7a-b9c7d80dca58,22750,Greater Geelong (C),4,1095,2026-04-07 13:14:50.845408
83eed4f5-8d5e-4633-9498-8147094e672c,22830,Greater Shepparton (C),4,51,2026-04-07 13:14:50.845408
376385b5-4ced-4d6d-b581-b43b07b0cb11,22910,Hepburn (S),4,46,2026-04-07 13:14:50.845408
e3863e24-0db8-4b4f-97b0-5e36fabaa83c,22980,Hindmarsh (S),4,16,2026-04-07 13:14:50.845408
c689aab0-647b-4b0b-afda-9c42fb90a91c,23110,Hobsons Bay (C),4,196,2026-04-07 13:14:50.845408
035d397e-98a1-40ed-8f87-7183d315244c,23190,Horsham (RC),4,50,2026-04-07 13:14:50.845408
8caa707f-0431-4512-84b4-2108cc3b89fd,23270,Hume (C),4,877,2026-04-07 13:14:50.845408
adbc4f6d-ac37-4659-b2ae-9905b742c792,23350,Indigo (S),4,20,2026-04-07 13:14:50.845408
0a7e8596-a973-44e1-b4bd-d67b61982468,23430,Kingston (C) (Vic.),4,554,2026-04-07 13:14:50.845408
e62194a6-d408-4749-8905-16065b7e2d64,23670,Knox (C),4,482,2026-04-07 13:14:50.845408
95092ffb-f97d-4469-98cb-48da6886f64c,23810,Latrobe (C) (Vic.),4,318,2026-04-07 13:14:50.845408
9685f665-f820-4530-a26e-f490229dc547,23940,Loddon (S),4,29,2026-04-07 13:14:50.845408
85c994c6-805a-4053-a768-18611fde1c26,24130,Macedon Ranges (S),4,103,2026-04-07 13:14:50.845408
78eb71d9-5f29-4c1b-9cd9-f4ef93e49250,24210,Manningham (C),4,569,2026-04-07 13:14:50.845408
28c1c3ca-6c6e-4825-be77-cad33c7ef0d5,24250,Mansfield (S),4,8,2026-04-07 13:14:50.845408
76766ee7-0f1c-43a9-9bf7-b3517fdad638,24330,Maribyrnong (C),4,195,2026-04-07 13:14:50.845408
92abf2c5-a30e-40b4-a2f3-cced00950378,24410,Maroondah (C),4,321,2026-04-07 13:14:50.845408
5cef8645-8466-4db1-993a-72705aa7ba93,24600,Melbourne (C),4,241,2026-04-07 13:14:50.845408
b38a7619-242b-4129-805f-3abff24948b5,24650,Melton (C),4,225,2026-04-07 13:14:50.845408
a75fa9e7-8984-45c4-9dc2-501612b4ca98,24780,Mildura (RC),4,156,2026-04-07 13:14:50.845408
720513a9-830f-4813-be3a-a28e159a81d5,24850,Mitchell (S),4,21,2026-04-07 13:14:50.845408
5540c48f-4585-4712-8a7b-4cfff27ed1d6,24900,Moira (S),4,24,2026-04-07 13:14:50.845408
2f92e183-1e11-4f1e-bcae-0bf49c12c44a,24970,Monash (C),4,785,2026-04-07 13:14:50.845408
f7cdb9fc-cadb-4523-b619-fed7cdcbd610,25060,Moonee Valley (C),4,517,2026-04-07 13:14:50.845408
a68a25fa-531b-4c2e-b5b5-cd95f423aa2e,25150,Moorabool (S),4,78,2026-04-07 13:14:50.845408
38ea35c1-5f8c-4ece-8839-ce282008e7a3,25250,Moreland (C),4,825,2026-04-07 13:14:50.845408
5183f919-58eb-406f-a4c2-efe2bf5e2c88,25340,Mornington Peninsula (S),4,680,2026-04-07 13:14:50.845408
a140f679-5de5-458e-a3e3-fc24d7fa7a26,25430,Mount Alexander (S),4,62,2026-04-07 13:14:50.845408
5716de32-f2f6-443b-8fd1-abec5c005231,25490,Moyne (S),4,64,2026-04-07 13:14:50.845408
2cdff4ef-13e1-43bc-92e4-643fcde55945,25620,Murrindindi (S),4,15,2026-04-07 13:14:50.845408
473d994d-59a3-4e32-bc13-e1fc09de3995,25710,Nillumbik (S),4,86,2026-04-07 13:14:50.845408
42190e1d-cd4f-4c44-9bea-349179699da9,25810,Northern Grampians (S),4,13,2026-04-07 13:14:50.845408
d402f0ee-275a-48ec-aa05-0ba0e6fb6b2f,25900,Port Phillip (C),4,263,2026-04-07 13:14:50.845408
417acf07-1948-4b74-ae5a-b165b433c603,25990,Pyrenees (S),4,17,2026-04-07 13:14:50.845408
aa5f7be2-893b-479f-9cc3-b1e8c6064080,26080,Queenscliffe (B),4,16,2026-04-07 13:14:50.845408
53223ade-0394-44df-b9e8-ae381358e7d2,26170,South Gippsland (S),4,144,2026-04-07 13:14:50.845408
e673dc59-e015-4892-af52-9732bb9541d7,26260,Southern Grampians (S),4,75,2026-04-07 13:14:50.845408
ad0fa134-1169-45e3-b1cc-040b0b782e59,26350,Stonnington (C),4,325,2026-04-07 13:14:50.845408
73c8c0f9-42f2-48ee-9ab9-d5569fb76be6,26430,Strathbogie (S),4,11,2026-04-07 13:14:50.845408
8cf4eb58-ae28-48ab-bd72-361a45d0fc57,26490,Surf Coast (S),4,92,2026-04-07 13:14:50.845408
d1e21ae6-b498-400b-8882-95e229adcdb5,26610,Swan Hill (RC),4,87,2026-04-07 13:14:50.845408
7ee773a4-5c6f-47d3-b4af-8ea66fa7ffd8,26670,Towong (S),4,7,2026-04-07 13:14:50.845408
f7190efe-098b-4561-8383-24913d399685,26700,Wangaratta (RC),4,29,2026-04-07 13:14:50.845408
eb0c6b76-858a-43f4-85b4-80b43135e65a,26730,Warrnambool (C),4,191,2026-04-07 13:14:50.845408
d37196a7-fd37-4824-946c-91cf95acbef0,26810,Wellington (S),4,180,2026-04-07 13:14:50.845408
96852e10-cd53-4a0d-bc0b-fa6d0f08755b,26890,West Wimmera (S),4,14,2026-04-07 13:14:50.845408
c1ce722e-c1f3-49b6-a270-48b7d465b49e,26980,Whitehorse (C),4,623,2026-04-07 13:14:50.845408
63bd9db4-1587-408f-bb80-6ae8277ecb90,27070,Whittlesea (C),4,489,2026-04-07 13:14:50.845408
5fde7aae-8999-472f-8954-406a88ed3b55,27170,Wodonga (C),4,43,2026-04-07 13:14:50.845408
99474e54-83a9-466a-aeb1-dc2e3f6158b2,27260,Wyndham (C),4,236,2026-04-07 13:14:50.845408
008b35a7-9a37-4a31-87ca-a00522643561,27350,Yarra (C),4,314,2026-04-07 13:14:50.845408
ec11b235-54f5-41ec-950b-8519ef62c8b9,27450,Yarra Ranges (S),4,361,2026-04-07 13:14:50.845408
bed49a16-7853-431c-972c-b5a714bbd35c,27630,Yarriambiack (S),4,19,2026-04-07 13:14:50.845408
96b334a9-a69c-4223-9e12-77acd148a87c,29399,Unincorporated Vic,4,0,2026-04-07 13:14:50.845408
d5c31998-8d44-45e9-943b-9e369db3087c,30300,Balonne (S),4,3,2026-04-07 13:14:50.845408
24072507-833f-4b72-8bcb-e1d4955424ce,30370,Banana (S),4,37,2026-04-07 13:14:50.845408
89806aaa-bdb1-4eec-8f2a-4347e6c3e783,30410,Barcaldine (R),4,1,2026-04-07 13:14:50.845408
1fba2aa1-3b85-4764-9c0d-494d13cae3a8,30450,Barcoo (S),4,0,2026-04-07 13:14:50.845408
52435297-94e2-49a1-8ebb-a02a40369f46,30760,Blackall-Tambo (R),4,2,2026-04-07 13:14:50.845408
cc5b59c8-c22b-41ee-bd26-c3d1ed79c716,31000,Brisbane (C),4,2327,2026-04-07 13:14:50.845408
19c0b666-f0ad-45df-9701-3aa6563e1d10,31820,Bundaberg (R),4,316,2026-04-07 13:14:50.845408
a46cbe80-d528-4316-988b-9514c7ca9132,31900,Burdekin (S),4,76,2026-04-07 13:14:50.845408
b06be722-7ccf-4e0d-b1d2-06ba5e07973d,31950,Burke (S),4,0,2026-04-07 13:14:50.845408
f7e91fd5-3968-4b81-ae06-4c7a40cbca26,32080,Cairns (R),4,289,2026-04-07 13:14:50.845408
6eac7ba9-d279-4032-8898-c53daace1e30,32250,Carpentaria (S),4,0,2026-04-07 13:14:50.845408
8299db0a-87fa-4064-a048-24a7ec2c3e7c,32260,Cassowary Coast (R),4,81,2026-04-07 13:14:50.845408
1971af3c-3c70-4d07-86dc-b67594dc68d4,32270,Central Highlands (R) (Qld),4,41,2026-04-07 13:14:50.845408
19a9937d-472b-40e0-9b3c-5c2038ae55fa,32310,Charters Towers (R),4,41,2026-04-07 13:14:50.845408
5776f468-24f6-409b-b4c7-860f6c1aa52a,32330,Cherbourg (S),4,0,2026-04-07 13:14:50.845408
3d052c93-2f27-4e8d-9e6b-7508be0ce9cc,32450,Cloncurry (S),4,0,2026-04-07 13:14:50.845408
db77acdf-04c6-4736-999e-7904256c487b,32500,Cook (S),4,4,2026-04-07 13:14:50.845408
528b58ef-090f-48e8-9776-0f9179dacef8,32600,Croydon (S),4,0,2026-04-07 13:14:50.845408
f8c699c7-d56d-45f3-939a-1deac1cf6ed6,32750,Diamantina (S),4,1,2026-04-07 13:14:50.845408
689f1f6d-f19b-4c7c-af78-eb5e31dbb4a1,32770,Doomadgee (S),4,0,2026-04-07 13:14:50.845408
58294684-c041-4587-bfb6-9525267311fd,32810,Douglas (S),4,19,2026-04-07 13:14:50.845408
0dc639de-6a3d-483f-bb33-777a80d2b82b,33100,Etheridge (S),4,1,2026-04-07 13:14:50.845408
98bba154-daf8-406d-80de-8254da3b14ad,33200,Flinders (S) (Qld),4,9,2026-04-07 13:14:50.845408
3c1a7414-10d6-4ef9-b6b8-c6b16fc3714f,33220,Fraser Coast (R),4,448,2026-04-07 13:14:50.845408
917a6df9-fe9d-411a-bed5-5d2b030a66fc,33360,Gladstone (R),4,142,2026-04-07 13:14:50.845408
21b096be-f670-4aae-986c-f23c4b6a0ac0,33430,Gold Coast (C),4,1275,2026-04-07 13:14:50.845408
6afbc652-fe99-497b-92b2-9652abaa6b7a,33610,Goondiwindi (R),4,12,2026-04-07 13:14:50.845408
8cb3f44d-184d-42ec-9f33-668630f6655b,33620,Gympie (R),4,580,2026-04-07 13:14:50.845408
3a924d61-10b1-44bc-b4b4-a5c520c11eb2,33800,Hinchinbrook (S),4,43,2026-04-07 13:14:50.845408
bda05898-018e-49a5-9f88-83134ff8f62e,33960,Ipswich (C),4,179,2026-04-07 13:14:50.845408
36a1b423-7cae-4a37-9023-9ed0f12a0fca,33980,Isaac (R),4,5,2026-04-07 13:14:50.845408
2efd6c1e-b181-4232-b12d-0e7f45877f9a,34420,Kowanyama (S),4,1,2026-04-07 13:14:50.845408
ecaa84e8-2d2a-4b47-858d-413a9e5ae4a5,34530,Livingstone (S),4,142,2026-04-07 13:14:50.845408
0097629e-0b56-4499-aaaa-ac1e9929fa4d,34580,Lockyer Valley (R),4,58,2026-04-07 13:14:50.845408
7dbdaa82-8d4b-4476-8581-1ff1d56c158d,34590,Logan (C),4,690,2026-04-07 13:14:50.845408
300402c9-d99d-4107-8c02-c513aa3db54e,34710,Longreach (R),4,3,2026-04-07 13:14:50.845408
889adb46-784d-43b9-964f-3de1daaf54f7,34770,Mackay (R),4,79,2026-04-07 13:14:50.845408
14db0360-b5e9-4297-a9ff-e42715a2e168,34830,Mapoon (S),4,1,2026-04-07 13:14:50.845408
6312a664-f999-4a81-999d-dbb19a8498be,34860,Maranoa (R),4,8,2026-04-07 13:14:50.845408
bb09a286-e74f-46ef-9229-055ff7508c6b,34880,Mareeba (S),4,53,2026-04-07 13:14:50.845408
60957580-f7d1-4141-9974-fbce7f5497ea,35010,Moreton Bay (R),4,1224,2026-04-07 13:14:50.845408
a723ce63-9872-4fb7-98f2-b525c4fb93bb,35300,Mount Isa (C),4,8,2026-04-07 13:14:50.845408
4cc4bdb0-91df-4836-9c29-beabd31cd000,35600,Murweh (S),4,6,2026-04-07 13:14:50.845408
8af3b337-73c9-42f4-9e25-c7b43067204b,35670,Napranum (S),4,1,2026-04-07 13:14:50.845408
5013c374-699b-4673-bb2d-d9756b078bfd,35740,Noosa (S),4,460,2026-04-07 13:14:50.845408
e8cf5be4-785d-43af-b0d0-75be7101387c,35760,North Burnett (R),4,19,2026-04-07 13:14:50.845408
a796c5ba-614d-47c5-9786-c7c07f554bcb,35780,Northern Peninsula Area (R),4,0,2026-04-07 13:14:50.845408
83b16723-c609-4c6a-a8e8-6aa5902197b2,35790,Palm Island (S),4,0,2026-04-07 13:14:50.845408
26a334e0-0e4e-45e1-8b79-845cfaa82c9f,35800,Paroo (S),4,2,2026-04-07 13:14:50.845408
c4b30e3e-ce27-4e6e-93ac-faec2d181ba2,36070,Pormpuraaw (S),4,0,2026-04-07 13:14:50.845408
e9704375-2c85-4cfb-9ed5-4b8a37169599,36150,Quilpie (S),4,0,2026-04-07 13:14:50.845408
d5c601af-ed4a-4802-8742-1ce0c35f8f37,36250,Redland (C),4,331,2026-04-07 13:14:50.845408
8cb87ff1-ee9d-4bf1-954d-a44a03f1dec9,36300,Richmond (S),4,3,2026-04-07 13:14:50.845408
064a68c4-c4ed-4401-abd2-e41f7d91a9ab,36370,Rockhampton (R),4,297,2026-04-07 13:14:50.845408
976a4e9a-0dfe-459c-bf44-fbd4028508cc,36510,Scenic Rim (R),4,114,2026-04-07 13:14:50.845408
27120e08-d464-427b-999f-d2148a86f08a,36580,Somerset (R),4,48,2026-04-07 13:14:50.845408
01cecca6-a7a0-4527-9d66-2cb5d713ec13,36630,South Burnett (R),4,40,2026-04-07 13:14:50.845408
da259bee-80d7-439f-a5f3-f0dd026b8487,36660,Southern Downs (R),4,87,2026-04-07 13:14:50.845408
7099ad71-6c97-4e92-87c9-b00b1be0be95,36720,Sunshine Coast (R),4,2691,2026-04-07 13:14:50.845408
ef433041-f36f-4a16-a092-6e800fd95877,36820,Tablelands (R),4,49,2026-04-07 13:14:50.845408
505321c3-9deb-433a-b563-fd776583e582,36910,Toowoomba (R),4,351,2026-04-07 13:14:50.845408
fd2d1d6f-1fda-4a91-9ffc-877cea26c8c8,36950,Torres (S),4,1,2026-04-07 13:14:50.845408
b4ff50b5-5240-42e0-9486-b2884805334b,36960,Torres Strait Island (R),4,1,2026-04-07 13:14:50.845408
5a3a7fd0-f013-40b9-b61f-5d464c5a8be7,37010,Townsville (C),4,619,2026-04-07 13:14:50.845408
842d888b-399f-4189-814e-10885ed4fa03,37300,Weipa (T),4,0,2026-04-07 13:14:50.845408
415a8be9-f5be-403e-9636-cebd57f6a36f,37310,Western Downs (R),4,42,2026-04-07 13:14:50.845408
4eae53bf-c842-4dd5-8a5d-bbc4ca15d1fd,37340,Whitsunday (R),4,26,2026-04-07 13:14:50.845408
74caa386-154c-4181-b4cc-f4474d5e813c,37400,Winton (S),4,2,2026-04-07 13:14:50.845408
fe26fdbb-155c-4b45-9f50-37b71d5f8ef6,37550,Woorabinda (S),4,0,2026-04-07 13:14:50.845408
6c63f937-2af1-4b8e-9ebc-3d977fdb6cba,37570,Wujal Wujal (S),4,1,2026-04-07 13:14:50.845408
1976d981-411b-4623-bf31-5804e8e77866,37600,Yarrabah (S),4,0,2026-04-07 13:14:50.845408
ab363348-5315-43eb-b13e-39c060c8b29d,40070,Adelaide (C),4,38,2026-04-07 13:14:50.845408
ed053039-333f-4b35-b9b6-9a65498b17a6,40120,Adelaide Hills (DC),4,85,2026-04-07 13:14:50.845408
c860b2fe-a7e6-445b-a018-fd646eb31153,40220,Alexandrina (DC),4,119,2026-04-07 13:14:50.845408
39b8296e-eb82-4b12-bb33-bc437f3b5304,40250,Anangu Pitjantjatjara (AC),4,6,2026-04-07 13:14:50.845408
2c753fa2-93db-4617-a8e8-1c770ae21d6c,40310,Barossa (DC),4,54,2026-04-07 13:14:50.845408
fea5b6ba-4335-467b-a5c0-4bdd1f0e693d,40430,Barunga West (DC),4,3,2026-04-07 13:14:50.845408
90f21cb5-b06b-485e-aa95-70db8f434222,40520,Berri and Barmera (DC),4,63,2026-04-07 13:14:50.845408
79e30cba-75e4-491a-8987-ca2be186b1a7,40700,Burnside (C),4,144,2026-04-07 13:14:50.845408
f0f261f0-eac0-462a-9ccc-02dcb720f901,40910,Campbelltown (C) (SA),4,269,2026-04-07 13:14:50.845408
1ec06436-ab29-4420-9fde-ede3dc6d7910,41010,Ceduna (DC),4,0,2026-04-07 13:14:50.845408
fd1d1c78-7a3f-4e88-9994-7224483eff83,41060,Charles Sturt (C),4,538,2026-04-07 13:14:50.845408
bb87f27b-cfd8-4085-a87a-003e0ff6cb2b,41140,Clare and Gilbert Valleys (DC),4,11,2026-04-07 13:14:50.845408
85d830e3-8781-45d1-a813-0968b2e6065e,41190,Cleve (DC),4,2,2026-04-07 13:14:50.845408
0285cd6b-5036-4d17-b4f0-19b58fb665f4,41330,Coober Pedy (DC),4,0,2026-04-07 13:14:50.845408
d239439d-5bda-45c4-bc66-fb349c38f5ce,41560,Copper Coast (DC),4,25,2026-04-07 13:14:50.845408
0240e27f-4469-4acc-982e-8a8413deef36,41750,Elliston (DC),4,0,2026-04-07 13:14:50.845408
36554729-fdac-4679-81a7-b51e8442f8da,41830,Flinders Ranges (DC),4,1,2026-04-07 13:14:50.845408
cf51d25c-bee3-4f71-b167-e2d5bbf57e7b,41960,Franklin Harbour (DC),4,2,2026-04-07 13:14:50.845408
6803567c-292b-4bca-a40b-f8677ce67b49,42030,Gawler (T),4,82,2026-04-07 13:14:50.845408
3ef97370-b2c8-4c66-9b2a-4e6a50406ab4,42110,Goyder (DC),4,10,2026-04-07 13:14:50.845408
aa54000d-a8b0-4658-9316-4ef3c6aa3dbb,42250,Grant (DC),4,3,2026-04-07 13:14:50.845408
b4a42245-dfd0-48ec-ae5d-c7fd8da71718,42600,Holdfast Bay (C),4,188,2026-04-07 13:14:50.845408
cb845f25-8780-476b-8016-1ad9d7553a54,42750,Kangaroo Island (DC),4,7,2026-04-07 13:14:50.845408
fce9b248-7279-4cd9-8070-3da5c850c7f9,43080,Karoonda East Murray (DC),4,2,2026-04-07 13:14:50.845408
e20408c2-f489-4aa9-a7e4-25f98ad79c10,43220,Kimba (DC),4,0,2026-04-07 13:14:50.845408
8f507250-a666-464a-9055-edd53c16d1ec,43360,Kingston (DC) (SA),4,5,2026-04-07 13:14:50.845408
153daa4b-5d38-4623-8aba-515c5d9493f7,43650,Light (RegC),4,24,2026-04-07 13:14:50.845408
b11e3e68-5ca3-411e-8e5d-b70c8982a1c1,43710,Lower Eyre Peninsula (DC),4,3,2026-04-07 13:14:50.845408
396510be-7302-4095-b164-1b2993195e74,43790,Loxton Waikerie (DC),4,70,2026-04-07 13:14:50.845408
1a5951d2-78e5-4b1b-81bc-426b15ecbd36,43920,Mallala (DC),4,21,2026-04-07 13:14:50.845408
d84291a7-4e25-40cc-aa10-905b97f988f0,44060,Marion (C),4,499,2026-04-07 13:14:50.845408
939ea987-fe70-4f9a-8058-630ac7ef3786,44210,Mid Murray (DC),4,62,2026-04-07 13:14:50.845408
da733416-d6dc-4317-afd8-935f4a93c5ff,44340,Mitcham (C),4,298,2026-04-07 13:14:50.845408
4dce5bdd-2057-4782-b6df-cedbe5b5c68c,44550,Mount Barker (DC),4,69,2026-04-07 13:14:50.845408
7edade2b-e2c9-44e8-952e-6266fa2e4766,44620,Mount Gambier (C),4,32,2026-04-07 13:14:50.845408
72659bf7-e57c-4fe4-8941-5f8b652d318e,44830,Mount Remarkable (DC),4,2,2026-04-07 13:14:50.845408
dd38e5e2-21f6-4d22-8aa5-82a773437ed0,45040,Murray Bridge (RC),4,148,2026-04-07 13:14:50.845408
5e4b1b7c-b78a-427d-a6eb-f9b528c68670,45090,Naracoorte and Lucindale (DC),4,6,2026-04-07 13:14:50.845408
f2305ad2-17a0-4395-946f-1ab38865c32a,45120,Northern Areas (DC),4,7,2026-04-07 13:14:50.845408
cea545b5-54a8-406e-a023-32ed4e3df471,45290,Norwood Payneham St Peters (C),4,160,2026-04-07 13:14:50.845408
23a44236-8c8c-492c-a93c-9acd495188c5,45340,Onkaparinga (C),4,946,2026-04-07 13:14:50.845408
65398be7-372f-42f9-8221-7347847950b9,45400,Orroroo/Carrieton (DC),4,2,2026-04-07 13:14:50.845408
6ad754b0-3433-47d1-8ad8-6b0e3deb118f,45540,Peterborough (DC),4,4,2026-04-07 13:14:50.845408
0c755570-d93e-48c1-b106-e9d5a35fa1db,45680,Playford (C),4,307,2026-04-07 13:14:50.845408
08301edb-5717-4bd8-a5d3-c7e490493354,45890,Port Adelaide Enfield (C),4,489,2026-04-07 13:14:50.845408
2b4408d8-d3f3-4c1f-9e02-80c8bf8ef7f1,46090,Port Augusta (C),4,22,2026-04-07 13:14:50.845408
c5e571ab-9555-4494-b865-163c4656e4af,46300,Port Lincoln (C),4,21,2026-04-07 13:14:50.845408
f96fd5ea-81e7-4d5f-b750-e21849768b3d,46450,Port Pirie City and Dists (M),4,15,2026-04-07 13:14:50.845408
e2c36a73-cf43-48f0-9310-5564efad7984,46510,Prospect (C),4,65,2026-04-07 13:14:50.845408
985515b5-1800-4097-9629-2e6ea9ff54b4,46670,Renmark Paringa (DC),4,58,2026-04-07 13:14:50.845408
7a03e5f4-2013-4349-8812-01b533dfa8ed,46860,Robe (DC),4,0,2026-04-07 13:14:50.845408
d7b1b5ba-1007-4061-aaf1-7d24177a3be4,46970,Roxby Downs (M),4,0,2026-04-07 13:14:50.845408
0c8177c9-87de-436d-b0ff-40d0e06a4333,47140,Salisbury (C),4,439,2026-04-07 13:14:50.845408
559e4c3e-0551-40db-bbb2-f1f063c7c642,47290,Southern Mallee (DC),4,7,2026-04-07 13:14:50.845408
84bdca16-ac56-4430-b9ba-0fdda8da7586,47490,Streaky Bay (DC),4,3,2026-04-07 13:14:50.845408
931e06a1-2e60-44ba-bb42-c3bd8344ec1e,47630,Tatiara (DC),4,8,2026-04-07 13:14:50.845408
df63196c-b6ae-4e35-b922-c10911000994,47700,Tea Tree Gully (C),4,246,2026-04-07 13:14:50.845408
9c86ae29-8a3f-4d4d-ade5-428dd1d77ac6,47800,The Coorong (DC),4,31,2026-04-07 13:14:50.845408
68e2f9a2-51c6-4c44-b7f6-5097a4093b7e,47910,Tumby Bay (DC),4,3,2026-04-07 13:14:50.845408
8b77f69a-a557-410c-8c51-498a52753baf,47980,Unley (C),4,150,2026-04-07 13:14:50.845408
c239f6ee-b789-432a-b065-3372dc877c6f,48050,Victor Harbor (C),4,104,2026-04-07 13:14:50.845408
d17d47db-54e8-4859-a4b2-18cfd69afd61,48130,Wakefield (DC),4,5,2026-04-07 13:14:50.845408
f717d9b8-1fc1-4227-a08f-f25ec3422850,48260,Walkerville (M),4,31,2026-04-07 13:14:50.845408
8855d496-0f43-450d-978f-cbfdb6655bfe,48340,Wattle Range (DC),4,10,2026-04-07 13:14:50.845408
6b4b32ce-4324-4652-a719-bad9b7577acd,48410,West Torrens (C),4,260,2026-04-07 13:14:50.845408
2b1e4a26-c40a-473a-a264-7481a3fa2ca2,48540,Whyalla (C),4,23,2026-04-07 13:14:50.845408
91612e47-3a06-4ebd-9ec0-aecb8ba1a907,48640,Wudinna (DC),4,2,2026-04-07 13:14:50.845408
ba00aac5-2dbd-4a10-b316-4bc875d5d740,48750,Yankalilla (DC),4,23,2026-04-07 13:14:50.845408
df727219-6783-41a5-b6f7-31bb1ecb294f,48830,Yorke Peninsula (DC),4,11,2026-04-07 13:14:50.845408
eb7ddc44-eedc-4842-8411-2270d6ac5286,49399,Unincorporated SA,4,1,2026-04-07 13:14:50.845408
a645adf2-968f-404c-a103-2c1d2ffb3b49,50080,Albany (C),4,235,2026-04-07 13:14:50.845408
e0f77a67-6f99-4a28-97bb-ef1bad9af455,50210,Armadale (C),4,234,2026-04-07 13:14:50.845408
cbfd0862-6cc1-4587-abcf-9bdd9a436973,50250,Ashburton (S),4,2,2026-04-07 13:14:50.845408
67bbb84b-395f-41cc-a77d-f0aba1d8d0ba,50280,Augusta-Margaret River (S),4,54,2026-04-07 13:14:50.845408
7f401059-2e68-4834-af44-41fe278d8af8,50350,Bassendean (T),4,64,2026-04-07 13:14:50.845408
28564528-599e-4a26-b45f-f5eabf538246,50420,Bayswater (C),4,350,2026-04-07 13:14:50.845408
670fa9b7-bf7f-47d4-b8ee-be3cdc0a929f,50490,Belmont (C),4,156,2026-04-07 13:14:50.845408
13badbc6-c5d6-449a-8559-0ffabfa361bc,50560,Beverley (S),4,18,2026-04-07 13:14:50.845408
5db7e3b4-428a-449d-88f1-f50b975c0786,50630,Boddington (S),4,9,2026-04-07 13:14:50.845408
aaea4953-dafb-4b8d-8b9a-bb96f89b736a,50770,Boyup Brook (S),4,4,2026-04-07 13:14:50.845408
17a63f1a-6899-4693-b501-5242e717e0b2,50840,Bridgetown-Greenbushes (S),4,15,2026-04-07 13:14:50.845408
925ffce6-53f1-420e-8686-da2f8b21b684,50910,Brookton (S),4,10,2026-04-07 13:14:50.845408
bc408ccc-6512-4c79-b070-37766cef212e,50980,Broome (S),4,15,2026-04-07 13:14:50.845408
56f59406-1305-499d-8dd5-e7adea30fdeb,51080,Broomehill-Tambellup (S),4,0,2026-04-07 13:14:50.845408
1495acb8-639b-4fcd-9705-58fcdecd78dc,51120,Bruce Rock (S),4,9,2026-04-07 13:14:50.845408
7e37b57f-7c5b-4ce3-8b67-dec9919a3f5a,51190,Bunbury (C),4,169,2026-04-07 13:14:50.845408
9c83dc4e-6c91-4248-b7ec-b5a8a30d366c,51260,Busselton (C),4,149,2026-04-07 13:14:50.845408
063f5df0-aaea-4db7-baa4-3504a43061cb,51310,Cambridge (T),4,86,2026-04-07 13:14:50.845408
70132e95-07ea-43ed-b87e-1948317665e5,51330,Canning (C),4,300,2026-04-07 13:14:50.845408
4f067436-a283-4b64-a823-5f3395a6f846,51400,Capel (S),4,43,2026-04-07 13:14:50.845408
ce9f5247-ab15-48a1-ba56-5243f737f456,51540,Carnarvon (S),4,18,2026-04-07 13:14:50.845408
30c97135-c5aa-418d-b328-1fd684f8743b,51610,Chapman Valley (S),4,3,2026-04-07 13:14:50.845408
3456ad8e-37b8-43bd-a299-abfd48152da3,51680,Chittering (S),4,32,2026-04-07 13:14:50.845408
84713989-13f3-4450-88ae-249cace50518,51750,Claremont (T),4,47,2026-04-07 13:14:50.845408
318706ae-3118-4426-9f29-037866022631,51820,Cockburn (C),4,616,2026-04-07 13:14:50.845408
820dac98-1398-4772-86a6-4742e0c751dd,51890,Collie (S),4,36,2026-04-07 13:14:50.845408
eba3acf7-5934-4014-b467-1693fe9e13ef,51960,Coolgardie (S),4,4,2026-04-07 13:14:50.845408
ed96ba1a-dd91-4cdf-9512-b45bab18bcfb,52030,Coorow (S),4,5,2026-04-07 13:14:50.845408
cf80de9c-cff8-44da-8597-442acceca10d,52100,Corrigin (S),4,3,2026-04-07 13:14:50.845408
e87e4b71-9848-4dc9-95ef-ba2c7cebd828,52170,Cottesloe (T),4,16,2026-04-07 13:14:50.845408
c9f53382-8c4e-42c2-a0d0-a0ae864abb95,52240,Cranbrook (S),4,8,2026-04-07 13:14:50.845408
e4d9bd2b-2488-4c48-b2bf-1c159d8e4cfb,52310,Cuballing (S),4,4,2026-04-07 13:14:50.845408
8c1a93bc-f40d-40a8-8d3b-50cc931fe507,52450,Cunderdin (S),4,9,2026-04-07 13:14:50.845408
d67d4fd7-40e8-4613-b947-a329ae8cd887,52520,Dalwallinu (S),4,5,2026-04-07 13:14:50.845408
c416ec86-30cf-4ec7-8da1-7bfcfd6dea44,52590,Dandaragan (S),4,29,2026-04-07 13:14:50.845408
c134744a-88e0-419b-9812-a4765f081f67,52660,Dardanup (S),4,49,2026-04-07 13:14:50.845408
99ae581b-7f7f-4b24-9d38-2450f5bce618,52730,Denmark (S),4,42,2026-04-07 13:14:50.845408
5c2bb347-ef96-4ddd-9d97-2d628eaba418,52800,Derby-West Kimberley (S),4,7,2026-04-07 13:14:50.845408
4d899e88-2b51-474a-b238-28b35fa39509,52870,Donnybrook-Balingup (S),4,24,2026-04-07 13:14:50.845408
4460a1e0-0a22-4f50-a0b6-55bd6de60839,52940,Dowerin (S),4,2,2026-04-07 13:14:50.845408
c943966e-1f58-479d-bfbc-a7dbbd735c08,53010,Dumbleyung (S),4,3,2026-04-07 13:14:50.845408
ab4bb9f3-c9a2-47f0-93af-4716e6e0dc0b,53150,East Fremantle (T),4,57,2026-04-07 13:14:50.845408
57da0d33-6a89-41cf-8c59-cc359ecc45e2,53220,East Pilbara (S),4,4,2026-04-07 13:14:50.845408
92bfbf5f-4b23-4aec-8174-a21d5d138300,53290,Esperance (S),4,9,2026-04-07 13:14:50.845408
bfad98c7-486a-4df7-8265-459413e57170,53360,Exmouth (S),4,0,2026-04-07 13:14:50.845408
5f25cc35-48e3-4bf7-a44a-e244bb4b5185,53430,Fremantle (C),4,242,2026-04-07 13:14:50.845408
ea8b0feb-8110-4f71-922c-409065cd1584,53570,Gingin (S),4,44,2026-04-07 13:14:50.845408
2fd67999-72f6-47e5-b854-74af7d269d9b,53640,Gnowangerup (S),4,2,2026-04-07 13:14:50.845408
3ffd8b67-eb96-4cfa-a3c2-35f3c28bc1ce,53710,Goomalling (S),4,9,2026-04-07 13:14:50.845408
df5dceb8-b9ad-4e61-83b9-094dffd19d48,53780,Gosnells (C),4,401,2026-04-07 13:14:50.845408
09b7b0f9-48c4-400a-9723-76ccae4ec17c,53800,Greater Geraldton (C),4,174,2026-04-07 13:14:50.845408
50037ec0-e3dc-4307-8ca5-d8245e57f4fc,53920,Halls Creek (S),4,4,2026-04-07 13:14:50.845408
acc25f63-b4c9-47da-9e39-9ee3ce9c70bf,53990,Harvey (S),4,101,2026-04-07 13:14:50.845408
838f9750-2415-41e0-9891-8c41af8921da,54060,Irwin (S),4,6,2026-04-07 13:14:50.845408
8645b4ac-a044-405d-8ce2-faa7c81b44c5,54130,Jerramungup (S),4,1,2026-04-07 13:14:50.845408
661f5524-70fe-4b28-9f65-b4fcab524fae,54170,Joondalup (C),4,258,2026-04-07 13:14:50.845408
dee31490-8d55-4c41-9635-fe650d7b1005,54200,Kalamunda (S),4,207,2026-04-07 13:14:50.845408
aee175fa-7d6f-4682-8199-89f513dd2221,54280,Kalgoorlie/Boulder (C),4,34,2026-04-07 13:14:50.845408
eb6920f5-f83d-447e-a015-1c41a664a6d4,54310,Karratha (C),4,5,2026-04-07 13:14:50.845408
cfff5664-68ae-46af-9832-8fa23fd94093,54340,Katanning (S),4,4,2026-04-07 13:14:50.845408
5c15634e-8f46-4fc4-86d0-781dc319f335,54410,Kellerberrin (S),4,12,2026-04-07 13:14:50.845408
a5aab5e2-76ef-4463-ac96-c24ff3ec668d,54550,Kojonup (S),4,4,2026-04-07 13:14:50.845408
ce8dd66a-7bb6-4448-b9f8-ff25f68bb44d,54620,Kondinin (S),4,5,2026-04-07 13:14:50.845408
362ab455-2c40-4228-be8e-df55af1381d4,54690,Koorda (S),4,5,2026-04-07 13:14:50.845408
9864b0c2-b843-42e8-b5ea-360f28a58532,54760,Kulin (S),4,3,2026-04-07 13:14:50.845408
f3d5ef3f-256d-46cb-a578-8ac8c7dea0bb,54830,Kwinana (C),4,191,2026-04-07 13:14:50.845408
ccf17588-4523-4095-9f13-44bd6a7bc8c3,54900,Lake Grace (S),4,7,2026-04-07 13:14:50.845408
3d4eb44d-9fb5-402a-9fb1-f8b2b9628bbf,54970,Laverton (S),4,1,2026-04-07 13:14:50.845408
14c2abd4-8cec-4320-961e-a08b2057b9bc,55040,Leonora (S),4,1,2026-04-07 13:14:50.845408
5db62eca-a144-4991-a70e-578d3e02d007,55110,Mandurah (C),4,336,2026-04-07 13:14:50.845408
235ace09-762a-4a8b-b64b-a8f7fbcfe60c,55180,Manjimup (S),4,53,2026-04-07 13:14:50.845408
9756b66c-0296-4db5-ab1a-f7d5239b13b1,55320,Melville (C),4,694,2026-04-07 13:14:50.845408
08ec5a19-abd1-4f4b-9868-265224b9fed3,55460,Merredin (S),4,24,2026-04-07 13:14:50.845408
f8c4ea0e-5091-4b49-8f9e-51365955c11a,55530,Mingenew (S),4,2,2026-04-07 13:14:50.845408
8258f33b-0da0-47dc-8cf7-0d686516a9ed,55600,Moora (S),4,10,2026-04-07 13:14:50.845408
5dd16e2d-78bb-47b0-95a0-cd4e6d69bef2,55670,Morawa (S),4,0,2026-04-07 13:14:50.845408
b2216653-4276-4e44-8ccf-d158e7d19c4c,55740,Mosman Park (T),4,24,2026-04-07 13:14:50.845408
96614b78-d876-47fd-8415-f9226e6df738,55880,Mount Marshall (S),4,6,2026-04-07 13:14:50.845408
fd373d00-64d3-4f52-a6ac-5c9284d82802,55950,Mukinbudin (S),4,3,2026-04-07 13:14:50.845408
3bc8da9a-d827-4c18-b646-72fd405a651c,56090,Mundaring (S),4,131,2026-04-07 13:14:50.845408
a7ea5507-a543-4b05-a744-206a9dac6ce1,56230,Murray (S),4,50,2026-04-07 13:14:50.845408
ac1061fa-43fe-4d5c-9bd7-3b1637e03ac4,56300,Nannup (S),4,9,2026-04-07 13:14:50.845408
073c2d9a-2a8e-4335-8dc4-256b4a7b9910,56370,Narembeen (S),4,3,2026-04-07 13:14:50.845408
d99fec63-d647-41a0-9d92-1d99f255c3c2,56460,Narrogin (S),4,38,2026-04-07 13:14:50.845408
c1846cd4-c9e2-4e3c-a134-92844497b699,56580,Nedlands (C),4,60,2026-04-07 13:14:50.845408
1d2a2ab6-25bb-4b17-a2e5-1d170432e622,56730,Northam (S),4,130,2026-04-07 13:14:50.845408
6b59d037-b739-42d7-9761-446584878b86,56790,Northampton (S),4,1,2026-04-07 13:14:50.845408
3cd0c4db-da0c-43e9-bf0b-fc29e5ee19d5,56860,Nungarin (S),4,3,2026-04-07 13:14:50.845408
30011a4e-31fe-4a55-ac2b-3bac6ee4d1cb,56930,Peppermint Grove (S),4,5,2026-04-07 13:14:50.845408
d960a0ba-be2e-44e7-9af7-d13012d11e07,57000,Perenjori (S),4,1,2026-04-07 13:14:50.845408
f9768c9e-20fb-45c4-a010-6f69c7c6e7c8,57080,Perth (C),4,55,2026-04-07 13:14:50.845408
c1d77758-2bde-4c26-9f40-94573081af2b,57140,Pingelly (S),4,15,2026-04-07 13:14:50.845408
79ac6140-c62d-4d90-9baf-50b5686bba59,57210,Plantagenet (S),4,41,2026-04-07 13:14:50.845408
b77eb11e-c7bd-4e7b-b6ff-45a8b6ea0ee0,57280,Port Hedland (T),4,8,2026-04-07 13:14:50.845408
a3170c1c-ae49-4b31-a8da-64dd1101c5db,57350,Quairading (S),4,20,2026-04-07 13:14:50.845408
7110915b-4170-404e-bdb1-03ba360255f8,57420,Ravensthorpe (S),4,8,2026-04-07 13:14:50.845408
7044d035-209f-4a08-9a12-c420ff526715,57490,Rockingham (C),4,332,2026-04-07 13:14:50.845408
f07e7dc2-27e3-430b-9a9c-7b8851b1c6e1,57700,Serpentine-Jarrahdale (S),4,58,2026-04-07 13:14:50.845408
084d3645-2ddb-426f-a41e-82eae5ffd253,57770,Shark Bay (S),4,3,2026-04-07 13:14:50.845408
00ada331-d4b0-4fa3-8ae9-e2086f30a763,57840,South Perth (C),4,145,2026-04-07 13:14:50.845408
9bcd141d-fcce-490a-8dab-bc2efc6a44f0,57910,Stirling (C),4,714,2026-04-07 13:14:50.845408
f6b592c3-4a47-42b6-b996-be622322e5b3,57980,Subiaco (C),4,48,2026-04-07 13:14:50.845408
03c0d9b6-0c9d-448e-a67c-761bd0c05419,58050,Swan (C),4,433,2026-04-07 13:14:50.845408
02b5d9df-6c86-4e66-8c85-dce171c73c25,58190,Tammin (S),4,4,2026-04-07 13:14:50.845408
070ce255-dd33-4a22-a7bd-5fb6aaaf3e14,58330,Toodyay (S),4,51,2026-04-07 13:14:50.845408
95f4d3b7-3558-48d3-b922-3b081697658f,58400,Trayning (S),4,2,2026-04-07 13:14:50.845408
78967497-c187-4edd-9935-6c86f39f0f6c,58510,Victoria Park (T),4,148,2026-04-07 13:14:50.845408
628a83ee-776d-4021-b808-87c54a8032ff,58540,Victoria Plains (S),4,2,2026-04-07 13:14:50.845408
389a6582-28a7-4762-8f99-de75c25bd9fc,58570,Vincent (C),4,112,2026-04-07 13:14:50.845408
87e83bad-d1e0-4dcf-9baf-f5d3209f3e34,58610,Wagin (S),4,6,2026-04-07 13:14:50.845408
150ce782-6b04-436d-af8a-c034b2438037,58680,Wandering (S),4,2,2026-04-07 13:14:50.845408
48496e95-2602-40e4-8163-0ec9242b10d8,58760,Wanneroo (C),4,351,2026-04-07 13:14:50.845408
d03a5208-10ba-492b-86f3-fdff7333f15c,58820,Waroona (S),4,22,2026-04-07 13:14:50.845408
7574c566-e27b-4235-8443-52337c8803eb,58890,West Arthur (S),4,5,2026-04-07 13:14:50.845408
98a26a54-6ef5-4396-951b-78241672b0d1,59030,Westonia (S),4,4,2026-04-07 13:14:50.845408
22ef348e-8124-4c81-8838-5a0f7c035624,59100,Wickepin (S),4,2,2026-04-07 13:14:50.845408
9502ec7e-f8ba-475f-bb51-8a6d83f4aca1,59170,Williams (S),4,3,2026-04-07 13:14:50.845408
c13ff485-efc2-4ad6-bb72-be6abc73155b,59250,Wiluna (S),4,3,2026-04-07 13:14:50.845408
727c41fd-3714-4221-bb62-88bebfbeb07a,59310,Wongan-Ballidu (S),4,11,2026-04-07 13:14:50.845408
190f65b8-2ee2-4eec-b3e2-19368b043f0d,59320,Woodanilling (S),4,0,2026-04-07 13:14:50.845408
6168ec9b-5c94-4f3c-98e8-0a03f3b30d8d,59330,Wyalkatchem (S),4,12,2026-04-07 13:14:50.845408
5164803f-0070-42be-9832-6a9c2d447372,59340,Wyndham-East Kimberley (S),4,5,2026-04-07 13:14:50.845408
f27c3a40-2b33-4053-9c6a-da4c67ce4cbf,59360,Yilgarn (S),4,7,2026-04-07 13:14:50.845408
94c489a5-50c7-4647-93fc-8dc28072a248,59370,York (S),4,36,2026-04-07 13:14:50.845408
1c341ad7-826f-4066-8f55-cc6e5fbdef31,60210,Break O'Day (M),4,13,2026-04-07 13:14:50.845408
b4d97550-0dc5-4420-8ec3-c4c0b4f6f11f,60410,Brighton (M),4,23,2026-04-07 13:14:50.845408
88bb5df8-a2d2-4d89-a806-a83583e5d2ff,60610,Burnie (C),4,58,2026-04-07 13:14:50.845408
2f55f42c-9472-4914-a7a0-6ceb02864034,60810,Central Coast (M) (Tas.),4,77,2026-04-07 13:14:50.845408
75d2b2a4-3823-47fd-8f6b-3fd1758e476a,61010,Central Highlands (M) (Tas.),4,3,2026-04-07 13:14:50.845408
85bea9f0-af57-47f6-8920-48a6399f9667,61210,Circular Head (M),4,10,2026-04-07 13:14:50.845408
995c0ca9-3462-4ae4-a6a1-589f3dd5a9b2,61410,Clarence (C),4,108,2026-04-07 13:14:50.845408
a95de781-4b9e-4ecd-95da-5c59ecb86f71,61510,Derwent Valley (M),4,21,2026-04-07 13:14:50.845408
af6e0582-857f-48e1-bc45-e0992f9d9597,61610,Devonport (C),4,72,2026-04-07 13:14:50.845408
b63bcd7f-60b0-40c6-8e45-7574150ea117,61810,Dorset (M),4,23,2026-04-07 13:14:50.845408
d5d0a4d2-57b4-40dc-ba09-cd270f0b07d1,62010,Flinders (M) (Tas.),4,4,2026-04-07 13:14:50.845408
c2b45bf3-576d-4ad2-8236-901cdb853778,62210,George Town (M),4,15,2026-04-07 13:14:50.845408
996181c5-3be9-4797-b54e-7dfa59e14b87,62410,Glamorgan/Spring Bay (M),4,13,2026-04-07 13:14:50.845408
1f130061-00c8-46c9-a455-e5b5fde3cf11,62610,Glenorchy (C),4,113,2026-04-07 13:14:50.845408
8dc9e75c-aebf-4f5b-a75b-e64180206750,62810,Hobart (C),4,79,2026-04-07 13:14:50.845408
80d8017a-c28e-4ccf-990c-3cb0fe1279de,63010,Huon Valley (M),4,37,2026-04-07 13:14:50.845408
a11b3c73-a1e6-478a-976d-3745d50a2180,63210,Kentish (M),4,15,2026-04-07 13:14:50.845408
671cdf4b-4944-406d-b75e-a11db8e54de3,63410,King Island (M),4,1,2026-04-07 13:14:50.845408
a1248fa7-e3b5-4996-97e6-2349b1b957b6,63610,Kingborough (M),4,68,2026-04-07 13:14:50.845408
e2608121-9cd0-4403-94f3-175ca943df05,63810,Latrobe (M) (Tas.),4,36,2026-04-07 13:14:50.845408
5748b17e-f773-459a-a5e1-936d79cf879f,64010,Launceston (C),4,130,2026-04-07 13:14:50.845408
5079f1f7-a407-43f4-b0a1-db8d976fdd2a,64210,Meander Valley (M),4,40,2026-04-07 13:14:50.845408
ed00562f-aafc-42a0-a4f0-44aa3e603d43,64610,Northern Midlands (M),4,25,2026-04-07 13:14:50.845408
edca2a72-8dcc-432c-b9d0-826a9b0d14eb,64810,Sorell (M),4,25,2026-04-07 13:14:50.845408
22c8f6c1-92fe-4b16-a604-9d9dd5a390c6,65010,Southern Midlands (M),4,6,2026-04-07 13:14:50.845408
4b9ff9a7-5041-4f71-a365-9dba84864716,65210,Tasman (M),4,1,2026-04-07 13:14:50.845408
aec4467a-5cd8-48d5-aee6-a6a9fcdb745a,65410,Waratah/Wynyard (M),4,46,2026-04-07 13:14:50.845408
4ac7ed01-7aa7-434b-a962-24de09794152,65610,West Coast (M),4,11,2026-04-07 13:14:50.845408
b1708935-03c6-4638-a31a-afd29d6d7922,65810,West Tamar (M),4,54,2026-04-07 13:14:50.845408
ecf27e87-a05e-4517-bea7-474fb3e3533e,70200,Alice Springs (T),4,27,2026-04-07 13:14:50.845408
9875983a-082a-435d-ba33-efc5abff9725,70420,Barkly (R),4,1,2026-04-07 13:14:50.845408
352c5b70-f924-4b98-8bd3-e22d4a67d3b5,70540,Belyuen (S),4,3,2026-04-07 13:14:50.845408
8c076040-2ca0-4388-adb0-28f66436fe73,70620,Central Desert (R),4,1,2026-04-07 13:14:50.845408
88813a98-1634-4ad1-8d9c-a681877d1d9d,70700,Coomalie (S),4,4,2026-04-07 13:14:50.845408
7818e7cf-4d91-4a54-b554-f2f90de7d1ec,71000,Darwin (C),4,147,2026-04-07 13:14:50.845408
855139b2-8525-4ddf-9d5f-a3829b7b1bf3,71300,East Arnhem (R),4,14,2026-04-07 13:14:50.845408
5acade5f-64c5-4a67-a011-1aff00bbfb88,72200,Katherine (T),4,13,2026-04-07 13:14:50.845408
466a3d53-9f8e-4eb7-bf3f-2e95f6f583d6,72300,Litchfield (M),4,43,2026-04-07 13:14:50.845408
6d306a44-65c1-4129-83ae-34197a5b4145,72330,MacDonnell (R),4,0,2026-04-07 13:14:50.845408
afb966b9-6a64-4f70-806c-c9db9304bb11,72800,Palmerston (C),4,51,2026-04-07 13:14:50.845408
96068d2d-6920-4320-85a3-a03d7b80d311,73600,Roper Gulf (R),4,4,2026-04-07 13:14:50.845408
c56c68e9-103a-4fbc-a3c7-a707ab559122,74550,Victoria Daly (R),4,1,2026-04-07 13:14:50.845408
c2546c05-602f-4438-8de7-8f8daa8a9337,74560,Wagait (S),4,1,2026-04-07 13:14:50.845408
63b22c2a-d2b5-493d-87f5-f7852841e848,74660,West Arnhem (R),4,0,2026-04-07 13:14:50.845408
f0d4a50f-35bc-4ffa-8463-3e5d0ad4be31,79399,Unincorporated NT,4,6,2026-04-07 13:14:50.845408
49b67895-535e-4557-a21d-69e9efd27f73,89399,Unincorporated ACT,4,1362,2026-04-07 13:14:50.845408
ac9c628b-e894-4c40-8765-857cec4cdbb9,99399,Unincorp. Other Territories,4,0,2026-04-07 13:14:50.845408
